Date,Value
1998-12-31,91.948347
1999-01-01,91.948373
1999-01-04,93.673135
1999-01-05,93.317031
1999-01-06,93.545188
1999-01-07,92.736409
1999-01-08,92.096579
1999-01-11,91.877464
1999-01-12,91.506814
1999-01-13,90.262205
1999-01-14,90.658092
1999-01-15,89.573321
1999-01-18,90.23794
1999-01-19,90.399674
1999-01-20,89.675475
1999-01-21,89.420583
1999-01-22,88.517392
1999-01-25,88.543304
1999-01-26,89.006505
1999-01-27,89.067674
1999-01-28,88.895181
1999-01-29,88.907721
1999-02-01,89.267153
1999-02-02,90.141443
1999-02-03,90.165763
1999-02-04,90.551186
1999-02-05,90.563463
1999-02-08,90.361058
1999-02-09,90.398992
1999-02-10,89.64283
1999-02-11,89.625837
1999-02-12,89.896922
1999-02-15,89.485993
1999-02-16,89.322698
1999-02-17,89.201692
1999-02-18,88.924124
1999-02-19,88.414776
1999-02-22,88.353695
1999-02-23,88.074096
1999-02-24,88.019592
1999-02-25,88.475084
1999-02-26,87.969962
1999-03-01,87.737469
1999-03-02,87.660314
1999-03-03,87.661737
1999-03-04,87.031794
1999-03-05,88.031995
1999-03-08,88.087725
1999-03-09,88.086494
1999-03-10,88.575274
1999-03-11,88.52675
1999-03-12,89.694296
1999-03-15,89.650155
1999-03-16,89.64748
1999-03-17,90.172608
1999-03-18,90.052465
1999-03-19,90.31337
1999-03-22,90.262589
1999-03-23,90.139823
1999-03-24,89.795108
1999-03-25,89.773695
1999-03-26,88.737705
1999-03-29,88.911326
1999-03-30,88.91005
1999-03-31,89.502881
1999-04-01,89.557732
1999-04-02,89.395884
1999-04-05,88.95827
1999-04-06,89.150446
1999-04-07,89.676268
1999-04-08,90.392884
1999-04-09,90.185702
1999-04-12,90.739994
1999-04-13,90.897557
1999-04-14,91.557258
1999-04-15,91.530741
1999-04-16,92.248888
1999-04-19,92.540012
1999-04-20,92.157043
1999-04-21,91.98387
1999-04-22,92.436199
1999-04-23,93.199863
1999-04-26,93.324766
1999-04-27,94.153506
1999-04-28,94.111142
1999-04-29,94.182363
1999-04-30,94.71109
1999-05-03,94.838856
1999-05-04,95.609449
1999-05-05,95.841074
1999-05-06,96.980496
1999-05-07,97.199607
1999-05-10,97.427277
1999-05-11,96.996853
1999-05-12,96.180855
1999-05-13,95.916363
1999-05-14,95.880132
1999-05-17,94.88344
1999-05-18,94.846917
1999-05-19,94.980991
1999-05-20,95.168371
1999-05-21,94.545099
1999-05-24,94.569022
1999-05-25,94.348728
1999-05-26,93.490103
1999-05-27,93.116785
1999-05-28,92.880783
1999-05-31,92.927534
1999-06-01,93.505479
1999-06-02,92.817151
1999-06-03,92.84057
1999-06-04,92.901545
1999-06-07,93.319272
1999-06-08,94.358768
1999-06-09,94.425797
1999-06-10,94.586008
1999-06-11,95.010314
1999-06-14,94.377567
1999-06-15,94.060252
1999-06-16,93.593657
1999-06-17,93.88215
1999-06-18,94.791171
1999-06-21,94.55922
1999-06-22,94.280764
1999-06-23,93.894307
1999-06-24,93.978214
1999-06-25,94.645223
1999-06-28,93.928955
1999-06-29,93.608584
1999-06-30,93.433612
1999-07-01,93.467751
1999-07-02,93.584933
1999-07-05,94.270462
1999-07-06,94.385357
1999-07-07,94.021328
1999-07-08,93.654222
1999-07-09,94.075788
1999-07-12,94.000106
1999-07-13,93.823016
1999-07-14,94.286266
1999-07-15,94.915499
1999-07-16,94.501544
1999-07-19,94.143687
1999-07-20,95.224908
1999-07-21,95.016541
1999-07-22,94.731067
1999-07-23,94.186745
1999-07-26,95.075296
1999-07-27,94.73342
1999-07-28,94.811575
1999-07-29,95.337279
1999-07-30,95.757377
1999-08-02,95.073389
1999-08-03,95.184116
1999-08-04,96.105189
1999-08-05,95.868894
1999-08-06,95.752145
1999-08-09,95.305612
1999-08-10,95.213334
1999-08-11,94.86078
1999-08-12,95.569439
1999-08-13,95.602862
1999-08-16,96.04906
1999-08-17,95.866331
1999-08-18,96.298902
1999-08-19,96.89911
1999-08-20,97.406039
1999-08-23,97.124215
1999-08-24,96.357538
1999-08-25,96.183062
1999-08-26,96.110572
1999-08-27,96.314581
1999-08-30,96.359333
1999-08-31,97.129623
1999-09-01,97.905427
1999-09-02,98.393506
1999-09-03,97.948977
1999-09-06,98.258482
1999-09-07,98.627463
1999-09-08,98.551038
1999-09-09,98.497481
1999-09-10,97.933213
1999-09-13,96.923769
1999-09-14,96.557525
1999-09-15,95.862752
1999-09-16,95.426956
1999-09-17,95.739365
1999-09-20,96.07795
1999-09-21,96.012614
1999-09-22,95.754007
1999-09-23,95.418903
1999-09-24,94.845681
1999-09-27,94.759558
1999-09-28,95.076614
1999-09-29,95.293932
1999-09-30,95.638209
1999-10-01,96.016457
1999-10-04,96.042482
1999-10-05,96.045055
1999-10-06,96.345476
1999-10-07,96.924186
1999-10-08,96.302619
1999-10-11,96.548819
1999-10-12,96.7909
1999-10-13,96.629927
1999-10-14,96.785455
1999-10-15,96.594572
1999-10-18,94.962116
1999-10-19,95.215654
1999-10-20,95.047268
1999-10-21,95.037275
1999-10-22,94.364112
1999-10-25,94.369016
1999-10-26,93.600278
1999-10-27,92.942627
1999-10-28,93.008708
1999-10-29,93.66353
1999-11-01,93.636982
1999-11-02,93.869829
1999-11-03,94.075987
1999-11-04,94.171699
1999-11-05,93.748813
1999-11-08,93.526337
1999-11-09,94.029755
1999-11-10,94.196669
1999-11-11,94.191803
1999-11-12,93.738798
1999-11-15,94.45638
1999-11-16,94.527081
1999-11-17,96.116984
1999-11-18,95.44975
1999-11-19,95.18354
1999-11-22,95.46658
1999-11-23,95.273473
1999-11-24,94.629241
1999-11-25,95.372307
1999-11-26,94.94895
1999-11-29,94.592824
1999-11-30,94.412037
1999-12-01,94.626766
1999-12-02,95.295336
1999-12-03,96.493224
1999-12-06,98.291765
1999-12-07,98.302188
1999-12-08,98.783727
1999-12-09,98.534841
1999-12-10,98.534205
1999-12-13,98.358594
1999-12-14,98.064987
1999-12-15,97.206811
1999-12-16,98.962101
1999-12-17,98.679182
1999-12-20,98.722763
1999-12-21,98.715088
1999-12-22,99.281459
1999-12-23,100.336885
1999-12-24,100.79797
1999-12-27,100.68731
1999-12-28,100.393236
1999-12-29,100.609824
1999-12-30,101.205383
1999-12-31,101.205383
2000-01-03,102.701332
2000-01-04,102.658186
2000-01-05,101.491923
2000-01-06,102.528726
2000-01-07,103.795554
2000-01-10,105.241747
2000-01-11,106.099717
2000-01-12,105.872059
2000-01-13,106.716978
2000-01-14,106.049018
2000-01-17,106.696874
2000-01-18,106.249793
2000-01-19,105.809332
2000-01-20,106.632344
2000-01-21,106.137846
2000-01-24,105.949842
2000-01-25,104.487228
2000-01-26,104.850564
2000-01-27,104.309397
2000-01-28,103.471114
2000-01-31,102.126698
2000-02-01,102.112334
2000-02-02,102.031509
2000-02-03,103.878824
2000-02-04,103.934172
2000-02-07,104.515085
2000-02-08,106.299266
2000-02-09,107.092218
2000-02-10,106.453084
2000-02-11,107.204135
2000-02-14,106.656291
2000-02-15,106.678889
2000-02-16,106.44725
2000-02-17,107.130191
2000-02-18,107.250367
2000-02-21,107.187771
2000-02-22,109.298147
2000-02-23,110.237043
2000-02-24,109.811394
2000-02-25,109.265661
2000-02-28,107.657331
2000-02-29,108.430154
2000-03-01,110.291433
2000-03-02,110.532682
2000-03-03,111.21505
2000-03-06,111.362714
2000-03-07,110.90523
2000-03-08,110.585493
2000-03-09,112.525622
2000-03-10,113.059959
2000-03-13,111.521082
2000-03-14,111.425148
2000-03-15,109.399692
2000-03-16,109.244096
2000-03-17,110.283009
2000-03-20,111.268977
2000-03-21,109.626094
2000-03-22,108.798396
2000-03-23,109.018098
2000-03-24,110.093989
2000-03-27,111.097609
2000-03-28,111.047412
2000-03-29,109.036078
2000-03-30,107.313609
2000-03-31,107.033558
2000-04-03,106.080417
2000-04-04,104.832355
2000-04-05,103.657785
2000-04-06,104.611063
2000-04-07,105.22019
2000-04-10,105.63153
2000-04-11,104.54405
2000-04-12,104.267189
2000-04-13,103.303733
2000-04-14,102.429705
2000-04-17,99.409557
2000-04-18,99.82566
2000-04-19,99.883737
2000-04-20,100.816236
2000-04-21,100.816236
2000-04-24,100.841484
2000-04-25,100.443405
2000-04-26,101.368324
2000-04-27,99.908286
2000-04-28,100.540433
2000-05-01,100.263101
2000-05-02,101.784476
2000-05-03,100.436426
2000-05-04,100.108929
2000-05-05,100.396005
2000-05-08,100.471482
2000-05-09,100.642276
2000-05-10,100.416166
2000-05-11,99.283348
2000-05-12,100.400053
2000-05-15,101.460062
2000-05-16,100.97477
2000-05-17,99.142893
2000-05-18,98.975534
2000-05-19,97.523075
2000-05-22,97.631143
2000-05-23,97.729694
2000-05-24,96.390503
2000-05-25,97.409456
2000-05-26,98.648766
2000-05-29,99.091858
2000-05-30,99.748961
2000-05-31,99.883953
2000-06-01,100.273835
2000-06-02,102.46025
2000-06-05,102.774356
2000-06-06,104.33407
2000-06-07,104.113615
2000-06-08,103.720886
2000-06-09,103.727658
2000-06-12,104.235636
2000-06-13,104.787709
2000-06-14,104.791434
2000-06-15,103.965352
2000-06-16,105.009167
2000-06-19,104.437999
2000-06-20,104.20731
2000-06-21,102.917027
2000-06-22,102.708216
2000-06-23,102.312182
2000-06-26,102.396124
2000-06-27,102.568528
2000-06-28,102.839146
2000-06-29,102.997769
2000-06-30,103.553425
2000-07-03,103.510979
2000-07-04,103.72526
2000-07-05,104.19212
2000-07-06,103.699447
2000-07-07,103.514419
2000-07-10,103.990823
2000-07-11,103.919534
2000-07-12,103.664215
2000-07-13,102.809382
2000-07-14,103.568967
2000-07-17,103.599924
2000-07-18,103.355409
2000-07-19,103.062237
2000-07-20,103.753595
2000-07-21,104.585688
2000-07-24,104.886858
2000-07-25,105.691682
2000-07-26,105.529641
2000-07-27,105.139947
2000-07-28,103.723601
2000-07-31,103.4351
2000-08-01,103.416898
2000-08-02,102.347892
2000-08-03,101.326561
2000-08-04,102.765718
2000-08-07,103.121506
2000-08-08,102.34787
2000-08-09,102.75917
2000-08-10,103.867658
2000-08-11,103.846143
2000-08-14,104.056385
2000-08-15,104.830161
2000-08-16,104.784215
2000-08-17,105.173724
2000-08-18,104.771084
2000-08-21,104.701941
2000-08-22,104.197627
2000-08-23,103.866125
2000-08-24,104.524098
2000-08-25,105.096907
2000-08-28,104.710821
2000-08-29,104.47263
2000-08-30,104.321955
2000-08-31,104.246851
2000-09-01,105.71892
2000-09-04,106.254095
2000-09-05,105.015593
2000-09-06,104.537161
2000-09-07,103.913051
2000-09-08,103.489003
2000-09-11,102.8562
2000-09-12,102.102339
2000-09-13,102.214091
2000-09-14,102.268195
2000-09-15,102.45623
2000-09-18,100.935489
2000-09-19,99.851877
2000-09-20,99.118523
2000-09-21,98.667027
2000-09-22,100.928984
2000-09-25,101.166454
2000-09-26,101.318003
2000-09-27,101.254073
2000-09-28,100.95664
2000-09-29,101.733484
2000-10-02,101.576456
2000-10-03,100.982843
2000-10-04,100.129179
2000-10-05,100.132623
2000-10-06,99.683166
2000-10-09,98.624042
2000-10-10,98.631203
2000-10-11,97.674163
2000-10-12,96.607471
2000-10-13,95.957881
2000-10-16,95.17045
2000-10-17,95.063273
2000-10-18,93.895156
2000-10-19,94.360202
2000-10-20,94.823778
2000-10-23,95.080076
2000-10-24,95.680855
2000-10-25,94.388462
2000-10-26,94.18653
2000-10-27,95.918856
2000-10-30,96.256792
2000-10-31,96.796791
2000-11-01,98.367707
2000-11-02,98.776565
2000-11-03,99.517373
2000-11-06,99.499848
2000-11-07,99.353065
2000-11-08,98.969375
2000-11-09,98.666263
2000-11-10,98.944999
2000-11-13,97.458101
2000-11-14,97.733533
2000-11-15,98.041782
2000-11-16,97.170708
2000-11-17,96.702672
2000-11-20,95.759411
2000-11-21,94.723819
2000-11-22,93.586417
2000-11-23,93.252119
2000-11-24,93.785021
2000-11-27,95.019768
2000-11-28,94.51525
2000-11-29,94.632244
2000-11-30,94.601635
2000-12-01,96.001521
2000-12-04,96.752048
2000-12-05,97.079289
2000-12-06,97.503665
2000-12-07,97.327535
2000-12-08,98.151494
2000-12-11,98.12753
2000-12-12,97.795198
2000-12-13,97.427601
2000-12-14,97.903588
2000-12-15,97.581913
2000-12-18,96.977963
2000-12-19,96.052807
2000-12-20,95.657429
2000-12-21,95.835076
2000-12-22,97.26281
2000-12-25,97.26281
2000-12-26,97.722549
2000-12-27,97.828704
2000-12-28,97.957491
2000-12-29,100
2001-01-01,100
2001-01-02,100.560683
2001-01-03,99.559859
2001-01-04,100.973433
2001-01-05,101.825529
2001-01-08,101.402832
2001-01-09,100.244216
2001-01-10,100.354575
2001-01-11,101.754426
2001-01-12,102.399042
2001-01-15,102.33267
2001-01-16,102.112288
2001-01-17,102.776401
2001-01-18,104.265674
2001-01-19,104.540717
2001-01-22,104.455735
2001-01-23,104.943373
2001-01-24,103.821736
2001-01-25,103.866159
2001-01-26,103.498458
2001-01-29,103.661227
2001-01-30,104.404972
2001-01-31,105.367295
2001-02-01,106.796668
2001-02-02,106.014019
2001-02-05,106.227883
2001-02-06,105.724113
2001-02-07,105.375822
2001-02-08,104.011157
2001-02-09,103.717478
2001-02-12,103.976
2001-02-13,103.413808
2001-02-14,102.525813
2001-02-15,101.84405
2001-02-16,102.279437
2001-02-19,102.261781
2001-02-20,101.427155
2001-02-21,101.087087
2001-02-22,100.283808
2001-02-23,100.039594
2001-02-26,100.460484
2001-02-27,101.444959
2001-02-28,101.286676
2001-03-01,101.449011
2001-03-02,102.366283
2001-03-05,102.624877
2001-03-06,103.718623
2001-03-07,103.544602
2001-03-08,104.070051
2001-03-09,103.210436
2001-03-12,101.444207
2001-03-13,98.953033
2001-03-14,97.093259
2001-03-15,96.829456
2001-03-16,95.330377
2001-03-19,94.49474
2001-03-20,95.260753
2001-03-21,93.221517
2001-03-22,89.253891
2001-03-23,90.911571
2001-03-26,92.27949
2001-03-27,92.941448
2001-03-28,92.355824
2001-03-29,91.653743
2001-03-30,92.023697
2001-04-02,91.728348
2001-04-03,90.646921
2001-04-04,91.288785
2001-04-05,92.589525
2001-04-06,93.306031
2001-04-09,93.59019
2001-04-10,93.013177
2001-04-11,93.357456
2001-04-12,94.330409
2001-04-13,94.330409
2001-04-16,93.579162
2001-04-17,93.179569
2001-04-18,93.415615
2001-04-19,95.212821
2001-04-20,96.232804
2001-04-23,95.693422
2001-04-24,95.937063
2001-04-25,96.349572
2001-04-26,97.174995
2001-04-27,97.019933
2001-04-30,97.527344
2001-05-01,97.998654
2001-05-02,98.471591
2001-05-03,99.125403
2001-05-04,99.412636
2001-05-07,99.426251
2001-05-08,98.89045
2001-05-09,98.404033
2001-05-10,98.811596
2001-05-11,98.242709
2001-05-14,97.989562
2001-05-15,98.667078
2001-05-16,98.921015
2001-05-17,99.669135
2001-05-18,99.627404
2001-05-21,99.91262
2001-05-22,99.354689
2001-05-23,98.68715
2001-05-24,98.162897
2001-05-25,98.310028
2001-05-28,98.633288
2001-05-29,97.942986
2001-05-30,97.931347
2001-05-31,97.290082
2001-06-01,97.143572
2001-06-04,97.439366
2001-06-05,98.364752
2001-06-06,98.154712
2001-06-07,98.058692
2001-06-08,97.848434
2001-06-11,96.717764
2001-06-12,96.179889
2001-06-13,96.618404
2001-06-14,96.7964
2001-06-15,96.433559
2001-06-18,95.911871
2001-06-19,95.55491
2001-06-20,94.313587
2001-06-21,94.783924
2001-06-22,94.633745
2001-06-25,94.794499
2001-06-26,93.904565
2001-06-27,93.426117
2001-06-28,92.502186
2001-06-29,92.72339
2001-07-02,92.826631
2001-07-03,92.871349
2001-07-04,92.862605
2001-07-05,91.445973
2001-07-06,90.872464
2001-07-09,90.871493
2001-07-10,91.657939
2001-07-11,91.230924
2001-07-12,90.859822
2001-07-13,90.820032
2001-07-16,90.894923
2001-07-17,90.02773
2001-07-18,91.285342
2001-07-19,91.556691
2001-07-20,91.807274
2001-07-23,91.200786
2001-07-24,91.351566
2001-07-25,91.061841
2001-07-26,90.711908
2001-07-27,90.644736
2001-07-30,90.941019
2001-07-31,91.239212
2001-08-01,92.099946
2001-08-02,92.56003
2001-08-03,92.744759
2001-08-06,91.940513
2001-08-07,91.29862
2001-08-08,90.911727
2001-08-09,91.013132
2001-08-10,91.50331
2001-08-13,91.65906
2001-08-14,92.111945
2001-08-15,93.31118
2001-08-16,93.304202
2001-08-17,93.244232
2001-08-20,92.690477
2001-08-21,93.091153
2001-08-22,93.642122
2001-08-23,92.836772
2001-08-24,92.997541
2001-08-27,92.931936
2001-08-28,92.766022
2001-08-29,92.721884
2001-08-30,92.118439
2001-08-31,91.97359
2001-09-03,91.091369
2001-09-04,89.91683
2001-09-05,89.327501
2001-09-06,88.391538
2001-09-07,88.534775
2001-09-10,86.164139
2001-09-11,83.641833
2001-09-12,82.751143
2001-09-13,83.424735
2001-09-14,81.931305
2001-09-17,80.370653
2001-09-18,79.415636
2001-09-19,79.188468
2001-09-20,75.980303
2001-09-21,71.971784
2001-09-24,74.090513
2001-09-25,75.675313
2001-09-26,76.541883
2001-09-27,76.143092
2001-09-28,76.529532
2001-10-01,76.580394
2001-10-02,76.318765
2001-10-03,76.332287
2001-10-04,77.878469
2001-10-05,78.159226
2001-10-08,77.358478
2001-10-09,77.901101
2001-10-10,78.318177
2001-10-11,79.960329
2001-10-12,80.475964
2001-10-15,80.183822
2001-10-16,81.400457
2001-10-17,82.251166
2001-10-18,81.149537
2001-10-19,80.255227
2001-10-22,79.971103
2001-10-23,80.706431
2001-10-24,81.238155
2001-10-25,81.507167
2001-10-26,81.853767
2001-10-29,82.456368
2001-10-30,81.206273
2001-10-31,81.464084
2001-11-01,81.918868
2001-11-02,82.139029
2001-11-05,82.39524
2001-11-06,82.887833
2001-11-07,83.625988
2001-11-08,84.28415
2001-11-09,84.450555
2001-11-12,83.511129
2001-11-13,84.280879
2001-11-14,85.28967
2001-11-15,85.801064
2001-11-16,86.454669
2001-11-19,87.362003
2001-11-20,87.126611
2001-11-21,86.191036
2001-11-22,86.813672
2001-11-23,86.561677
2001-11-26,87.366627
2001-11-27,87.224083
2001-11-28,87.400085
2001-11-29,87.112766
2001-11-30,88.11056
2001-12-03,87.134136
2001-12-04,87.683577
2001-12-05,88.877844
2001-12-06,90.074773
2001-12-07,90.461624
2001-12-10,89.947351
2001-12-11,89.865306
2001-12-12,89.725544
2001-12-13,88.806637
2001-12-14,88.87572
2001-12-17,89.400045
2001-12-18,89.219531
2001-12-19,88.433595
2001-12-20,88.099931
2001-12-21,87.451185
2001-12-24,86.980305
2001-12-25,86.980305
2001-12-26,87.181152
2001-12-27,88.573849
2001-12-28,88.692685
2001-12-31,89.630017
2002-01-01,89.630166
2002-01-02,90.833996
2002-01-03,91.730914
2002-01-04,92.17994
2002-01-07,92.350419
2002-01-08,91.943309
2002-01-09,91.876022
2002-01-10,91.770346
2002-01-11,91.955645
2002-01-14,91.450696
2002-01-15,91.052215
2002-01-16,89.620289
2002-01-17,89.759162
2002-01-18,89.787459
2002-01-21,89.597253
2002-01-22,89.740427
2002-01-23,89.744119
2002-01-24,89.860501
2002-01-25,88.365593
2002-01-28,88.19531
2002-01-29,87.972774
2002-01-30,87.368216
2002-01-31,88.098567
2002-02-01,88.357673
2002-02-04,88.5631
2002-02-05,87.978901
2002-02-06,87.572216
2002-02-07,87.524868
2002-02-08,87.889684
2002-02-11,88.680557
2002-02-12,88.717682
2002-02-13,88.567395
2002-02-14,88.658268
2002-02-15,88.80987
2002-02-18,88.315135
2002-02-19,87.831026
2002-02-20,87.244111
2002-02-21,87.568654
2002-02-22,87.355489
2002-02-25,87.217151
2002-02-26,87.8348
2002-02-27,88.184569
2002-02-28,88.395741
2002-03-01,89.016086
2002-03-04,90.812009
2002-03-05,91.030136
2002-03-06,91.439741
2002-03-07,92.831565
2002-03-08,93.003824
2002-03-11,93.141354
2002-03-12,92.081553
2002-03-13,92.313827
2002-03-14,93.210918
2002-03-15,93.420477
2002-03-18,93.646679
2002-03-19,93.800121
2002-03-20,93.852276
2002-03-21,93.750256
2002-03-22,94.166027
2002-03-25,93.891867
2002-03-26,93.743883
2002-03-27,93.77405
2002-03-28,94.359067
2002-03-29,94.358759
2002-04-01,95.217997
2002-04-02,95.492529
2002-04-03,95.185694
2002-04-04,95.010881
2002-04-05,95.28191
2002-04-08,94.309693
2002-04-09,94.70778
2002-04-10,95.123182
2002-04-11,95.294394
2002-04-12,94.865193
2002-04-15,95.198897
2002-04-16,96.043108
2002-04-17,96.945415
2002-04-18,97.004211
2002-04-19,97.081882
2002-04-22,96.918836
2002-04-23,96.801927
2002-04-24,97.231496
2002-04-25,97.147017
2002-04-26,97.251035
2002-04-29,97.17084
2002-04-30,97.244013
2002-05-01,97.841008
2002-05-02,97.735316
2002-05-03,98.454311
2002-05-06,98.397075
2002-05-07,97.20703
2002-05-08,97.991196
2002-05-09,98.239953
2002-05-10,98.373112
2002-05-13,98.090994
2002-05-14,97.796681
2002-05-15,98.51394
2002-05-16,98.811581
2002-05-17,99.994287
2002-05-20,99.934929
2002-05-21,99.350389
2002-05-22,99.3174
2002-05-23,98.336081
2002-05-24,98.482437
2002-05-27,98.345747
2002-05-28,98.892643
2002-05-29,98.485019
2002-05-30,98.159851
2002-05-31,97.9984
2002-06-03,97.951327
2002-06-04,97.414057
2002-06-05,96.769582
2002-06-06,97.394795
2002-06-07,96.299001
2002-06-10,96.368332
2002-06-11,96.47997
2002-06-12,95.836491
2002-06-13,95.20091
2002-06-14,93.050421
2002-06-17,93.75018
2002-06-18,94.20962
2002-06-19,93.7761
2002-06-20,93.347107
2002-06-21,93.420044
2002-06-24,92.758255
2002-06-25,92.860443
2002-06-26,92.657477
2002-06-27,93.282069
2002-06-28,94.61339
2002-07-01,94.827753
2002-07-02,93.109842
2002-07-03,91.215675
2002-07-04,91.586918
2002-07-05,92.485958
2002-07-08,93.630185
2002-07-09,93.64033
2002-07-10,92.246285
2002-07-11,90.39054
2002-07-12,90.484486
2002-07-15,90.085297
2002-07-16,88.99577
2002-07-17,89.228615
2002-07-18,90.298663
2002-07-19,89.335785
2002-07-22,86.788583
2002-07-23,84.096177
2002-07-24,81.448837
2002-07-25,83.5586
2002-07-26,82.678122
2002-07-29,83.677079
2002-07-30,84.866917
2002-07-31,84.445015
2002-08-01,83.923203
2002-08-02,83.370302
2002-08-05,81.614882
2002-08-06,79.486118
2002-08-07,80.226308
2002-08-08,80.477452
2002-08-09,81.175772
2002-08-12,80.937468
2002-08-13,81.078226
2002-08-14,81.335321
2002-08-15,81.704136
2002-08-16,82.263413
2002-08-19,82.571791
2002-08-20,82.53486
2002-08-21,83.467387
2002-08-22,83.732506
2002-08-23,83.778846
2002-08-26,83.831675
2002-08-27,84.702751
2002-08-28,83.818785
2002-08-29,83.27264
2002-08-30,83.118127
2002-09-02,83.127921
2002-09-03,82.79323
2002-09-04,82.070932
2002-09-05,81.284867
2002-09-06,81.42163
2002-09-09,80.908347
2002-09-10,80.812694
2002-09-11,81.263457
2002-09-12,81.013206
2002-09-13,80.247595
2002-09-16,79.246832
2002-09-17,78.892423
2002-09-18,77.912735
2002-09-19,77.176398
2002-09-20,76.916827
2002-09-23,75.465579
2002-09-24,73.457373
2002-09-25,73.862422
2002-09-26,74.61579
2002-09-27,74.828925
2002-09-30,74.065969
2002-10-01,73.491184
2002-10-02,73.874798
2002-10-03,73.467995
2002-10-04,72.470692
2002-10-07,71.425768
2002-10-08,70.752484
2002-10-09,70.475947
2002-10-10,70.209647
2002-10-11,71.824481
2002-10-14,71.477439
2002-10-15,73.720278
2002-10-16,73.641894
2002-10-17,74.567691
2002-10-18,74.687224
2002-10-21,75.266995
2002-10-22,75.549507
2002-10-23,75.063278
2002-10-24,75.174256
2002-10-25,75.205111
2002-10-28,76.206677
2002-10-29,75.319922
2002-10-30,75.904114
2002-10-31,77.12203
2002-11-01,77.50782
2002-11-04,78.843827
2002-11-05,79.178193
2002-11-06,79.107824
2002-11-07,79.3762
2002-11-08,79.290354
2002-11-11,78.751388
2002-11-12,78.823776
2002-11-13,78.435954
2002-11-14,78.332996
2002-11-15,78.800094
2002-11-18,79.528831
2002-11-19,79.541547
2002-11-20,78.696959
2002-11-21,79.769321
2002-11-22,80.085448
2002-11-25,79.538936
2002-11-26,79.037019
2002-11-27,79.427679
2002-11-28,80.813815
2002-11-29,80.494483
2002-12-02,80.85631
2002-12-03,79.924112
2002-12-04,79.7304
2002-12-05,79.358383
2002-12-06,79.123737
2002-12-09,78.30087
2002-12-10,78.182557
2002-12-11,78.611192
2002-12-12,78.205963
2002-12-13,77.755045
2002-12-16,77.896155
2002-12-17,78.125337
2002-12-18,77.594294
2002-12-19,77.2282
2002-12-20,77.636907
2002-12-23,77.247637
2002-12-24,77.540359
2002-12-25,77.540226
2002-12-26,77.664366
2002-12-27,77.536773
2002-12-30,78.01442
2002-12-31,78.476178
2003-01-01,78.476178
2003-01-02,79.042006
2003-01-03,80.02494
2003-01-06,80.397441
2003-01-07,79.85544
2003-01-08,78.689733
2003-01-09,79.351852
2003-01-10,79.953057
2003-01-13,80.262409
2003-01-14,80.724788
2003-01-15,80.181218
2003-01-16,80.146637
2003-01-17,79.863961
2003-01-20,79.509059
2003-01-21,79.323759
2003-01-22,78.780566
2003-01-23,79.089615
2003-01-24,79.313108
2003-01-27,77.207563
2003-01-28,76.500554
2003-01-29,75.961278
2003-01-30,76.152356
2003-01-31,76.012034
2003-02-03,76.763788
2003-02-04,76.687814
2003-02-05,76.545938
2003-02-06,76.087398
2003-02-07,75.679965
2003-02-10,74.935217
2003-02-11,74.992364
2003-02-12,74.150559
2003-02-13,74.361915
2003-02-14,74.364487
2003-02-17,74.74683
2003-02-18,74.576298
2003-02-19,74.655195
2003-02-20,74.74497
2003-02-21,74.546644
2003-02-24,73.960745
2003-02-25,72.442301
2003-02-26,72.306533
2003-02-27,71.972303
2003-02-28,72.987669
2003-03-03,73.840848
2003-03-04,73.437877
2003-03-05,73.437575
2003-03-06,73.039943
2003-03-07,72.59816
2003-03-10,71.707636
2003-03-11,71.18557
2003-03-12,70.346718
2003-03-13,70.511056
2003-03-14,70.934626
2003-03-17,70.98347
2003-03-18,71.744668
2003-03-19,72.230987
2003-03-20,72.460658
2003-03-21,73.260594
2003-03-24,72.673516
2003-03-25,72.659064
2003-03-26,72.956934
2003-03-27,72.608073
2003-03-28,72.765524
2003-03-31,72.839955
2003-04-01,72.912379
2003-04-02,73.45191
2003-04-03,73.621432
2003-04-04,73.833185
2003-04-07,75.148658
2003-04-08,74.929447
2003-04-09,75.333979
2003-04-10,76.236959
2003-04-11,76.303222
2003-04-14,76.672666
2003-04-15,77.444948
2003-04-16,78.174334
2003-04-17,78.547219
2003-04-18,78.547219
2003-04-21,78.079247
2003-04-22,79.176554
2003-04-23,80.652056
2003-04-24,81.127066
2003-04-25,80.807282
2003-04-28,81.317613
2003-04-29,81.876026
2003-04-30,83.275541
2003-05-01,83.986363
2003-05-02,84.210701
2003-05-05,85.196582
2003-05-06,86.469006
2003-05-07,86.926925
2003-05-08,86.845584
2003-05-09,86.972958
2003-05-12,87.63548
2003-05-13,87.83198
2003-05-14,88.442125
2003-05-15,88.851413
2003-05-16,90.094732
2003-05-19,89.553835
2003-05-20,89.549482
2003-05-21,89.151513
2003-05-22,89.849433
2003-05-23,90.584693
2003-05-26,90.920379
2003-05-27,91.090043
2003-05-28,91.415352
2003-05-29,92.520967
2003-05-30,92.574352
2003-06-02,93.578296
2003-06-03,93.176641
2003-06-04,93.955312
2003-06-05,95.856688
2003-06-06,96.83298
2003-06-09,96.351085
2003-06-10,95.605837
2003-06-11,97.002502
2003-06-12,97.748738
2003-06-13,97.626171
2003-06-16,98.505129
2003-06-17,99.277111
2003-06-18,98.347696
2003-06-19,97.453591
2003-06-20,96.841969
2003-06-23,95.654119
2003-06-24,94.565119
2003-06-25,95.277882
2003-06-26,93.925246
2003-06-27,94.136017
2003-06-30,94.504955
2003-07-01,94.516764
2003-07-02,95.361633
2003-07-03,95.863688
2003-07-04,95.609929
2003-07-07,95.853097
2003-07-08,96.254327
2003-07-09,96.217226
2003-07-10,96.129979
2003-07-11,95.858409
2003-07-14,96.906063
2003-07-15,96.754491
2003-07-16,96.611547
2003-07-17,95.715234
2003-07-18,96.126067
2003-07-21,96.684489
2003-07-22,96.853177
2003-07-23,97.733074
2003-07-24,98.618478
2003-07-25,98.966564
2003-07-28,99.252698
2003-07-29,99.406715
2003-07-30,99.036419
2003-07-31,98.750373
2003-08-01,99.230459
2003-08-04,99.761496
2003-08-05,100.040456
2003-08-06,99.234794
2003-08-07,99.304987
2003-08-08,99.23151
2003-08-11,99.166394
2003-08-12,99.539432
2003-08-13,100.382044
2003-08-14,100.49617
2003-08-15,100.9263
2003-08-18,100.920605
2003-08-19,101.278484
2003-08-20,101.338904
2003-08-21,101.328512
2003-08-22,101.156897
2003-08-25,101.124824
2003-08-26,100.282755
2003-08-27,100.736237
2003-08-28,101.159107
2003-08-29,102.224705
2003-09-01,103.150651
2003-09-02,103.262244
2003-09-03,104.795238
2003-09-04,104.954963
2003-09-05,105.863641
2003-09-08,106.563697
2003-09-09,106.54804
2003-09-10,105.599549
2003-09-11,105.409782
2003-09-12,106.532333
2003-09-15,106.847017
2003-09-16,106.390483
2003-09-17,107.48004
2003-09-18,107.968898
2003-09-19,109.098826
2003-09-22,108.539607
2003-09-23,108.280655
2003-09-24,108.386976
2003-09-25,107.534283
2003-09-26,106.308443
2003-09-29,107.043756
2003-09-30,106.954674
2003-10-01,107.88373
2003-10-02,108.85959
2003-10-03,109.924727
2003-10-06,110.834748
2003-10-07,111.07955
2003-10-08,111.978114
2003-10-09,112.767549
2003-10-10,113.371678
2003-10-13,113.385702
2003-10-14,113.644468
2003-10-15,114.47074
2003-10-16,114.837605
2003-10-17,114.176876
2003-10-20,114.238407
2003-10-21,114.74039
2003-10-22,114.247187
2003-10-23,113.345523
2003-10-24,114.12952
2003-10-27,114.325731
2003-10-28,114.631104
2003-10-29,115.573657
2003-10-30,116.029293
2003-10-31,115.803668
2003-11-03,115.54944
2003-11-04,115.548625
2003-11-05,114.891053
2003-11-06,114.543341
2003-11-07,116.077349
2003-11-10,116.021451
2003-11-11,115.091678
2003-11-12,116.680496
2003-11-13,117.39744
2003-11-14,117.913671
2003-11-17,116.203442
2003-11-18,117.068198
2003-11-19,116.735426
2003-11-20,116.278474
2003-11-21,116.798568
2003-11-24,116.670204
2003-11-25,117.611975
2003-11-26,118.903075
2003-11-27,119.254532
2003-11-28,120.219587
2003-12-01,120.945038
2003-12-02,121.995879
2003-12-03,122.390649
2003-12-04,122.212883
2003-12-05,122.466695
2003-12-08,122.489384
2003-12-09,122.631789
2003-12-10,121.865553
2003-12-11,120.995781
2003-12-12,122.193721
2003-12-15,122.771714
2003-12-16,122.29341
2003-12-17,122.676572
2003-12-18,123.022064
2003-12-19,122.586512
2003-12-22,122.734075
2003-12-23,123.299878
2003-12-24,123.841025
2003-12-25,123.840282
2003-12-26,123.82974
2003-12-29,124.559066
2003-12-30,125.779633
2003-12-31,126.660971
2004-01-01,126.660971
2004-01-02,127.66562
2004-01-05,129.312029
2004-01-06,130.304564
2004-01-07,129.940444
2004-01-08,131.787659
2004-01-09,133.409505
2004-01-12,133.091921
2004-01-13,133.837961
2004-01-14,134.000507
2004-01-15,133.468052
2004-01-16,133.007469
2004-01-19,133.748328
2004-01-20,135.479491
2004-01-21,136.099404
2004-01-22,137.093877
2004-01-23,136.593195
2004-01-26,135.238646
2004-01-27,136.425509
2004-01-28,136.262705
2004-01-29,133.280298
2004-01-30,134.455507
2004-02-02,135.229033
2004-02-03,136.201048
2004-02-04,135.186233
2004-02-05,136.394812
2004-02-06,138.410288
2004-02-09,139.561437
2004-02-10,139.967816
2004-02-11,140.356366
2004-02-12,142.802408
2004-02-13,142.465174
2004-02-16,142.873971
2004-02-17,144.318539
2004-02-18,144.868549
2004-02-19,143.718056
2004-02-20,142.255841
2004-02-23,142.182354
2004-02-24,142.083731
2004-02-25,141.058491
2004-02-26,139.747874
2004-02-27,140.496607
2004-03-01,141.978673
2004-03-02,140.883058
2004-03-03,138.985287
2004-03-04,139.896477
2004-03-05,142.61877
2004-03-08,142.777289
2004-03-09,142.149426
2004-03-10,138.399928
2004-03-11,135.459206
2004-03-12,135.612822
2004-03-15,133.691214
2004-03-16,134.682329
2004-03-17,134.989831
2004-03-18,135.917322
2004-03-19,135.783122
2004-03-22,133.632533
2004-03-23,133.684017
2004-03-24,132.849695
2004-03-25,134.03546
2004-03-26,133.603982
2004-03-29,135.117066
2004-03-30,135.522714
2004-03-31,137.106048
2004-04-01,139.271619
2004-04-02,138.101567
2004-04-05,137.081678
2004-04-06,137.355579
2004-04-07,139.154188
2004-04-08,138.839298
2004-04-09,138.839298
2004-04-12,138.556916
2004-04-13,137.470326
2004-04-14,135.463962
2004-04-15,135.242515
2004-04-16,136.412196
2004-04-19,136.849117
2004-04-20,136.750254
2004-04-21,134.991612
2004-04-22,135.390916
2004-04-23,135.924492
2004-04-26,136.986626
2004-04-27,137.363955
2004-04-28,135.556544
2004-04-29,134.608794
2004-04-30,134.044597
2004-05-03,134.191718
2004-05-04,135.393118
2004-05-05,135.579008
2004-05-06,133.517549
2004-05-07,131.471681
2004-05-10,127.086511
2004-05-11,127.448945
2004-05-12,127.875852
2004-05-13,127.856329
2004-05-14,127.406248
2004-05-17,126.557451
2004-05-18,127.267974
2004-05-19,130.358966
2004-05-20,128.645495
2004-05-21,129.973333
2004-05-24,130.302514
2004-05-25,131.125368
2004-05-26,132.305955
2004-05-27,134.489164
2004-05-28,134.163878
2004-05-31,134.300311
2004-06-01,134.321602
2004-06-02,135.415445
2004-06-03,135.256153
2004-06-04,136.167995
2004-06-07,137.411937
2004-06-08,137.322134
2004-06-09,135.940516
2004-06-10,135.935287
2004-06-11,135.003552
2004-06-14,134.605863
2004-06-15,134.792255
2004-06-16,135.186926
2004-06-17,135.720705
2004-06-18,136.650156
2004-06-21,136.610551
2004-06-22,136.31823
2004-06-23,136.735542
2004-06-24,137.98496
2004-06-25,137.987886
2004-06-28,139.414521
2004-06-29,138.310449
2004-06-30,139.040564
2004-07-01,138.70612
2004-07-02,139.47895
2004-07-05,138.87054
2004-07-06,138.366835
2004-07-07,139.229716
2004-07-08,139.102962
2004-07-09,138.849956
2004-07-12,138.958549
2004-07-13,138.109681
2004-07-14,137.867939
2004-07-15,136.977917
2004-07-16,138.566184
2004-07-19,137.874849
2004-07-20,136.895532
2004-07-21,136.055678
2004-07-22,135.346128
2004-07-23,133.976126
2004-07-26,133.414442
2004-07-27,132.632225
2004-07-28,132.505667
2004-07-29,133.405807
2004-07-30,133.2105
2004-08-02,133.228802
2004-08-03,133.789268
2004-08-04,132.606457
2004-08-05,132.58574
2004-08-06,132.955335
2004-08-09,131.269445
2004-08-10,132.297566
2004-08-11,130.562525
2004-08-12,130.272347
2004-08-13,131.841386
2004-08-16,132.355015
2004-08-17,132.713474
2004-08-18,132.427148
2004-08-19,133.711441
2004-08-20,133.296094
2004-08-23,133.042974
2004-08-24,132.34082
2004-08-25,132.184869
2004-08-26,132.575165
2004-08-27,132.403184
2004-08-30,132.429249
2004-08-31,132.886637
2004-09-01,133.52451
2004-09-02,133.900615
2004-09-03,133.014846
2004-09-06,133.729039
2004-09-07,133.929904
2004-09-08,134.59632
2004-09-09,134.510555
2004-09-10,136.739458
2004-09-13,137.005581
2004-09-14,137.184182
2004-09-15,135.613443
2004-09-16,136.05898
2004-09-17,136.823018
2004-09-20,136.245061
2004-09-21,137.730618
2004-09-22,137.362077
2004-09-23,137.264928
2004-09-24,137.29569
2004-09-27,137.19225
2004-09-28,137.596202
2004-09-29,138.124329
2004-09-30,139.302508
2004-10-01,140.071741
2004-10-04,140.006217
2004-10-05,140.400691
2004-10-06,140.258124
2004-10-07,140.795588
2004-10-08,141.760151
2004-10-11,141.200021
2004-10-12,139.152457
2004-10-13,138.900132
2004-10-14,139.541448
2004-10-15,140.633585
2004-10-18,140.67136
2004-10-19,141.538651
2004-10-20,141.639293
2004-10-21,142.87302
2004-10-22,143.610208
2004-10-25,143.779357
2004-10-26,144.101028
2004-10-27,145.076879
2004-10-28,144.906514
2004-10-29,145.012547
2004-11-01,146.095679
2004-11-02,146.352577
2004-11-03,148.071384
2004-11-04,148.871677
2004-11-05,150.467035
2004-11-08,150.824777
2004-11-09,150.387734
2004-11-10,150.853503
2004-11-11,151.726964
2004-11-12,152.717698
2004-11-15,152.793214
2004-11-16,152.541768
2004-11-17,154.241271
2004-11-18,154.273032
2004-11-19,154.940345
2004-11-22,154.191311
2004-11-23,155.673868
2004-11-24,156.775918
2004-11-25,158.282799
2004-11-26,158.745504
2004-11-29,159.376067
2004-11-30,159.710152
2004-12-01,161.117879
2004-12-02,161.028891
2004-12-03,162.879664
2004-12-06,163.243106
2004-12-07,163.947006
2004-12-08,161.728583
2004-12-09,160.501093
2004-12-10,160.538335
2004-12-13,161.928821
2004-12-14,162.089217
2004-12-15,164.571825
2004-12-16,163.529475
2004-12-17,163.032123
2004-12-20,165.286734
2004-12-21,164.306425
2004-12-22,164.7434
2004-12-23,166.182939
2004-12-24,166.719156
2004-12-27,167.598093
2004-12-28,167.411442
2004-12-29,167.296556
2004-12-30,168.354192
2004-12-31,168.10259
2005-01-03,167.416794
2005-01-04,166.260503
2005-01-05,165.22581
2005-01-06,164.13075
2005-01-07,164.818099
2005-01-10,165.611327
2005-01-11,165.737505
2005-01-12,167.340823
2005-01-13,167.041391
2005-01-14,166.40354
2005-01-17,167.056714
2005-01-18,166.860944
2005-01-19,168.067737
2005-01-20,166.618009
2005-01-21,167.350406
2005-01-24,167.83579
2005-01-25,167.679433
2005-01-26,169.633843
2005-01-27,169.406185
2005-01-28,169.232516
2005-01-31,170.616321
2005-02-01,171.303359
2005-02-02,172.531005
2005-02-03,172.128169
2005-02-04,173.237714
2005-02-07,172.747734
2005-02-08,172.188628
2005-02-09,172.529252
2005-02-10,173.656224
2005-02-11,174.277379
2005-02-14,176.13861
2005-02-15,176.39527
2005-02-16,175.734625
2005-02-17,177.254792
2005-02-18,177.179119
2005-02-21,176.687771
2005-02-22,177.163913
2005-02-23,176.119187
2005-02-24,176.926481
2005-02-25,178.340622
2005-02-28,179.945333
2005-03-01,179.547778
2005-03-02,178.503497
2005-03-03,178.518571
2005-03-04,180.878516
2005-03-07,180.358025
2005-03-08,181.947319
2005-03-09,181.78112
2005-03-10,181.461542
2005-03-11,182.581595
2005-03-14,180.901686
2005-03-15,181.02683
2005-03-16,181.443235
2005-03-17,180.576003
2005-03-18,179.971473
2005-03-21,178.175167
2005-03-22,178.272497
2005-03-23,174.179355
2005-03-24,174.804541
2005-03-25,174.804541
2005-03-28,173.85662
2005-03-29,174.081324
2005-03-30,174.527558
2005-03-31,176.104236
2005-04-01,176.729559
2005-04-04,174.62042
2005-04-05,175.918126
2005-04-06,177.097565
2005-04-07,178.35577
2005-04-08,178.539666
2005-04-11,179.819534
2005-04-12,178.733167
2005-04-13,179.86499
2005-04-14,177.121382
2005-04-15,176.210011
2005-04-18,173.615292
2005-04-19,175.466334
2005-04-20,176.047913
2005-04-21,175.870576
2005-04-22,176.219608
2005-04-25,175.284979
2005-04-26,174.136003
2005-04-27,171.649403
2005-04-28,169.740914
2005-04-29,170.020034
2005-05-02,169.519758
2005-05-03,170.394357
2005-05-04,170.54333
2005-05-05,171.188438
2005-05-06,170.496671
2005-05-09,170.455986
2005-05-10,170.550494
2005-05-11,170.045985
2005-05-12,170.028334
2005-05-13,168.988604
2005-05-16,168.196706
2005-05-17,168.621074
2005-05-18,169.173581
2005-05-19,169.977429
2005-05-20,169.227
2005-05-23,170.512471
2005-05-24,171.046408
2005-05-25,171.572861
2005-05-26,172.032898
2005-05-27,172.452004
2005-05-30,172.164354
2005-05-31,171.1701
2005-06-01,171.256083
2005-06-02,171.829297
2005-06-03,172.268122
2005-06-06,172.218827
2005-06-07,173.428386
2005-06-08,174.633248
2005-06-09,172.975156
2005-06-10,173.062084
2005-06-13,173.162306
2005-06-14,173.638695
2005-06-15,174.425228
2005-06-16,175.144345
2005-06-17,177.353419
2005-06-20,176.12098
2005-06-21,176.158994
2005-06-22,176.081645
2005-06-23,175.860023
2005-06-24,175.754059
2005-06-27,175.402736
2005-06-28,175.332808
2005-06-29,175.346649
2005-06-30,175.78602
2005-07-01,174.910391
2005-07-04,174.676265
2005-07-05,174.757196
2005-07-06,176.202656
2005-07-07,174.039969
2005-07-08,176.333403
2005-07-11,179.722783
2005-07-12,181.667506
2005-07-13,180.786919
2005-07-14,180.965225
2005-07-15,179.735118
2005-07-18,179.650729
2005-07-19,178.638853
2005-07-20,178.690222
2005-07-21,180.505905
2005-07-22,181.043403
2005-07-25,180.848807
2005-07-26,180.744409
2005-07-27,182.99096
2005-07-28,184.469618
2005-07-29,185.787587
2005-08-01,187.326991
2005-08-02,188.17121
2005-08-03,190.020178
2005-08-04,190.457226
2005-08-05,189.521619
2005-08-08,190.875509
2005-08-09,191.291824
2005-08-10,192.561115
2005-08-11,192.880535
2005-08-12,193.273633
2005-08-15,192.287908
2005-08-16,191.692094
2005-08-17,190.453993
2005-08-18,188.139297
2005-08-19,188.690176
2005-08-22,190.551136
2005-08-23,189.7695
2005-08-24,189.513636
2005-08-25,189.44483
2005-08-26,190.459187
2005-08-29,189.480497
2005-08-30,189.096202
2005-08-31,192.134789
2005-09-01,196.516124
2005-09-02,197.610427
2005-09-05,197.458847
2005-09-06,197.977484
2005-09-07,198.325435
2005-09-08,197.667067
2005-09-09,198.890524
2005-09-12,197.476329
2005-09-13,196.122684
2005-09-14,197.20501
2005-09-15,196.009524
2005-09-16,196.600157
2005-09-19,196.542569
2005-09-20,197.460044
2005-09-21,197.632374
2005-09-22,195.418939
2005-09-23,194.139858
2005-09-26,194.444025
2005-09-27,193.939997
2005-09-28,194.718614
2005-09-29,194.817642
2005-09-30,196.925999
2005-10-03,195.537095
2005-10-04,196.172512
2005-10-05,194.625113
2005-10-06,194.099155
2005-10-07,193.078925
2005-10-10,192.49331
2005-10-11,192.213681
2005-10-12,191.755119
2005-10-13,186.300396
2005-10-14,187.687839
2005-10-17,187.096158
2005-10-18,185.097063
2005-10-19,181.336914
2005-10-20,182.883512
2005-10-21,181.614107
2005-10-24,184.425981
2005-10-25,186.646843
2005-10-26,187.206123
2005-10-27,185.119051
2005-10-28,183.736681
2005-10-31,185.441496
2005-11-01,185.922718
2005-11-02,187.738436
2005-11-03,188.876439
2005-11-04,185.857559
2005-11-07,185.850303
2005-11-08,185.66016
2005-11-09,185.455294
2005-11-10,185.864829
2005-11-11,186.051363
2005-11-14,186.30761
2005-11-15,185.334896
2005-11-16,183.657539
2005-11-17,185.508902
2005-11-18,185.768413
2005-11-21,186.621666
2005-11-22,186.579027
2005-11-23,188.50106
2005-11-24,188.42277
2005-11-25,188.51194
2005-11-28,189.08423
2005-11-29,188.881844
2005-11-30,189.772076
2005-12-01,189.911227
2005-12-02,191.193653
2005-12-05,192.219983
2005-12-06,192.875402
2005-12-07,192.758989
2005-12-08,194.247973
2005-12-09,195.221386
2005-12-12,197.050647
2005-12-13,197.185429
2005-12-14,198.168268
2005-12-15,197.202568
2005-12-16,198.590031
2005-12-19,198.235481
2005-12-20,197.388295
2005-12-21,196.901456
2005-12-22,198.367615
2005-12-23,199.206745
2005-12-26,199.206745
2005-12-27,199.549355
2005-12-28,200.237998
2005-12-29,200.515564
2005-12-30,199.919782
2006-01-02,200.731132
2006-01-03,205.925994
2006-01-04,210.168513
2006-01-05,210.271642
2006-01-06,212.097245
2006-01-09,211.491248
2006-01-10,210.235527
2006-01-11,212.114702
2006-01-12,212.349878
2006-01-13,212.292428
2006-01-16,213.510365
2006-01-17,211.505935
2006-01-18,210.308846
2006-01-19,213.007427
2006-01-20,213.422661
2006-01-23,215.213145
2006-01-24,215.843866
2006-01-25,217.9449
2006-01-26,218.617199
2006-01-27,219.809375
2006-01-30,219.484568
2006-01-31,220.412549
2006-02-01,221.881434
2006-02-02,221.387324
2006-02-03,219.425283
2006-02-06,219.958671
2006-02-07,218.63358
2006-02-08,218.066625
2006-02-09,220.212786
2006-02-10,219.540638
2006-02-13,219.529457
2006-02-14,218.736758
2006-02-15,220.141569
2006-02-16,220.451187
2006-02-17,222.599369
2006-02-20,224.200977
2006-02-21,223.906428
2006-02-22,224.19311
2006-02-23,225.753814
2006-02-24,225.902918
2006-02-27,226.59932
2006-02-28,225.829461
2006-03-01,227.529905
2006-03-02,227.913843
2006-03-03,228.673706
2006-03-06,229.93219
2006-03-07,225.248882
2006-03-08,222.89569
2006-03-09,224.639669
2006-03-10,224.301746
2006-03-13,226.524815
2006-03-14,229.202965
2006-03-15,231.060743
2006-03-16,234.332219
2006-03-17,235.741953
2006-03-20,236.727542
2006-03-21,234.994029
2006-03-22,235.871287
2006-03-23,234.320155
2006-03-24,236.312071
2006-03-27,236.278824
2006-03-28,236.683247
2006-03-29,235.066943
2006-03-30,238.562453
2006-03-31,237.513576
2006-04-03,239.32805
2006-04-04,242.030895
2006-04-05,242.858307
2006-04-06,243.695897
2006-04-07,241.202483
2006-04-10,240.754768
2006-04-11,239.218065
2006-04-12,237.538734
2006-04-13,238.296559
2006-04-14,238.296559
2006-04-17,241.923646
2006-04-18,242.612638
2006-04-19,245.875798
2006-04-20,246.449371
2006-04-21,248.897755
2006-04-24,250.007776
2006-04-25,251.071965
2006-04-26,252.549554
2006-04-27,252.042306
2006-04-28,253.150058
2006-05-01,254.195091
2006-05-02,256.777698
2006-05-03,256.491442
2006-05-04,259.987594
2006-05-05,263.617822
2006-05-08,264.48778
2006-05-09,265.926358
2006-05-10,266.544924
2006-05-11,268.37708
2006-05-12,264.126358
2006-05-15,255.098804
2006-05-16,253.496026
2006-05-17,247.093077
2006-05-18,240.836366
2006-05-19,239.46256
2006-05-22,229.39333
2006-05-23,238.474549
2006-05-24,233.207075
2006-05-25,236.060375
2006-05-26,241.55262
2006-05-29,244.328631
2006-05-30,241.263628
2006-05-31,242.189526
2006-06-01,241.959225
2006-06-02,247.027475
2006-06-05,246.162251
2006-06-06,237.567224
2006-06-07,235.743234
2006-06-08,226.037291
2006-06-09,229.636098
2006-06-12,226.269494
2006-06-13,218.279778
2006-06-14,219.562693
2006-06-15,227.990036
2006-06-16,227.018581
2006-06-19,226.874599
2006-06-20,226.781873
2006-06-21,227.605099
2006-06-22,228.389543
2006-06-23,227.965884
2006-06-26,228.575445
2006-06-27,229.254779
2006-06-28,227.469348
2006-06-29,229.660939
2006-06-30,237.827488
2006-07-03,239.816279
2006-07-04,240.459432
2006-07-05,236.590603
2006-07-06,238.352476
2006-07-07,238.902782
2006-07-10,236.979281
2006-07-11,235.633683
2006-07-12,234.96082
2006-07-13,231.503839
2006-07-14,228.025409
2006-07-17,222.691654
2006-07-18,221.087409
2006-07-19,226.458709
2006-07-20,228.47609
2006-07-21,227.00003
2006-07-24,227.900388
2006-07-25,228.482368
2006-07-26,229.11309
2006-07-27,233.968361
2006-07-28,234.322389
2006-07-31,235.480945
2006-08-01,234.880362
2006-08-02,237.653105
2006-08-03,235.280677
2006-08-04,238.725496
2006-08-07,237.166094
2006-08-08,237.082504
2006-08-09,237.718753
2006-08-10,233.675662
2006-08-11,234.215974
2006-08-14,234.15688
2006-08-15,235.84713
2006-08-16,238.537814
2006-08-17,239.264964
2006-08-18,238.770004
2006-08-21,240.952167
2006-08-22,239.374978
2006-08-23,239.180583
2006-08-24,238.858671
2006-08-25,238.68307
2006-08-28,239.90897
2006-08-29,239.775173
2006-08-30,242.388288
2006-08-31,242.012939
2006-09-01,243.7787
2006-09-04,246.074454
2006-09-05,244.85292
2006-09-06,242.495281
2006-09-07,238.738908
2006-09-08,238.294913
2006-09-11,236.518586
2006-09-12,238.602729
2006-09-13,239.436453
2006-09-14,241.986333
2006-09-15,241.204605
2006-09-18,241.788656
2006-09-19,242.352574
2006-09-20,243.204069
2006-09-21,244.440367
2006-09-22,244.328963
2006-09-25,242.700338
2006-09-26,243.729637
2006-09-27,245.487225
2006-09-28,245.875661
2006-09-29,246.108224
2006-10-02,247.720826
2006-10-03,246.553568
2006-10-04,246.789336
2006-10-05,248.631194
2006-10-06,247.040044
2006-10-09,247.503182
2006-10-10,247.955227
2006-10-11,248.175701
2006-10-12,249.640315
2006-10-13,250.195208
2006-10-16,251.459308
2006-10-17,249.575788
2006-10-18,251.018174
2006-10-19,252.837473
2006-10-20,253.839542
2006-10-23,253.290112
2006-10-24,253.981271
2006-10-25,255.598866
2006-10-26,257.767697
2006-10-27,257.991586
2006-10-30,257.061557
2006-10-31,259.598672
2006-11-01,261.076617
2006-11-02,260.597667
2006-11-03,259.677009
2006-11-06,261.540373
2006-11-07,264.62296
2006-11-08,264.161394
2006-11-09,265.762044
2006-11-10,267.613168
2006-11-13,267.512399
2006-11-14,267.955162
2006-11-15,269.313226
2006-11-16,269.886392
2006-11-17,268.250106
2006-11-20,268.308643
2006-11-21,269.807108
2006-11-22,272.523887
2006-11-23,272.516029
2006-11-24,273.555929
2006-11-27,270.648427
2006-11-28,270.006486
2006-11-29,274.247439
2006-11-30,277.306622
2006-12-01,278.514912
2006-12-04,278.630333
2006-12-05,279.702868
2006-12-06,280.635612
2006-12-07,280.954505
2006-12-08,282.111379
2006-12-11,281.823698
2006-12-12,282.861412
2006-12-13,283.775687
2006-12-14,284.315293
2006-12-15,284.055236
2006-12-18,283.781538
2006-12-19,284.749538
2006-12-20,286.568058
2006-12-21,287.138068
2006-12-22,286.837737
2006-12-25,286.837737
2006-12-26,286.347867
2006-12-27,287.984394
2006-12-28,289.149884
2006-12-29,290.360691
2007-01-01,290.360691
2007-01-02,295.35614
2007-01-03,293.600506
2007-01-04,289.40928
2007-01-05,286.560288
2007-01-08,287.333798
2007-01-09,287.910748
2007-01-10,285.409113
2007-01-11,286.926323
2007-01-12,289.113671
2007-01-15,292.46365
2007-01-16,291.270311
2007-01-17,291.743719
2007-01-18,292.183687
2007-01-19,292.996017
2007-01-22,294.207152
2007-01-23,295.397834
2007-01-24,296.174119
2007-01-25,296.543909
2007-01-26,293.949195
2007-01-29,295.169621
2007-01-30,295.937314
2007-01-31,296.337223
2007-02-01,299.959699
2007-02-02,301.06219
2007-02-05,301.697178
2007-02-06,303.502453
2007-02-07,305.82298
2007-02-08,304.006299
2007-02-09,304.738844
2007-02-12,302.639002
2007-02-13,303.961825
2007-02-14,309.037019
2007-02-15,309.419586
2007-02-16,308.545438
2007-02-19,310.625109
2007-02-20,310.722433
2007-02-21,309.338022
2007-02-22,309.761746
2007-02-23,311.026087
2007-02-26,311.955713
2007-02-27,301.185916
2007-02-28,297.51066
2007-03-01,293.537993
2007-03-02,294.568122
2007-03-05,286.619562
2007-03-06,290.991102
2007-03-07,295.120527
2007-03-08,300.187314
2007-03-09,299.79667
2007-03-12,301.142378
2007-03-13,298.835773
2007-03-14,292.350087
2007-03-15,297.941404
2007-03-16,299.684935
2007-03-19,303.705248
2007-03-20,304.883485
2007-03-21,308.152138
2007-03-22,311.918976
2007-03-23,311.215736
2007-03-26,311.005431
2007-03-27,310.782223
2007-03-28,309.856706
2007-03-29,311.874054
2007-03-30,312.202028
2007-04-02,314.996433
2007-04-03,317.942648
2007-04-04,318.94224
2007-04-05,320.90132
2007-04-06,320.90132
2007-04-09,319.11175
2007-04-10,323.455836
2007-04-11,323.542801
2007-04-12,322.645617
2007-04-13,324.632973
2007-04-16,327.670209
2007-04-17,328.046684
2007-04-18,327.127667
2007-04-19,325.469406
2007-04-20,327.975816
2007-04-23,328.188478
2007-04-24,326.727737
2007-04-25,330.037569
2007-04-26,329.219411
2007-04-27,330.309039
2007-04-30,330.015339
2007-05-01,329.100952
2007-05-02,330.13231
2007-05-03,328.670618
2007-05-04,331.410242
2007-05-07,332.418556
2007-05-08,327.91202
2007-05-09,328.397658
2007-05-10,327.399726
2007-05-11,326.993835
2007-05-14,327.523534
2007-05-15,329.516909
2007-05-16,329.338136
2007-05-17,328.070477
2007-05-18,329.82705
2007-05-21,330.165985
2007-05-22,331.295612
2007-05-23,334.332334
2007-05-24,331.727604
2007-05-25,331.311483
2007-05-28,331.750106
2007-05-29,332.872989
2007-05-30,330.814029
2007-05-31,334.643887
2007-06-01,336.159507
2007-06-04,337.077376
2007-06-05,336.538478
2007-06-06,330.158858
2007-06-07,323.824585
2007-06-08,321.061638
2007-06-11,323.38668
2007-06-12,321.257768
2007-06-13,320.827749
2007-06-14,324.679293
2007-06-15,329.049674
2007-06-18,329.349453
2007-06-19,329.289059
2007-06-20,330.431316
2007-06-21,326.814688
2007-06-22,327.349325
2007-06-25,326.20458
2007-06-26,325.401948
2007-06-27,323.223803
2007-06-28,327.311902
2007-06-29,329.449476
2007-07-02,333.227607
2007-07-03,335.846466
2007-07-04,337.629399
2007-07-05,336.357749
2007-07-06,336.977535
2007-07-09,338.686859
2007-07-10,338.757115
2007-07-11,339.234843
2007-07-12,341.728087
2007-07-13,343.141431
2007-07-16,342.414175
2007-07-17,342.067142
2007-07-18,340.6951
2007-07-19,343.7339
2007-07-20,342.517197
2007-07-23,341.949847
2007-07-24,338.583549
2007-07-25,331.521012
2007-07-26,324.026735
2007-07-27,319.333034
2007-07-30,321.029474
2007-07-31,327.21131
2007-08-01,322.039186
2007-08-02,322.712804
2007-08-03,322.591936
2007-08-06,317.470827
2007-08-07,318.94195
2007-08-08,324.312979
2007-08-09,316.557424
2007-08-10,307.801519
2007-08-13,310.978553
2007-08-14,307.636444
2007-08-15,302.931549
2007-08-16,289.855185
2007-08-17,294.513481
2007-08-20,296.34525
2007-08-21,295.63068
2007-08-22,302.668041
2007-08-23,306.260731
2007-08-24,308.254823
2007-08-27,309.396739
2007-08-28,304.833329
2007-08-29,306.246611
2007-08-30,308.929579
2007-08-31,313.2651
2007-09-03,314.309474
2007-09-04,316.107219
2007-09-05,313.35425
2007-09-06,314.512753
2007-09-07,311.169636
2007-09-10,307.456968
2007-09-11,313.128009
2007-09-12,313.969097
2007-09-13,312.789567
2007-09-14,307.677982
2007-09-17,302.340465
2007-09-18,303.998231
2007-09-19,311.817682
2007-09-20,312.220318
2007-09-21,314.446096
2007-09-24,314.241729
2007-09-25,311.140226
2007-09-26,311.680081
2007-09-27,312.911418
2007-09-28,312.103137
2007-10-01,314.637159
2007-10-02,316.266084
2007-10-03,317.887591
2007-10-04,319.454309
2007-10-05,321.568604
2007-10-08,321.094879
2007-10-09,322.178067
2007-10-10,325.525647
2007-10-11,329.079625
2007-10-12,327.042831
2007-10-15,327.761669
2007-10-16,324.319372
2007-10-17,328.701008
2007-10-18,327.641781
2007-10-19,325.779928
2007-10-22,318.050658
2007-10-23,325.210975
2007-10-24,323.269392
2007-10-25,327.712932
2007-10-26,329.37603
2007-10-29,331.307882
2007-10-30,329.665557
2007-10-31,335.327808
2007-11-01,331.777342
2007-11-02,332.655234
2007-11-05,328.394584
2007-11-06,332.510748
2007-11-07,331.990338
2007-11-08,329.456063
2007-11-09,323.532697
2007-11-12,318.749857
2007-11-13,318.926024
2007-11-14,322.465129
2007-11-15,315.353292
2007-11-16,311.20404
2007-11-19,301.726921
2007-11-20,304.712744
2007-11-21,295.673388
2007-11-22,296.471355
2007-11-23,300.400915
2007-11-26,301.735743
2007-11-27,300.045506
2007-11-28,303.945184
2007-11-29,304.958441
2007-11-30,306.886882
2007-12-03,305.196782
2007-12-04,300.260407
2007-12-05,302.023885
2007-12-06,301.304444
2007-12-07,304.703677
2007-12-10,307.398705
2007-12-11,307.37389
2007-12-12,307.332453
2007-12-13,299.341202
2007-12-14,296.600689
2007-12-17,288.452337
2007-12-18,288.744955
2007-12-19,287.264679
2007-12-20,286.898182
2007-12-21,289.990235
2007-12-24,290.590256
2007-12-25,290.590256
2007-12-26,292.335381
2007-12-27,294.732374
2007-12-28,298.393849
2007-12-31,297.74431
2008-01-01,297.74431
2008-01-02,298.372332
2008-01-03,295.47759
2008-01-04,290.331627
2008-01-07,284.21443
2008-01-08,285.177578
2008-01-09,276.934577
2008-01-10,272.461548
2008-01-11,271.903213
2008-01-14,275.926083
2008-01-15,268.91438
2008-01-16,261.089634
2008-01-17,262.121236
2008-01-18,258.876239
2008-01-21,244.240306
2008-01-22,251.363352
2008-01-23,246.611305
2008-01-24,258.466276
2008-01-25,261.453152
2008-01-28,259.997501
2008-01-29,266.209402
2008-01-30,265.923084
2008-01-31,265.591859
2008-02-01,272.106502
2008-02-04,275.367766
2008-02-05,265.36825
2008-02-06,265.159253
2008-02-07,258.352573
2008-02-08,259.431578
2008-02-11,257.875089
2008-02-12,266.951826
2008-02-13,267.757856
2008-02-14,270.906871
2008-02-15,268.366988
2008-02-18,270.82668
2008-02-19,274.075549
2008-02-20,270.603049
2008-02-21,275.535852
2008-02-22,274.296385
2008-02-25,278.268149
2008-02-26,281.933275
2008-02-27,285.518965
2008-02-28,282.298924
2008-02-29,279.402641
2008-03-03,275.553848
2008-03-04,274.223864
2008-03-05,278.716703
2008-03-06,278.310787
2008-03-07,273.782602
2008-03-10,269.81673
2008-03-11,271.90506
2008-03-12,278.394601
2008-03-13,275.424948
2008-03-14,274.485617
2008-03-17,266.613975
2008-03-18,271.6379
2008-03-19,266.124784
2008-03-20,261.356379
2008-03-21,261.356379
2008-03-24,261.002517
2008-03-25,271.568613
2008-03-26,274.229599
2008-03-27,280.769737
2008-03-28,279.324666
2008-03-31,282.236329
2008-04-01,284.974993
2008-04-02,286.686741
2008-04-03,284.636589
2008-04-04,287.043579
2008-04-07,288.582306
2008-04-08,284.482456
2008-04-09,284.965543
2008-04-10,283.250198
2008-04-11,281.299384
2008-04-14,279.654595
2008-04-15,280.258215
2008-04-16,286.832362
2008-04-17,286.28477
2008-04-18,287.88158
2008-04-21,288.133577
2008-04-22,288.846403
2008-04-23,287.760545
2008-04-24,283.214941
2008-04-25,285.757592
2008-04-28,287.985343
2008-04-29,284.790979
2008-04-30,287.189467
2008-05-01,284.966336
2008-05-02,288.663975
2008-05-05,289.634977
2008-05-06,290.834379
2008-05-07,290.809477
2008-05-08,292.638342
2008-05-09,289.999559
2008-05-12,293.170291
2008-05-13,291.629665
2008-05-14,291.59239
2008-05-15,293.086052
2008-05-16,296.422143
2008-05-19,298.710324
2008-05-20,295.749215
2008-05-21,296.75276
2008-05-22,296.545218
2008-05-23,294.615399
2008-05-26,293.442576
2008-05-27,290.498517
2008-05-28,290.855562
2008-05-29,290.261249
2008-05-30,290.712007
2008-06-02,288.484346
2008-06-03,289.901225
2008-06-04,287.661531
2008-06-05,290.026698
2008-06-06,289.798589
2008-06-09,286.61841
2008-06-10,279.07082
2008-06-11,276.335275
2008-06-12,275.39049
2008-06-13,275.915047
2008-06-16,278.629581
2008-06-17,281.439155
2008-06-18,276.313266
2008-06-19,273.81209
2008-06-20,273.003508
2008-06-23,268.524985
2008-06-24,266.615453
2008-06-25,269.864762
2008-06-26,267.260075
2008-06-27,266.063039
2008-06-30,266.102212
2008-07-01,259.860766
2008-07-02,257.003065
2008-07-03,253.258695
2008-07-04,251.062035
2008-07-07,252.979517
2008-07-08,248.406828
2008-07-09,253.043118
2008-07-10,250.00021
2008-07-11,246.447958
2008-07-14,247.139951
2008-07-15,243.127456
2008-07-16,242.698413
2008-07-17,251.094754
2008-07-18,254.143587
2008-07-21,258.145944
2008-07-22,256.337887
2008-07-23,259.602622
2008-07-24,253.917143
2008-07-25,251.757566
2008-07-28,250.173407
2008-07-29,247.98976
2008-07-30,252.202241
2008-07-31,252.465489
2008-08-01,250.677609
2008-08-04,249.206732
2008-08-05,251.754608
2008-08-06,254.055117
2008-08-07,252.769369
2008-08-08,249.666069
2008-08-11,252.402771
2008-08-12,249.876948
2008-08-13,243.561054
2008-08-14,244.902771
2008-08-15,243.996431
2008-08-18,243.879089
2008-08-19,238.26674
2008-08-20,238.617353
2008-08-21,240.931121
2008-08-22,243.537661
2008-08-25,242.33565
2008-08-26,240.218483
2008-08-27,241.133376
2008-08-28,243.581496
2008-08-29,245.669491
2008-09-01,242.739003
2008-09-02,243.825546
2008-09-03,239.591327
2008-09-04,233.487546
2008-09-05,227.332696
2008-09-08,231.66618
2008-09-09,227.238336
2008-09-10,223.198746
2008-09-11,219.007876
2008-09-12,225.361197
2008-09-15,220.161943
2008-09-16,213.119956
2008-09-17,211.580101
2008-09-18,212.296923
2008-09-19,224.659733
2008-09-22,225.236279
2008-09-23,220.979173
2008-09-24,218.926315
2008-09-25,219.182693
2008-09-26,213.964649
2008-09-29,199.606982
2008-09-30,196.721686
2008-10-01,195.525558
2008-10-02,191.714734
2008-10-03,191.957555
2008-10-06,174.642005
2008-10-07,173.107858
2008-10-08,163.975616
2008-10-09,164.075153
2008-10-10,153.762035
2008-10-13,165.897559
2008-10-14,171.019283
2008-10-15,161.365116
2008-10-16,151.977381
2008-10-17,152.93121
2008-10-20,153.672664
2008-10-21,153.471562
2008-10-22,144.536091
2008-10-23,140.603875
2008-10-24,131.631719
2008-10-27,124.320474
2008-10-28,125.515316
2008-10-29,136.199724
2008-10-30,140.182858
2008-10-31,141.615789
2008-11-03,144.984127
2008-11-04,154.047158
2008-11-05,153.273378
2008-11-06,143.824876
2008-11-07,144.386451
2008-11-10,146.537916
2008-11-11,139.098479
2008-11-12,133.957868
2008-11-13,132.056954
2008-11-14,132.784027
2008-11-17,130.352463
2008-11-18,128.924094
2008-11-19,124.72294
2008-11-20,118.776821
2008-11-21,117.609883
2008-11-24,126.004821
2008-11-25,127.50114
2008-11-26,127.00801
2008-11-27,130.774359
2008-11-28,129.401146
2008-12-01,122.737156
2008-12-02,124.535521
2008-12-03,123.730872
2008-12-04,123.682615
2008-12-05,119.729346
2008-12-08,126.917499
2008-12-09,128.074657
2008-12-10,130.672093
2008-12-11,132.561799
2008-12-12,130.692476
2008-12-15,133.974673
2008-12-16,134.907376
2008-12-17,138.979002
2008-12-18,140.503394
2008-12-19,134.368625
2008-12-22,132.960281
2008-12-23,133.636642
2008-12-24,134.243726
2008-12-25,134.243726
2008-12-26,134.59715
2008-12-29,136.876687
2008-12-30,138.123156
2008-12-31,136.25977
2009-01-01,136.25977
2009-01-02,141.535912
2009-01-05,142.277519
2009-01-06,143.165906
2009-01-07,145.349678
2009-01-08,144.754946
2009-01-09,143.37243
2009-01-12,140.07774
2009-01-13,135.61341
2009-01-14,131.152291
2009-01-15,129.439463
2009-01-16,132.785113
2009-01-19,129.174749
2009-01-20,123.932622
2009-01-21,123.258064
2009-01-22,123.473495
2009-01-23,120.545157
2009-01-26,125.848624
2009-01-27,127.076023
2009-01-28,131.561483
2009-01-29,128.623428
2009-01-30,127.57957
2009-02-02,123.611438
2009-02-03,126.429137
2009-02-04,128.977364
2009-02-05,129.301995
2009-02-06,132.831961
2009-02-09,137.099117
2009-02-10,133.908481
2009-02-11,131.461175
2009-02-12,129.195751
2009-02-13,131.84563
2009-02-16,129.289332
2009-02-17,124.082108
2009-02-18,122.706674
2009-02-19,123.77178
2009-02-20,119.597423
2009-02-23,118.966043
2009-02-24,117.457624
2009-02-25,117.906015
2009-02-26,120.068265
2009-02-27,118.648744
2009-03-02,113.434557
2009-03-03,111.698703
2009-03-04,115.71194
2009-03-05,112.315066
2009-03-06,111.148999
2009-03-09,108.764763
2009-03-10,113.463601
2009-03-11,114.315574
2009-03-12,115.059874
2009-03-13,117.493398
2009-03-16,120.864229
2009-03-17,119.750415
2009-03-18,120.144506
2009-03-19,127.259462
2009-03-20,126.442547
2009-03-23,129.289984
2009-03-24,129.885165
2009-03-25,130.304164
2009-03-26,130.684592
2009-03-27,127.711517
2009-03-30,123.41603
2009-03-31,127.02421
2009-04-01,129.582344
2009-04-02,137.513184
2009-04-03,139.366762
2009-04-06,139.441677
2009-04-07,136.649596
2009-04-08,136.398393
2009-04-09,139.997869
2009-04-10,139.997869
2009-04-13,141.259313
2009-04-14,144.407396
2009-04-15,144.758115
2009-04-16,146.522658
2009-04-17,147.36206
2009-04-20,140.571792
2009-04-21,141.000469
2009-04-22,144.139624
2009-04-23,145.670812
2009-04-24,150.533745
2009-04-27,148.963287
2009-04-28,146.240683
2009-04-29,151.755919
2009-04-30,154.404712
2009-05-01,155.319354
2009-05-04,159.696623
2009-05-05,163.021821
2009-05-06,164.259852
2009-05-07,165.176035
2009-05-08,167.318681
2009-05-11,165.034134
2009-05-12,165.852431
2009-05-13,159.348047
2009-05-14,160.59793
2009-05-15,163.33512
2009-05-18,165.27377
2009-05-19,170.164608
2009-05-20,174.370413
2009-05-21,171.410224
2009-05-22,173.911041
2009-05-25,173.992228
2009-05-26,173.048657
2009-05-27,174.333755
2009-05-28,172.646623
2009-05-29,175.097268
2009-06-01,180.078011
2009-06-02,183.621818
2009-06-03,180.057849
2009-06-04,178.871214
2009-06-05,177.585874
2009-06-08,174.353415
2009-06-09,177.428559
2009-06-10,180.291868
2009-06-11,183.015091
2009-06-12,181.444537
2009-06-15,175.805485
2009-06-16,175.879619
2009-06-17,170.021366
2009-06-18,170.54777
2009-06-19,171.994041
2009-06-22,166.210593
2009-06-23,166.72879
2009-06-24,171.722603
2009-06-25,170.076244
2009-06-26,173.402917
2009-06-29,175.530835
2009-06-30,174.071252
2009-07-01,177.939805
2009-07-02,173.946514
2009-07-03,172.916552
2009-07-06,169.108194
2009-07-07,169.432942
2009-07-08,165.517212
2009-07-09,167.185347
2009-07-10,165.226256
2009-07-13,166.885102
2009-07-14,170.274529
2009-07-15,176.111247
2009-07-16,176.502434
2009-07-17,176.580068
2009-07-20,180.188079
2009-07-21,182.147902
2009-07-22,182.328314
2009-07-23,185.413995
2009-07-24,185.070737
2009-07-27,185.606049
2009-07-28,182.989337
2009-07-29,182.665073
2009-07-30,186.677441
2009-07-31,189.841444
2009-08-03,197.177652
2009-08-04,196.886443
2009-08-05,198.171661
2009-08-06,199.314833
2009-08-07,198.285206
2009-08-10,197.760676
2009-08-11,194.742991
2009-08-12,197.263886
2009-08-13,201.415952
2009-08-14,201.479371
2009-08-17,194.008152
2009-08-18,197.289887
2009-08-19,197.648231
2009-08-20,201.592906
2009-08-21,205.973345
2009-08-24,209.374077
2009-08-25,210.485777
2009-08-26,207.807199
2009-08-27,206.193687
2009-08-28,211.146693
2009-08-31,208.90191
2009-09-01,204.565237
2009-09-02,200.806743
2009-09-03,203.605045
2009-09-04,206.698292
2009-09-07,212.020087
2009-09-08,216.609117
2009-09-09,219.638913
2009-09-10,220.453274
2009-09-11,222.851254
2009-09-14,221.385503
2009-09-15,222.440018
2009-09-16,227.221201
2009-09-17,229.790732
2009-09-18,227.762249
2009-09-21,224.192316
2009-09-22,228.185864
2009-09-23,228.368605
2009-09-24,222.471613
2009-09-25,220.915214
2009-09-28,222.757429
2009-09-29,222.629071
2009-09-30,223.553966
2009-10-01,220.164205
2009-10-02,215.600537
2009-10-05,217.794822
2009-10-06,225.142703
2009-10-07,224.555346
2009-10-08,229.576051
2009-10-09,229.460372
2009-10-12,231.912122
2009-10-13,230.367555
2009-10-14,236.03764
2009-10-15,236.961025
2009-10-16,234.975892
2009-10-19,238.193561
2009-10-20,237.548959
2009-10-21,237.555423
2009-10-22,234.295576
2009-10-23,233.497388
2009-10-26,228.955624
2009-10-27,224.902493
2009-10-28,216.579011
2009-10-29,223.022349
2009-10-30,219.616636
2009-11-02,219.235346
2009-11-03,214.258791
2009-11-04,222.701057
2009-11-05,224.945868
2009-11-06,225.549711
2009-11-09,231.076965
2009-11-10,229.080943
2009-11-11,230.623758
2009-11-12,230.207281
2009-11-13,231.780939
2009-11-16,236.599881
2009-11-17,233.359694
2009-11-18,234.853453
2009-11-19,228.493992
2009-11-20,226.363304
2009-11-23,231.374975
2009-11-24,229.387377
2009-11-25,230.440893
2009-11-26,221.951044
2009-11-27,225.179566
2009-11-30,221.806069
2009-12-01,228.984671
2009-12-02,230.339794
2009-12-03,230.164204
2009-12-04,228.828447
2009-12-07,227.517173
2009-12-08,222.674285
2009-12-09,219.835372
2009-12-10,221.046229
2009-12-11,220.579295
2009-12-14,222.050033
2009-12-15,220.844333
2009-12-16,223.69702
2009-12-17,218.954198
2009-12-18,217.523461
2009-12-21,219.230232
2009-12-22,218.699661
2009-12-23,220.660006
2009-12-24,220.658458
2009-12-25,220.658458
2009-12-28,221.970477
2009-12-29,223.610382
2009-12-30,222.99491
2009-12-31,224.32355
2010-01-01,224.32355
2010-01-04,230.360749
2010-01-05,231.515265
2010-01-06,232.349605
2010-01-07,232.652425
2010-01-08,234.059011
2010-01-11,237.897906
2010-01-12,234.887188
2010-01-13,235.353409
2010-01-14,236.584422
2010-01-15,234.686298
2010-01-18,235.725951
2010-01-19,235.05407
2010-01-20,230.383774
2010-01-21,227.503087
2010-01-22,225.05749
2010-01-25,225.845433
2010-01-26,224.110197
2010-01-27,223.209478
2010-01-28,221.683616
2010-01-29,222.001699
2010-02-01,223.13341
2010-02-02,227.225769
2010-02-03,225.897722
2010-02-04,218.446021
2010-02-05,211.844254
2010-02-08,210.509272
2010-02-09,211.492628
2010-02-10,212.332261
2010-02-11,212.609989
2010-02-12,211.425297
2010-02-15,211.046673
2010-02-16,214.123697
2010-02-17,217.312802
2010-02-18,217.682882
2010-02-19,216.132829
2010-02-22,218.020376
2010-02-23,215.793097
2010-02-24,215.57101
2010-02-25,210.846414
2010-02-26,214.429648
2010-03-01,214.381799
2010-03-02,217.620338
2010-03-03,221.083927
2010-03-04,220.836401
2010-03-05,223.888635
2010-03-08,224.307352
2010-03-09,223.045012
2010-03-10,226.07044
2010-03-11,226.524724
2010-03-12,229.425747
2010-03-15,226.648592
2010-03-16,230.15113
2010-03-17,232.159644
2010-03-18,229.726587
2010-03-19,227.497679
2010-03-22,227.748358
2010-03-23,229.635863
2010-03-24,227.360059
2010-03-25,229.48495
2010-03-26,230.423353
2010-03-29,231.287281
2010-03-30,230.673053
2010-03-31,232.343462
2010-04-01,236.19632
2010-04-02,236.19632
2010-04-05,235.775805
2010-04-06,237.030235
2010-04-07,236.473112
2010-04-08,235.722948
2010-04-09,239.662869
2010-04-12,241.782573
2010-04-13,239.920202
2010-04-14,243.136202
2010-04-15,244.055975
2010-04-16,240.504435
2010-04-19,237.182633
2010-04-20,240.957234
2010-04-21,240.165464
2010-04-22,237.154312
2010-04-23,241.069629
2010-04-26,242.839989
2010-04-27,236.604534
2010-04-28,229.63545
2010-04-29,234.10245
2010-04-30,234.652946
2010-05-03,233.717832
2010-05-04,224.838308
2010-05-05,218.292208
2010-05-06,213.492253
2010-05-07,202.55844
2010-05-10,219.008108
2010-05-11,215.47703
2010-05-12,220.354306
2010-05-13,218.973807
2010-05-14,211.103378
2010-05-17,207.370829
2010-05-18,209.637658
2010-05-19,201.920021
2010-05-20,195.830951
2010-05-21,199.156377
2010-05-24,197.572188
2010-05-25,188.78651
2010-05-26,194.26972
2010-05-27,200.631436
2010-05-28,201.028482
2010-05-31,201.302563
2010-06-01,201.752463
2010-06-02,200.572277
2010-06-03,204.015057
2010-06-04,198.20054
2010-06-07,194.208362
2010-06-08,191.457578
2010-06-09,197.14589
2010-06-10,201.262743
2010-06-11,201.685354
2010-06-14,207.989442
2010-06-15,209.849888
2010-06-16,209.224874
2010-06-17,209.610764
2010-06-18,211.153843
2010-06-21,212.774128
2010-06-22,211.13199
2010-06-23,209.267663
2010-06-24,206.714256
2010-06-25,205.073475
2010-06-28,207.56798
2010-06-29,199.322484
2010-06-30,199.721529
2010-07-01,197.740264
2010-07-02,201.396559
2010-07-05,200.65374
2010-07-06,207.326629
2010-07-07,208.441957
2010-07-08,211.522653
2010-07-09,211.358303
2010-07-12,211.249201
2010-07-13,216.014402
2010-07-14,216.801033
2010-07-15,217.704652
2010-07-16,215.649741
2010-07-19,213.614979
2010-07-20,211.619872
2010-07-21,214.293481
2010-07-22,218.999893
2010-07-23,219.864676
2010-07-26,223.461485
2010-07-27,224.451772
2010-07-28,224.029902
2010-07-29,225.499386
2010-07-30,223.685232
2010-08-02,231.348912
2010-08-03,232.230233
2010-08-04,230.823907
2010-08-05,231.238046
2010-08-06,232.044786
2010-08-09,233.689331
2010-08-10,228.164812
2010-08-11,220.508903
2010-08-12,217.951724
2010-08-13,217.407818
2010-08-16,219.129248
2010-08-17,222.351266
2010-08-18,221.785843
2010-08-19,220.347941
2010-08-20,215.28104
2010-08-23,215.942404
2010-08-24,212.199755
2010-08-25,209.699289
2010-08-26,213.338182
2010-08-27,214.371132
2010-08-30,214.463629
2010-08-31,214.73853
2010-09-01,221.442254
2010-09-02,222.397788
2010-09-03,224.501364
2010-09-06,225.558313
2010-09-07,221.803649
2010-09-08,224.370555
2010-09-09,226.305598
2010-09-10,226.638594
2010-09-13,230.794384
2010-09-14,232.470265
2010-09-15,233.476949
2010-09-16,233.198081
2010-09-17,232.831768
2010-09-20,235.253187
2010-09-21,236.491875
2010-09-22,238.42625
2010-09-23,237.218969
2010-09-24,241.852845
2010-09-27,242.573744
2010-09-28,243.623725
2010-09-29,244.327215
2010-09-30,244.404397
2010-10-01,246.31102
2010-10-04,244.813982
2010-10-05,249.578861
2010-10-06,252.044594
2010-10-07,252.596234
2010-10-08,252.459689
2010-10-11,253.778226
2010-10-12,252.099881
2010-10-13,257.710259
2010-10-14,260.177964
2010-10-15,258.499073
2010-10-18,257.972682
2010-10-19,253.592459
2010-10-20,256.908968
2010-10-21,259.202701
2010-10-22,257.737301
2010-10-25,260.357259
2010-10-26,258.891632
2010-10-27,255.243368
2010-10-28,257.477568
2010-10-29,258.212522
2010-11-01,258.964434
2010-11-02,261.475805
2010-11-03,260.694721
2010-11-04,267.403105
2010-11-05,265.53861
2010-11-08,263.245685
2010-11-09,265.037305
2010-11-10,259.178928
2010-11-11,257.388903
2010-11-12,256.786826
2010-11-15,257.177869
2010-11-16,250.617154
2010-11-17,251.565282
2010-11-18,255.972628
2010-11-19,256.420751
2010-11-22,255.261123
2010-11-23,248.571516
2010-11-24,250.341641
2010-11-25,251.716522
2010-11-26,248.271203
2010-11-29,243.43655
2010-11-30,241.688193
2010-12-01,247.561048
2010-12-02,254.724802
2010-12-03,259.091087
2010-12-06,259.045923
2010-12-07,262.970298
2010-12-08,260.715827
2010-12-09,260.1709
2010-12-10,261.502433
2010-12-13,265.838907
2010-12-14,266.284613
2010-12-15,264.979677
2010-12-16,262.731275
2010-12-17,262.455382
2010-12-20,263.04687
2010-12-21,265.470878
2010-12-22,265.698521
2010-12-23,265.625055
2010-12-24,265.638543
2010-12-27,264.810462
2010-12-28,265.182295
2010-12-29,267.63935
2010-12-30,268.974816
2010-12-31,272.49055
2011-01-03,272.566926
2011-01-04,273.34834
2011-01-05,269.236802
2011-01-06,267.873853
2011-01-07,266.675114
2011-01-10,263.939307
2011-01-11,268.019715
2011-01-12,272.649143
2011-01-13,276.124687
2011-01-14,276.28105
2011-01-17,275.429794
2011-01-18,279.079123
2011-01-19,278.008184
2011-01-20,271.215377
2011-01-21,275.63518
2011-01-24,276.429097
2011-01-25,274.757571
2011-01-26,278.201414
2011-01-27,279.85584
2011-01-28,277.06543
2011-01-31,277.397319
2011-02-01,282.870701
2011-02-02,282.25939
2011-02-03,279.183931
2011-02-04,279.229573
2011-02-07,282.666034
2011-02-08,284.422354
2011-02-09,284.358719
2011-02-10,280.380335
2011-02-11,280.482308
2011-02-14,281.077166
2011-02-15,281.325883
2011-02-16,281.331319
2011-02-17,282.337563
2011-02-18,284.045863
2011-02-21,281.059709
2011-02-22,279.57459
2011-02-23,277.956634
2011-02-24,275.339049
2011-02-25,278.979835
2011-02-28,283.004902
2011-03-01,283.554057
2011-03-02,282.771431
2011-03-03,284.529573
2011-03-04,285.952865
2011-03-07,286.927822
2011-03-08,284.882633
2011-03-09,286.035391
2011-03-10,279.237648
2011-03-11,276.529216
2011-03-14,277.37367
2011-03-15,270.563173
2011-03-16,268.016701
2011-03-17,274.260726
2011-03-18,279.16149
2011-03-21,285.296826
2011-03-22,285.060303
2011-03-23,283.406713
2011-03-24,287.175535
2011-03-25,286.796914
2011-03-28,286.482172
2011-03-29,285.34829
2011-03-30,287.608176
2011-03-31,287.524904
2011-04-01,289.458477
2011-04-04,293.018218
2011-04-05,293.075847
2011-04-06,296.194251
2011-04-07,293.543606
2011-04-08,297.106469
2011-04-11,296.541236
2011-04-12,292.152593
2011-04-13,294.809225
2011-04-14,294.195718
2011-04-15,293.858076
2011-04-18,285.669336
2011-04-19,290.070791
2011-04-20,297.649721
2011-04-21,301.187446
2011-04-22,301.187446
2011-04-25,300.459812
2011-04-26,302.226975
2011-04-27,303.163686
2011-04-28,308.285844
2011-04-29,309.720832
2011-05-02,311.26979
2011-05-03,307.991992
2011-05-04,305.325236
2011-05-05,299.809109
2011-05-06,300.830734
2011-05-09,297.089862
2011-05-10,301.596943
2011-05-11,301.304867
2011-05-12,296.791824
2011-05-13,296.733144
2011-05-16,296.425858
2011-05-17,292.766324
2011-05-18,294.197575
2011-05-19,295.875724
2011-05-20,294.959813
2011-05-23,287.754147
2011-05-24,290.083129
2011-05-25,290.185183
2011-05-26,291.120683
2011-05-27,296.399236
2011-05-30,297.010667
2011-05-31,300.607281
2011-06-01,300.932859
2011-06-02,298.931675
2011-06-03,299.995737
2011-06-06,299.43018
2011-06-07,300.33951
2011-06-08,294.422602
2011-06-09,294.820012
2011-06-10,288.935305
2011-06-13,289.152132
2011-06-14,292.832093
2011-06-15,286.729571
2011-06-16,280.615999
2011-06-17,283.33238
2011-06-20,280.190933
2011-06-21,284.760692
2011-06-22,284.410068
2011-06-23,275.308565
2011-06-24,275.622325
2011-06-27,276.712235
2011-06-28,279.442158
2011-06-29,285.593559
2011-06-30,290.743499
2011-07-01,292.982035
2011-07-04,295.574505
2011-07-05,295.115362
2011-07-06,291.359222
2011-07-07,293.529358
2011-07-08,289.987679
2011-07-11,279.58607
2011-07-12,277.546534
2011-07-13,282.907012
2011-07-14,280.104431
2011-07-15,278.38981
2011-07-18,270.733882
2011-07-19,276.011378
2011-07-20,279.003279
2011-07-21,284.364188
2011-07-22,286.672615
2011-07-25,285.657125
2011-07-26,287.042945
2011-07-27,282.001102
2011-07-28,279.051091
2011-07-29,279.122546
2011-08-01,273.562007
2011-08-02,265.836144
2011-08-03,260.946554
2011-08-04,247.199173
2011-08-05,242.694332
2011-08-08,229.424703
2011-08-09,235.279533
2011-08-10,231.162016
2011-08-11,237.347537
2011-08-12,244.835725
2011-08-15,250.921224
2011-08-16,247.447269
2011-08-17,248.858439
2011-08-18,234.274539
2011-08-19,233.063896
2011-08-22,233.659645
2011-08-23,234.874522
2011-08-24,238.099362
2011-08-25,236.51614
2011-08-26,235.360051
2011-08-29,241.720358
2011-08-30,243.190982
2011-08-31,250.222009
2011-09-01,248.879518
2011-09-02,243.5231
2011-09-05,232.929897
2011-09-06,228.927629
2011-09-07,235.496349
2011-09-08,237.105587
2011-09-09,228.282869
2011-09-12,220.731657
2011-09-13,222.000114
2011-09-14,224.461519
2011-09-15,231.273119
2011-09-16,233.457163
2011-09-19,225.892406
2011-09-20,229.201775
2011-09-21,226.781823
2011-09-22,213.644274
2011-09-23,212.869589
2011-09-26,213.344184
2011-09-27,223.91248
2011-09-28,221.842958
2011-09-29,222.851318
2011-09-30,216.770654
2011-10-03,212.143581
2011-10-04,204.367111
2011-10-05,209.112041
2011-10-06,216.004854
2011-10-07,219.32535
2011-10-10,225.584649
2011-10-11,225.148004
2011-10-12,232.052909
2011-10-13,229.095891
2011-10-14,234.093819
2011-10-17,230.547458
2011-10-18,228.505547
2011-10-19,231.200384
2011-10-20,226.355028
2011-10-21,234.166832
2011-10-24,238.233536
2011-10-25,237.463902
2011-10-26,236.339705
2011-10-27,247.973658
2011-10-28,248.337325
2011-10-31,240.493787
2011-11-01,227.755201
2011-11-02,231.176014
2011-11-03,235.190583
2011-11-04,234.940913
2011-11-07,233.138585
2011-11-08,235.715179
2011-11-09,228.741237
2011-11-10,226.484516
2011-11-11,234.466429
2011-11-14,230.690855
2011-11-15,226.769213
2011-11-16,226.283913
2011-11-17,222.666994
2011-11-18,220.883579
2011-11-21,212.494747
2011-11-22,211.048236
2011-11-23,205.715524
2011-11-24,206.240107
2011-11-25,205.847531
2011-11-28,213.68847
2011-11-29,215.830495
2011-11-30,225.26534
2011-12-01,222.091139
2011-12-02,223.99291
2011-12-05,227.415822
2011-12-06,224.457978
2011-12-07,224.662032
2011-12-08,218.818511
2011-12-09,220.640859
2011-12-12,213.627354
2011-12-13,212.670368
2011-12-14,205.86693
2011-12-15,208.384245
2011-12-16,208.868557
2011-12-19,208.049888
2011-12-20,214.159568
2011-12-21,212.932853
2011-12-22,215.031457
2011-12-23,216.330785
2011-12-26,216.330785
2011-12-27,216.844488
2011-12-28,214.099672
2011-12-29,214.392084
2011-12-30,217.660663
2012-01-02,219.756899
2012-01-03,225.183266
2012-01-04,221.71509
2012-01-05,217.841632
2012-01-06,217.591305
2012-01-09,217.671768
2012-01-10,220.913573
2012-01-11,219.99142
2012-01-12,223.42626
2012-01-13,221.836547
2012-01-16,223.199309
2012-01-17,226.144005
2012-01-18,228.941986
2012-01-19,233.780337
2012-01-20,234.565088
2012-01-23,238.160308
2012-01-24,234.796048
2012-01-25,235.371059
2012-01-26,241.669066
2012-01-27,240.592266
2012-01-30,236.750674
2012-01-31,239.444247
2012-02-01,246.582111
2012-02-02,248.00199
2012-02-03,250.590601
2012-02-06,250.683378
2012-02-07,252.141105
2012-02-08,252.429042
2012-02-09,254.151919
2012-02-10,250.999356
2012-02-13,253.208964
2012-02-14,250.63417
2012-02-15,250.944065
2012-02-16,249.38655
2012-02-17,254.294583
2012-02-20,259.235992
2012-02-21,257.603202
2012-02-22,255.480732
2012-02-23,255.665971
2012-02-24,260.124015
2012-02-27,258.061356
2012-02-28,259.053786
2012-02-29,259.274555
2012-03-01,260.277874
2012-03-02,258.462525
2012-03-05,256.540921
2012-03-06,246.506853
2012-03-07,248.966361
2012-03-08,256.17247
2012-03-09,254.708305
2012-03-12,254.076138
2012-03-13,258.449579
2012-03-14,257.263155
2012-03-15,258.052507
2012-03-16,261.636582
2012-03-19,262.686303
2012-03-20,259.174931
2012-03-21,258.534276
2012-03-22,255.101756
2012-03-23,257.349465
2012-03-26,262.470324
2012-03-27,261.841918
2012-03-28,258.258257
2012-03-29,254.881064
2012-03-30,258.295655
2012-04-02,260.546849
2012-04-03,260.337209
2012-04-04,250.900752
2012-04-05,250.185121
2012-04-06,250.185121
2012-04-09,250.293128
2012-04-10,244.511151
2012-04-11,247.470205
2012-04-12,252.649329
2012-04-13,248.840089
2012-04-16,247.294228
2012-04-17,253.196879
2012-04-18,253.259634
2012-04-19,252.830571
2012-04-20,254.291535
2012-04-23,246.955673
2012-04-24,250.724417
2012-04-25,253.61053
2012-04-26,254.53544
2012-04-27,257.883322
2012-04-30,257.320675
2012-05-01,257.726913
2012-05-02,256.298871
2012-05-03,256.21884
2012-05-04,249.500034
2012-05-07,249.66878
2012-05-08,243.283313
2012-05-09,239.932722
2012-05-10,243.930518
2012-05-11,244.58846
2012-05-14,238.167861
2012-05-15,234.598363
2012-05-16,232.849013
2012-05-17,230.143083
2012-05-18,226.528587
2012-05-21,228.750638
2012-05-22,233.355022
2012-05-23,226.382034
2012-05-24,227.395619
2012-05-25,226.03703
2012-05-28,227.800031
2012-05-29,230.441381
2012-05-30,224.364213
2012-05-31,223.37244
2012-06-01,217.755645
2012-06-04,218.048199
2012-06-05,217.956886
2012-06-06,223.802835
2012-06-07,228.738842
2012-06-08,225.705219
2012-06-11,225.77033
2012-06-12,223.265842
2012-06-13,223.214343
2012-06-14,223.578469
2012-06-15,227.978624
2012-06-18,227.732906
2012-06-19,232.300258
2012-06-20,235.53684
2012-06-21,233.359528
2012-06-22,229.813675
2012-06-25,224.523938
2012-06-26,223.391415
2012-06-27,225.086083
2012-06-28,223.141986
2012-06-29,234.222561
2012-07-02,236.130979
2012-07-03,238.885022
2012-07-04,237.387138
2012-07-05,234.815366
2012-07-06,231.189178
2012-07-09,229.792559
2012-07-10,230.967507
2012-07-11,229.775229
2012-07-12,226.117045
2012-07-13,230.416719
2012-07-16,231.804529
2012-07-17,231.369135
2012-07-18,233.466913
2012-07-19,237.381106
2012-07-20,233.765743
2012-07-23,226.003564
2012-07-24,225.518464
2012-07-25,225.87193
2012-07-26,233.111864
2012-07-27,235.794472
2012-07-30,236.208464
2012-07-31,235.453822
2012-08-01,235.162308
2012-08-02,230.061557
2012-08-03,237.374603
2012-08-06,241.012667
2012-08-07,242.356413
2012-08-08,241.29951
2012-08-09,241.418744
2012-08-10,241.717289
2012-08-13,241.100212
2012-08-14,241.778181
2012-08-15,241.402765
2012-08-16,243.632282
2012-08-17,244.971661
2012-08-20,244.582638
2012-08-21,248.407774
2012-08-22,245.815502
2012-08-23,246.555745
2012-08-24,244.784144
2012-08-27,245.316474
2012-08-28,244.448967
2012-08-29,244.495243
2012-08-30,242.704524
2012-08-31,246.608751
2012-09-03,248.13523
2012-09-04,246.442025
2012-09-05,247.667362
2012-09-06,252.646235
2012-09-07,258.131258
2012-09-10,258.462772
2012-09-11,259.362045
2012-09-12,261.836019
2012-09-13,261.614434
2012-09-14,270.234956
2012-09-17,269.506494
2012-09-18,266.292012
2012-09-19,267.069784
2012-09-20,264.631679
2012-09-21,266.585536
2012-09-24,263.955548
2012-09-25,265.817403
2012-09-26,258.905612
2012-09-27,260.378317
2012-09-28,259.835848
2012-10-01,263.045387
2012-10-02,263.96072
2012-10-03,262.410878
2012-10-04,265.59933
2012-10-05,269.364312
2012-10-08,265.243833
2012-10-09,263.015699
2012-10-10,260.787784
2012-10-11,262.670224
2012-10-12,262.691521
2012-10-15,262.734983
2012-10-16,266.93432
2012-10-17,270.325281
2012-10-18,270.54272
2012-10-19,268.051476
2012-10-22,268.349003
2012-10-23,262.730685
2012-10-24,263.921063
2012-10-25,265.701222
2012-10-26,264.739306
2012-10-29,262.989113
2012-10-30,265.277026
2012-10-31,264.671953
2012-11-01,267.23106
2012-11-02,266.538122
2012-11-05,263.93008
2012-11-06,265.224805
2012-11-07,262.266206
2012-11-08,260.545559
2012-11-09,258.755812
2012-11-12,257.342884
2012-11-13,256.665108
2012-11-14,255.514886
2012-11-15,254.025005
2012-11-16,250.510701
2012-11-19,256.631979
2012-11-20,257.36928
2012-11-21,258.26935
2012-11-22,261.611958
2012-11-23,263.996627
2012-11-26,263.220128
2012-11-27,263.40599
2012-11-28,262.56519
2012-11-29,266.713673
2012-11-30,267.128394
2012-12-03,268.809516
2012-12-04,269.197362
2012-12-05,270.13525
2012-12-06,270.845111
2012-12-07,269.977701
2012-12-10,269.786174
2012-12-11,272.090896
2012-12-12,273.608491
2012-12-13,273.921878
2012-12-14,274.75357
2012-12-17,275.913802
2012-12-18,278.951487
2012-12-19,282.290371
2012-12-20,282.417083
2012-12-21,279.840597
2012-12-24,279.807811
2012-12-25,279.807811
2012-12-26,280.186554
2012-12-27,280.846479
2012-12-28,280.04625
2012-12-31,280.706943
2013-01-01,280.706943
2013-01-02,287.434938
2013-01-03,286.178774
2013-01-04,285.968549
2013-01-07,288.025132
2013-01-08,286.656093
2013-01-09,288.006641
2013-01-10,291.549279
2013-01-11,293.708384
2013-01-14,292.650819
2013-01-15,291.675483
2013-01-16,290.526429
2013-01-17,293.628744
2013-01-18,293.352127
2013-01-21,294.526022
2013-01-22,294.288095
2013-01-23,294.723436
2013-01-24,296.76859
2013-01-25,299.427697
2013-01-28,298.815641
2013-01-29,298.072162
2013-01-30,298.121544
2013-01-31,297.489678
2013-02-01,302.872297
2013-02-04,297.255589
2013-02-05,297.488157
2013-02-06,299.070614
2013-02-07,297.265564
2013-02-08,300.40768
2013-02-11,298.812584
2013-02-12,302.151721
2013-02-13,304.052211
2013-02-14,301.285293
2013-02-15,302.236429
2013-02-18,300.83776
2013-02-19,304.512041
2013-02-20,304.342785
2013-02-21,297.195382
2013-02-22,298.736224
2013-02-25,298.544611
2013-02-26,293.323886
2013-02-27,296.145807
2013-02-28,297.564315
2013-03-01,294.493347
2013-03-04,293.644934
2013-03-05,298.834231
2013-03-06,298.199899
2013-03-07,299.754709
2013-03-08,298.790894
2013-03-11,298.742073
2013-03-12,299.430478
2013-03-13,298.030068
2013-03-14,301.566441
2013-03-15,303.829731
2013-03-18,301.670867
2013-03-19,298.600778
2013-03-20,300.294976
2013-03-21,299.073132
2013-03-22,299.586061
2013-03-25,297.333573
2013-03-26,297.049202
2013-03-27,293.35139
2013-03-28,295.906218
2013-03-29,295.906218
2013-04-01,296.329419
2013-04-02,297.686351
2013-04-03,296.426662
2013-04-04,293.175517
2013-04-05,291.228313
2013-04-08,291.245741
2013-04-09,293.305846
2013-04-10,299.222646
2013-04-11,303.551823
2013-04-12,301.311794
2013-04-15,297.070945
2013-04-16,295.737074
2013-04-17,290.135381
2013-04-18,290.666425
2013-04-19,291.953952
2013-04-22,291.347523
2013-04-23,296.257675
2013-04-24,297.769064
2013-04-25,302.040543
2013-04-26,302.010086
2013-04-29,304.135043
2013-04-30,305.784149
2013-05-01,306.74202
2013-05-02,304.520192
2013-05-03,308.65399
2013-05-06,307.896216
2013-05-07,308.798687
2013-05-08,313.824588
2013-05-09,313.371723
2013-05-10,311.28974
2013-05-13,311.439818
2013-05-14,311.762664
2013-05-15,312.22085
2013-05-16,314.949631
2013-05-17,313.892144
2013-05-20,315.652153
2013-05-21,316.313888
2013-05-22,315.812764
2013-05-23,309.619753
2013-05-24,309.917164
2013-05-27,311.075525
2013-05-28,313.574268
2013-05-29,311.7829
2013-05-30,314.698447
2013-05-31,311.623919
2013-06-03,311.102679
2013-06-04,312.40908
2013-06-05,308.904858
2013-06-06,308.416465
2013-06-07,311.463676
2013-06-10,311.130939
2013-06-11,308.133994
2013-06-12,309.330005
2013-06-13,307.505313
2013-06-14,311.153736
2013-06-17,313.297036
2013-06-18,314.237639
2013-06-19,314.744273
2013-06-20,301.980051
2013-06-21,297.454969
2013-06-24,290.237996
2013-06-25,293.965735
2013-06-26,296.795828
2013-06-27,299.584287
2013-06-28,298.76784
2013-07-01,303.108056
2013-07-02,302.476603
2013-07-03,300.656338
2013-07-04,304.732693
2013-07-05,300.831668
2013-07-08,305.263849
2013-07-09,305.953746
2013-07-10,307.266106
2013-07-11,313.569782
2013-07-12,314.361214
2013-07-15,315.089182
2013-07-16,315.518559
2013-07-17,316.301847
2013-07-18,319.674039
2013-07-19,321.1015
2013-07-22,323.47025
2013-07-23,323.562277
2013-07-24,324.831642
2013-07-25,323.668609
2013-07-26,323.731055
2013-07-29,323.832145
2013-07-30,325.030178
2013-07-31,325.051559
2013-08-01,328.274748
2013-08-02,330.751115
2013-08-05,332.824599
2013-08-06,332.847272
2013-08-07,332.695423
2013-08-08,337.100206
2013-08-09,337.79211
2013-08-12,336.881489
2013-08-13,336.721994
2013-08-14,339.048107
2013-08-15,333.547988
2013-08-16,337.404212
2013-08-19,338.642049
2013-08-20,336.396124
2013-08-21,335.032561
2013-08-22,336.870416
2013-08-23,339.669263
2013-08-26,337.996871
2013-08-27,332.454369
2013-08-28,329.44275
2013-08-29,330.073371
2013-08-30,326.395475
2013-09-02,332.707749
2013-09-03,332.221686
2013-09-04,333.800164
2013-09-05,334.703277
2013-09-06,336.934265
2013-09-09,340.638374
2013-09-10,346.122912
2013-09-11,348.024318
2013-09-12,347.599035
2013-09-13,347.50892
2013-09-16,351.729848
2013-09-17,349.471127
2013-09-18,349.811672
2013-09-19,355.849551
2013-09-20,353.269084
2013-09-23,351.408734
2013-09-24,352.771186
2013-09-25,353.155856
2013-09-26,352.330751
2013-09-27,353.546319
2013-09-30,352.981045
2013-10-01,356.087761
2013-10-02,356.388566
2013-10-03,356.309351
2013-10-04,355.663157
2013-10-07,353.990836
2013-10-08,352.844221
2013-10-09,348.626258
2013-10-10,354.461371
2013-10-11,356.651967
2013-10-14,358.46556
2013-10-15,359.747516
2013-10-16,360.121415
2013-10-17,365.742589
2013-10-18,370.293676
2013-10-21,372.998004
2013-10-22,375.066759
2013-10-23,373.333893
2013-10-24,374.434942
2013-10-25,373.45269
2013-10-28,371.194107
2013-10-29,372.519144
2013-10-30,373.417543
2013-10-31,370.810999
2013-11-01,367.556709
2013-11-04,368.670586
2013-11-05,367.85536
2013-11-06,371.807728
2013-11-07,368.562282
2013-11-08,365.938948
2013-11-11,369.362535
2013-11-12,367.214747
2013-11-13,363.168209
2013-11-14,367.198511
2013-11-15,367.78871
2013-11-18,370.607698
2013-11-19,368.407012
2013-11-20,366.425341
2013-11-21,365.581883
2013-11-22,368.474164
2013-11-25,370.013688
2013-11-26,371.820589
2013-11-27,374.853145
2013-11-28,376.959706
2013-11-29,378.262231
2013-12-02,375.546113
2013-12-03,370.905663
2013-12-04,368.295991
2013-12-05,369.338911
2013-12-06,372.469874
2013-12-09,374.876354
2013-12-10,375.774006
2013-12-11,374.577128
2013-12-12,368.964547
2013-12-13,368.233671
2013-12-16,371.67768
2013-12-17,370.147314
2013-12-18,374.07702
2013-12-19,377.349588
2013-12-20,379.488679
2013-12-23,382.820992
2013-12-24,382.853224
2013-12-25,382.853224
2013-12-26,383.757494
2013-12-27,389.113094
2013-12-30,391.059318
2013-12-31,391.410915
2014-01-01,391.410915
2014-01-02,388.391359
2014-01-03,391.003608
2014-01-06,392.231305
2014-01-07,393.430594
2014-01-08,393.36223
2014-01-09,392.905678
2014-01-10,399.591817
2014-01-13,400.43411
2014-01-14,401.416948
2014-01-15,401.553161
2014-01-16,400.116869
2014-01-17,401.331734
2014-01-20,401.110424
2014-01-21,399.884568
2014-01-22,401.451402
2014-01-23,400.073957
2014-01-24,390.280769
2014-01-27,385.876178
2014-01-28,391.41728
2014-01-29,389.747919
2014-01-30,388.651459
2014-01-31,386.136886
2014-02-03,381.54131
2014-02-04,380.835908
2014-02-05,382.036066
2014-02-06,389.469741
2014-02-07,392.509577
2014-02-10,393.931862
2014-02-11,399.15722
2014-02-12,400.27179
2014-02-13,401.838842
2014-02-14,405.431206
2014-02-17,408.50348
2014-02-18,409.48882
2014-02-19,410.829963
2014-02-20,409.13891
2014-02-21,412.275127
2014-02-24,413.884081
2014-02-25,415.114032
2014-02-26,412.667771
2014-02-27,413.599614
2014-02-28,421.355074
2014-03-03,409.974927
2014-03-04,417.87729
2014-03-05,418.904596
2014-03-06,422.716135
2014-03-07,420.208072
2014-03-10,417.583884
2014-03-11,417.815104
2014-03-12,413.727155
2014-03-13,411.048735
2014-03-14,407.390407
2014-03-17,413.946569
2014-03-18,415.466824
2014-03-19,416.043052
2014-03-20,409.620958
2014-03-21,407.686302
2014-03-24,402.474459
2014-03-25,406.277973
2014-03-26,410.26941
2014-03-27,409.875548
2014-03-28,411.669726
2014-03-31,415.567928
2014-04-01,419.20448
2014-04-02,419.408427
2014-04-03,417.329923
2014-04-04,419.020406
2014-04-07,415.611775
2014-04-08,411.332568
2014-04-09,416.287663
2014-04-10,415.898598
2014-04-11,408.524601
2014-04-14,401.600191
2014-04-15,397.525715
2014-04-16,403.343125
2014-04-17,407.584292
2014-04-18,407.584292
2014-04-21,406.890492
2014-04-22,412.904567
2014-04-23,411.640792
2014-04-24,411.915906
2014-04-25,409.105523
2014-04-28,407.989266
2014-04-29,410.773937
2014-04-30,412.776067
2014-05-01,413.532017
2014-05-02,415.695534
2014-05-05,414.909946
2014-05-06,417.564564
2014-05-07,414.970991
2014-05-08,417.436464
2014-05-09,412.954296
2014-05-12,416.657485
2014-05-13,415.330418
2014-05-14,412.643097
2014-05-15,404.690087
2014-05-16,400.11308
2014-05-19,400.914422
2014-05-20,402.058753
2014-05-21,404.917912
2014-05-22,406.928173
2014-05-23,407.729295
2014-05-26,411.055982
2014-05-27,413.092185
2014-05-28,413.512869
2014-05-29,414.154285
2014-05-30,415.960149
2014-06-02,416.902203
2014-06-03,413.985712
2014-06-04,415.474067
2014-06-05,416.651446
2014-06-06,421.953785
2014-06-09,422.00957
2014-06-10,420.606917
2014-06-11,416.715709
2014-06-12,418.134771
2014-06-13,413.790792
2014-06-16,411.574729
2014-06-17,409.994232
2014-06-18,411.307124
2014-06-19,415.040842
2014-06-20,414.023904
2014-06-23,412.531014
2014-06-24,409.419826
2014-06-25,407.25257
2014-06-26,408.964344
2014-06-27,410.582664
2014-06-30,413.053341
2014-07-01,415.783126
2014-07-02,417.395726
2014-07-03,420.005208
2014-07-04,418.99967
2014-07-07,415.102968
2014-07-08,408.802558
2014-07-09,408.059049
2014-07-10,401.938708
2014-07-11,402.572315
2014-07-14,406.616862
2014-07-15,402.784988
2014-07-16,406.766141
2014-07-17,404.456169
2014-07-18,402.600978
2014-07-21,400.967314
2014-07-22,403.593929
2014-07-23,405.210815
2014-07-24,406.183126
2014-07-25,403.555103
2014-07-28,401.796579
2014-07-29,402.049347
2014-07-30,398.971788
2014-07-31,393.498737
2014-08-01,389.604804
2014-08-04,387.274726
2014-08-05,386.437738
2014-08-06,381.45711
2014-08-07,379.49361
2014-08-08,378.096787
2014-08-11,384.995841
2014-08-12,384.428566
2014-08-13,385.13326
2014-08-14,387.42218
2014-08-15,386.915237
2014-08-18,390.788466
2014-08-19,392.507251
2014-08-20,390.485882
2014-08-21,392.872174
2014-08-22,391.464356
2014-08-25,393.335382
2014-08-26,396.094603
2014-08-27,397.733388
2014-08-28,393.615873
2014-08-29,393.149537
2014-09-01,392.77508
2014-09-02,391.608102
2014-09-03,393.277061
2014-09-04,391.426972
2014-09-05,389.931724
2014-09-08,386.520475
2014-09-09,384.442917
2014-09-10,382.569572
2014-09-11,382.834199
2014-09-12,383.904831
2014-09-15,382.219477
2014-09-16,379.609288
2014-09-17,382.540254
2014-09-18,384.795613
2014-09-19,383.987003
2014-09-22,381.75897
2014-09-23,378.302772
2014-09-24,376.90271
2014-09-25,373.457167
2014-09-26,371.170988
2014-09-29,370.640141
2014-09-30,370.941198
2014-10-01,367.092627
2014-10-02,360.314133
2014-10-03,360.104969
2014-10-06,361.821914
2014-10-07,357.701353
2014-10-08,353.954534
2014-10-09,351.954789
2014-10-10,343.84881
2014-10-13,342.406238
2014-10-14,343.152986
2014-10-15,337.324698
2014-10-16,337.256511
2014-10-17,347.079877
2014-10-20,347.111499
2014-10-21,354.340706
2014-10-22,356.860164
2014-10-23,357.496505
2014-10-24,357.024874
2014-10-27,355.411163
2014-10-28,359.297519
2014-10-29,361.148174
2014-10-30,359.011704
2014-10-31,362.555052
2014-11-03,360.893904
2014-11-04,360.228212
2014-11-05,361.573171
2014-11-06,360.399261
2014-11-07,357.862745
2014-11-10,361.980142
2014-11-11,362.099977
2014-11-12,360.380832
2014-11-13,359.926168
2014-11-14,359.578018
2014-11-17,360.140951
2014-11-18,363.736448
2014-11-19,363.202037
2014-11-20,363.745621
2014-11-21,365.458198
2014-11-24,367.788066
2014-11-25,370.732027
2014-11-26,370.954616
2014-11-27,370.81425
2014-11-28,369.086317
2014-12-01,367.86238
2014-12-02,367.291928
2014-12-03,368.103914
2014-12-04,369.220031
2014-12-05,370.090859
2014-12-08,369.229732
2014-12-09,366.130091
2014-12-10,366.113551
2014-12-11,364.022661
2014-12-12,359.403058
2014-12-15,352.93821
2014-12-16,357.960222
2014-12-17,356.447849
2014-12-18,362.34395
2014-12-19,364.405075
2014-12-22,366.566449
2014-12-23,366.450567
2014-12-24,367.041745
2014-12-25,367.041745
2014-12-26,366.727122
2014-12-29,366.37143
2014-12-30,365.453719
2014-12-31,365.953371
2015-01-01,365.953371
2015-01-02,363.902746
2015-01-05,357.432046
2015-01-06,353.699394
2015-01-07,350.632619
2015-01-08,356.232526
2015-01-09,356.115462
2015-01-12,355.904291
2015-01-13,358.940212
2015-01-14,355.478109
2015-01-15,355.058599
2015-01-16,354.456744
2015-01-19,360.376844
2015-01-20,360.878506
2015-01-21,361.940641
2015-01-22,362.056425
2015-01-23,361.244379
2015-01-26,364.087856
2015-01-27,364.498788
2015-01-28,364.77069
2015-01-29,363.069535
2015-01-30,362.55316
2015-02-02,364.83881
2015-02-03,371.68456
2015-02-04,372.946951
2015-02-05,376.879092
2015-02-06,374.823826
2015-02-09,371.762744
2015-02-10,374.922266
2015-02-11,372.867829
2015-02-12,379.821256
2015-02-13,382.322835
2015-02-16,382.99967
2015-02-17,382.365965
2015-02-18,386.422603
2015-02-19,387.765882
2015-02-20,388.161781
2015-02-23,390.03039
2015-02-24,391.106474
2015-02-25,392.26897
2015-02-26,390.684322
2015-02-27,392.810773
2015-03-02,390.850323
2015-03-03,387.90525
2015-03-04,384.740027
2015-03-05,388.426013
2015-03-06,384.031174
2015-03-09,382.340611
2015-03-10,375.330993
2015-03-11,374.744728
2015-03-12,376.791748
2015-03-13,375.251557
2015-03-16,378.949189
2015-03-17,376.063494
2015-03-18,377.675917
2015-03-19,380.322993
2015-03-20,388.301918
2015-03-23,391.633558
2015-03-24,393.075763
2015-03-25,392.46709
2015-03-26,385.455489
2015-03-27,384.753206
2015-03-30,386.404157
2015-03-31,383.269582
2015-04-01,384.51114
2015-04-02,389.465627
2015-04-03,389.465627
2015-04-06,394.092855
2015-04-07,394.362445
2015-04-08,394.567991
2015-04-09,394.377109
2015-04-10,396.098366
2015-04-13,395.499804
2015-04-14,399.147985
2015-04-15,398.088791
2015-04-16,398.660353
2015-04-17,394.597103
2015-04-20,395.952545
2015-04-21,398.592414
2015-04-22,396.714068
2015-04-23,398.244998
2015-04-24,402.60061
2015-04-27,406.76738
2015-04-28,405.578878
2015-04-29,404.468
2015-04-30,405.355176
2015-05-01,403.552566
2015-05-04,404.246979
2015-05-05,401.829901
2015-05-06,404.592777
2015-05-07,403.111989
2015-05-08,413.535876
2015-05-11,414.249173
2015-05-12,412.933454
2015-05-13,419.174269
2015-05-14,422.093202
2015-05-15,425.718368
2015-05-18,423.592624
2015-05-19,420.99154
2015-05-20,420.604796
2015-05-21,422.483535
2015-05-22,418.63569
2015-05-25,417.806916
2015-05-26,411.304003
2015-05-27,412.908018
2015-05-28,413.650405
2015-05-29,410.921626
2015-06-01,410.348764
2015-06-02,416.16266
2015-06-03,420.703046
2015-06-04,418.398188
2015-06-05,408.01614
2015-06-08,407.876523
2015-06-09,408.350062
2015-06-10,416.765519
2015-06-11,416.031186
2015-06-12,413.814396
2015-06-15,406.248869
2015-06-16,408.827907
2015-06-17,407.562144
2015-06-18,412.419319
2015-06-19,412.238046
2015-06-22,419.965441
2015-06-23,418.052491
2015-06-24,415.835675
2015-06-25,416.557804
2015-06-26,415.06223
2015-06-29,406.389743
2015-06-30,405.107391
2015-07-01,409.160424
2015-07-02,406.58581
2015-07-03,405.151349
2015-07-06,399.860268
2015-07-07,389.377215
2015-07-08,390.355527
2015-07-09,397.00952
2015-07-10,407.668978
2015-07-13,411.013924
2015-07-14,410.391297
2015-07-15,411.358955
2015-07-16,414.820533
2015-07-17,414.208509
2015-07-20,416.395244
2015-07-21,415.797513
2015-07-22,413.540146
2015-07-23,414.086296
2015-07-24,411.907195
2015-07-27,407.543189
2015-07-28,409.222125
2015-07-29,413.388792
2015-07-30,410.48094
2015-07-31,415.424408
2015-08-03,415.996394
2015-08-04,415.5791
2015-08-05,415.61227
2015-08-06,413.868955
2015-08-07,410.351444
2015-08-10,414.654026
2015-08-11,413.35985
2015-08-12,409.325817
2015-08-13,412.914784
2015-08-14,413.693508
2015-08-17,413.100264
2015-08-18,413.894358
2015-08-19,409.188698
2015-08-20,405.06941
2015-08-21,397.989376
2015-08-24,386.773934
2015-08-25,397.450723
2015-08-26,393.281852
2015-08-27,397.419088
2015-08-28,398.928757
2015-08-31,399.264548
2015-09-01,392.30222
2015-09-02,392.146053
2015-09-03,395.806549
2015-09-04,388.956688
2015-09-07,391.094846
2015-09-08,396.560592
2015-09-09,399.908041
2015-09-10,399.137922
2015-09-11,398.223326
2015-09-14,396.017623
2015-09-15,396.520845
2015-09-16,401.312148
2015-09-17,402.708457
2015-09-18,401.983132
2015-09-21,398.02828
2015-09-22,386.294307
2015-09-23,387.296056
2015-09-24,384.792268
2015-09-25,388.893026
2015-09-28,383.873136
2015-09-29,380.487002
2015-09-30,385.302579
2015-10-01,386.613247
2015-10-02,389.805011
2015-10-05,396.546191
2015-10-06,400.123204
2015-10-07,398.597803
2015-10-08,400.354493
2015-10-09,402.855916
2015-10-12,401.983187
2015-10-13,398.205912
2015-10-14,398.935141
2015-10-15,402.105278
2015-10-16,401.810514
2015-10-19,402.751649
2015-10-20,404.340105
2015-10-21,406.015715
2015-10-22,403.192328
2015-10-23,405.228396
2015-10-26,405.158177
2015-10-27,400.97887
2015-10-28,404.250006
2015-10-29,401.465517
2015-10-30,405.48669
2015-11-02,407.685572
2015-11-03,405.753964
2015-11-04,403.641148
2015-11-05,402.569283
2015-11-06,400.724054
2015-11-09,399.112167
2015-11-10,396.986127
2015-11-11,400.736852
2015-11-12,396.090363
2015-11-13,392.900173
2015-11-16,394.670415
2015-11-17,399.2126
2015-11-18,399.034216
2015-11-19,403.626201
2015-11-20,402.012019
2015-11-23,399.135309
2015-11-24,393.887146
2015-11-25,396.699084
2015-11-26,400.237355
2015-11-27,400.408134
2015-11-30,403.591739
2015-12-01,406.211623
2015-12-02,405.897021
2015-12-03,408.65389
2015-12-04,409.773912
2015-12-07,409.866481
2015-12-08,403.687331
2015-12-09,405.962824
2015-12-10,403.2333
2015-12-11,398.588667
2015-12-14,394.239064
2015-12-15,398.392987
2015-12-16,400.619317
2015-12-17,400.486176
2015-12-18,398.979694
2015-12-21,398.059708
2015-12-22,399.20087
2015-12-23,403.665236
2015-12-24,406.532426
2015-12-25,406.532426
2015-12-28,406.242273
2015-12-29,408.950838
2015-12-30,409.070964
2015-12-31,405.827522
2016-01-01,405.827522
2016-01-04,396.716797
2016-01-05,394.616412
2016-01-06,390.39874
2016-01-07,384.231362
2016-01-08,382.685702
2016-01-11,378.664983
2016-01-12,379.14585
2016-01-13,380.307531
2016-01-14,371.928669
2016-01-15,364.770405
2016-01-18,357.829391
2016-01-19,362.935081
2016-01-20,351.676657
2016-01-21,354.153931
2016-01-22,365.191944
2016-01-25,366.229882
2016-01-26,368.782647
2016-01-27,369.486963
2016-01-28,368.491638
2016-01-29,371.147167
2016-02-01,375.16606
2016-02-02,370.04909
2016-02-03,369.658447
2016-02-04,372.480883
2016-02-05,367.682986
2016-02-08,350.359245
2016-02-09,349.512081
2016-02-10,354.316755
2016-02-11,348.886171
2016-02-12,352.879935
2016-02-15,360.555386
2016-02-16,358.382424
2016-02-17,367.946439
2016-02-18,370.959964
2016-02-19,368.531265
2016-02-22,370.247393
2016-02-23,368.014258
2016-02-24,361.583518
2016-02-25,367.789272
2016-02-26,369.002549
2016-02-29,370.6291
2016-03-01,375.78919
2016-03-02,375.201141
2016-03-03,378.452557
2016-03-04,385.132416
2016-03-07,383.23717
2016-03-08,380.002702
2016-03-09,379.312029
2016-03-10,379.167812
2016-03-11,387.890462
2016-03-14,390.53897
2016-03-15,387.097389
2016-03-16,387.718403
2016-03-17,397.055152
2016-03-18,399.210136
2016-03-21,396.268038
2016-03-22,394.752477
2016-03-23,392.801147
2016-03-24,388.85761
2016-03-25,388.85761
2016-03-28,391.049742
2016-03-29,390.841606
2016-03-30,402.155762
2016-03-31,401.429236
2016-04-01,397.26351
2016-04-04,398.872825
2016-04-05,392.508916
2016-04-06,394.74085
2016-04-07,392.219493
2016-04-08,397.164626
2016-04-11,399.936908
2016-04-12,398.283509
2016-04-13,401.823348
2016-04-14,400.537062
2016-04-15,399.143021
2016-04-18,401.422158
2016-04-19,406.835314
2016-04-20,405.504379
2016-04-21,401.839132
2016-04-22,400.01223
2016-04-25,401.588824
2016-04-26,403.499259
2016-04-27,405.813911
2016-04-28,406.949181
2016-04-29,406.573152
2016-05-02,407.920945
2016-05-03,403.495053
2016-05-04,400.963833
2016-05-05,399.663155
2016-05-06,399.140926
2016-05-09,398.906364
2016-05-10,401.024635
2016-05-11,401.784608
2016-05-12,400.344163
2016-05-13,397.343231
2016-05-16,399.688139
2016-05-17,401.682899
2016-05-18,402.997573
2016-05-19,397.656505
2016-05-20,402.016276
2016-05-23,403.870714
2016-05-24,408.161497
2016-05-25,411.958033
2016-05-26,412.875408
2016-05-27,412.044833
2016-05-30,412.553664
2016-05-31,411.684168
2016-06-01,409.07938
2016-06-02,409.897631
2016-06-03,413.182832
2016-06-06,414.580443
2016-06-07,418.269041
2016-06-08,418.504519
2016-06-09,413.870691
2016-06-10,403.143391
2016-06-13,394.399027
2016-06-14,383.489297
2016-06-15,386.356974
2016-06-16,376.245824
2016-06-17,388.638666
2016-06-20,406.412601
2016-06-21,405.027689
2016-06-22,405.980022
2016-06-23,414.906073
2016-06-24,375.320442
2016-06-27,347.061945
2016-06-28,358.988424
2016-06-29,370.424933
2016-06-30,374.150383
2016-07-01,378.537119
2016-07-04,374.275407
2016-07-05,363.014607
2016-07-06,356.247647
2016-07-07,361.452511
2016-07-08,367.33325
2016-07-11,376.732489
2016-07-12,381.62846
2016-07-13,382.656633
2016-07-14,385.280645
2016-07-15,382.032453
2016-07-18,385.079801
2016-07-19,382.973745
2016-07-20,386.881079
2016-07-21,386.642147
2016-07-22,384.282339
2016-07-25,386.836458
2016-07-26,387.344151
2016-07-27,391.644985
2016-07-28,392.782479
2016-07-29,397.535746
2016-08-01,394.297286
2016-08-02,393.195033
2016-08-03,390.650665
2016-08-04,392.294227
2016-08-05,394.237374
2016-08-08,395.165285
2016-08-09,399.355702
2016-08-10,400.67432
2016-08-11,403.266565
2016-08-12,403.978942
2016-08-15,404.200103
2016-08-16,403.398866
2016-08-17,400.658171
2016-08-18,407.159634
2016-08-19,404.592267
2016-08-22,406.627222
2016-08-23,409.921453
2016-08-24,409.726825
2016-08-25,407.221432
2016-08-26,408.75935
2016-08-29,404.369512
2016-08-30,404.149209
2016-08-31,401.9762
2016-09-01,406.943169
2016-09-02,410.608713
2016-09-05,411.345024
2016-09-06,415.488386
2016-09-07,416.660662
2016-09-08,417.876543
2016-09-09,410.220082
2016-09-12,406.562161
2016-09-13,403.782587
2016-09-14,404.324774
2016-09-15,406.477919
2016-09-16,403.124259
2016-09-19,406.020094
2016-09-20,404.265974
2016-09-21,404.469411
2016-09-22,413.037555
2016-09-23,409.443172
2016-09-26,406.914061
2016-09-27,403.531526
2016-09-28,407.04514
2016-09-29,408.846249
2016-09-30,409.622809
2016-10-03,411.077663
2016-10-04,410.635395
2016-10-05,410.221476
2016-10-06,407.077418
2016-10-07,402.112739
2016-10-10,402.549362
2016-10-11,397.467365
2016-10-12,394.516197
2016-10-13,393.408028
2016-10-14,396.050547
2016-10-17,392.791683
2016-10-18,397.907159
2016-10-19,398.929723
2016-10-20,397.152292
2016-10-21,395.588402
2016-10-24,395.787121
2016-10-25,392.291574
2016-10-26,392.45254
2016-10-27,389.449053
2016-10-28,389.505392
2016-10-31,389.323753
2016-11-01,388.945992
2016-11-02,387.658796
2016-11-03,389.056302
2016-11-04,385.56419
2016-11-07,386.509547
2016-11-08,386.644249
2016-11-09,386.654174
2016-11-10,384.6336
2016-11-11,382.006424
2016-11-14,377.968578
2016-11-15,379.780692
2016-11-16,378.714342
2016-11-17,380.502446
2016-11-18,378.497594
2016-11-21,379.800815
2016-11-22,380.750197
2016-11-23,378.050567
2016-11-24,380.253184
2016-11-25,381.384429
2016-11-28,378.507602
2016-11-29,380.726973
2016-11-30,381.112725
2016-12-01,380.995014
2016-12-02,379.890004
2016-12-05,383.820414
2016-12-06,386.037974
2016-12-07,389.367604
2016-12-08,388.051388
2016-12-09,388.727255
2016-12-12,389.828252
2016-12-13,393.028421
2016-12-14,392.192211
2016-12-15,385.474195
2016-12-16,386.704926
2016-12-19,387.971201
2016-12-20,386.868891
2016-12-21,389.42146
2016-12-22,389.704504
2016-12-23,390.502111
2016-12-26,390.502111
2016-12-27,391.663784
2016-12-28,391.232233
2016-12-29,393.698006
2016-12-30,397.41621
2017-01-02,400.220965
2017-01-03,396.61144
2017-01-04,398.9174
2017-01-05,405.170384
2017-01-06,403.905784
2017-01-09,400.437822
2017-01-10,402.226792
2017-01-11,398.793215
2017-01-12,403.332899
2017-01-13,404.917294
2017-01-16,401.481821
2017-01-17,405.8205
2017-01-18,406.581192
2017-01-19,403.65285
2017-01-20,405.500541
2017-01-23,408.268041
2017-01-24,409.588081
2017-01-25,412.750017
2017-01-26,411.131482
2017-01-27,412.232042
2017-01-30,407.990281
2017-01-31,410.866877
2017-02-01,414.146433
2017-02-02,414.778822
2017-02-03,416.069214
2017-02-06,411.52094
2017-02-07,412.841202
2017-02-08,415.505062
2017-02-09,415.121842
2017-02-10,414.877662
2017-02-13,417.039875
2017-02-14,417.018594
2017-02-15,418.450779
2017-02-16,420.500826
2017-02-17,417.744644
2017-02-20,419.229178
2017-02-21,418.415944
2017-02-22,417.050894
2017-02-23,418.004963
2017-02-24,413.204591
2017-02-27,415.247319
2017-02-28,417.119908
2017-03-01,419.155123
2017-03-02,418.074292
2017-03-03,417.532925
2017-03-06,417.522293
2017-03-07,416.445504
2017-03-08,416.071612
2017-03-09,416.159718
2017-03-10,419.915407
2017-03-13,422.406211
2017-03-14,419.639008
2017-03-15,420.666681
2017-03-16,427.846929
2017-03-17,429.331748
2017-03-20,430.388576
2017-03-21,429.116006
2017-03-22,425.693272
2017-03-23,430.255245
2017-03-24,430.355817
2017-03-27,430.556559
2017-03-28,432.458359
2017-03-29,428.522686
2017-03-30,430.755444
2017-03-31,431.025653
2017-04-03,429.096544
2017-04-04,429.747025
2017-04-05,431.507559
2017-04-06,432.392782
2017-04-07,431.606766
2017-04-10,432.763387
2017-04-11,433.436688
2017-04-12,435.750607
2017-04-13,436.344716
2017-04-14,436.344716
2017-04-17,438.293679
2017-04-18,436.771767
2017-04-19,439.873958
2017-04-20,442.111798
2017-04-21,438.390591
2017-04-24,450.814773
2017-04-25,455.799241
2017-04-26,457.077621
2017-04-27,457.817428
2017-04-28,460.080459
2017-05-01,460.691577
2017-05-02,465.313905
2017-05-03,462.663484
2017-05-04,466.033192
2017-05-05,469.451658
2017-05-08,467.564572
2017-05-09,469.117015
2017-05-10,468.764711
2017-05-11,466.423074
2017-05-12,468.562985
2017-05-15,471.399658
2017-05-16,474.677825
2017-05-17,470.461755
2017-05-18,467.248268
2017-05-19,474.254153
2017-05-22,476.996921
2017-05-23,477.878288
2017-05-24,477.712356
2017-05-25,479.433913
2017-05-26,478.026726
2017-05-29,477.407932
2017-05-30,478.138233
2017-05-31,479.902182
2017-06-01,482.219312
2017-06-02,484.919322
2017-06-05,482.969179
2017-06-06,479.426055
2017-06-07,480.256746
2017-06-08,478.517314
2017-06-09,476.683725
2017-06-12,470.736882
2017-06-13,475.946007
2017-06-14,479.938105
2017-06-15,469.396709
2017-06-16,476.141245
2017-06-19,477.70301
2017-06-20,472.742404
2017-06-21,472.838716
2017-06-22,473.435364
2017-06-23,475.108166
2017-06-26,475.221098
2017-06-27,473.82435
2017-06-28,476.500701
2017-06-29,473.954497
2017-06-30,474.775985
2017-07-03,474.502932
2017-07-04,472.656395
2017-07-05,474.060186
2017-07-06,473.557557
2017-07-07,473.697456
2017-07-10,474.873623
2017-07-11,472.867422
2017-07-12,478.1124
2017-07-13,480.675936
2017-07-14,484.575157
2017-07-17,487.44137
2017-07-18,488.838138
2017-07-19,490.337249
2017-07-20,492.702176
2017-07-21,489.797923
2017-07-24,488.835632
2017-07-25,490.481313
2017-07-26,491.581008
2017-07-27,494.879316
2017-07-28,493.147179
2017-07-31,496.026792
2017-08-01,499.381081
2017-08-02,500.158426
2017-08-03,499.812296
2017-08-04,498.215117
2017-08-07,499.762227
2017-08-08,497.600646
2017-08-09,495.166512
2017-08-10,491.656968
2017-08-11,487.205788
2017-08-14,493.025704
2017-08-15,489.492075
2017-08-16,492.952288
2017-08-17,493.201836
2017-08-18,490.458564
2017-08-21,492.230116
2017-08-22,493.157376
2017-08-23,493.096666
2017-08-24,492.318144
2017-08-25,495.210187
2017-08-28,495.654063
2017-08-29,492.916154
2017-08-30,493.297525
2017-08-31,497.14908
2017-09-01,500.171995
2017-09-04,498.529314
2017-09-05,500.553047
2017-09-06,500.824533
2017-09-07,505.802738
2017-09-08,506.966675
2017-09-11,509.757767
2017-09-12,510.82989
2017-09-13,508.543056
2017-09-14,508.554123
2017-09-15,511.440727
2017-09-18,512.619625
2017-09-19,514.154348
2017-09-20,514.645676
2017-09-21,512.152528
2017-09-22,515.042045
2017-09-25,512.078822
2017-09-26,506.69375
2017-09-27,506.714419
2017-09-28,512.282732
2017-09-29,516.703823
2017-10-02,515.092141
2017-10-03,516.954865
2017-10-04,517.239322
2017-10-05,514.995208
2017-10-06,513.307524
2017-10-09,514.149541
2017-10-10,517.701685
2017-10-11,519.339404
2017-10-12,520.464588
2017-10-13,522.470336
2017-10-16,521.028991
2017-10-17,516.232892
2017-10-18,519.22434
2017-10-19,517.123544
2017-10-20,516.206572
2017-10-23,514.792581
2017-10-24,513.776181
2017-10-25,515.288729
2017-10-26,514.741529
2017-10-27,512.074261
2017-10-30,516.316016
2017-10-31,519.757806
2017-11-01,520.873235
2017-11-02,518.561347
2017-11-03,519.366712
2017-11-06,519.339073
2017-11-07,516.548881
2017-11-08,515.002363
2017-11-09,508.620268
2017-11-10,509.672711
2017-11-13,502.969564
2017-11-14,506.107164
2017-11-15,503.806865
2017-11-16,508.935927
2017-11-17,507.646287
2017-11-20,510.719931
2017-11-21,513.555621
2017-11-22,515.684928
2017-11-23,517.75364
2017-11-24,520.704501
2017-11-27,517.736913
2017-11-28,517.462958
2017-11-29,518.597717
2017-11-30,522.156183
2017-12-01,516.893069
2017-12-04,519.079987
2017-12-05,516.980398
2017-12-06,513.131447
2017-12-07,514.615918
2017-12-08,516.816256
2017-12-11,518.408898
2017-12-12,517.784734
2017-12-13,518.350578
2017-12-14,518.712433
2017-12-15,516.332191
2017-12-18,525.095941
2017-12-19,524.855415
2017-12-20,526.406302
2017-12-21,526.777237
2017-12-22,526.58921
2017-12-25,526.58921
2017-12-26,527.261029
2017-12-27,532.254297
2017-12-28,534.635551
2017-12-29,538.560407
2018-01-01,538.560407
2018-01-02,540.534173
2018-01-03,543.096128
2018-01-04,549.111289
2018-01-05,551.910503
2018-01-08,551.561076
2018-01-09,551.770114
2018-01-10,550.794288
2018-01-11,552.150423
2018-01-12,558.66876
2018-01-15,563.708721
2018-01-16,562.624736
2018-01-17,562.201183
2018-01-18,563.128348
2018-01-19,564.84556
2018-01-22,567.927277
2018-01-23,571.617912
2018-01-24,574.145391
2018-01-25,576.909422
2018-01-26,576.106926
2018-01-29,571.061383
2018-01-30,566.604224
2018-01-31,569.594712
2018-02-01,570.136414
2018-02-02,559.939564
2018-02-05,547.731147
2018-02-06,533.281226
2018-02-07,543.393224
2018-02-08,532.825604
2018-02-09,525.893712
2018-02-12,532.595632
2018-02-13,533.751356
2018-02-14,541.740894
2018-02-15,548.285123
2018-02-16,553.351648
2018-02-19,548.866884
2018-02-20,550.292211
2018-02-21,549.709569
2018-02-22,547.316012
2018-02-23,548.294981
2018-02-26,549.372935
2018-02-27,547.227666
2018-02-28,541.597519
2018-03-01,533.81628
2018-03-02,530.324765
2018-03-05,536.293803
2018-03-06,543.754754
2018-03-07,546.068498
2018-03-08,549.182725
2018-03-09,552.057088
2018-03-12,553.749833
2018-03-13,553.097616
2018-03-14,550.238622
2018-03-15,551.478863
2018-03-16,547.63733
2018-03-19,547.099358
2018-03-20,546.602149
2018-03-21,545.797476
2018-03-22,539.347184
2018-03-23,539.280907
2018-03-26,538.360945
2018-03-27,541.864635
2018-03-28,536.809399
2018-03-29,536.779218
2018-03-30,536.779218
2018-04-02,537.361338
2018-04-03,534.170386
2018-04-04,530.530388
2018-04-05,537.796737
2018-04-06,539.170193
2018-04-09,541.040859
2018-04-10,547.323126
2018-04-11,546.67165
2018-04-12,549.588773
2018-04-13,551.56052
2018-04-16,553.081822
2018-04-17,556.135565
2018-04-18,560.119279
2018-04-19,561.247342
2018-04-20,556.210748
2018-04-23,555.943439
2018-04-24,553.751263
2018-04-25,546.798618
2018-04-26,549.468994
2018-04-27,549.258325
2018-04-30,549.09358
2018-05-01,544.782048
2018-05-02,548.484723
2018-05-03,545.781085
2018-05-04,546.194568
2018-05-07,550.037095
2018-05-08,549.87688
2018-05-09,553.442062
2018-05-10,552.742335
2018-05-11,557.598303
2018-05-14,558.279739
2018-05-15,552.77864
2018-05-16,550.50738
2018-05-17,554.165763
2018-05-18,552.270896
2018-05-21,553.57058
2018-05-22,556.588128
2018-05-23,548.125107
2018-05-24,547.98789
2018-05-25,546.749992
2018-05-28,543.68969
2018-05-29,532.320878
2018-05-30,536.664815
2018-05-31,539.350974
2018-06-01,543.788745
2018-06-04,548.013775
2018-06-05,547.238391
2018-06-06,553.724878
2018-06-07,554.576068
2018-06-08,550.426803
2018-06-11,555.840571
2018-06-12,555.286141
2018-06-13,555.608392
2018-06-14,555.185525
2018-06-15,545.965403
2018-06-18,543.572544
2018-06-19,535.931568
2018-06-20,538.739605
2018-06-21,535.275026
2018-06-22,541.163158
2018-06-25,534.957879
2018-06-26,533.659899
2018-06-27,531.409757
2018-06-28,524.430334
2018-06-29,533.456719
2018-07-02,525.386146
2018-07-03,529.616684
2018-07-04,527.963706
2018-07-05,531.675484
2018-07-06,535.453644
2018-07-09,539.51579
2018-07-10,541.73044
2018-07-11,535.486464
2018-07-12,537.256141
2018-07-13,536.545728
2018-07-16,539.239383
2018-07-17,539.218704
2018-07-18,538.581327
2018-07-19,534.746788
2018-07-20,537.550327
2018-07-23,535.832854
2018-07-24,540.119025
2018-07-25,538.411373
2018-07-26,540.227619
2018-07-27,542.024249
2018-07-30,543.085085
2018-07-31,541.749741
2018-08-01,540.234037
2018-08-02,533.080989
2018-08-03,534.304936
2018-08-06,532.585038
2018-08-07,535.10742
2018-08-08,534.721398
2018-08-09,535.81613
2018-08-10,525.940306
2018-08-13,523.546688
2018-08-14,520.502352
2018-08-15,512.009624
2018-08-16,517.368058
2018-08-17,517.255753
2018-08-20,520.629411
2018-08-21,527.498466
2018-08-22,531.315557
2018-08-23,530.473398
2018-08-24,532.741881
2018-08-27,536.901927
2018-08-28,539.399336
2018-08-29,539.595445
2018-08-30,537.956299
2018-08-31,535.823368
2018-09-03,534.025278
2018-09-04,527.730004
2018-09-05,527.483464
2018-09-06,524.629353
2018-09-07,521.788089
2018-09-10,525.411677
2018-09-11,524.115295
2018-09-12,528.968406
2018-09-13,529.282394
2018-09-14,531.28125
2018-09-17,534.200202
2018-09-18,535.449623
2018-09-19,534.215662
2018-09-20,539.103084
2018-09-21,537.8746
2018-09-24,536.679978
2018-09-25,536.968982
2018-09-26,535.329409
2018-09-27,530.762065
2018-09-28,524.836106
2018-10-01,526.392663
2018-10-02,521.79515
2018-10-03,523.023466
2018-10-04,515.737777
2018-10-05,509.47953
2018-10-08,499.737435
2018-10-09,498.64631
2018-10-10,490.327857
2018-10-11,482.668713
2018-10-12,484.418485
2018-10-15,482.092366
2018-10-16,493.703711
2018-10-17,490.671396
2018-10-18,487.145824
2018-10-19,481.80546
2018-10-22,478.099681
2018-10-23,464.980829
2018-10-24,461.472235
2018-10-25,462.827663
2018-10-26,459.135662
2018-10-29,465.849987
2018-10-30,465.165983
2018-10-31,473.096136
2018-11-01,481.382175
2018-11-02,485.468745
2018-11-05,481.389004
2018-11-06,482.61905
2018-11-07,489.117457
2018-11-08,488.203981
2018-11-09,481.4002
2018-11-12,467.630113
2018-11-13,470.87961
2018-11-14,469.142435
2018-11-15,461.088811
2018-11-16,462.222322
2018-11-19,459.808189
2018-11-20,450.956518
2018-11-21,454.928826
2018-11-22,454.855242
2018-11-23,453.769838
2018-11-26,459.158438
2018-11-27,456.121528
2018-11-28,456.760218
2018-11-29,461.502163
2018-11-30,456.574828
2018-12-03,461.714217
2018-12-04,455.121884
2018-12-05,451.965181
2018-12-06,441.010206
2018-12-07,443.043269
2018-12-10,430.46155
2018-12-11,434.060798
2018-12-12,444.543976
2018-12-13,441.372231
2018-12-14,435.625223
2018-12-17,430.031067
2018-12-18,429.397959
2018-12-19,432.623983
2018-12-20,425.210705
2018-12-21,425.507651
2018-12-24,424.413438
2018-12-25,424.413438
2018-12-26,423.557018
2018-12-27,417.380142
2018-12-28,427.741996
2018-12-31,431.374808
2019-01-01,431.374808
2019-01-02,429.654318
2019-01-03,425.996037
2019-01-04,438.757155
2019-01-07,446.270108
2019-01-08,450.780864
2019-01-09,458.121357
2019-01-10,458.934651
2019-01-11,458.763238
2019-01-14,455.623028
2019-01-15,454.246803
2019-01-16,457.729817
2019-01-17,457.787901
2019-01-18,463.581351
2019-01-21,463.920327
2019-01-22,462.562221
2019-01-23,463.387849
2019-01-24,464.262797
2019-01-25,469.45252
2019-01-28,466.952621
2019-01-29,468.783273
2019-01-30,470.189462
2019-01-31,471.944262
2019-02-01,471.122754
2019-02-04,470.906005
2019-02-05,472.975037
2019-02-06,473.808268
2019-02-07,465.980204
2019-02-08,459.946473
2019-02-11,461.706963
2019-02-12,464.989201
2019-02-13,467.574069
2019-02-14,465.786558
2019-02-15,469.601221
2019-02-18,474.588614
2019-02-19,474.242301
2019-02-20,478.232531
2019-02-21,477.585599
2019-02-22,478.475514
2019-02-25,479.717421
2019-02-26,483.41272
2019-02-27,483.768303
2019-02-28,484.168574
2019-03-01,488.357407
2019-03-04,487.870541
2019-03-05,487.097143
2019-03-06,486.594511
2019-03-07,478.040507
2019-03-08,473.082657
2019-03-11,476.599399
2019-03-12,479.6196
2019-03-13,484.367504
2019-03-14,487.781813
2019-03-15,491.611809
2019-03-18,491.647067
2019-03-19,496.386196
2019-03-20,491.90251
2019-03-21,490.405324
2019-03-22,482.444247
2019-03-25,479.488011
2019-03-26,481.766046
2019-03-27,480.470785
2019-03-28,479.716494
2019-03-29,483.890233
2019-04-01,490.773897
2019-04-02,490.667486
2019-04-03,499.91752
2019-04-04,497.231997
2019-04-05,497.669817
2019-04-08,498.29069
2019-04-09,495.699962
2019-04-10,496.799003
2019-04-11,499.542027
2019-04-12,503.817189
2019-04-15,506.64671
2019-04-16,507.712998
2019-04-17,507.097538
2019-04-18,505.254241
2019-04-19,505.254241
2019-04-22,504.994598
2019-04-23,504.626168
2019-04-24,505.280525
2019-04-25,501.370712
2019-04-26,502.536062
2019-04-29,503.538878
2019-04-30,505.299765
2019-05-01,506.326736
2019-05-02,501.342976
2019-05-03,504.124439
2019-05-06,499.698449
2019-05-07,494.452698
2019-05-08,495.10496
2019-05-09,488.014174
2019-05-10,491.413075
2019-05-13,483.07647
2019-05-14,486.841333
2019-05-15,487.607108
2019-05-16,491.478552
2019-05-17,488.532394
2019-05-20,482.767522
2019-05-21,487.688113
2019-05-22,485.715111
2019-05-23,477.859332
2019-05-24,482.360386
2019-05-27,482.025534
2019-05-28,482.341353
2019-05-29,473.572498
2019-05-30,475.179225
2019-05-31,472.917779
2019-06-03,472.520605
2019-06-04,477.362999
2019-06-05,481.223524
2019-06-06,480.535769
2019-06-07,486.579225
2019-06-10,487.099431
2019-06-11,490.69199
2019-06-12,489.460531
2019-06-13,488.391117
2019-06-14,482.960579
2019-06-17,481.699869
2019-06-18,485.379647
2019-06-19,486.810595
2019-06-20,492.41657
2019-06-21,492.261856
2019-06-24,493.046597
2019-06-25,492.417788
2019-06-26,490.792027
2019-06-27,492.176601
2019-06-28,497.39088
2019-07-01,499.288163
2019-07-02,498.119791
2019-07-03,501.822829
2019-07-04,503.438109
2019-07-05,496.738282
2019-07-08,495.459561
2019-07-09,490.939947
2019-07-10,492.643329
2019-07-11,493.491612
2019-07-12,495.482794
2019-07-15,497.026029
2019-07-16,494.733091
2019-07-17,492.412252
2019-07-18,489.711233
2019-07-19,491.61859
2019-07-22,493.273104
2019-07-23,492.978397
2019-07-24,495.095748
2019-07-25,495.282803
2019-07-26,493.545464
2019-07-29,491.500795
2019-07-30,484.866516
2019-07-31,485.550524
2019-08-01,484.236746
2019-08-02,476.719498
2019-08-05,469.20102
2019-08-06,468.797542
2019-08-07,469.776898
2019-08-08,475.394744
2019-08-09,471.1106
2019-08-12,467.98292
2019-08-13,468.586573
2019-08-14,458.945141
2019-08-15,454.827457
2019-08-16,460.915736
2019-08-19,467.465529
2019-08-20,464.86845
2019-08-21,471.264792
2019-08-22,470.661279
2019-08-23,470.036971
2019-08-26,468.360163
2019-08-27,471.086163
2019-08-28,467.068041
2019-08-29,470.554126
2019-08-30,472.118134
2019-09-02,470.133683
2019-09-03,468.856723
2019-09-04,476.495221
2019-09-05,481.538408
2019-09-06,482.551597
2019-09-09,482.968856
2019-09-10,481.558405
2019-09-11,485.317467
2019-09-12,486.55073
2019-09-13,494.266921
2019-09-16,489.04016
2019-09-17,490.257675
2019-09-18,491.668416
2019-09-19,493.347409
2019-09-20,492.080319
2019-09-23,486.162565
2019-09-24,487.037926
2019-09-25,480.628058
2019-09-26,481.479138
2019-09-27,483.619322
2019-09-30,483.892735
2019-10-01,480.320054
2019-10-02,471.411213
2019-10-03,471.53509
2019-10-04,474.713345
2019-10-07,476.812258
2019-10-08,470.149199
2019-10-09,471.276091
2019-10-10,475.694025
2019-10-11,492.271186
2019-10-14,489.94069
2019-10-15,497.854768
2019-10-16,498.041962
2019-10-17,501.777997
2019-10-18,502.042396
2019-10-21,506.302171
2019-10-22,503.778551
2019-10-23,502.791834
2019-10-24,504.427729
2019-10-25,504.730053
2019-10-28,507.518239
2019-10-29,507.452807
2019-10-30,507.415348
2019-10-31,507.536407
2019-11-01,512.002987
2019-11-04,514.963005
2019-11-05,513.110534
2019-11-06,513.371201
2019-11-07,516.135714
2019-11-08,514.037375
2019-11-11,516.505791
2019-11-12,515.861733
2019-11-13,513.968627
2019-11-14,513.510609
2019-11-15,519.001262
2019-11-18,520.611205
2019-11-19,520.279276
2019-11-20,518.533789
2019-11-21,516.088382
2019-11-22,516.419907
2019-11-25,520.842126
2019-11-26,523.706381
2019-11-27,525.312264
2019-11-28,526.495641
2019-11-29,524.624011
2019-12-02,521.040082
2019-12-03,518.951686
2019-12-04,526.775588
2019-12-05,528.886021
2019-12-06,532.204705
2019-12-09,532.253547
2019-12-10,531.66794
2019-12-11,531.584245
2019-12-12,533.809758
2019-12-13,545.122102
2019-12-16,552.511855
2019-12-17,547.94589
2019-12-18,545.379144
2019-12-19,545.412998
2019-12-20,546.878535
2019-12-23,547.917021
2019-12-24,550.208089
2019-12-25,550.208089
2019-12-26,550.948781
2019-12-27,556.663326
2019-12-30,555.388855
2019-12-31,556.747408
2020-01-01,556.747408
2020-01-02,561.405323
2020-01-03,555.756207
2020-01-06,552.86966
2020-01-07,552.773416
2020-01-08,551.233025
2020-01-09,552.317875
2020-01-10,551.46496
2020-01-13,552.081815
2020-01-14,553.028571
2020-01-15,553.925914
2020-01-16,554.952145
2020-01-17,556.586534
2020-01-20,555.959263
2020-01-21,555.584237
2020-01-22,555.591955
2020-01-23,549.290756
2020-01-24,552.351207
2020-01-27,540.283503
2020-01-28,542.117862
2020-01-29,544.689049
2020-01-30,540.933338
2020-01-31,540.203138
2020-02-03,538.593552
2020-02-04,547.025113
2020-02-05,550.68036
2020-02-06,549.876001
2020-02-07,546.242999
2020-02-10,545.613126
2020-02-11,552.783864
2020-02-12,556.843294
2020-02-13,555.564726
2020-02-14,556.953114
2020-02-17,557.48693
2020-02-18,554.52971
2020-02-19,557.51776
2020-02-20,555.817649
2020-02-21,555.610296
2020-02-24,533.510396
2020-02-25,525.422782
2020-02-26,523.549578
2020-02-27,507.464942
2020-02-28,492.355855
2020-03-02,495.918379
2020-03-03,508.722441
2020-03-04,508.1296
2020-03-05,500.552063
2020-03-06,489.964039
2020-03-09,459.850869
2020-03-10,451.690931
2020-03-11,441.407469
2020-03-12,384.959995
2020-03-13,385.975277
2020-03-16,359.587185
2020-03-17,347.713169
2020-03-18,327.960277
2020-03-19,327.769809
2020-03-20,339.241706
2020-03-23,327.098141
2020-03-24,355.020645
2020-03-25,366.694174
2020-03-26,385.120864
2020-03-27,376.727081
2020-03-30,377.508727
2020-03-31,387.147656
2020-04-01,375.536568
2020-04-02,373.394186
2020-04-03,367.003681
2020-04-06,381.086509
2020-04-07,396.233596
2020-04-08,400.96669
2020-04-09,412.361572
2020-04-10,412.361572
2020-04-13,411.621099
2020-04-14,415.364385
2020-04-15,396.544711
2020-04-16,396.306944
2020-04-17,408.568457
2020-04-20,410.004127
2020-04-21,398.067725
2020-04-22,402.074142
2020-04-23,409.63801
2020-04-24,405.350636
2020-04-27,412.205591
2020-04-28,419.303764
2020-04-29,430.609481
2020-04-30,430.412842
2020-05-01,427.68102
2020-05-04,414.375745
2020-05-05,418.915205
2020-05-06,416.512993
2020-05-07,421.657748
2020-05-08,429.730672
2020-05-11,426.857495
2020-05-12,425.844635
2020-05-13,417.074889
2020-05-14,405.318467
2020-05-15,409.025454
2020-05-18,425.370377
2020-05-19,429.929584
2020-05-20,434.501728
2020-05-21,431.386077
2020-05-22,431.255284
2020-05-25,437.672755
2020-05-26,449.437301
2020-05-27,448.212932
2020-05-28,459.632025
2020-05-29,459.646
2020-06-01,465.890754
2020-06-02,475.450632
2020-06-03,488.029177
2020-06-04,491.813233
2020-06-05,501.75329
2020-06-08,499.263407
2020-06-09,491.483337
2020-06-10,487.084943
2020-06-11,468.095034
2020-06-12,464.913328
2020-06-15,467.227028
2020-06-16,478.097006
2020-06-17,480.105844
2020-06-18,476.741318
2020-06-19,475.098185
2020-06-22,474.80332
2020-06-23,483.332804
2020-06-24,469.822183
2020-06-25,467.408734
2020-06-26,465.95634
2020-06-29,469.27137
2020-06-30,470.24249
2020-07-01,473.998467
2020-07-02,479.12846
2020-07-03,478.832923
2020-07-06,487.748986
2020-07-07,484.955437
2020-07-08,482.614209
2020-07-09,477.708711
2020-07-10,482.26481
2020-07-13,488.308453
2020-07-14,483.057717
2020-07-15,492.169055
2020-07-16,491.863136
2020-07-17,491.894711
2020-07-20,497.57097
2020-07-21,503.400985
2020-07-22,506.201422
2020-07-23,506.136029
2020-07-24,499.594582
2020-07-27,504.225955
2020-07-28,504.242039
2020-07-29,506.258915
2020-07-30,498.369984
2020-07-31,500.572742
2020-08-03,504.920474
2020-08-04,506.282024
2020-08-05,518.860419
2020-08-06,515.487867
2020-08-07,516.415474
2020-08-10,517.474575
2020-08-11,525.693178
2020-08-12,529.092254
2020-08-13,530.760146
2020-08-14,524.679282
2020-08-17,527.942088
2020-08-18,527.163691
2020-08-19,527.270965
2020-08-20,521.701638
2020-08-21,519.39231
2020-08-24,525.89457
2020-08-25,524.887323
2020-08-26,532.096756
2020-08-27,528.438751
2020-08-28,533.041362
2020-08-31,535.112437
2020-09-01,533.018982
2020-09-02,532.238865
2020-09-03,524.183312
2020-09-04,517.480841
2020-09-07,528.052342
2020-09-08,521.442945
2020-09-09,526.030288
2020-09-10,525.127233
2020-09-11,522.979493
2020-09-14,527.597695
2020-09-15,529.605827
2020-09-16,533.65324
2020-09-17,532.317872
2020-09-18,531.815842
2020-09-21,507.777812
2020-09-22,506.479284
2020-09-23,507.392812
2020-09-24,500.277989
2020-09-25,502.646565
2020-09-28,514.722413
2020-09-29,516.064714
2020-09-30,521.489327
2020-10-01,523.82324
2020-10-02,523.852705
2020-10-05,532.797914
2020-10-06,535.35411
2020-10-07,532.118459
2020-10-08,535.883172
2020-10-09,542.549657
2020-10-12,546.601696
2020-10-13,538.181802
2020-10-14,540.002678
2020-10-15,528.310365
2020-10-16,531.755129
2020-10-19,534.7494
2020-10-20,534.514845
2020-10-21,531.937711
2020-10-22,528.465679
2020-10-23,530.563582
2020-10-26,518.126556
2020-10-27,514.211334
2020-10-28,495.235589
2020-10-29,491.170991
2020-10-30,495.312371
2020-11-02,498.687745
2020-11-03,512.94491
2020-11-04,522.612909
2020-11-05,533.806519
2020-11-06,534.664737
2020-11-09,551.588863
2020-11-10,555.469743
2020-11-11,558.99636
2020-11-12,558.866853
2020-11-13,560.244812
2020-11-16,572.59211
2020-11-17,573.841932
2020-11-18,578.49031
2020-11-19,571.989444
2020-11-20,576.912007
2020-11-23,577.399413
2020-11-24,583.980853
2020-11-25,584.399944
2020-11-26,583.643179
2020-11-27,589.539653
2020-11-30,585.597382
2020-12-01,596.528367
2020-12-02,595.014206
2020-12-03,603.615571
2020-12-04,606.530504
2020-12-07,601.247126
2020-12-08,601.378695
2020-12-09,602.078682
2020-12-10,597.74055
2020-12-11,592.517185
2020-12-14,599.707777
2020-12-15,605.905484
2020-12-16,612.909817
2020-12-17,622.184814
2020-12-18,618.522179
2020-12-21,605.051893
2020-12-22,610.7759
2020-12-23,622.748096
2020-12-24,626.042731
2020-12-25,626.042731
2020-12-28,628.737812
2020-12-29,637.487348
2020-12-30,638.296042
2020-12-31,634.685095
2021-01-01,634.685095
2021-01-04,637.548727
2021-01-05,640.57568
2021-01-06,646.137413
2021-01-07,650.000109
2021-01-08,653.092338
2021-01-11,640.697072
2021-01-12,645.562051
2021-01-13,645.977957
2021-01-14,650.023838
2021-01-15,639.093909
2021-01-18,642.145405
2021-01-19,644.632312
2021-01-20,649.905524
2021-01-21,653.789486
2021-01-22,648.451279
2021-01-25,637.030819
2021-01-26,643.682042
2021-01-27,631.382315
2021-01-28,637.049724
2021-01-29,632.754366
2021-02-01,637.046891
2021-02-02,643.846061
2021-02-03,647.689523
2021-02-04,648.639296
2021-02-05,655.189091
2021-02-08,659.73277
2021-02-09,660.776282
2021-02-10,660.799368
2021-02-11,664.901088
2021-02-12,666.633044
2021-02-15,676.59163
2021-02-16,676.194852
2021-02-17,664.017784
2021-02-18,657.490486
2021-02-19,667.108889
2021-02-22,665.809688
2021-02-23,662.678069
2021-02-24,666.582439
2021-02-25,671.491052
2021-02-26,656.602671
2021-03-01,665.004653
2021-03-02,664.520249
2021-03-03,667.351715
2021-03-04,659.418656
2021-03-05,645.962696
2021-03-08,653.55385
2021-03-09,664.165815
2021-03-10,664.614314
2021-03-11,674.758218
2021-03-12,671.109415
2021-03-15,670.943197
2021-03-16,677.12037
2021-03-17,671.482719
2021-03-18,674.631374
2021-03-19,669.659221
2021-03-22,671.692745
2021-03-23,664.709873
2021-03-24,663.387718
2021-03-25,657.502439
2021-03-26,666.838351
2021-03-29,663.680154
2021-03-30,666.791595
2021-03-31,668.505422
2021-04-01,677.174245
2021-04-02,677.174245
2021-04-05,679.817361
2021-04-06,688.376411
2021-04-07,690.884513
2021-04-08,693.291698
2021-04-09,693.395566
2021-04-12,690.199497
2021-04-13,696.065934
2021-04-14,699.93506
2021-04-15,703.258525
2021-04-16,709.306968
2021-04-19,711.777861
2021-04-20,700.484034
2021-04-21,699.693487
2021-04-22,707.362809
2021-04-23,709.501302
2021-04-26,718.78921
2021-04-27,717.044976
2021-04-28,717.003617
2021-04-29,716.65022
2021-04-30,710.175759
2021-05-03,716.153695
2021-05-04,702.276159
2021-05-05,709.781486
2021-05-06,709.378212
2021-05-07,724.064425
2021-05-10,726.991092
2021-05-11,711.674957
2021-05-12,705.001258
2021-05-13,702.893923
2021-05-14,713.797284
2021-05-17,713.904756
2021-05-18,723.522923
2021-05-19,714.100584
2021-05-20,721.840115
2021-05-21,723.378446
2021-05-24,726.238301
2021-05-25,728.163947
2021-05-26,728.378396
2021-05-27,731.573604
2021-05-28,734.017327
2021-05-31,736.256559
2021-06-01,743.116236
2021-06-02,741.03658
2021-06-03,734.865263
2021-06-04,741.251414
2021-06-07,742.432551
2021-06-08,743.009224
2021-06-09,740.358855
2021-06-10,737.790259
2021-06-11,738.766599
2021-06-14,741.825391
2021-06-15,737.312754
2021-06-16,736.588048
2021-06-17,721.738734
2021-06-18,706.542031
2021-06-21,712.851035
2021-06-22,715.621382
2021-06-23,715.56457
2021-06-24,716.528661
2021-06-25,721.489339
2021-06-28,715.904993
2021-06-29,717.612967
2021-06-30,710.266249
2021-07-01,716.797333
2021-07-02,720.018085
2021-07-05,726.506039
2021-07-06,722.056472
2021-07-07,723.218841
2021-07-08,714.031618
2021-07-09,723.468194
2021-07-12,728.57548
2021-07-13,726.043913
2021-07-14,723.060492
2021-07-15,714.975049
2021-07-16,712.243866
2021-07-19,693.530589
2021-07-20,694.857614
2021-07-21,711.024403
2021-07-22,719.599504
2021-07-23,724.019265
2021-07-26,729.571121
2021-07-27,728.227904
2021-07-28,732.258519
2021-07-29,740.550084
2021-07-30,736.383967
2021-08-02,743.687991
2021-08-03,742.161527
2021-08-04,745.081038
2021-08-05,748.631924
2021-08-06,742.005218
2021-08-09,740.482278
2021-08-10,742.846623
2021-08-11,747.605185
2021-08-12,747.080441
2021-08-13,752.014496
2021-08-16,748.077852
2021-08-17,741.268061
2021-08-18,747.101545
2021-08-19,734.207257
2021-08-20,735.870171
2021-08-23,745.209441
2021-08-24,747.850284
2021-08-25,750.130786
2021-08-26,749.546197
2021-08-27,756.218657
2021-08-30,759.204844
2021-08-31,758.504074
2021-09-01,764.891501
2021-09-02,771.282478
2021-09-03,769.722396
2021-09-06,770.055946
2021-09-07,765.19933
2021-09-08,752.044634
2021-09-09,756.536528
2021-09-10,754.29615
2021-09-13,752.816265
2021-09-14,752.090165
2021-09-15,744.398956
2021-09-16,745.103999
2021-09-17,740.703439
2021-09-20,725.420624
2021-09-21,730.318096
2021-09-22,739.155792
2021-09-23,749.355927
2021-09-24,739.47813
2021-09-27,736.235089
2021-09-28,714.281196
2021-09-29,710.353507
2021-09-30,711.5848
2021-10-01,710.996039
2021-10-04,705.84222
2021-10-05,710.352362
2021-10-06,697.23798
2021-10-07,706.709719
2021-10-08,705.650845
2021-10-11,703.522826
2021-10-12,705.634506
2021-10-13,715.255282
2021-10-14,725.551395
2021-10-15,733.005654
2021-10-18,731.035922
2021-10-19,737.062134
2021-10-20,738.399322
2021-10-21,739.062761
2021-10-22,740.803971
2021-10-25,737.865575
2021-10-26,741.530029
2021-10-27,738.458539
2021-10-28,745.191661
2021-10-29,735.691237
2021-11-01,742.653549
2021-11-02,738.49434
2021-11-03,741.681542
2021-11-04,746.189984
2021-11-05,746.619966
2021-11-08,750.793414
2021-11-09,748.691815
2021-11-10,743.712631
2021-11-11,741.882623
2021-11-12,742.339631
2021-11-15,743.747795
2021-11-16,738.824603
2021-11-17,735.89015
2021-11-18,735.445884
2021-11-19,731.945938
2021-11-22,725.329233
2021-11-23,713.000031
2021-11-24,707.279988
2021-11-25,713.192899
2021-11-26,695.956478
2021-11-29,699.238942
2021-11-30,692.712849
2021-12-01,707.024032
2021-12-02,697.650067
2021-12-03,688.167359
2021-12-06,692.687924
2021-12-07,708.650689
2021-12-08,709.316553
2021-12-09,705.004558
2021-12-10,701.899299
2021-12-13,693.993719
2021-12-14,686.445955
2021-12-15,686.232744
2021-12-16,696.089301
2021-12-17,693.405487
2021-12-20,685.028053
2021-12-21,693.14585
2021-12-22,706.77817
2021-12-23,713.581719
2021-12-24,714.81059
2021-12-27,719.526398
2021-12-28,722.033628
2021-12-29,728.490277
2021-12-30,728.755972
2021-12-31,730.4319
2022-01-03,729.038239
2022-01-04,734.35989
2022-01-05,736.118444
2022-01-06,724.107187
2022-01-07,721.408226
2022-01-10,704.33057
2022-01-11,711.521747
2022-01-12,722.556739
2022-01-13,724.506643
2022-01-14,712.296109
2022-01-17,714.433069
2022-01-18,700.379129
2022-01-19,702.063967
2022-01-20,706.519848
2022-01-21,688.613226
2022-01-24,655.477377
2022-01-25,658.897348
2022-01-26,671.493855
2022-01-27,665.149391
2022-01-28,660.806861
2022-01-31,671.424501
2022-02-01,683.196061
2022-02-02,691.14255
2022-02-03,684.757767
2022-02-04,674.613172
2022-02-07,676.360102
2022-02-08,673.237302
2022-02-09,688.199517
2022-02-10,688.841471
2022-02-11,681.534836
2022-02-14,660.714185
2022-02-15,675.172891
2022-02-16,675.91014
2022-02-17,667.893314
2022-02-18,658.806203
2022-02-21,647.486965
2022-02-22,647.879915
2022-02-23,643.191821
2022-02-24,613.713797
2022-02-25,641.277608
2022-02-28,646.269747
2022-03-01,623.501016
2022-03-02,624.231971
2022-03-03,608.632515
2022-03-04,579.119305
2022-03-07,567.76401
2022-03-08,569.948465
2022-03-09,603.468539
2022-03-10,598.025096
2022-03-11,605.163421
2022-03-14,615.074454
2022-03-15,607.130471
2022-03-16,630.4624
2022-03-17,639.58815
2022-03-18,642.933452
2022-03-21,643.79386
2022-03-22,648.084707
2022-03-23,639.889605
2022-03-24,634.844902
2022-03-25,635.207274
2022-03-28,634.701291
2022-03-29,655.041258
2022-03-30,652.859305
2022-03-31,644.745814
2022-04-01,643.850202
2022-04-04,647.715666
2022-04-05,644.322305
2022-04-06,630.338102
2022-04-07,628.761863
2022-04-08,632.459193
2022-04-11,629.916158
2022-04-12,629.189379
2022-04-13,627.724835
2022-04-14,628.974865
2022-04-15,628.974865
2022-04-18,628.567878
2022-04-19,626.543969
2022-04-20,635.162907
2022-04-21,639.643583
2022-04-22,623.714604
2022-04-25,607.781908
2022-04-26,597.082545
2022-04-27,590.173774
2022-04-28,593.388975
2022-04-29,599.683335
2022-05-02,590.202458
2022-05-03,591.054216
2022-05-04,584.398186
2022-05-05,576.195073
2022-05-06,567.998973
2022-05-09,545.239883
2022-05-10,547.862317
2022-05-11,558.401768
2022-05-12,547.801628
2022-05-13,559.896014
2022-05-16,562.016575
2022-05-17,576.589608
2022-05-18,570.107965
2022-05-19,570.177937
2022-05-20,572.672429
2022-05-23,585.833259
2022-05-24,579.249349
2022-05-25,580.182404
2022-05-26,588.015825
2022-05-27,596.951101
2022-05-30,605.955557
2022-05-31,598.618241
2022-06-01,590.577752
2022-06-02,596.391958
2022-06-03,594.547177
2022-06-06,599.729221
2022-06-07,597.026732
2022-06-08,595.319468
2022-06-09,582.729151
2022-06-10,558.75383
2022-06-13,532.846815
2022-06-14,523.842276
2022-06-15,532.466963
2022-06-16,520.291662
2022-06-17,524.932218
2022-06-20,533.040647
2022-06-21,535.070207
2022-06-22,532.254871
2022-06-23,522.360597
2022-06-24,532.539863
2022-06-27,540.52897
2022-06-28,537.503489
2022-06-29,525.746017
2022-06-30,515.291691
2022-07-01,511.631217
2022-07-04,512.188785
2022-07-05,495.500535
2022-07-06,502.119244
2022-07-07,514.21278
2022-07-08,519.092194
2022-07-11,509.736453
2022-07-12,508.733958
2022-07-13,506.65821
2022-07-14,492.748483
2022-07-15,505.089502
2022-07-18,518.938535
2022-07-19,528.26855
2022-07-20,528.662453
2022-07-21,532.267685
2022-07-22,538.869873
2022-07-25,536.861032
2022-07-26,527.992504
2022-07-27,530.678158
2022-07-28,540.488411
2022-07-29,552.012212
2022-08-01,554.368025
2022-08-02,544.896007
2022-08-03,548.368777
2022-08-04,554.691373
2022-08-05,546.71871
2022-08-08,552.971623
2022-08-09,546.151571
2022-08-10,564.944552
2022-08-11,566.1978
2022-08-12,562.097342
2022-08-15,558.430074
2022-08-16,557.749194
2022-08-17,547.46224
2022-08-18,548.241484
2022-08-19,533.552177
2022-08-22,519.765207
2022-08-23,520.185169
2022-08-24,520.962087
2022-08-25,520.981275
2022-08-26,513.436017
2022-08-29,507.458688
2022-08-30,505.679552
2022-08-31,506.691825
2022-09-01,487.916999
2022-09-02,501.190444
2022-09-05,489.970411
2022-09-06,491.933035
2022-09-07,491.69152
2022-09-08,494.959365
2022-09-09,509.197549
2022-09-12,522.540777
2022-09-13,505.334045
2022-09-14,498.339522
2022-09-15,495.034483
2022-09-16,488.893275
2022-09-19,486.627015
2022-09-20,477.369739
2022-09-21,476.578685
2022-09-22,462.851415
2022-09-23,443.888427
2022-09-26,437.065266
2022-09-27,431.777748
2022-09-28,431.605437
2022-09-29,426.902767
2022-09-30,439.641418
2022-10-03,446.41258
2022-10-04,465.936177
2022-10-05,452.436515
2022-10-06,451.813049
2022-10-07,441.397344
2022-10-10,435.041829
2022-10-11,432.817657
2022-10-12,426.879065
2022-10-13,435.681416
2022-10-14,440.867044
2022-10-17,454.981167
2022-10-18,458.856152
2022-10-19,449.475772
2022-10-20,454.713315
2022-10-21,447.807829
2022-10-24,458.400628
2022-10-25,473.223158
2022-10-26,483.387344
2022-10-27,481.564937
2022-10-28,476.915706
2022-10-31,474.664254
2022-11-01,479.009258
2022-11-02,477.459528
2022-11-03,465.508881
2022-11-04,479.170472
2022-11-07,491.072465
2022-11-08,500.037704
2022-11-09,494.887618
2022-11-10,520.424117
2022-11-11,533.777958
2022-11-14,531.918824
2022-11-15,533.634467
2022-11-16,524.388348
2022-11-17,518.246759
2022-11-18,526.392392
2022-11-21,520.185303
2022-11-22,525.595996
2022-11-23,535.093707
2022-11-24,541.206853
2022-11-25,539.706452
2022-11-28,532.448746
2022-11-29,528.380545
2022-11-30,525.772538
2022-12-01,544.356432
2022-12-02,544.520502
2022-12-05,545.206069
2022-12-06,536.989406
2022-12-07,532.077349
2022-12-08,533.074262
2022-12-09,538.964015
2022-12-12,534.741799
2022-12-13,549.483237
2022-12-14,549.305448
2022-12-15,535.837321
2022-12-16,526.180613
2022-12-19,524.91741
2022-12-20,524.394772
2022-12-21,533.13313
2022-12-22,527.084913
2022-12-23,530.266298
2022-12-26,530.266298
2022-12-27,531.615546
2022-12-28,529.533133
2022-12-29,537.078507
2022-12-30,531.25272
2023-01-02,536.957636
2023-01-03,537.781594
2023-01-04,545.881932
2023-01-05,541.050486
2023-01-06,550.834102
2023-01-09,564.379117
2023-01-10,558.859657
2023-01-11,562.485192
2023-01-12,570.361016
2023-01-13,574.900573
2023-01-16,578.788628
2023-01-17,579.274234
2023-01-18,584.346191
2023-01-19,571.39096
2023-01-20,577.98201
2023-01-23,584.657831
2023-01-24,584.077614
2023-01-25,580.944427
2023-01-26,583.531615
2023-01-27,587.588713
2023-01-30,584.517021
2023-01-31,580.88156
2023-02-01,587.983535
2023-02-02,604.572687
2023-02-03,597.764772
2023-02-06,585.115005
2023-02-07,581.730487
2023-02-08,586.813364
2023-02-09,592.294395
2023-02-10,579.886461
2023-02-13,586.021575
2023-02-14,586.89668
2023-02-15,586.018895
2023-02-16,587.558924
2023-02-17,584.938775
2023-02-20,586.911295
2023-02-21,583.910711
2023-02-22,575.319416
2023-02-23,577.396902
2023-02-24,570.279126
2023-02-27,581.213322
2023-02-28,582.838268
2023-03-01,581.653319
2023-03-02,578.800433
2023-03-03,583.978975
2023-03-06,588.735748
2023-03-07,577.088338
2023-03-08,575.55786
2023-03-09,573.357594
2023-03-10,570.487866
2023-03-13,556.541687
2023-03-14,566.683883
2023-03-15,539.003289
2023-03-16,548.263218
2023-03-17,541.329495
2023-03-20,549.121613
2023-03-21,559.213109
2023-03-22,556.891615
2023-03-23,562.997503
2023-03-24,545.479938
2023-03-27,550.361444
2023-03-28,549.987736
2023-03-29,557.914115
2023-03-30,572.262637
2023-03-31,572.558972
2023-04-03,572.103683
2023-04-04,576.511514
2023-04-05,564.537597
2023-04-06,568.972703
2023-04-07,568.972703
2023-04-10,564.502434
2023-04-11,574.369294
2023-04-12,577.753971
2023-04-13,584.908092
2023-04-14,587.592657
2023-04-17,585.292254
2023-04-18,588.490095
2023-04-19,585.800706
2023-04-20,583.51947
2023-04-21,583.564368
2023-04-24,586.709694
2023-04-25,579.236303
2023-04-26,581.627383
2023-04-27,583.710396
2023-04-28,591.111941
2023-05-01,588.256602
2023-05-02,580.940667
2023-05-03,584.938804
2023-05-04,580.811337
2023-05-05,589.602755
2023-05-08,591.483406
2023-05-09,585.337457
2023-05-10,585.591586
2023-05-11,582.432193
2023-05-12,580.460759
2023-05-15,583.919522
2023-05-16,581.461224
2023-05-17,577.316742
2023-05-18,575.900152
2023-05-19,580.58836
2023-05-22,580.783486
2023-05-23,578.551759
2023-05-24,564.866897
2023-05-25,561.022433
2023-05-26,563.809336
2023-05-29,563.127517
2023-05-30,562.662037
2023-05-31,556.249119
2023-06-01,564.523191
2023-06-02,575.667322
2023-06-05,571.603934
2023-06-06,572.046459
2023-06-07,573.380631
2023-06-08,576.581855
2023-06-09,576.81827
2023-06-12,578.318498
2023-06-13,584.593395
2023-06-14,589.605279
2023-06-15,588.923398
2023-06-16,591.079829
2023-06-19,582.975481
2023-06-20,576.195166
2023-06-21,574.510924
2023-06-22,570.95599
2023-06-23,562.565979
2023-06-26,561.785248
2023-06-27,562.456228
2023-06-28,566.21282
2023-06-29,566.225494
2023-06-30,573.98399
2023-07-03,574.083345
2023-07-04,576.953772
2023-07-05,570.046089
2023-07-06,557.11995
2023-07-07,567.760728
2023-07-10,569.131948
2023-07-11,575.396425
2023-07-12,593.965779
2023-07-13,600.921483
2023-07-14,599.442577
2023-07-17,593.852599
2023-07-18,599.993189
2023-07-19,604.484567
2023-07-20,600.537802
2023-07-21,597.862793
2023-07-24,596.878841
2023-07-25,599.309278
2023-07-26,599.401958
2023-07-27,600.230084
2023-07-28,598.872727
2023-07-31,599.533983
2023-08-01,593.193357
2023-08-02,582.308273
2023-08-03,581.73322
2023-08-04,589.909834
2023-08-07,587.562006
2023-08-08,580.749234
2023-08-09,585.16001
2023-08-10,589.867327
2023-08-11,581.617137
2023-08-14,578.856638
2023-08-15,577.017372
2023-08-16,574.056425
2023-08-17,567.240612
2023-08-18,560.132092
2023-08-21,557.976968
2023-08-22,560.893702
2023-08-23,562.088231
2023-08-24,558.702766
2023-08-25,554.569561
2023-08-28,560.745982
2023-08-29,568.900411
2023-08-30,574.733296
2023-08-31,572.909998
2023-09-01,569.267266
2023-09-04,568.194866
2023-09-05,562.597614
2023-09-06,559.067261
2023-09-07,554.56732
2023-09-08,556.135002
2023-09-11,560.413792
2023-09-12,555.984961
2023-09-13,555.622858
2023-09-14,559.449274
2023-09-15,557.803897
2023-09-18,550.204124
2023-09-19,551.180068
2023-09-20,559.536633
2023-09-21,549.729576
2023-09-22,548.294131
2023-09-25,539.814194
2023-09-26,534.395735
2023-09-27,530.709625
2023-09-28,534.467473
2023-09-29,541.519188
2023-10-02,530.276901
2023-10-03,518.873408
2023-10-04,516.497834
2023-10-05,521.473358
2023-10-06,525.856427
2023-10-09,522.721034
2023-10-10,536.418444
2023-10-11,537.217743
2023-10-12,532.841111
2023-10-13,520.873789
2023-10-16,524.912016
2023-10-17,525.566034
2023-10-18,516.322088
2023-10-19,511.681609
2023-10-20,506.190711
2023-10-23,506.618756
2023-10-24,506.846855
2023-10-25,500.158174
2023-10-26,498.040991
2023-10-27,500.409801
2023-10-30,505.086528
2023-10-31,508.774259
2023-11-01,509.530277
2023-11-02,525.849821
2023-11-03,539.285555
2023-11-06,535.025295
2023-11-07,530.832155
2023-11-08,533.900332
2023-11-09,542.122375
2023-11-10,533.721789
2023-11-13,537.798064
2023-11-14,562.934435
2023-11-15,567.253787
2023-11-16,559.062811
2023-11-17,566.473938
2023-11-20,571.646349
2023-11-21,565.535285
2023-11-22,565.150597
2023-11-23,568.511149
2023-11-24,572.367086
2023-11-27,570.984098
2023-11-28,572.632533
2023-11-29,577.642536
2023-11-30,572.333291
2023-12-01,574.970069
2023-12-04,569.96176
2023-12-05,574.124927
2023-12-06,577.760326
2023-12-07,576.066083
2023-12-08,578.813886
2023-12-11,578.918989
2023-12-12,576.979765
2023-12-13,576.482363
2023-12-14,605.888427
2023-12-15,602.741713
2023-12-18,601.141985
2023-12-19,609.637306
2023-12-20,612.998315
2023-12-21,612.382539
2023-12-22,616.512178
2023-12-25,616.512178
2023-12-26,616.62576
2023-12-27,624.63835
2023-12-28,623.687069
2023-12-29,619.909041
2024-01-01,619.909041
2024-01-02,610.723609
2024-01-03,598.343205
2024-01-04,605.38548
2024-01-05,603.309183
2024-01-08,608.261217
2024-01-09,603.57428
2024-01-10,604.306171
2024-01-11,597.418598
2024-01-12,605.774862
2024-01-15,600.025022
2024-01-16,593.13344
2024-01-17,583.27583
2024-01-18,587.157037
2024-01-19,584.824016
2024-01-22,592.329663
2024-01-23,589.492341
2024-01-24,599.942133
2024-01-25,598.121845
2024-01-26,604.202895
2024-01-29,599.655871
2024-01-30,601.529649
2024-01-31,604.371674
2024-02-01,597.954336
2024-02-02,594.600207
2024-02-05,585.803452
2024-02-06,591.796501
2024-02-07,591.362132
2024-02-08,593.568999
2024-02-09,593.959815
2024-02-12,599.687535
2024-02-13,588.722016
2024-02-14,592.129462
2024-02-15,598.430517
2024-02-16,602.306882
2024-02-19,601.138943
2024-02-20,600.162979
2024-02-21,599.18835
2024-02-22,604.605831
2024-02-23,604.732336
2024-02-26,605.075395
2024-02-27,606.86974
2024-02-28,602.715808
2024-02-29,602.370978
2024-03-01,609.322173
2024-03-04,607.654208
2024-03-05,606.742455
2024-03-06,612.866505
2024-03-07,618.739238
2024-03-08,622.251731
2024-03-11,616.921753
2024-03-12,621.063057
2024-03-13,622.639831
2024-03-14,617.819107
2024-03-15,617.843982
2024-03-18,616.414536
2024-03-19,616.317092
2024-03-20,616.269108
2024-03-21,622.995588
2024-03-22,620.439667
2024-03-25,621.589311
2024-03-26,624.589152
2024-03-27,626.810545
2024-03-28,627.199139
2024-03-29,627.199139
2024-04-01,623.394757
2024-04-02,619.487617
2024-04-03,625.711952
2024-04-04,631.007325
2024-04-05,623.497437
2024-04-08,630.260151
2024-04-09,626.988556
2024-04-10,620.411009
2024-04-11,616.558346
2024-04-12,609.298779
2024-04-15,608.786955
2024-04-16,598.552463
2024-04-17,599.131522
2024-04-18,603.183053
2024-04-19,600.863174
2024-04-22,602.074851
2024-04-23,612.177683
2024-04-24,609.149831
2024-04-25,604.763654
2024-04-26,610.831664
2024-04-29,620.314341
2024-04-30,615.870921
2024-05-01,614.615448
2024-05-02,616.843086
2024-05-03,625.492083
2024-05-06,629.59017
2024-05-07,635.444237
2024-05-08,635.315092
2024-05-09,637.972911
2024-05-10,641.432251
2024-05-13,643.9547
2024-05-14,649.543176
2024-05-15,657.023213
2024-05-16,659.236551
2024-05-17,659.138394
2024-05-20,661.689188
2024-05-21,659.409848
2024-05-22,657.564677
2024-05-23,656.869653
2024-05-24,659.899118
2024-05-27,663.822947
2024-05-28,662.961156
2024-05-29,650.219684
2024-05-30,658.500557
2024-05-31,661.7863
2024-06-03,666.23943
2024-06-04,660.410999
2024-06-05,660.581211
2024-06-06,662.716004
2024-06-07,654.915812
2024-06-10,650.564615
2024-06-11,642.699721
2024-06-12,659.670938
2024-06-13,642.86803
2024-06-14,629.605792
2024-06-17,632.630108
2024-06-18,639.987202
2024-06-19,638.84137
2024-06-20,643.318118
2024-06-21,636.440712
2024-06-24,645.405393
2024-06-25,636.642474
2024-06-26,630.548159
2024-06-27,633.701904
2024-06-28,631.503319
2024-07-01,633.976259
2024-07-02,633.666553
2024-07-03,645.554895
2024-07-04,648.795956
2024-07-05,652.690909
2024-07-08,653.618848
2024-07-09,646.127887
2024-07-10,652.252945
2024-07-11,663.071805
2024-07-12,668.80646
2024-07-15,664.223477
2024-07-16,663.874885
2024-07-17,665.812885
2024-07-18,667.813032
2024-07-19,658.66324
2024-07-22,663.669569
2024-07-23,660.232718
2024-07-24,658.043411
2024-07-25,652.702857
2024-07-26,659.226688
2024-07-29,656.049635
2024-07-30,660.445232
2024-07-31,664.745285
2024-08-01,655.436987
2024-08-02,642.472619
2024-08-05,626.625355
2024-08-06,627.684937
2024-08-07,638.103854
2024-08-08,634.251739
2024-08-09,639.487695
2024-08-12,640.792327
2024-08-13,644.016418
2024-08-14,652.204437
2024-08-15,655.301769
2024-08-16,656.585993
2024-08-19,665.701967
2024-08-20,664.279387
2024-08-21,668.984175
2024-08-22,669.260915
2024-08-23,678.851825
2024-08-26,678.368724
2024-08-27,677.613113
2024-08-28,675.662196
2024-08-29,674.122513
2024-08-30,677.799144
2024-09-02,675.781972
2024-09-03,664.442854
2024-09-04,665.402173
2024-09-05,663.929183
2024-09-06,657.493618
2024-09-09,656.797396
2024-09-10,655.325901
2024-09-11,651.183471
2024-09-12,659.016268
2024-09-13,670.126079
2024-09-16,670.958336
2024-09-17,674.451899
2024-09-18,672.647842
2024-09-19,684.988481
2024-09-20,675.559405
2024-09-23,677.038806
2024-09-24,678.297256
2024-09-25,678.658924
2024-09-26,689.289852
2024-09-27,694.268515
2024-09-30,686.570111
2024-10-01,676.501526
2024-10-02,672.012591
2024-10-03,664.562277
2024-10-04,668.50452
2024-10-07,665.97772
2024-10-08,660.492252
2024-10-09,663.838828
2024-10-10,658.952848
2024-10-11,663.553498
2024-10-14,662.071015
2024-10-15,663.57715
2024-10-16,661.14853
2024-10-17,661.266747
2024-10-18,663.714715
2024-10-21,655.872857
2024-10-22,654.924215
2024-10-23,649.358007
2024-10-24,649.803236
2024-10-25,651.495032
2024-10-28,653.926487
2024-10-29,648.78433
2024-10-30,647.300844
2024-10-31,637.593305
2024-11-01,641.425983
2024-11-04,642.229471
2024-11-05,642.899686
2024-11-06,631.566669
2024-11-07,644.963018
2024-11-08,638.14436
2024-11-11,638.609959
2024-11-12,624.011427
2024-11-13,619.795011
2024-11-14,625.734838
2024-11-15,620.042194
2024-11-18,619.369658
2024-11-19,617.764178
2024-11-20,611.553913
2024-11-21,612.051839
2024-11-22,614.116632
2024-11-25,622.161635
2024-11-26,615.696999
2024-11-27,622.995822
2024-11-28,625.817685
2024-11-29,627.903646
2024-12-02,622.663995
2024-12-03,626.949338
2024-12-04,634.215234
2024-12-05,637.984635
2024-12-06,639.260618
2024-12-09,641.511257
2024-12-10,635.702795
2024-12-11,636.54881
2024-12-12,632.917032
2024-12-13,629.460097
2024-12-16,627.777113
2024-12-17,620.925911
2024-12-18,622.208219
2024-12-19,607.811508
2024-12-20,609.240752
2024-12-23,608.926242
2024-12-24,610.71697
2024-12-25,610.71697
2024-12-26,611.08121
2024-12-27,615.859783
2024-12-30,611.250712
2024-12-31,613.963513
2025-01-01,613.963513
2025-01-02,612.731126
2025-01-03,611.578054
2025-01-06,620.490835
2025-01-07,616.818197
2025-01-08,604.840197
2025-01-09,605.426764
2025-01-10,596.609486
2025-01-13,588.615389
2025-01-14,593.835963
2025-01-15,608.35858
2025-01-16,611.027617
2025-01-17,615.661569
2025-01-20,621.136226
2025-01-21,625.580558
2025-01-22,626.992293
2025-01-23,627.217631
2025-01-24,634.317836
2025-01-27,632.191293
2025-01-28,632.625772
2025-01-29,633.058095
2025-01-30,641.879603
2025-01-31,641.104135
2025-02-03,629.903393
2025-02-04,635.381965
2025-02-05,640.28758
2025-02-06,643.241198
2025-02-07,638.576839
2025-02-10,641.828513
2025-02-11,642.864742
2025-02-12,643.602555
2025-02-13,654.027597
2025-02-14,659.271665
2025-02-17,660.176714
2025-02-18,660.585133
2025-02-19,650.36303
2025-02-20,651.910823
2025-02-21,653.222535
2025-02-24,652.963763
2025-02-25,653.332926
2025-02-26,660.010624
2025-02-27,650.048363
2025-02-28,645.252789
2025-03-03,654.971321
2025-03-04,639.768966
2025-03-05,664.699925
2025-03-06,672.239012
2025-03-07,673.103545
2025-03-10,662.04124
2025-03-11,659.655397
2025-03-12,664.950391
2025-03-13,657.259178
2025-03-14,669.554202
2025-03-17,678.530925
2025-03-18,683.989501
2025-03-19,682.161752
2025-03-20,677.548016
2025-03-21,669.614893
2025-03-24,669.089672
2025-03-25,673.750151
2025-03-26,670.010623
2025-03-27,667.530774
2025-03-28,663.255308
2025-03-31,648.890318
2025-04-01,655.769375
2025-04-02,656.290113
2025-04-03,655.534933
2025-04-04,611.921669
2025-04-07,586.935336
2025-04-08,604.658198
2025-04-09,590.292378
2025-04-10,621.225563
2025-04-11,629.969847
2025-04-14,651.398147
