Date,Value
1998-12-31,80.233904
1999-01-01,80.232997
1999-01-04,80.591554
1999-01-05,80.785774
1999-01-06,81.712806
1999-01-07,81.871486
1999-01-08,81.843307
1999-01-11,82.249444
1999-01-12,81.333797
1999-01-13,80.439104
1999-01-14,80.235017
1999-01-15,80.413179
1999-01-18,80.694992
1999-01-19,81.129322
1999-01-20,81.156903
1999-01-21,80.630309
1999-01-22,79.942604
1999-01-25,79.941
1999-01-26,80.519871
1999-01-27,80.045652
1999-01-28,79.888093
1999-01-29,80.329786
1999-02-01,80.525115
1999-02-02,80.783407
1999-02-03,80.851656
1999-02-04,80.612222
1999-02-05,80.033634
1999-02-08,79.868199
1999-02-09,78.993379
1999-02-10,78.298392
1999-02-11,79.018921
1999-02-12,78.519593
1999-02-15,78.326089
1999-02-16,77.777216
1999-02-17,76.946465
1999-02-18,76.760751
1999-02-19,76.618547
1999-02-22,77.150694
1999-02-23,77.276594
1999-02-24,76.925395
1999-02-25,76.870905
1999-02-26,76.762411
1999-03-01,76.672398
1999-03-02,76.36731
1999-03-03,76.163414
1999-03-04,76.01794
1999-03-05,77.182442
1999-03-08,77.25157
1999-03-09,77.312447
1999-03-10,78.090106
1999-03-11,78.173059
1999-03-12,78.683544
1999-03-15,79.053488
1999-03-16,79.362172
1999-03-17,79.530792
1999-03-18,79.327074
1999-03-19,79.516272
1999-03-22,79.119486
1999-03-23,78.428826
1999-03-24,78.377018
1999-03-25,79.178103
1999-03-26,78.865859
1999-03-29,79.487386
1999-03-30,79.409606
1999-03-31,79.721626
1999-04-01,80.032761
1999-04-02,79.987512
1999-04-05,80.212268
1999-04-06,80.061191
1999-04-07,80.173809
1999-04-08,80.679652
1999-04-09,81.119222
1999-04-12,81.534336
1999-04-13,81.857503
1999-04-14,82.563235
1999-04-15,82.778051
1999-04-16,83.803113
1999-04-19,83.697967
1999-04-20,83.290415
1999-04-21,83.500912
1999-04-22,84.023542
1999-04-23,84.648413
1999-04-26,84.928488
1999-04-27,85.28347
1999-04-28,85.43363
1999-04-29,85.592184
1999-04-30,85.910154
1999-05-03,86.213877
1999-05-04,86.390983
1999-05-05,86.485185
1999-05-06,87.451263
1999-05-07,87.41976
1999-05-10,88.087618
1999-05-11,88.129803
1999-05-12,88.068722
1999-05-13,87.916359
1999-05-14,87.479482
1999-05-17,86.345814
1999-05-18,86.413247
1999-05-19,86.165189
1999-05-20,86.487493
1999-05-21,86.528008
1999-05-24,86.128502
1999-05-25,85.522108
1999-05-26,85.184548
1999-05-27,84.937044
1999-05-28,85.128521
1999-05-31,84.950874
1999-06-01,85.475079
1999-06-02,85.365623
1999-06-03,85.385341
1999-06-04,85.849769
1999-06-07,86.543586
1999-06-08,86.94618
1999-06-09,87.403438
1999-06-10,87.670442
1999-06-11,87.807876
1999-06-14,87.183607
1999-06-15,87.086891
1999-06-16,87.455069
1999-06-17,88.157121
1999-06-18,88.377879
1999-06-21,88.84338
1999-06-22,88.967633
1999-06-23,88.922441
1999-06-24,88.570271
1999-06-25,88.784913
1999-06-28,89.162595
1999-06-29,89.591945
1999-06-30,89.85842
1999-07-01,90.628699
1999-07-02,91.00194
1999-07-05,91.18586
1999-07-06,91.251373
1999-07-07,90.6898
1999-07-08,90.511187
1999-07-09,91.028398
1999-07-12,91.32259
1999-07-13,91.277972
1999-07-14,91.906533
1999-07-15,92.760614
1999-07-16,92.349975
1999-07-19,92.223397
1999-07-20,92.071279
1999-07-21,92.117943
1999-07-22,91.569947
1999-07-23,90.984337
1999-07-26,90.817975
1999-07-27,90.762289
1999-07-28,91.300822
1999-07-29,91.665155
1999-07-30,92.12212
1999-08-02,91.609258
1999-08-03,91.076449
1999-08-04,91.068645
1999-08-05,90.385327
1999-08-06,90.03427
1999-08-09,89.710601
1999-08-10,89.563455
1999-08-11,89.823673
1999-08-12,90.212238
1999-08-13,90.628581
1999-08-16,91.521027
1999-08-17,91.577887
1999-08-18,91.946016
1999-08-19,92.195297
1999-08-20,92.642561
1999-08-23,92.878583
1999-08-24,92.68743
1999-08-25,92.860279
1999-08-26,92.282044
1999-08-27,92.115073
1999-08-30,92.134894
1999-08-31,92.475132
1999-09-01,93.276252
1999-09-02,93.09217
1999-09-03,93.493682
1999-09-06,93.884497
1999-09-07,94.012429
1999-09-08,93.665049
1999-09-09,94.58409
1999-09-10,95.032936
1999-09-13,95.421962
1999-09-14,95.131247
1999-09-15,94.843724
1999-09-16,93.437859
1999-09-17,93.516411
1999-09-20,93.505612
1999-09-21,93.256746
1999-09-22,92.624495
1999-09-23,91.861044
1999-09-24,90.617981
1999-09-27,90.835139
1999-09-28,91.064434
1999-09-29,91.191735
1999-09-30,92.324434
1999-10-01,92.616643
1999-10-04,92.64663
1999-10-05,92.346549
1999-10-06,92.376483
1999-10-07,92.720502
1999-10-08,92.437984
1999-10-11,92.929976
1999-10-12,92.548617
1999-10-13,91.413401
1999-10-14,91.486313
1999-10-15,90.893386
1999-10-18,89.188368
1999-10-19,89.160621
1999-10-20,89.886544
1999-10-21,89.70057
1999-10-22,90.126383
1999-10-25,90.393916
1999-10-26,90.007046
1999-10-27,89.929193
1999-10-28,90.242216
1999-10-29,91.213519
1999-11-01,91.573528
1999-11-02,92.006202
1999-11-03,92.465911
1999-11-04,93.006148
1999-11-05,92.73577
1999-11-08,92.863593
1999-11-09,93.322306
1999-11-10,93.922992
1999-11-11,93.299151
1999-11-12,93.123963
1999-11-15,93.443353
1999-11-16,93.62014
1999-11-17,94.778446
1999-11-18,95.53246
1999-11-19,95.38691
1999-11-22,95.878408
1999-11-23,95.400534
1999-11-24,94.96832
1999-11-25,94.79697
1999-11-26,95.612399
1999-11-29,95.622745
1999-11-30,95.148094
1999-12-01,95.14603
1999-12-02,95.722393
1999-12-03,96.462591
1999-12-06,97.069191
1999-12-07,97.491319
1999-12-08,97.603337
1999-12-09,97.173482
1999-12-10,97.582926
1999-12-13,97.938113
1999-12-14,96.86991
1999-12-15,96.265325
1999-12-16,97.125325
1999-12-17,96.928983
1999-12-20,96.904813
1999-12-21,97.349172
1999-12-22,98.131788
1999-12-23,98.813833
1999-12-24,99.107451
1999-12-27,99.327874
1999-12-28,99.333343
1999-12-29,100.571587
1999-12-30,100.816255
1999-12-31,101.874701
2000-01-03,101.799827
2000-01-04,99.521951
2000-01-05,98.820763
2000-01-06,98.493439
2000-01-07,99.974195
2000-01-10,101.744049
2000-01-11,101.532352
2000-01-12,100.864988
2000-01-13,102.727184
2000-01-14,103.402247
2000-01-17,104.47796
2000-01-18,105.083281
2000-01-19,105.18513
2000-01-20,106.28418
2000-01-21,106.522393
2000-01-24,105.391408
2000-01-25,104.544864
2000-01-26,104.563209
2000-01-27,104.434141
2000-01-28,102.553506
2000-01-31,101.125847
2000-02-01,101.780111
2000-02-02,102.364091
2000-02-03,104.171355
2000-02-04,104.861969
2000-02-07,105.769607
2000-02-08,106.683881
2000-02-09,107.18141
2000-02-10,107.947261
2000-02-11,107.722546
2000-02-14,107.648728
2000-02-15,107.24863
2000-02-16,108.356788
2000-02-17,109.752986
2000-02-18,108.463248
2000-02-21,108.060816
2000-02-22,107.575603
2000-02-23,108.904505
2000-02-24,109.428775
2000-02-25,110.333447
2000-02-28,110.710463
2000-02-29,113.39197
2000-03-01,115.055671
2000-03-02,114.646307
2000-03-03,116.307478
2000-03-06,116.49918
2000-03-07,115.81167
2000-03-08,115.331221
2000-03-09,117.218227
2000-03-10,117.360362
2000-03-13,114.895185
2000-03-14,112.603115
2000-03-15,110.302634
2000-03-16,112.009557
2000-03-17,112.551327
2000-03-20,110.343129
2000-03-21,110.185779
2000-03-22,112.079086
2000-03-23,112.205074
2000-03-24,112.58353
2000-03-27,113.024524
2000-03-28,112.120695
2000-03-29,110.274812
2000-03-30,108.196298
2000-03-31,109.355456
2000-04-03,107.516941
2000-04-04,105.369796
2000-04-05,105.763364
2000-04-06,106.794416
2000-04-07,107.60044
2000-04-10,106.470717
2000-04-11,105.421992
2000-04-12,104.666166
2000-04-13,103.65077
2000-04-14,100.775684
2000-04-17,97.708572
2000-04-18,99.980008
2000-04-19,100.720213
2000-04-20,100.98501
2000-04-21,100.583009
2000-04-24,100.092028
2000-04-25,101.120076
2000-04-26,101.251075
2000-04-27,101.040542
2000-04-28,101.623102
2000-05-01,102.608097
2000-05-02,102.796158
2000-05-03,101.544548
2000-05-04,102.173815
2000-05-05,102.932079
2000-05-08,102.391902
2000-05-09,101.769054
2000-05-10,100.601308
2000-05-11,100.999585
2000-05-12,101.829137
2000-05-15,102.771534
2000-05-16,103.231376
2000-05-17,102.364192
2000-05-18,101.654711
2000-05-19,100.793125
2000-05-22,99.589783
2000-05-23,99.023739
2000-05-24,98.093086
2000-05-25,98.142921
2000-05-26,98.431565
2000-05-29,98.773043
2000-05-30,100.021574
2000-05-31,99.884818
2000-06-01,101.007705
2000-06-02,103.10532
2000-06-05,103.734783
2000-06-06,104.733857
2000-06-07,105.044969
2000-06-08,104.922946
2000-06-09,105.319652
2000-06-12,105.352985
2000-06-13,105.585216
2000-06-14,105.54202
2000-06-15,104.969492
2000-06-16,105.17826
2000-06-19,105.370678
2000-06-20,105.702973
2000-06-21,105.427504
2000-06-22,104.742978
2000-06-23,104.18006
2000-06-26,104.541009
2000-06-27,105.061728
2000-06-28,106.255676
2000-06-29,106.605759
2000-06-30,107.419463
2000-07-03,108.260952
2000-07-04,107.982665
2000-07-05,107.305201
2000-07-06,107.354844
2000-07-07,107.826802
2000-07-10,108.459545
2000-07-11,108.805942
2000-07-12,109.139813
2000-07-13,108.579386
2000-07-14,108.778629
2000-07-17,108.748645
2000-07-18,107.77483
2000-07-19,106.898739
2000-07-20,107.524232
2000-07-21,106.535927
2000-07-24,105.35227
2000-07-25,105.674143
2000-07-26,105.456626
2000-07-27,104.272019
2000-07-28,102.365148
2000-07-31,102.552308
2000-08-01,103.194587
2000-08-02,103.53897
2000-08-03,103.068946
2000-08-04,103.814418
2000-08-07,104.429524
2000-08-08,104.230025
2000-08-09,104.767035
2000-08-10,104.898391
2000-08-11,105.972259
2000-08-14,106.305822
2000-08-15,106.536363
2000-08-16,107.16526
2000-08-17,107.41821
2000-08-18,107.451584
2000-08-21,107.364467
2000-08-22,107.763877
2000-08-23,107.702054
2000-08-24,108.743862
2000-08-25,109.29083
2000-08-28,109.146423
2000-08-29,109.331682
2000-08-30,109.271194
2000-08-31,109.663036
2000-09-01,110.407591
2000-09-04,110.480916
2000-09-05,109.774182
2000-09-06,109.38979
2000-09-07,109.814803
2000-09-08,109.075024
2000-09-11,108.529311
2000-09-12,107.836455
2000-09-13,107.856591
2000-09-14,108.199701
2000-09-15,107.908759
2000-09-18,106.251727
2000-09-19,106.3292
2000-09-20,106.557928
2000-09-21,105.891877
2000-09-22,105.773576
2000-09-25,105.847799
2000-09-26,105.480327
2000-09-27,104.95637
2000-09-28,105.631718
2000-09-29,106.291324
2000-10-02,105.663741
2000-10-03,104.911984
2000-10-04,104.7372
2000-10-05,104.282288
2000-10-06,103.293442
2000-10-09,102.628292
2000-10-10,101.900319
2000-10-11,101.082616
2000-10-12,99.562952
2000-10-13,100.169367
2000-10-16,100.147545
2000-10-17,98.851315
2000-10-18,97.736101
2000-10-19,98.923449
2000-10-20,100.08975
2000-10-23,100.296491
2000-10-24,100.343374
2000-10-25,98.910036
2000-10-26,99.070879
2000-10-27,99.479536
2000-10-30,99.795912
2000-10-31,101.267296
2000-11-01,102.096028
2000-11-02,103.204145
2000-11-03,103.858757
2000-11-06,104.147627
2000-11-07,104.295775
2000-11-08,103.645976
2000-11-09,102.841819
2000-11-10,101.482933
2000-11-13,100.370713
2000-11-14,101.613032
2000-11-15,102.173009
2000-11-16,100.838989
2000-11-17,100.806989
2000-11-20,99.191151
2000-11-21,98.278445
2000-11-22,97.223894
2000-11-23,97.138753
2000-11-24,98.3701
2000-11-27,98.985333
2000-11-28,97.802207
2000-11-29,97.103301
2000-11-30,96.359207
2000-12-01,97.897447
2000-12-04,97.992957
2000-12-05,99.138727
2000-12-06,98.864394
2000-12-07,98.709427
2000-12-08,99.944476
2000-12-11,100.793982
2000-12-12,99.965555
2000-12-13,99.289502
2000-12-14,98.704002
2000-12-15,98.116908
2000-12-18,98.12437
2000-12-19,97.121636
2000-12-20,95.50099
2000-12-21,95.454683
2000-12-22,97.150322
2000-12-25,97.71113
2000-12-26,98.022121
2000-12-27,99.023594
2000-12-28,99.897584
2000-12-29,100
2001-01-01,100
2001-01-02,98.884189
2001-01-03,99.860051
2001-01-04,99.449681
2001-01-05,99.011103
2001-01-08,98.92065
2001-01-09,98.274003
2001-01-10,98.785307
2001-01-11,99.125857
2001-01-12,99.605427
2001-01-15,99.66806
2001-01-16,100.554055
2001-01-17,100.593269
2001-01-18,101.502139
2001-01-19,101.438919
2001-01-22,101.617566
2001-01-23,102.551658
2001-01-24,101.827981
2001-01-25,102.113659
2001-01-26,101.91516
2001-01-29,102.71227
2001-01-30,103.254752
2001-01-31,103.70653
2001-02-01,104.679923
2001-02-02,104.068867
2001-02-05,104.154463
2001-02-06,104.129816
2001-02-07,104.035379
2001-02-08,103.061986
2001-02-09,102.60978
2001-02-12,103.5151
2001-02-13,103.401598
2001-02-14,103.282145
2001-02-15,103.406996
2001-02-16,102.973734
2001-02-19,102.789633
2001-02-20,102.195435
2001-02-21,101.147592
2001-02-22,100.106402
2001-02-23,100.386347
2001-02-26,101.454552
2001-02-27,101.390871
2001-02-28,100.687812
2001-03-01,100.546464
2001-03-02,100.554336
2001-03-05,100.447478
2001-03-06,101.484538
2001-03-07,101.734219
2001-03-08,101.871921
2001-03-09,101.212561
2001-03-12,98.867121
2001-03-13,97.768943
2001-03-14,96.291734
2001-03-15,95.960502
2001-03-16,94.508151
2001-03-19,94.985339
2001-03-20,94.702401
2001-03-21,94.112085
2001-03-22,92.005531
2001-03-23,93.976164
2001-03-26,95.399842
2001-03-27,96.040939
2001-03-28,95.287828
2001-03-29,94.478891
2001-03-30,95.11581
2001-04-02,94.027372
2001-04-03,92.976403
2001-04-04,93.496916
2001-04-05,95.607302
2001-04-06,95.238002
2001-04-09,95.464856
2001-04-10,96.233687
2001-04-11,96.439024
2001-04-12,97.614468
2001-04-13,97.75366
2001-04-16,97.179318
2001-04-17,97.470049
2001-04-18,98.51222
2001-04-19,99.753019
2001-04-20,99.765984
2001-04-23,99.458915
2001-04-24,99.815296
2001-04-25,100.952326
2001-04-26,101.862984
2001-04-27,102.111601
2001-04-30,102.610441
2001-05-01,103.966996
2001-05-02,104.215065
2001-05-03,104.176389
2001-05-04,104.626475
2001-05-07,104.344073
2001-05-08,103.918564
2001-05-09,103.488502
2001-05-10,103.748996
2001-05-11,103.322617
2001-05-14,102.791154
2001-05-15,103.253765
2001-05-16,103.631446
2001-05-17,104.763425
2001-05-18,104.790298
2001-05-21,105.879569
2001-05-22,105.903011
2001-05-23,105.45307
2001-05-24,105.467886
2001-05-25,105.337379
2001-05-28,105.249616
2001-05-29,104.890175
2001-05-30,103.847173
2001-05-31,103.716814
2001-06-01,104.236431
2001-06-04,104.78128
2001-06-05,105.431926
2001-06-06,105.031709
2001-06-07,105.489651
2001-06-08,105.299679
2001-06-11,104.589133
2001-06-12,103.946578
2001-06-13,104.204599
2001-06-14,103.563082
2001-06-15,102.946736
2001-06-18,102.184737
2001-06-19,101.873793
2001-06-20,101.467144
2001-06-21,101.941647
2001-06-22,101.734872
2001-06-25,101.789235
2001-06-26,102.304934
2001-06-27,102.191356
2001-06-28,101.909611
2001-06-29,103.455268
2001-07-02,102.414447
2001-07-03,102.355058
2001-07-04,102.062176
2001-07-05,101.331221
2001-07-06,100.210895
2001-07-09,99.884078
2001-07-10,100.064447
2001-07-11,99.710684
2001-07-12,100.677574
2001-07-13,100.846306
2001-07-16,100.387059
2001-07-17,100.324205
2001-07-18,100.487149
2001-07-19,101.018477
2001-07-20,101.110524
2001-07-23,99.752096
2001-07-24,99.351759
2001-07-25,99.503653
2001-07-26,99.961531
2001-07-27,100.058376
2001-07-30,99.616797
2001-07-31,100.016043
2001-08-01,100.75852
2001-08-02,101.638988
2001-08-03,101.493242
2001-08-06,100.884281
2001-08-07,100.712657
2001-08-08,100.121151
2001-08-09,99.964563
2001-08-10,100.437652
2001-08-13,100.335378
2001-08-14,101.024876
2001-08-15,101.957156
2001-08-16,102.123807
2001-08-17,101.690727
2001-08-20,101.244484
2001-08-21,101.184856
2001-08-22,101.99546
2001-08-23,101.280036
2001-08-24,101.750733
2001-08-27,101.679238
2001-08-28,101.062346
2001-08-29,100.973541
2001-08-30,100.132304
2001-08-31,99.799468
2001-09-03,98.993124
2001-09-04,98.747741
2001-09-05,97.866421
2001-09-06,96.983612
2001-09-07,96.173805
2001-09-10,94.146319
2001-09-11,93.353794
2001-09-12,91.2533
2001-09-13,91.814889
2001-09-14,92.018673
2001-09-17,88.299501
2001-09-18,87.901176
2001-09-19,87.408957
2001-09-20,84.825679
2001-09-21,82.410818
2001-09-24,84.111179
2001-09-25,85.219915
2001-09-26,84.988764
2001-09-27,84.97045
2001-09-28,86.699871
2001-10-01,86.013164
2001-10-02,86.615345
2001-10-03,88.138606
2001-10-04,89.475279
2001-10-05,89.304364
2001-10-08,88.758554
2001-10-09,88.436881
2001-10-10,89.94383
2001-10-11,91.998657
2001-10-12,91.995308
2001-10-15,92.044437
2001-10-16,93.024562
2001-10-17,92.341935
2001-10-18,91.32427
2001-10-19,91.462142
2001-10-22,92.048756
2001-10-23,92.178512
2001-10-24,92.590283
2001-10-25,93.974884
2001-10-26,94.405335
2001-10-29,93.534687
2001-10-30,92.014863
2001-10-31,92.494668
2001-11-01,93.438063
2001-11-02,93.34635
2001-11-05,93.961722
2001-11-06,94.919639
2001-11-07,95.017646
2001-11-08,95.002668
2001-11-09,94.633639
2001-11-12,94.535613
2001-11-13,95.554134
2001-11-14,96.415408
2001-11-15,96.193966
2001-11-16,96.657234
2001-11-19,97.896533
2001-11-20,97.264418
2001-11-21,96.801182
2001-11-22,96.968821
2001-11-23,97.55892
2001-11-26,98.46753
2001-11-27,98.51514
2001-11-28,97.298045
2001-11-29,98.094975
2001-11-30,98.313587
2001-12-03,97.265692
2001-12-04,98.646832
2001-12-05,100.780698
2001-12-06,101.483103
2001-12-07,101.183264
2001-12-10,100.053833
2001-12-11,99.909344
2001-12-12,100.147135
2001-12-13,98.871089
2001-12-14,98.716798
2001-12-17,99.291733
2001-12-18,99.715454
2001-12-19,99.049936
2001-12-20,98.153069
2001-12-21,98.963738
2001-12-24,99.109071
2001-12-25,99.137642
2001-12-26,99.604618
2001-12-27,100.527249
2001-12-28,101.106694
2001-12-31,100.826952
2002-01-01,100.827401
2002-01-02,101.05356
2002-01-03,102.255886
2002-01-04,103.1663
2002-01-07,102.691781
2002-01-08,102.597137
2002-01-09,102.332136
2002-01-10,102.161808
2002-01-11,101.488496
2002-01-14,100.404793
2002-01-15,100.276554
2002-01-16,98.776931
2002-01-17,99.155981
2002-01-18,98.552091
2002-01-21,98.680186
2002-01-22,97.926884
2002-01-23,98.765008
2002-01-24,99.139841
2002-01-25,98.686718
2002-01-28,98.8376
2002-01-29,97.911896
2002-01-30,98.175614
2002-01-31,98.752749
2002-02-01,98.507253
2002-02-04,97.335334
2002-02-05,96.597449
2002-02-06,95.78769
2002-02-07,95.379288
2002-02-08,96.569246
2002-02-11,97.592046
2002-02-12,97.973912
2002-02-13,98.561241
2002-02-14,98.254933
2002-02-15,97.896213
2002-02-18,97.833445
2002-02-19,96.24603
2002-02-20,96.762079
2002-02-21,96.123407
2002-02-22,96.591635
2002-02-25,97.029468
2002-02-26,97.609804
2002-02-27,98.063887
2002-02-28,97.902321
2002-03-01,99.495101
2002-03-04,102.084018
2002-03-05,101.948065
2002-03-06,103.037671
2002-03-07,104.156546
2002-03-08,104.803
2002-03-11,105.301179
2002-03-12,104.475773
2002-03-13,103.621824
2002-03-14,104.150964
2002-03-15,104.575152
2002-03-18,104.974776
2002-03-19,105.535086
2002-03-20,104.87138
2002-03-21,105.462235
2002-03-22,105.105767
2002-03-25,104.113709
2002-03-26,104.547005
2002-03-27,105.305043
2002-03-28,105.660952
2002-03-29,105.498421
2002-04-01,105.444933
2002-04-02,105.089057
2002-04-03,104.703247
2002-04-04,105.052391
2002-04-05,105.180064
2002-04-08,105.51742
2002-04-09,105.373141
2002-04-10,106.57739
2002-04-11,105.681337
2002-04-12,106.480333
2002-04-15,106.451631
2002-04-16,108.069481
2002-04-17,108.255641
2002-04-18,108.3775
2002-04-19,108.237754
2002-04-22,107.605854
2002-04-23,107.532895
2002-04-24,107.30316
2002-04-25,107.450679
2002-04-26,106.614278
2002-04-29,106.214887
2002-04-30,107.159446
2002-05-01,107.594417
2002-05-02,107.675527
2002-05-03,107.740767
2002-05-06,106.522055
2002-05-07,105.442886
2002-05-08,107.184449
2002-05-09,106.523704
2002-05-10,105.774197
2002-05-13,106.393211
2002-05-14,107.573371
2002-05-15,108.186229
2002-05-16,107.877175
2002-05-17,108.732501
2002-05-20,108.180651
2002-05-21,107.441024
2002-05-22,107.547281
2002-05-23,108.197403
2002-05-24,107.632245
2002-05-27,107.703628
2002-05-28,107.755748
2002-05-29,106.960655
2002-05-30,106.810789
2002-05-31,106.851276
2002-06-03,105.535661
2002-06-04,105.038528
2002-06-05,104.978885
2002-06-06,104.103132
2002-06-07,104.104087
2002-06-10,103.954888
2002-06-11,103.020859
2002-06-12,102.590613
2002-06-13,101.404949
2002-06-14,100.751683
2002-06-17,101.843524
2002-06-18,102.033341
2002-06-19,100.874667
2002-06-20,100.502578
2002-06-21,100.500475
2002-06-24,100.254013
2002-06-25,99.392619
2002-06-26,99.136606
2002-06-27,100.058474
2002-06-28,101.287022
2002-07-01,100.049691
2002-07-02,97.849399
2002-07-03,97.273085
2002-07-04,97.222894
2002-07-05,99.059057
2002-07-08,98.784343
2002-07-09,98.461194
2002-07-10,96.773614
2002-07-11,95.777909
2002-07-12,95.514441
2002-07-15,94.61868
2002-07-16,93.85354
2002-07-17,93.788355
2002-07-18,92.99155
2002-07-19,91.324069
2002-07-22,89.270227
2002-07-23,86.854376
2002-07-24,87.871731
2002-07-25,88.227021
2002-07-26,87.658541
2002-07-29,90.360951
2002-07-30,91.14241
2002-07-31,90.269126
2002-08-01,89.284548
2002-08-02,87.45208
2002-08-05,85.644307
2002-08-06,85.947753
2002-08-07,86.877057
2002-08-08,87.877901
2002-08-09,88.553834
2002-08-12,88.384385
2002-08-13,87.300213
2002-08-14,88.880022
2002-08-15,89.555355
2002-08-16,90.248494
2002-08-19,90.735485
2002-08-20,90.30689
2002-08-21,91.401779
2002-08-22,91.994415
2002-08-23,90.994714
2002-08-26,92.008102
2002-08-27,91.259432
2002-08-28,89.962696
2002-08-29,90.031093
2002-08-30,89.836015
2002-09-02,89.691128
2002-09-03,87.945237
2002-09-04,88.310715
2002-09-05,87.3594
2002-09-06,88.30832
2002-09-09,88.65473
2002-09-10,88.779355
2002-09-11,88.895083
2002-09-12,88.034337
2002-09-13,87.832238
2002-09-16,87.059404
2002-09-17,86.433827
2002-09-18,85.72735
2002-09-19,84.554283
2002-09-20,84.119295
2002-09-23,82.721121
2002-09-24,81.840917
2002-09-25,82.848105
2002-09-26,83.928042
2002-09-27,83.314296
2002-09-30,83.023251
2002-10-01,83.193495
2002-10-02,82.236789
2002-10-03,81.315652
2002-10-04,79.866754
2002-10-07,77.658598
2002-10-08,77.724131
2002-10-09,76.090321
2002-10-10,77.120587
2002-10-11,78.925249
2002-10-14,79.100502
2002-10-15,81.765133
2002-10-16,80.692918
2002-10-17,82.444187
2002-10-18,82.662691
2002-10-21,83.649644
2002-10-22,82.583164
2002-10-23,83.214727
2002-10-24,82.753531
2002-10-25,83.566064
2002-10-28,83.538495
2002-10-29,83.103263
2002-10-30,83.842757
2002-10-31,84.014167
2002-11-01,85.189589
2002-11-04,86.02005
2002-11-05,86.258445
2002-11-06,86.99049
2002-11-07,86.012632
2002-11-08,85.362425
2002-11-11,83.750418
2002-11-12,84.293376
2002-11-13,84.038149
2002-11-14,84.794601
2002-11-15,85.158352
2002-11-18,84.686647
2002-11-19,83.982827
2002-11-20,84.865521
2002-11-21,86.643278
2002-11-22,87.119904
2002-11-25,87.778455
2002-11-26,86.762055
2002-11-27,88.29845
2002-11-28,88.959157
2002-11-29,88.744173
2002-12-02,88.712025
2002-12-03,87.340915
2002-12-04,86.437086
2002-12-05,85.8754
2002-12-06,86.097864
2002-12-09,84.412266
2002-12-10,85.264855
2002-12-11,85.277918
2002-12-12,85.410656
2002-12-13,84.624646
2002-12-16,85.246501
2002-12-17,85.03374
2002-12-18,83.655188
2002-12-19,83.51294
2002-12-20,84.00078
2002-12-23,84.269749
2002-12-24,84.243377
2002-12-25,84.285871
2002-12-26,84.734691
2002-12-27,84.333672
2002-12-30,84.292879
2002-12-31,84.685208
2003-01-01,84.685208
2003-01-02,86.072102
2003-01-03,86.255918
2003-01-06,87.691696
2003-01-07,87.164854
2003-01-08,86.10507
2003-01-09,87.260693
2003-01-10,87.687232
2003-01-13,87.857594
2003-01-14,88.437331
2003-01-15,87.972454
2003-01-16,87.768924
2003-01-17,86.930484
2003-01-20,86.759876
2003-01-21,86.168033
2003-01-22,85.576721
2003-01-23,86.395989
2003-01-24,85.33847
2003-01-27,83.647714
2003-01-28,83.867369
2003-01-29,83.807994
2003-01-30,82.922792
2003-01-31,83.177871
2003-02-03,83.302853
2003-02-04,83.311952
2003-02-05,83.091254
2003-02-06,82.639776
2003-02-07,81.909297
2003-02-10,81.92428
2003-02-11,81.726469
2003-02-12,81.14507
2003-02-13,80.978653
2003-02-14,81.578149
2003-02-17,81.878054
2003-02-18,82.839198
2003-02-19,82.391852
2003-02-20,82.439897
2003-02-21,82.592391
2003-02-24,81.80332
2003-02-25,81.351795
2003-02-26,80.951752
2003-02-27,81.258031
2003-02-28,81.71916
2003-03-03,81.890999
2003-03-04,81.352485
2003-03-05,81.310737
2003-03-06,80.831337
2003-03-07,80.501195
2003-03-10,79.072265
2003-03-11,78.340258
2003-03-12,77.905529
2003-03-13,79.258687
2003-03-14,79.37575
2003-03-17,80.504322
2003-03-18,81.351836
2003-03-19,81.397441
2003-03-20,81.996936
2003-03-21,82.925838
2003-03-24,81.919578
2003-03-25,82.39866
2003-03-26,82.415184
2003-03-27,82.503472
2003-03-28,82.451415
2003-03-31,81.849365
2003-04-01,82.301925
2003-04-02,83.564254
2003-04-03,83.377258
2003-04-04,83.333029
2003-04-07,84.259742
2003-04-08,83.799041
2003-04-09,83.526133
2003-04-10,83.995167
2003-04-11,83.869696
2003-04-14,84.621458
2003-04-15,85.390573
2003-04-16,85.457441
2003-04-17,86.496972
2003-04-18,86.555992
2003-04-21,86.771411
2003-04-22,87.819935
2003-04-23,88.661102
2003-04-24,88.444731
2003-04-25,87.606335
2003-04-28,88.542615
2003-04-29,89.08377
2003-04-30,90.269984
2003-05-01,90.78469
2003-05-02,91.980459
2003-05-05,92.754079
2003-05-06,93.691944
2003-05-07,93.704894
2003-05-08,93.221057
2003-05-09,94.118781
2003-05-12,95.194216
2003-05-13,95.306745
2003-05-14,95.736303
2003-05-15,96.186687
2003-05-16,96.323961
2003-05-19,94.896501
2003-05-20,94.803798
2003-05-21,94.848151
2003-05-22,95.724951
2003-05-23,96.444875
2003-05-26,96.623371
2003-05-27,97.738116
2003-05-28,98.025084
2003-05-29,98.714741
2003-05-30,99.668199
2003-06-02,100.491696
2003-06-03,100.313759
2003-06-04,101.735065
2003-06-05,103.578142
2003-06-06,103.335518
2003-06-09,102.092839
2003-06-10,102.550014
2003-06-11,103.863717
2003-06-12,104.276246
2003-06-13,103.465764
2003-06-16,104.654006
2003-06-17,105.22189
2003-06-18,105.014145
2003-06-19,103.851425
2003-06-20,103.623784
2003-06-23,102.16521
2003-06-24,101.633956
2003-06-25,102.445964
2003-06-26,102.57263
2003-06-27,102.84883
2003-06-30,102.892388
2003-07-01,103.592125
2003-07-02,105.421839
2003-07-03,105.152721
2003-07-04,105.091279
2003-07-07,106.65327
2003-07-08,107.64611
2003-07-09,107.962713
2003-07-10,106.769776
2003-07-11,106.867485
2003-07-14,108.177612
2003-07-15,107.535386
2003-07-16,106.596025
2003-07-17,104.274716
2003-07-18,104.969399
2003-07-21,104.460247
2003-07-22,105.15613
2003-07-23,106.142204
2003-07-24,106.306815
2003-07-25,106.936408
2003-07-28,107.834281
2003-07-29,107.645909
2003-07-30,106.95792
2003-07-31,107.010707
2003-08-01,106.723381
2003-08-04,106.307489
2003-08-05,105.330808
2003-08-06,104.516229
2003-08-07,104.7645
2003-08-08,104.850577
2003-08-11,105.743016
2003-08-12,106.892509
2003-08-13,107.479141
2003-08-14,108.061007
2003-08-15,108.297771
2003-08-18,109.743283
2003-08-19,110.889681
2003-08-20,111.452124
2003-08-21,112.340492
2003-08-22,111.373559
2003-08-25,111.109374
2003-08-26,111.185975
2003-08-27,111.818005
2003-08-28,112.623739
2003-08-29,113.705885
2003-09-01,114.487323
2003-09-02,115.443364
2003-09-03,116.277945
2003-09-04,116.448086
2003-09-05,116.390638
2003-09-08,117.771122
2003-09-09,117.753579
2003-09-10,115.763841
2003-09-11,116.001978
2003-09-12,116.714552
2003-09-15,116.642093
2003-09-16,117.95149
2003-09-17,118.472794
2003-09-18,119.388637
2003-09-19,120.203165
2003-09-22,119.236585
2003-09-23,119.88408
2003-09-24,118.355413
2003-09-25,116.568804
2003-09-26,115.087498
2003-09-29,115.983969
2003-09-30,115.810044
2003-10-01,117.700123
2003-10-02,119.08147
2003-10-03,120.782021
2003-10-06,121.702349
2003-10-07,122.625232
2003-10-08,122.262742
2003-10-09,123.23454
2003-10-10,123.772336
2003-10-13,124.612546
2003-10-14,125.262044
2003-10-15,124.999175
2003-10-16,125.863374
2003-10-17,124.757294
2003-10-20,125.125207
2003-10-21,125.798588
2003-10-22,124.170343
2003-10-23,122.102128
2003-10-24,122.275611
2003-10-27,123.743543
2003-10-28,125.328984
2003-10-29,126.65824
2003-10-30,126.673184
2003-10-31,126.013463
2003-11-03,126.743198
2003-11-04,127.436336
2003-11-05,127.342754
2003-11-06,127.220432
2003-11-07,127.891366
2003-11-10,126.91166
2003-11-11,125.272716
2003-11-12,127.07154
2003-11-13,127.767968
2003-11-14,126.594418
2003-11-17,124.032424
2003-11-18,123.881797
2003-11-19,123.721936
2003-11-20,123.658256
2003-11-21,124.037464
2003-11-24,125.41884
2003-11-25,126.4288
2003-11-26,127.747495
2003-11-27,127.840945
2003-11-28,128.265424
2003-12-01,129.781122
2003-12-02,130.183156
2003-12-03,129.733902
2003-12-04,129.41045
2003-12-05,129.019647
2003-12-08,129.130946
2003-12-09,128.030042
2003-12-10,126.660754
2003-12-11,127.961941
2003-12-12,129.126079
2003-12-15,128.563649
2003-12-16,128.349526
2003-12-17,128.445785
2003-12-18,129.378982
2003-12-19,129.428407
2003-12-22,130.102141
2003-12-23,130.832321
2003-12-24,130.985053
2003-12-25,131.062322
2003-12-26,131.540693
2003-12-29,133.101285
2003-12-30,134.018538
2003-12-31,133.621962
2004-01-01,133.621962
2004-01-02,134.366843
2004-01-05,136.532327
2004-01-06,137.025686
2004-01-07,137.261759
2004-01-08,138.519387
2004-01-09,138.86243
2004-01-12,139.433483
2004-01-13,139.286378
2004-01-14,139.947326
2004-01-15,139.618028
2004-01-16,140.157301
2004-01-19,140.42161
2004-01-20,142.134364
2004-01-21,142.543644
2004-01-22,142.4203
2004-01-23,142.689012
2004-01-26,142.69294
2004-01-27,142.236743
2004-01-28,140.412213
2004-01-29,138.460854
2004-01-30,139.358952
2004-02-02,139.687896
2004-02-03,139.722376
2004-02-04,137.287679
2004-02-05,138.060084
2004-02-06,140.682171
2004-02-09,141.416542
2004-02-10,142.244867
2004-02-11,142.955134
2004-02-12,143.384269
2004-02-13,142.776691
2004-02-16,143.126747
2004-02-17,144.673049
2004-02-18,144.434861
2004-02-19,142.887476
2004-02-20,141.567091
2004-02-23,140.720433
2004-02-24,140.701496
2004-02-25,140.951428
2004-02-26,141.162445
2004-02-27,142.222235
2004-03-01,144.672766
2004-03-02,144.026142
2004-03-03,143.3607
2004-03-04,144.554067
2004-03-05,145.789907
2004-03-08,144.94375
2004-03-09,144.192038
2004-03-10,141.507403
2004-03-11,139.873125
2004-03-12,141.0909
2004-03-15,139.301171
2004-03-16,140.01534
2004-03-17,141.918011
2004-03-18,142.306134
2004-03-19,141.932373
2004-03-22,139.902705
2004-03-23,139.952207
2004-03-24,139.675912
2004-03-25,142.049457
2004-03-26,142.563614
2004-03-29,144.201855
2004-03-30,145.168222
2004-03-31,146.17867
2004-04-01,147.77965
2004-04-02,148.186396
2004-04-05,148.135246
2004-04-06,147.57455
2004-04-07,148.483465
2004-04-08,147.934934
2004-04-09,147.503944
2004-04-12,147.960683
2004-04-13,145.977539
2004-04-14,144.308967
2004-04-15,143.59681
2004-04-16,144.728473
2004-04-19,144.797226
2004-04-20,143.683534
2004-04-21,143.636377
2004-04-22,144.945509
2004-04-23,144.985416
2004-04-26,145.437265
2004-04-27,145.076595
2004-04-28,142.741041
2004-04-29,140.995417
2004-04-30,139.515234
2004-05-03,140.144733
2004-05-04,141.425602
2004-05-05,141.950107
2004-05-06,139.627504
2004-05-07,136.160363
2004-05-10,131.374807
2004-05-11,132.889747
2004-05-12,133.825352
2004-05-13,132.931206
2004-05-14,132.243698
2004-05-17,130.07786
2004-05-18,131.608626
2004-05-19,133.775545
2004-05-20,133.086332
2004-05-21,134.709983
2004-05-24,135.585912
2004-05-25,137.482109
2004-05-26,138.593689
2004-05-27,139.717638
2004-05-28,140.021939
2004-05-31,140.108612
2004-06-01,140.751167
2004-06-02,140.945427
2004-06-03,138.868082
2004-06-04,139.884756
2004-06-07,142.37149
2004-06-08,142.337127
2004-06-09,140.904328
2004-06-10,141.156687
2004-06-11,140.736567
2004-06-14,139.267578
2004-06-15,140.385558
2004-06-16,141.122429
2004-06-17,141.575729
2004-06-18,141.932607
2004-06-21,142.035553
2004-06-22,142.20367
2004-06-23,143.304503
2004-06-24,144.310266
2004-06-25,144.943127
2004-06-28,145.300997
2004-06-29,145.362331
2004-06-30,146.312112
2004-07-01,145.489129
2004-07-02,145.51359
2004-07-05,144.818438
2004-07-06,143.349706
2004-07-07,143.828462
2004-07-08,142.432199
2004-07-09,143.080349
2004-07-12,143.180638
2004-07-13,142.788972
2004-07-14,142.020789
2004-07-15,141.749664
2004-07-16,142.123278
2004-07-19,141.878593
2004-07-20,142.33453
2004-07-21,140.065451
2004-07-22,139.624244
2004-07-23,137.987301
2004-07-26,136.735649
2004-07-27,137.103451
2004-07-28,137.085111
2004-07-29,137.932236
2004-07-30,138.767501
2004-08-02,138.936804
2004-08-03,138.035386
2004-08-04,137.05563
2004-08-05,135.773499
2004-08-06,134.565988
2004-08-09,133.681659
2004-08-10,135.310529
2004-08-11,134.599468
2004-08-12,133.42636
2004-08-13,133.511733
2004-08-16,134.702439
2004-08-17,135.256388
2004-08-18,136.523801
2004-08-19,137.1694
2004-08-20,138.356088
2004-08-23,137.841994
2004-08-24,137.600111
2004-08-25,138.350743
2004-08-26,138.399619
2004-08-27,139.074034
2004-08-30,138.03483
2004-08-31,138.574681
2004-09-01,139.628925
2004-09-02,140.56986
2004-09-03,139.45813
2004-09-06,140.060267
2004-09-07,141.118215
2004-09-08,140.789209
2004-09-09,141.15955
2004-09-10,142.383844
2004-09-13,142.952042
2004-09-14,143.211815
2004-09-15,141.925297
2004-09-16,142.85007
2004-09-17,142.640509
2004-09-20,142.451369
2004-09-21,143.62582
2004-09-22,142.181796
2004-09-23,142.317728
2004-09-24,141.997076
2004-09-27,140.878298
2004-09-28,141.682142
2004-09-29,142.536191
2004-09-30,143.628314
2004-10-01,145.484608
2004-10-04,146.325447
2004-10-05,146.45055
2004-10-06,147.167484
2004-10-07,146.252983
2004-10-08,146.039781
2004-10-11,146.137302
2004-10-12,145.10638
2004-10-13,143.984003
2004-10-14,143.455466
2004-10-15,144.277562
2004-10-18,144.464704
2004-10-19,144.508138
2004-10-20,144.660724
2004-10-21,145.834809
2004-10-22,145.216754
2004-10-25,145.507076
2004-10-26,146.264207
2004-10-27,147.839496
2004-10-28,147.939059
2004-10-29,147.810467
2004-11-01,148.26154
2004-11-02,148.483218
2004-11-03,150.382587
2004-11-04,151.827623
2004-11-05,152.964833
2004-11-08,152.669757
2004-11-09,153.040825
2004-11-10,153.254831
2004-11-11,154.198561
2004-11-12,155.823976
2004-11-15,156.470816
2004-11-16,155.796319
2004-11-17,157.058685
2004-11-18,156.781146
2004-11-19,156.0886
2004-11-22,156.339037
2004-11-23,157.111859
2004-11-24,158.333425
2004-11-25,158.948132
2004-11-26,159.172113
2004-11-29,159.813783
2004-11-30,159.581591
2004-12-01,160.842666
2004-12-02,160.810608
2004-12-03,161.590928
2004-12-06,161.576792
2004-12-07,159.828047
2004-12-08,158.726032
2004-12-09,157.881144
2004-12-10,158.043733
2004-12-13,159.362107
2004-12-14,160.022462
2004-12-15,161.942317
2004-12-16,161.003533
2004-12-17,161.042533
2004-12-20,161.5064
2004-12-21,162.237795
2004-12-22,162.97576
2004-12-23,163.663572
2004-12-24,164.177515
2004-12-27,164.043168
2004-12-28,165.350246
2004-12-29,165.137704
2004-12-30,166.021314
2004-12-31,166.104854
2005-01-03,164.285839
2005-01-04,161.900601
2005-01-05,160.290815
2005-01-06,160.107607
2005-01-07,159.691353
2005-01-10,160.56721
2005-01-11,160.215201
2005-01-12,161.262436
2005-01-13,160.788219
2005-01-14,161.495364
2005-01-17,162.136498
2005-01-18,162.651621
2005-01-19,162.316397
2005-01-20,160.841404
2005-01-21,160.957872
2005-01-24,160.53248
2005-01-25,160.308975
2005-01-26,162.684282
2005-01-27,162.642648
2005-01-28,162.010392
2005-01-31,163.994407
2005-02-01,164.713373
2005-02-02,165.890002
2005-02-03,165.293468
2005-02-04,166.708181
2005-02-07,166.474516
2005-02-08,166.156732
2005-02-09,164.786652
2005-02-10,165.455731
2005-02-11,166.647666
2005-02-14,167.518625
2005-02-15,167.657784
2005-02-16,167.510727
2005-02-17,167.053761
2005-02-18,166.964317
2005-02-21,167.073993
2005-02-22,165.890089
2005-02-23,165.462442
2005-02-24,166.661113
2005-02-25,168.557059
2005-02-28,169.295632
2005-03-01,169.681122
2005-03-02,169.263806
2005-03-03,169.357098
2005-03-04,171.263506
2005-03-07,171.004225
2005-03-08,171.019067
2005-03-09,170.311099
2005-03-10,169.424465
2005-03-11,170.071731
2005-03-14,169.737476
2005-03-15,169.470253
2005-03-16,169.278696
2005-03-17,169.137795
2005-03-18,168.808258
2005-03-21,168.108663
2005-03-22,167.820748
2005-03-23,165.177803
2005-03-24,165.435493
2005-03-25,165.408993
2005-03-28,164.956651
2005-03-29,163.063313
2005-03-30,164.123631
2005-03-31,165.364513
2005-04-01,165.218852
2005-04-04,164.429573
2005-04-05,164.955781
2005-04-06,165.468252
2005-04-07,166.424447
2005-04-08,165.551603
2005-04-11,165.422946
2005-04-12,165.316611
2005-04-13,164.648407
2005-04-14,162.050584
2005-04-15,159.922724
2005-04-18,158.582375
2005-04-19,161.17272
2005-04-20,160.439496
2005-04-21,161.648597
2005-04-22,161.738607
2005-04-25,162.360391
2005-04-26,160.885858
2005-04-27,160.062487
2005-04-28,157.982907
2005-04-29,158.818857
2005-05-02,159.377916
2005-05-03,159.340572
2005-05-04,161.005927
2005-05-05,161.321951
2005-05-06,161.473899
2005-05-09,162.124709
2005-05-10,161.185064
2005-05-11,161.096515
2005-05-12,159.50148
2005-05-13,158.275493
2005-05-16,158.67251
2005-05-17,158.744761
2005-05-18,160.667243
2005-05-19,161.738742
2005-05-20,161.316627
2005-05-23,162.560129
2005-05-24,162.882292
2005-05-25,161.736834
2005-05-26,162.729337
2005-05-27,163.420833
2005-05-30,163.72495
2005-05-31,163.720834
2005-06-01,164.528941
2005-06-02,164.97291
2005-06-03,165.152949
2005-06-06,165.635649
2005-06-07,165.943479
2005-06-08,166.090157
2005-06-09,165.835312
2005-06-10,165.990272
2005-06-13,166.01736
2005-06-14,166.792163
2005-06-15,167.735794
2005-06-16,169.030534
2005-06-17,169.980214
2005-06-20,169.317058
2005-06-21,169.444933
2005-06-22,169.669342
2005-06-23,168.483516
2005-06-24,167.529369
2005-06-27,167.032206
2005-06-28,168.695862
2005-06-29,168.878709
2005-06-30,168.532385
2005-07-01,168.378167
2005-07-04,168.539822
2005-07-05,169.437365
2005-07-06,169.449775
2005-07-07,168.996892
2005-07-08,170.91146
2005-07-11,173.313354
2005-07-12,174.212623
2005-07-13,173.372395
2005-07-14,173.118244
2005-07-15,172.816173
2005-07-18,172.478832
2005-07-19,173.178248
2005-07-20,174.044371
2005-07-21,174.27404
2005-07-22,175.484979
2005-07-25,174.900445
2005-07-26,174.91958
2005-07-27,175.613619
2005-07-28,176.99614
2005-07-29,177.256496
2005-08-01,178.197776
2005-08-02,179.198396
2005-08-03,179.140466
2005-08-04,177.723295
2005-08-05,175.675144
2005-08-08,175.759285
2005-08-09,176.34941
2005-08-10,177.710049
2005-08-11,179.234414
2005-08-12,178.763331
2005-08-15,179.10647
2005-08-16,178.104864
2005-08-17,177.482086
2005-08-18,176.037534
2005-08-19,176.157877
2005-08-22,177.972997
2005-08-23,177.585238
2005-08-24,177.413681
2005-08-25,177.695482
2005-08-26,177.204562
2005-08-29,176.931359
2005-08-30,176.683389
2005-08-31,179.038717
2005-09-01,181.182544
2005-09-02,181.081329
2005-09-05,181.397177
2005-09-06,182.53882
2005-09-07,182.875336
2005-09-08,182.105565
2005-09-09,183.674257
2005-09-12,183.670161
2005-09-13,182.467872
2005-09-14,182.425551
2005-09-15,182.210518
2005-09-16,182.965986
2005-09-19,182.523272
2005-09-20,182.327602
2005-09-21,181.101455
2005-09-22,180.33736
2005-09-23,180.226632
2005-09-26,181.48668
2005-09-27,180.83523
2005-09-28,181.18755
2005-09-29,182.784193
2005-09-30,183.564068
2005-10-03,183.366136
2005-10-04,182.890543
2005-10-05,179.891024
2005-10-06,178.058048
2005-10-07,178.331738
2005-10-10,177.416112
2005-10-11,176.831436
2005-10-12,175.729887
2005-10-13,174.042419
2005-10-14,175.625694
2005-10-17,175.600663
2005-10-18,173.440864
2005-10-19,173.576493
2005-10-20,172.939275
2005-10-21,173.304902
2005-10-24,175.6068
2005-10-25,176.607544
2005-10-26,176.332341
2005-10-27,174.567264
2005-10-28,175.354627
2005-10-31,177.427148
2005-11-01,177.66643
2005-11-02,179.831566
2005-11-03,180.358177
2005-11-04,179.709286
2005-11-07,180.266035
2005-11-08,179.619897
2005-11-09,179.671915
2005-11-10,179.894185
2005-11-11,180.60209
2005-11-14,179.898153
2005-11-15,178.483143
2005-11-16,178.326886
2005-11-17,181.030229
2005-11-18,181.770172
2005-11-21,182.97627
2005-11-22,183.485679
2005-11-23,184.406599
2005-11-24,184.288052
2005-11-25,184.261327
2005-11-28,183.397875
2005-11-29,183.861294
2005-11-30,184.637389
2005-12-01,186.649699
2005-12-02,187.551426
2005-12-05,188.024317
2005-12-06,188.138583
2005-12-07,187.741676
2005-12-08,187.862468
2005-12-09,189.096521
2005-12-12,190.628921
2005-12-13,190.808905
2005-12-14,191.84029
2005-12-15,190.880951
2005-12-16,191.193229
2005-12-19,189.755539
2005-12-20,189.933049
2005-12-21,191.211006
2005-12-22,192.384337
2005-12-23,193.066149
2005-12-26,193.468143
2005-12-27,191.877962
2005-12-28,193.142158
2005-12-29,193.275138
2005-12-30,192.192229
2006-01-02,192.381667
2006-01-03,195.632627
2006-01-04,198.131091
2006-01-05,199.018401
2006-01-06,201.225077
2006-01-09,202.192507
2006-01-10,202.05493
2006-01-11,202.929767
2006-01-12,202.9467
2006-01-13,203.337002
2006-01-16,203.786489
2006-01-17,200.425558
2006-01-18,197.459157
2006-01-19,201.338599
2006-01-20,199.597823
2006-01-23,198.96844
2006-01-24,201.464019
2006-01-25,202.18274
2006-01-26,204.183282
2006-01-27,205.734279
2006-01-30,205.933101
2006-01-31,206.733578
2006-02-01,206.970298
2006-02-02,205.783138
2006-02-03,204.863558
2006-02-06,206.115862
2006-02-07,204.771388
2006-02-08,203.593251
2006-02-09,203.945348
2006-02-10,202.853247
2006-02-13,199.723768
2006-02-14,201.180725
2006-02-15,201.968139
2006-02-16,202.200314
2006-02-17,201.321368
2006-02-20,200.456325
2006-02-21,201.366936
2006-02-22,202.66491
2006-02-23,204.432679
2006-02-24,205.533069
2006-02-27,206.594083
2006-02-28,205.07389
2006-03-01,206.098102
2006-03-02,205.759604
2006-03-03,205.141218
2006-03-06,204.618132
2006-03-07,201.53517
2006-03-08,200.630987
2006-03-09,201.718906
2006-03-10,202.574782
2006-03-13,204.340785
2006-03-14,206.496641
2006-03-15,207.869575
2006-03-16,208.170307
2006-03-17,209.371228
2006-03-20,210.108799
2006-03-21,208.345071
2006-03-22,210.076438
2006-03-23,209.742332
2006-03-24,211.057476
2006-03-27,211.861176
2006-03-28,211.810522
2006-03-29,213.256605
2006-03-30,214.738214
2006-03-31,214.600612
2006-04-03,215.293921
2006-04-04,216.521804
2006-04-05,216.817859
2006-04-06,217.782882
2006-04-07,216.001918
2006-04-10,215.22501
2006-04-11,213.436219
2006-04-12,213.128939
2006-04-13,213.52042
2006-04-14,213.529432
2006-04-17,213.831497
2006-04-18,217.116789
2006-04-19,219.391266
2006-04-20,218.733922
2006-04-21,219.098597
2006-04-24,218.34803
2006-04-25,219.136012
2006-04-26,219.966887
2006-04-27,219.675344
2006-04-28,220.186032
2006-05-01,220.535916
2006-05-02,222.018177
2006-05-03,221.912618
2006-05-04,223.600913
2006-05-05,225.956564
2006-05-08,227.346971
2006-05-09,227.650816
2006-05-10,227.026316
2006-05-11,224.635696
2006-05-12,221.037924
2006-05-15,217.074944
2006-05-16,215.446539
2006-05-17,212.819656
2006-05-18,209.419603
2006-05-19,209.06893
2006-05-22,204.811501
2006-05-23,205.930611
2006-05-24,204.53899
2006-05-25,207.142749
2006-05-26,209.495059
2006-05-29,210.316242
2006-05-30,207.270073
2006-05-31,207.830982
2006-06-01,208.782445
2006-06-02,210.997684
2006-06-05,208.072925
2006-06-06,203.649059
2006-06-07,201.720224
2006-06-08,197.224521
2006-06-09,198.654207
2006-06-12,195.886203
2006-06-13,190.44442
2006-06-14,191.65328
2006-06-15,197.552983
2006-06-16,197.807146
2006-06-19,195.800722
2006-06-20,195.008079
2006-06-21,196.640002
2006-06-22,197.257822
2006-06-23,197.153771
2006-06-26,198.274433
2006-06-27,197.284869
2006-06-28,196.247218
2006-06-29,200.398928
2006-06-30,204.571923
2006-07-03,205.944477
2006-07-04,206.583025
2006-07-05,203.537356
2006-07-06,204.114498
2006-07-07,203.092305
2006-07-10,202.32509
2006-07-11,202.151093
2006-07-12,199.48347
2006-07-13,196.608635
2006-07-14,193.920596
2006-07-17,191.423399
2006-07-18,189.527714
2006-07-19,193.243385
2006-07-20,193.084023
2006-07-21,190.844575
2006-07-24,192.783717
2006-07-25,194.293116
2006-07-26,193.920935
2006-07-27,195.057471
2006-07-28,197.541602
2006-07-31,198.851105
2006-08-01,197.378478
2006-08-02,199.536565
2006-08-03,199.463475
2006-08-04,200.200651
2006-08-07,198.237766
2006-08-08,197.620239
2006-08-09,197.317474
2006-08-10,196.855626
2006-08-11,196.112805
2006-08-14,196.528518
2006-08-15,199.275715
2006-08-16,202.003449
2006-08-17,202.753494
2006-08-18,202.957318
2006-08-21,202.6495
2006-08-22,202.751228
2006-08-23,201.812373
2006-08-24,201.337127
2006-08-25,201.026514
2006-08-28,201.44408
2006-08-29,202.791288
2006-08-30,203.945898
2006-08-31,204.40242
2006-09-01,205.186318
2006-09-04,206.78316
2006-09-05,207.587403
2006-09-06,204.74389
2006-09-07,202.55916
2006-09-08,202.571486
2006-09-11,200.509484
2006-09-12,202.411598
2006-09-13,203.269998
2006-09-14,203.705464
2006-09-15,203.601635
2006-09-18,203.898069
2006-09-19,203.737221
2006-09-20,204.287249
2006-09-21,204.129047
2006-09-22,202.842085
2006-09-25,202.88383
2006-09-26,203.314936
2006-09-27,205.239314
2006-09-28,205.699971
2006-09-29,205.065262
2006-10-02,205.052362
2006-10-03,204.142474
2006-10-04,204.921868
2006-10-05,207.430342
2006-10-06,206.118708
2006-10-09,206.760587
2006-10-10,206.548711
2006-10-11,205.295599
2006-10-12,207.431734
2006-10-13,209.118045
2006-10-16,211.341989
2006-10-17,210.499242
2006-10-18,210.777449
2006-10-19,212.282957
2006-10-20,211.890236
2006-10-23,212.139703
2006-10-24,212.102795
2006-10-25,213.260963
2006-10-26,215.130458
2006-10-27,214.012462
2006-10-30,213.529117
2006-10-31,214.056222
2006-11-01,212.766489
2006-11-02,212.083833
2006-11-03,212.083011
2006-11-06,213.770383
2006-11-07,215.220584
2006-11-08,214.558147
2006-11-09,213.819056
2006-11-10,215.029207
2006-11-13,214.316085
2006-11-14,216.872219
2006-11-15,217.521053
2006-11-16,217.283017
2006-11-17,216.531235
2006-11-20,215.131175
2006-11-21,216.104002
2006-11-22,218.558112
2006-11-23,218.80151
2006-11-24,219.20488
2006-11-27,216.6679
2006-11-28,216.791052
2006-11-29,219.714506
2006-11-30,221.501934
2006-12-01,221.425493
2006-12-04,223.408647
2006-12-05,223.928121
2006-12-06,224.425194
2006-12-07,224.025821
2006-12-08,223.953157
2006-12-11,223.81337
2006-12-12,223.305556
2006-12-13,223.633047
2006-12-14,224.588353
2006-12-15,224.270712
2006-12-18,222.887219
2006-12-19,222.691213
2006-12-20,224.173511
2006-12-21,223.649956
2006-12-22,223.250656
2006-12-25,223.002835
2006-12-26,223.982335
2006-12-27,225.731475
2006-12-28,225.766018
2006-12-29,225.248351
2007-01-01,225.248351
2007-01-02,226.579697
2007-01-03,225.57266
2007-01-04,224.621058
2007-01-05,222.129222
2007-01-08,222.410901
2007-01-09,222.619885
2007-01-10,221.474637
2007-01-11,222.943747
2007-01-12,225.184495
2007-01-15,226.639105
2007-01-16,226.2993
2007-01-17,226.398385
2007-01-18,225.3531
2007-01-19,226.63454
2007-01-22,226.372332
2007-01-23,227.813402
2007-01-24,229.135153
2007-01-25,227.468581
2007-01-26,226.955391
2007-01-29,227.979154
2007-01-30,228.859903
2007-01-31,229.332034
2007-02-01,231.592406
2007-02-02,232.071509
2007-02-05,231.875314
2007-02-06,232.923249
2007-02-07,233.928403
2007-02-08,233.23425
2007-02-09,232.510374
2007-02-12,231.772974
2007-02-13,233.436331
2007-02-14,235.401994
2007-02-15,236.54497
2007-02-16,236.684785
2007-02-19,237.433385
2007-02-20,238.276168
2007-02-21,238.285619
2007-02-22,239.186461
2007-02-23,239.833737
2007-02-26,240.263257
2007-02-27,233.56982
2007-02-28,231.108157
2007-03-01,229.879574
2007-03-02,227.959887
2007-03-05,221.486813
2007-03-06,226.322393
2007-03-07,227.443011
2007-03-08,229.740655
2007-03-09,230.193984
2007-03-12,231.784792
2007-03-13,228.513178
2007-03-14,226.317081
2007-03-15,229.10747
2007-03-16,228.824796
2007-03-19,230.81846
2007-03-20,232.495341
2007-03-21,234.880128
2007-03-22,236.755257
2007-03-23,236.708622
2007-03-26,237.204686
2007-03-27,236.290322
2007-03-28,235.788451
2007-03-29,236.154786
2007-03-30,236.823182
2007-04-02,237.272114
2007-04-03,238.922625
2007-04-04,240.028037
2007-04-05,241.031987
2007-04-06,240.927427
2007-04-09,240.639524
2007-04-10,242.471592
2007-04-11,241.620472
2007-04-12,242.499646
2007-04-13,243.25468
2007-04-16,245.617975
2007-04-17,245.468937
2007-04-18,245.391936
2007-04-19,243.556077
2007-04-20,245.085948
2007-04-23,245.317448
2007-04-24,244.611866
2007-04-25,246.014176
2007-04-26,246.1511
2007-04-27,246.293029
2007-04-30,244.521327
2007-05-01,244.07055
2007-05-02,246.443809
2007-05-03,246.576882
2007-05-04,247.800193
2007-05-07,248.808107
2007-05-08,247.552168
2007-05-09,248.454567
2007-05-10,246.12173
2007-05-11,247.008359
2007-05-14,246.029622
2007-05-15,245.175315
2007-05-16,245.217766
2007-05-17,244.485081
2007-05-18,245.298318
2007-05-21,247.031345
2007-05-22,248.488544
2007-05-23,249.207201
2007-05-24,246.231788
2007-05-25,246.46262
2007-05-28,247.064693
2007-05-29,248.376647
2007-05-30,248.417402
2007-05-31,250.775667
2007-06-01,252.392879
2007-06-04,253.672714
2007-06-05,252.876113
2007-06-06,250.87539
2007-06-07,247.177265
2007-06-08,246.71124
2007-06-11,246.818065
2007-06-12,244.591056
2007-06-13,245.339492
2007-06-14,247.429116
2007-06-15,250.255338
2007-06-18,250.455097
2007-06-19,250.793559
2007-06-20,249.588395
2007-06-21,249.423627
2007-06-22,248.654666
2007-06-25,246.743809
2007-06-26,246.093066
2007-06-27,246.521403
2007-06-28,248.490913
2007-06-29,248.829612
2007-07-02,251.856029
2007-07-03,252.834931
2007-07-04,253.384999
2007-07-05,253.468396
2007-07-06,254.087925
2007-07-09,255.001598
2007-07-10,253.304317
2007-07-11,253.331285
2007-07-12,255.495819
2007-07-13,256.491038
2007-07-16,255.507342
2007-07-17,255.567882
2007-07-18,254.583735
2007-07-19,256.25648
2007-07-20,254.539306
2007-07-23,253.454568
2007-07-24,250.05357
2007-07-25,247.98539
2007-07-26,242.752071
2007-07-27,238.450854
2007-07-30,240.179909
2007-07-31,240.545729
2007-08-01,237.717405
2007-08-02,238.595694
2007-08-03,235.325229
2007-08-06,234.914747
2007-08-07,235.18016
2007-08-08,238.361711
2007-08-09,235.389416
2007-08-10,231.810437
2007-08-13,232.040035
2007-08-14,229.162875
2007-08-15,224.652864
2007-08-16,221.88547
2007-08-17,222.885684
2007-08-20,225.286443
2007-08-21,226.308389
2007-08-22,229.31104
2007-08-23,230.396709
2007-08-24,232.043041
2007-08-27,231.908459
2007-08-28,227.957027
2007-08-29,229.512747
2007-08-30,229.945118
2007-08-31,233.687886
2007-09-03,234.136702
2007-09-04,235.560718
2007-09-05,233.072132
2007-09-06,233.52052
2007-09-07,231.472313
2007-09-10,228.820425
2007-09-11,231.938549
2007-09-12,231.777545
2007-09-13,231.168504
2007-09-14,231.106239
2007-09-17,229.015492
2007-09-18,231.946684
2007-09-19,236.500852
2007-09-20,236.507076
2007-09-21,236.974623
2007-09-24,236.356091
2007-09-25,235.74268
2007-09-26,237.154277
2007-09-27,239.340097
2007-09-28,238.526313
2007-10-01,241.371198
2007-10-02,242.949306
2007-10-03,242.895406
2007-10-04,243.490979
2007-10-05,246.478884
2007-10-08,245.504871
2007-10-09,247.045172
2007-10-10,247.838361
2007-10-11,248.087801
2007-10-12,248.285563
2007-10-15,247.323105
2007-10-16,244.446669
2007-10-17,245.117899
2007-10-18,246.266184
2007-10-19,242.341223
2007-10-22,240.416741
2007-10-23,243.856177
2007-10-24,242.847894
2007-10-25,242.887285
2007-10-26,245.809307
2007-10-29,247.49989
2007-10-30,246.633385
2007-10-31,250.17914
2007-11-01,245.869727
2007-11-02,245.375495
2007-11-05,242.359049
2007-11-06,245.05002
2007-11-07,241.917562
2007-11-08,240.438163
2007-11-09,237.765834
2007-11-12,233.101101
2007-11-13,235.937319
2007-11-14,237.501284
2007-11-15,233.980552
2007-11-16,232.000145
2007-11-19,226.588506
2007-11-20,227.011803
2007-11-21,222.837095
2007-11-22,222.802975
2007-11-23,225.81562
2007-11-26,224.384514
2007-11-27,224.745123
2007-11-28,228.953753
2007-11-29,229.970651
2007-11-30,231.244942
2007-12-03,230.180211
2007-12-04,227.733231
2007-12-05,229.606107
2007-12-06,232.78879
2007-12-07,233.895672
2007-12-10,235.249512
2007-12-11,231.752325
2007-12-12,232.031401
2007-12-13,229.105904
2007-12-14,225.537796
2007-12-17,220.119349
2007-12-18,221.633962
2007-12-19,221.416917
2007-12-20,222.586707
2007-12-21,226.107862
2007-12-24,227.668486
2007-12-25,227.920374
2007-12-26,229.034534
2007-12-27,226.928904
2007-12-28,227.396419
2007-12-31,227.022062
2008-01-01,227.022062
2008-01-02,225.971307
2008-01-03,224.225599
2008-01-04,218.557101
2008-01-07,216.32782
2008-01-08,213.903149
2008-01-09,212.817263
2008-01-10,212.807723
2008-01-11,210.039558
2008-01-14,212.258649
2008-01-15,207.167442
2008-01-16,203.687177
2008-01-17,201.559854
2008-01-18,200.199194
2008-01-21,195.318948
2008-01-22,194.548516
2008-01-23,197.389095
2008-01-24,201.809887
2008-01-25,203.350613
2008-01-28,204.608981
2008-01-29,207.279876
2008-01-30,205.65356
2008-01-31,209.016773
2008-02-01,213.45375
2008-02-04,213.855773
2008-02-05,207.785691
2008-02-06,205.075259
2008-02-07,204.885494
2008-02-08,204.682489
2008-02-11,204.748799
2008-02-12,207.020617
2008-02-13,208.903284
2008-02-14,208.755997
2008-02-15,207.953524
2008-02-18,208.456741
2008-02-19,209.846482
2008-02-20,209.233206
2008-02-21,209.520253
2008-02-22,209.504729
2008-02-25,213.086697
2008-02-26,214.906617
2008-02-27,216.454616
2008-02-28,214.667101
2008-02-29,210.698493
2008-03-03,208.575702
2008-03-04,207.353332
2008-03-05,208.282708
2008-03-06,205.955242
2008-03-07,203.359557
2008-03-10,198.976231
2008-03-11,203.386513
2008-03-12,204.719373
2008-03-13,205.526624
2008-03-14,202.483736
2008-03-17,198.095459
2008-03-18,203.437609
2008-03-19,199.916609
2008-03-20,200.518289
2008-03-21,201.183751
2008-03-24,203.827342
2008-03-25,208.125705
2008-03-26,208.789875
2008-03-27,208.559701
2008-03-28,207.419289
2008-03-31,208.571509
2008-04-01,211.999402
2008-04-02,213.59205
2008-04-03,214.119658
2008-04-04,214.795204
2008-04-07,215.451567
2008-04-08,213.937904
2008-04-09,211.665244
2008-04-10,212.105145
2008-04-11,209.823567
2008-04-14,208.534431
2008-04-15,209.734954
2008-04-16,214.982513
2008-04-17,214.374855
2008-04-18,216.073803
2008-04-21,216.69648
2008-04-22,214.717669
2008-04-23,214.793216
2008-04-24,214.718357
2008-04-25,216.824298
2008-04-28,218.01592
2008-04-29,216.643323
2008-04-30,216.975392
2008-05-01,218.149066
2008-05-02,219.345263
2008-05-05,219.719796
2008-05-06,221.296003
2008-05-07,219.598154
2008-05-08,220.963974
2008-05-09,219.927081
2008-05-12,222.183299
2008-05-13,222.527205
2008-05-14,222.872202
2008-05-15,225.154276
2008-05-16,226.08462
2008-05-19,226.281945
2008-05-20,225.412816
2008-05-21,223.805369
2008-05-22,224.30885
2008-05-23,222.675307
2008-05-26,221.706615
2008-05-27,222.279457
2008-05-28,222.734561
2008-05-29,223.841879
2008-05-30,224.786588
2008-06-02,223.616513
2008-06-03,222.840419
2008-06-04,223.170103
2008-06-05,226.027467
2008-06-06,222.712824
2008-06-09,220.557947
2008-06-10,217.545572
2008-06-11,214.830296
2008-06-12,214.032605
2008-06-13,216.242116
2008-06-16,218.202824
2008-06-17,218.371083
2008-06-18,216.525026
2008-06-19,216.439601
2008-06-20,213.952238
2008-06-23,211.872492
2008-06-24,209.951519
2008-06-25,211.664685
2008-06-26,208.371788
2008-06-27,207.639989
2008-06-30,206.630186
2008-07-01,205.43284
2008-07-02,201.160749
2008-07-03,198.714873
2008-07-04,198.40598
2008-07-07,197.306034
2008-07-08,198.525709
2008-07-09,197.245128
2008-07-10,197.538658
2008-07-11,197.081765
2008-07-14,195.699652
2008-07-15,194.395009
2008-07-16,197.294401
2008-07-17,200.376083
2008-07-18,200.168132
2008-07-21,201.867502
2008-07-22,204.045918
2008-07-23,205.001303
2008-07-24,201.199926
2008-07-25,201.155171
2008-07-28,199.13016
2008-07-29,200.823027
2008-07-30,203.411205
2008-07-31,202.918045
2008-08-01,201.997236
2008-08-04,199.064153
2008-08-05,201.453046
2008-08-06,203.208198
2008-08-07,200.622247
2008-08-08,202.354426
2008-08-11,204.846648
2008-08-12,202.777935
2008-08-13,201.583215
2008-08-14,202.766196
2008-08-15,202.567763
2008-08-18,201.13453
2008-08-19,197.945197
2008-08-20,198.694562
2008-08-21,199.170056
2008-08-22,200.734506
2008-08-25,198.546281
2008-08-26,198.271548
2008-08-27,199.836662
2008-08-28,202.540361
2008-08-29,202.780693
2008-09-01,201.653709
2008-09-02,200.408357
2008-09-03,199.508646
2008-09-04,194.322366
2008-09-05,192.882687
2008-09-08,196.117139
2008-09-09,190.230427
2008-09-10,190.864691
2008-09-11,189.87452
2008-09-12,192.497013
2008-09-15,186.246993
2008-09-16,186.308067
2008-09-17,181.05746
2008-09-18,187.21966
2008-09-19,195.170879
2008-09-22,190.391591
2008-09-23,187.972605
2008-09-24,186.129628
2008-09-25,187.186688
2008-09-26,185.187782
2008-09-29,173.925902
2008-09-30,175.825569
2008-10-01,174.921902
2008-10-02,167.364311
2008-10-03,164.173648
2008-10-06,155.12972
2008-10-07,148.920768
2008-10-08,143.707202
2008-10-09,137.015356
2008-10-10,134.686501
2008-10-13,144.925614
2008-10-14,146.496788
2008-10-15,136.395211
2008-10-16,136.49226
2008-10-17,136.895041
2008-10-20,141.161034
2008-10-21,138.845892
2008-10-22,131.017899
2008-10-23,128.058981
2008-10-24,122.897117
2008-10-27,116.623865
2008-10-28,122.919789
2008-10-29,127.628562
2008-10-30,133.098203
2008-10-31,136.022863
2008-11-03,137.236526
2008-11-04,141.74528
2008-11-05,137.961516
2008-11-06,131.69509
2008-11-07,132.713629
2008-11-10,132.071087
2008-11-11,128.123677
2008-11-12,122.729861
2008-11-13,127.174565
2008-11-14,122.815448
2008-11-17,121.039018
2008-11-18,120.014772
2008-11-19,113.717625
2008-11-20,107.143159
2008-11-21,110.555996
2008-11-24,116.927989
2008-11-25,118.861147
2008-11-26,122.362901
2008-11-27,123.355796
2008-11-28,124.450644
2008-12-01,114.809488
2008-12-02,117.661698
2008-12-03,119.585081
2008-12-04,117.299329
2008-12-05,119.437771
2008-12-08,124.758579
2008-12-09,123.150123
2008-12-10,125.859218
2008-12-11,123.336498
2008-12-12,124.421271
2008-12-15,124.061013
2008-12-16,128.447367
2008-12-17,130.654872
2008-12-18,129.271908
2008-12-19,128.440835
2008-12-22,126.202046
2008-12-23,125.449955
2008-12-24,125.607548
2008-12-25,125.800304
2008-12-26,127.008533
2008-12-29,126.93708
2008-12-30,129.94629
2008-12-31,131.953198
2009-01-01,131.953198
2009-01-02,134.824767
2009-01-05,134.840816
2009-01-06,136.565847
2009-01-07,134.577385
2009-01-08,134.945689
2009-01-09,132.095671
2009-01-12,129.082562
2009-01-13,127.909749
2009-01-14,124.125958
2009-01-15,124.359185
2009-01-16,126.359166
2009-01-19,125.69009
2009-01-20,119.357344
2009-01-21,122.822294
2009-01-22,121.068237
2009-01-23,120.412237
2009-01-26,122.05576
2009-01-27,123.911912
2009-01-28,127.522834
2009-01-29,124.098929
2009-01-30,121.863589
2009-02-02,121.191559
2009-02-03,122.291622
2009-02-04,122.697307
2009-02-05,123.500509
2009-02-06,126.616007
2009-02-09,126.973235
2009-02-10,122.873844
2009-02-11,122.824213
2009-02-12,122.345881
2009-02-13,122.458949
2009-02-16,122.010863
2009-02-17,117.372338
2009-02-18,115.790737
2009-02-19,114.766038
2009-02-20,112.725301
2009-02-23,109.84219
2009-02-24,111.724768
2009-02-25,110.677144
2009-02-26,109.885976
2009-02-27,109.15503
2009-03-02,103.971352
2009-03-03,102.401243
2009-03-04,105.117331
2009-03-05,101.667971
2009-03-06,101.018144
2009-03-09,99.145324
2009-03-10,104.017435
2009-03-11,104.837415
2009-03-12,107.973471
2009-03-13,109.427596
2009-03-16,109.74552
2009-03-17,112.152824
2009-03-18,114.606168
2009-03-19,116.672827
2009-03-20,113.911812
2009-03-23,120.130813
2009-03-24,118.495736
2009-03-25,120.146012
2009-03-26,123.451502
2009-03-27,120.80403
2009-03-30,116.719177
2009-03-31,118.131717
2009-04-01,120.023129
2009-04-02,125.598739
2009-04-03,127.114384
2009-04-06,125.765327
2009-04-07,122.77327
2009-04-08,123.815848
2009-04-09,129.420849
2009-04-10,129.445258
2009-04-13,130.113977
2009-04-14,129.087898
2009-04-15,130.227123
2009-04-16,132.665341
2009-04-17,133.996007
2009-04-20,128.257563
2009-04-21,130.594036
2009-04-22,131.457103
2009-04-23,132.060712
2009-04-24,135.173594
2009-04-27,133.566594
2009-04-28,132.799405
2009-04-29,136.976724
2009-04-30,137.65994
2009-05-01,137.930868
2009-05-04,142.723263
2009-05-05,143.12172
2009-05-06,144.245385
2009-05-07,143.081103
2009-05-08,146.928652
2009-05-11,145.058474
2009-05-12,144.236217
2009-05-13,139.077198
2009-05-14,140.292619
2009-05-15,140.508856
2009-05-18,143.70852
2009-05-19,145.504338
2009-05-20,146.410743
2009-05-21,144.417881
2009-05-22,144.558527
2009-05-25,144.831978
2009-05-26,148.165969
2009-05-27,147.027875
2009-05-28,147.190087
2009-05-29,149.636558
2009-06-01,154.228425
2009-06-02,155.795078
2009-06-03,153.852555
2009-06-04,154.953899
2009-06-05,154.250713
2009-06-08,152.561823
2009-06-09,154.230021
2009-06-10,154.835546
2009-06-11,156.290863
2009-06-12,155.80695
2009-06-15,152.070529
2009-06-16,150.08183
2009-06-17,149.161812
2009-06-18,149.549174
2009-06-19,150.285704
2009-06-22,145.78411
2009-06-23,145.096396
2009-06-24,147.484121
2009-06-25,149.579855
2009-06-26,151.530513
2009-06-29,151.948073
2009-06-30,151.317778
2009-07-01,153.280773
2009-07-02,149.457
2009-07-03,149.122907
2009-07-06,147.593458
2009-07-07,145.920056
2009-07-08,143.913126
2009-07-09,144.565756
2009-07-10,144.294556
2009-07-13,145.794108
2009-07-14,147.860564
2009-07-15,152.281072
2009-07-16,153.753016
2009-07-17,153.508704
2009-07-20,155.889049
2009-07-21,156.895729
2009-07-22,157.608402
2009-07-23,160.869352
2009-07-24,161.640188
2009-07-27,162.381139
2009-07-28,161.879167
2009-07-29,160.951042
2009-07-30,163.307969
2009-07-31,164.613649
2009-08-03,168.392537
2009-08-04,169.273509
2009-08-05,169.00717
2009-08-06,168.172561
2009-08-07,169.657314
2009-08-10,169.658504
2009-08-11,167.963785
2009-08-12,169.634625
2009-08-13,172.040162
2009-08-14,170.851367
2009-08-17,165.579926
2009-08-18,167.668625
2009-08-19,168.548939
2009-08-20,170.914096
2009-08-21,173.700886
2009-08-24,174.938593
2009-08-25,175.619479
2009-08-26,175.207969
2009-08-27,175.039696
2009-08-28,176.484995
2009-08-31,174.654306
2009-09-01,171.268964
2009-09-02,169.60377
2009-09-03,171.52989
2009-09-04,173.551497
2009-09-07,174.994246
2009-09-08,177.703524
2009-09-09,179.885622
2009-09-10,181.89025
2009-09-11,182.603673
2009-09-14,182.766361
2009-09-15,184.006831
2009-09-16,187.478081
2009-09-17,187.661507
2009-09-18,187.181556
2009-09-21,185.693833
2009-09-22,188.041409
2009-09-23,186.707289
2009-09-24,183.477958
2009-09-25,182.497257
2009-09-28,184.890793
2009-09-29,184.759151
2009-09-30,184.937181
2009-10-01,180.203266
2009-10-02,177.722979
2009-10-05,180.138959
2009-10-06,183.918853
2009-10-07,184.353832
2009-10-08,187.130526
2009-10-09,188.10386
2009-10-12,188.672002
2009-10-13,188.247005
2009-10-14,191.607591
2009-10-15,191.914827
2009-10-16,189.928249
2009-10-19,191.934033
2009-10-20,190.659978
2009-10-21,189.513518
2009-10-22,189.95662
2009-10-23,187.848665
2009-10-26,185.489594
2009-10-27,182.806766
2009-10-28,177.213758
2009-10-29,180.826128
2009-10-30,177.652774
2009-11-02,177.402506
2009-11-03,177.98893
2009-11-04,179.073325
2009-11-05,182.07654
2009-11-06,182.331375
2009-11-09,186.136879
2009-11-10,185.327699
2009-11-11,186.531243
2009-11-12,183.95071
2009-11-13,185.443563
2009-11-16,189.073356
2009-11-17,187.754838
2009-11-18,187.698963
2009-11-19,183.796208
2009-11-20,182.964505
2009-11-23,185.682278
2009-11-24,184.479237
2009-11-25,185.479229
2009-11-26,183.634033
2009-11-27,181.443588
2009-11-30,181.852408
2009-12-01,185.848149
2009-12-02,187.110302
2009-12-03,186.280054
2009-12-04,187.123962
2009-12-07,187.004835
2009-12-08,185.115871
2009-12-09,184.544941
2009-12-10,184.607366
2009-12-11,185.22899
2009-12-14,187.435895
2009-12-15,186.684659
2009-12-16,188.097662
2009-12-17,185.521354
2009-12-18,185.935715
2009-12-21,187.654611
2009-12-22,188.472088
2009-12-23,190.231843
2009-12-24,191.00033
2009-12-25,190.975475
2009-12-28,191.433008
2009-12-29,191.815089
2009-12-30,191.050799
2009-12-31,190.172709
2010-01-01,190.172709
2010-01-04,194.352765
2010-01-05,195.206721
2010-01-06,195.83883
2010-01-07,196.475272
2010-01-08,197.595442
2010-01-11,198.820145
2010-01-12,196.746724
2010-01-13,197.912831
2010-01-14,198.936528
2010-01-15,197.197991
2010-01-18,197.342684
2010-01-19,198.567426
2010-01-20,195.920335
2010-01-21,193.213921
2010-01-22,190.366881
2010-01-25,190.57778
2010-01-26,189.160475
2010-01-27,189.063278
2010-01-28,187.484659
2010-01-29,185.595891
2010-02-01,187.233647
2010-02-02,190.002479
2010-02-03,189.101951
2010-02-04,183.574914
2010-02-05,182.115104
2010-02-08,180.684617
2010-02-09,182.318348
2010-02-10,182.622118
2010-02-11,184.731922
2010-02-12,185.552195
2010-02-15,185.381487
2010-02-16,188.063493
2010-02-17,189.636663
2010-02-18,190.532792
2010-02-19,189.982048
2010-02-22,191.094772
2010-02-23,189.16964
2010-02-24,189.826915
2010-02-25,188.889299
2010-02-26,189.899527
2010-03-01,192.299572
2010-03-02,194.368845
2010-03-03,195.625724
2010-03-04,195.627767
2010-03-05,198.494935
2010-03-08,199.182016
2010-03-09,199.372797
2010-03-10,200.84851
2010-03-11,201.476812
2010-03-12,202.343447
2010-03-15,201.495939
2010-03-16,203.39269
2010-03-17,205.200719
2010-03-18,204.087503
2010-03-19,202.397589
2010-03-22,203.799198
2010-03-23,205.469618
2010-03-24,203.471956
2010-03-25,202.943655
2010-03-26,203.345276
2010-03-29,204.72386
2010-03-30,205.068758
2010-03-31,204.552488
2010-04-01,206.758626
2010-04-02,206.813245
2010-04-05,209.182262
2010-04-06,210.272344
2010-04-07,209.939526
2010-04-08,209.627369
2010-04-09,211.542616
2010-04-12,212.517112
2010-04-13,212.038993
2010-04-14,215.302196
2010-04-15,215.891643
2010-04-16,213.198577
2010-04-19,211.32759
2010-04-20,213.993342
2010-04-21,215.041639
2010-04-22,215.686876
2010-04-23,217.706931
2010-04-26,218.218732
2010-04-27,213.664149
2010-04-28,211.648913
2010-04-29,215.022016
2010-04-30,212.435293
2010-05-03,214.215565
2010-05-04,208.109244
2010-05-05,204.769095
2010-05-06,198.908118
2010-05-07,192.760284
2010-05-10,202.811199
2010-05-11,202.718844
2010-05-12,206.936385
2010-05-13,206.148234
2010-05-14,201.448791
2010-05-17,199.45046
2010-05-18,197.461341
2010-05-19,193.936075
2010-05-20,186.729803
2010-05-21,188.806762
2010-05-24,187.263406
2010-05-25,184.429805
2010-05-26,186.141919
2010-05-27,192.589476
2010-05-28,191.722849
2010-05-31,192.023973
2010-06-01,188.538087
2010-06-02,190.977975
2010-06-03,193.420566
2010-06-04,186.892543
2010-06-07,182.47755
2010-06-08,182.396259
2010-06-09,183.7004
2010-06-10,188.678995
2010-06-11,190.465501
2010-06-14,192.835312
2010-06-15,196.228878
2010-06-16,196.011828
2010-06-17,195.890321
2010-06-18,196.600153
2010-06-21,196.526471
2010-06-22,193.603705
2010-06-23,192.318859
2010-06-24,189.994571
2010-06-25,191.155892
2010-06-28,191.057514
2010-06-29,184.487403
2010-06-30,183.073331
2010-07-01,181.75001
2010-07-02,181.573701
2010-07-05,181.420591
2010-07-06,182.473787
2010-07-07,186.269854
2010-07-08,188.648721
2010-07-09,190.388029
2010-07-12,189.341189
2010-07-13,193.399835
2010-07-14,193.632025
2010-07-15,193.222205
2010-07-16,188.642813
2010-07-19,188.423291
2010-07-20,189.806952
2010-07-21,188.813774
2010-07-22,193.340848
2010-07-23,196.093654
2010-07-26,199.546265
2010-07-27,198.882301
2010-07-28,197.423346
2010-07-29,197.629289
2010-07-30,197.288769
2010-08-02,201.182155
2010-08-03,200.740702
2010-08-04,201.327632
2010-08-05,200.895601
2010-08-06,200.835785
2010-08-09,202.34294
2010-08-10,198.822538
2010-08-11,192.461235
2010-08-12,190.880062
2010-08-13,190.192567
2010-08-16,191.185946
2010-08-17,194.012122
2010-08-18,194.471339
2010-08-19,191.929456
2010-08-20,189.97057
2010-08-23,189.023311
2010-08-24,186.651158
2010-08-25,186.864819
2010-08-26,187.179457
2010-08-27,190.265246
2010-08-30,188.633421
2010-08-31,188.209583
2010-09-01,193.741481
2010-09-02,195.784556
2010-09-03,198.285645
2010-09-06,199.203077
2010-09-07,196.375063
2010-09-08,197.326967
2010-09-09,198.283954
2010-09-10,198.766525
2010-09-13,202.464259
2010-09-14,202.838768
2010-09-15,203.04961
2010-09-16,202.307644
2010-09-17,202.90501
2010-09-20,206.162047
2010-09-21,205.692887
2010-09-22,205.177863
2010-09-23,203.664808
2010-09-24,207.895182
2010-09-27,208.156901
2010-09-28,209.548503
2010-09-29,210.360685
2010-09-30,209.874584
2010-10-01,210.838856
2010-10-04,208.85838
2010-10-05,213.180211
2010-10-06,213.492355
2010-10-07,213.668802
2010-10-08,215.064943
2010-10-11,215.564142
2010-10-12,215.224444
2010-10-13,218.291024
2010-10-14,218.843908
2010-10-15,217.840957
2010-10-18,218.708545
2010-10-19,214.767288
2010-10-20,217.086648
2010-10-21,217.042984
2010-10-22,217.747417
2010-10-25,219.495565
2010-10-26,218.545285
2010-10-27,216.858727
2010-10-28,217.306149
2010-10-29,218.171066
2010-11-01,218.117566
2010-11-02,220.517463
2010-11-03,220.613148
2010-11-04,225.747255
2010-11-05,226.469981
2010-11-08,226.464025
2010-11-09,225.237697
2010-11-10,224.699376
2010-11-11,224.171213
2010-11-12,221.416386
2010-11-15,221.424351
2010-11-16,217.201527
2010-11-17,217.97923
2010-11-18,221.549064
2010-11-19,222.236055
2010-11-22,222.935305
2010-11-23,219.953582
2010-11-24,222.970077
2010-11-25,223.467328
2010-11-26,221.69897
2010-11-29,220.431273
2010-11-30,219.279547
2010-12-01,223.358723
2010-12-02,227.330582
2010-12-03,229.90435
2010-12-06,230.70113
2010-12-07,231.787564
2010-12-08,230.920812
2010-12-09,231.617537
2010-12-10,233.216695
2010-12-13,234.244911
2010-12-14,234.531056
2010-12-15,233.557677
2010-12-16,233.952416
2010-12-17,234.569411
2010-12-20,234.954722
2010-12-21,237.133526
2010-12-22,237.480592
2010-12-23,237.458929
2010-12-24,237.429727
2010-12-27,237.632238
2010-12-28,237.796084
2010-12-29,239.170711
2010-12-30,239.543411
2010-12-31,239.86197
2011-01-03,241.950622
2011-01-04,240.532614
2011-01-05,240.52406
2011-01-06,239.912238
2011-01-07,239.373549
2011-01-10,239.391371
2011-01-11,240.885918
2011-01-12,243.318448
2011-01-13,244.275614
2011-01-14,245.041597
2011-01-17,244.9585
2011-01-18,246.302784
2011-01-19,243.632805
2011-01-20,239.762418
2011-01-21,239.675498
2011-01-24,241.268905
2011-01-25,241.157836
2011-01-26,243.895171
2011-01-27,244.684059
2011-01-28,241.054594
2011-01-31,242.022836
2011-02-01,246.573895
2011-02-02,246.593787
2011-02-03,246.607148
2011-02-04,247.435007
2011-02-07,249.64658
2011-02-08,250.918411
2011-02-09,249.75477
2011-02-10,249.160005
2011-02-11,250.530874
2011-02-14,251.987264
2011-02-15,251.10996
2011-02-16,252.639417
2011-02-17,254.096744
2011-02-18,254.537554
2011-02-21,253.871802
2011-02-22,248.954861
2011-02-23,246.26384
2011-02-24,245.800432
2011-02-25,250.144265
2011-02-28,251.819983
2011-03-01,249.7523
2011-03-02,249.826811
2011-03-03,253.057736
2011-03-04,253.081086
2011-03-07,250.84591
2011-03-08,251.617405
2011-03-09,251.268503
2011-03-10,245.576515
2011-03-11,245.793422
2011-03-14,242.6916
2011-03-15,237.191679
2011-03-16,236.691435
2011-03-17,239.335912
2011-03-18,242.137726
2011-03-21,246.848709
2011-03-22,247.337698
2011-03-23,247.253519
2011-03-24,249.459773
2011-03-25,250.617532
2011-03-28,249.857556
2011-03-29,250.975799
2011-03-30,253.880419
2011-03-31,254.788551
2011-04-01,255.514242
2011-04-04,256.842086
2011-04-05,257.137546
2011-04-06,257.486401
2011-04-07,256.043087
2011-04-08,256.310163
2011-04-11,254.971589
2011-04-12,251.514298
2011-04-13,252.821494
2011-04-14,253.581918
2011-04-15,254.54329
2011-04-18,250.53567
2011-04-19,251.842373
2011-04-20,256.771873
2011-04-21,259.236474
2011-04-22,259.307228
2011-04-25,258.840709
2011-04-26,260.468229
2011-04-27,261.284944
2011-04-28,263.588737
2011-04-29,264.443353
2011-05-02,263.651894
2011-05-03,260.799485
2011-05-04,258.377083
2011-05-05,256.569106
2011-05-06,257.379317
2011-05-09,258.079237
2011-05-10,261.117893
2011-05-11,258.710743
2011-05-12,257.982749
2011-05-13,255.867266
2011-05-16,253.438754
2011-05-17,251.646341
2011-05-18,254.896545
2011-05-19,255.459313
2011-05-20,254.319321
2011-05-23,249.756921
2011-05-24,249.86672
2011-05-25,251.244644
2011-05-26,253.48486
2011-05-27,255.942526
2011-05-30,256.282575
2011-05-31,259.003715
2011-06-01,255.091519
2011-06-02,253.770701
2011-06-03,251.834228
2011-06-06,249.174084
2011-06-07,249.938675
2011-06-08,246.824446
2011-06-09,247.852311
2011-06-10,244.321729
2011-06-13,243.592092
2011-06-14,247.56572
2011-06-15,243.906579
2011-06-16,241.591109
2011-06-17,242.270403
2011-06-20,242.566576
2011-06-21,247.290624
2011-06-22,247.01427
2011-06-23,244.631371
2011-06-24,243.635835
2011-06-27,244.119713
2011-06-28,247.285255
2011-06-29,250.336029
2011-06-30,253.362877
2011-07-01,256.207823
2011-07-04,257.312511
2011-07-05,257.398648
2011-07-06,257.543444
2011-07-07,260.003058
2011-07-08,258.516163
2011-07-11,252.595464
2011-07-12,251.326087
2011-07-13,254.249761
2011-07-14,251.442568
2011-07-15,252.009906
2011-07-18,248.428655
2011-07-19,252.673507
2011-07-20,253.433842
2011-07-21,256.136456
2011-07-22,257.5299
2011-07-25,255.647028
2011-07-26,255.326938
2011-07-27,249.79458
2011-07-28,248.192219
2011-07-29,247.465922
2011-08-01,246.258632
2011-08-02,239.79323
2011-08-03,238.759408
2011-08-04,226.000598
2011-08-05,221.053483
2011-08-08,206.071049
2011-08-09,214.533202
2011-08-10,209.750492
2011-08-11,217.137263
2011-08-12,219.374237
2011-08-15,225.018414
2011-08-16,222.206743
2011-08-17,222.487289
2011-08-18,211.399212
2011-08-19,208.293884
2011-08-22,207.778321
2011-08-23,213.72222
2011-08-24,215.578482
2011-08-25,212.656274
2011-08-26,215.986909
2011-08-29,223.382433
2011-08-30,224.964635
2011-08-31,227.042409
2011-09-01,224.107744
2011-09-02,218.592707
2011-09-05,215.599622
2011-09-06,213.271015
2011-09-07,220.089697
2011-09-08,218.588244
2011-09-09,212.615253
2011-09-12,210.745505
2011-09-13,213.624331
2011-09-14,215.579203
2011-09-15,219.314383
2011-09-16,220.690052
2011-09-19,216.843533
2011-09-20,215.167666
2011-09-21,209.923111
2011-09-22,201.231384
2011-09-23,201.997849
2011-09-26,203.22803
2011-09-27,209.156783
2011-09-28,204.788826
2011-09-29,206.336198
2011-09-30,201.554817
2011-10-03,193.915763
2011-10-04,196.729495
2011-10-05,199.912276
2011-10-06,205.401362
2011-10-07,204.232096
2011-10-10,210.267153
2011-10-11,211.487821
2011-10-12,215.062597
2011-10-13,214.572415
2011-10-14,217.614681
2011-10-17,213.897112
2011-10-18,216.216448
2011-10-19,214.561268
2011-10-20,213.342221
2011-10-21,218.072931
2011-10-24,223.765144
2011-10-25,219.932764
2011-10-26,221.676872
2011-10-27,231.491783
2011-10-28,231.618829
2011-10-31,225.384958
2011-11-01,217.281372
2011-11-02,220.922318
2011-11-03,224.972098
2011-11-04,225.00631
2011-11-07,224.561267
2011-11-08,226.341092
2011-11-09,219.024213
2011-11-10,218.710054
2011-11-11,223.855894
2011-11-14,221.759558
2011-11-15,222.036827
2011-11-16,219.404631
2011-11-17,216.325362
2011-11-18,215.538251
2011-11-21,210.68972
2011-11-22,209.628609
2011-11-23,204.383752
2011-11-24,204.083421
2011-11-25,202.742252
2011-11-28,209.758974
2011-11-29,210.863889
2011-11-30,219.966338
2011-12-01,218.909152
2011-12-02,219.900836
2011-12-05,222.89513
2011-12-06,221.412642
2011-12-07,221.814537
2011-12-08,216.668363
2011-12-09,220.007787
2011-12-12,216.428938
2011-12-13,213.311938
2011-12-14,209.198104
2011-12-15,210.380197
2011-12-16,211.953696
2011-12-19,208.893564
2011-12-20,215.39206
2011-12-21,215.796672
2011-12-22,217.115529
2011-12-23,218.315701
2011-12-26,218.34272
2011-12-27,218.893115
2011-12-28,215.426187
2011-12-29,217.307825
2011-12-30,218.125992
2012-01-02,218.554415
2012-01-03,222.051053
2012-01-04,221.211889
2012-01-05,220.946606
2012-01-06,220.425731
2012-01-09,221.149697
2012-01-10,223.970454
2012-01-11,224.343875
2012-01-12,225.315939
2012-01-13,224.087128
2012-01-16,224.402745
2012-01-17,225.643768
2012-01-18,228.662071
2012-01-19,230.690505
2012-01-20,231.365704
2012-01-23,232.321234
2012-01-24,231.91185
2012-01-25,233.764396
2012-01-26,234.844596
2012-01-27,235.846477
2012-01-30,234.039336
2012-01-31,234.595341
2012-02-01,239.093749
2012-02-02,240.066791
2012-02-03,243.185051
2012-02-06,243.235913
2012-02-07,243.477067
2012-02-08,244.117416
2012-02-09,244.369452
2012-02-10,241.524632
2012-02-13,243.864398
2012-02-14,242.407411
2012-02-15,242.179787
2012-02-16,243.867837
2012-02-17,244.916715
2012-02-20,246.155306
2012-02-21,245.335783
2012-02-22,244.243084
2012-02-23,246.399825
2012-02-24,247.167422
2012-02-27,246.778088
2012-02-28,246.82784
2012-02-29,245.261743
2012-03-01,246.131765
2012-03-02,244.181708
2012-03-05,242.966946
2012-03-06,237.605209
2012-03-07,239.571702
2012-03-08,243.260447
2012-03-09,244.851593
2012-03-12,243.848815
2012-03-13,247.713258
2012-03-14,246.068468
2012-03-15,247.819388
2012-03-16,248.614294
2012-03-19,249.759483
2012-03-20,247.382168
2012-03-21,246.969113
2012-03-22,244.860038
2012-03-23,246.536842
2012-03-26,250.049087
2012-03-27,249.533714
2012-03-28,247.760702
2012-03-29,246.746526
2012-03-30,247.588391
2012-04-02,249.56871
2012-04-03,248.863525
2012-04-04,243.872935
2012-04-05,243.172904
2012-04-06,243.060494
2012-04-09,240.671885
2012-04-10,235.979953
2012-04-11,238.295925
2012-04-12,242.395498
2012-04-13,239.82853
2012-04-16,239.268468
2012-04-17,242.738541
2012-04-18,242.40557
2012-04-19,241.454524
2012-04-20,242.403905
2012-04-23,238.81677
2012-04-24,239.894742
2012-04-25,243.314671
2012-04-26,245.251261
2012-04-27,247.013364
2012-04-30,245.822812
2012-05-01,245.983254
2012-05-02,246.221132
2012-05-03,243.719955
2012-05-04,239.729536
2012-05-07,238.667389
2012-05-08,236.93037
2012-05-09,235.017267
2012-05-10,236.348596
2012-05-11,235.961937
2012-05-14,232.070207
2012-05-15,230.138315
2012-05-16,227.881336
2012-05-17,224.575077
2012-05-18,221.553353
2012-05-21,225.109941
2012-05-22,226.347726
2012-05-23,225.270361
2012-05-24,225.639648
2012-05-25,225.219656
2012-05-28,225.648209
2012-05-29,228.579088
2012-05-30,224.227537
2012-05-31,223.887564
2012-06-01,217.975316
2012-06-04,216.812882
2012-06-05,219.171826
2012-06-06,224.145547
2012-06-07,224.669314
2012-06-08,224.601224
2012-06-11,222.127682
2012-06-12,223.120855
2012-06-13,221.600017
2012-06-14,222.809352
2012-06-15,225.508888
2012-06-18,226.72385
2012-06-19,229.734675
2012-06-20,230.308727
2012-06-21,225.727099
2012-06-22,225.946302
2012-06-25,222.431403
2012-06-26,222.602558
2012-06-27,225.016324
2012-06-28,225.020588
2012-06-29,231.963394
2012-07-02,233.814578
2012-07-03,236.520805
2012-07-04,236.557274
2012-07-05,235.781342
2012-07-06,233.084202
2012-07-09,231.845973
2012-07-10,230.147093
2012-07-11,229.221331
2012-07-12,227.587712
2012-07-13,230.956931
2012-07-16,230.752637
2012-07-17,231.080334
2012-07-18,232.274011
2012-07-19,233.713564
2012-07-20,231.059537
2012-07-23,226.544898
2012-07-24,224.553318
2012-07-25,224.598641
2012-07-26,228.423514
2012-07-27,232.353001
2012-07-30,232.412476
2012-07-31,231.625872
2012-08-01,229.529528
2012-08-02,227.741286
2012-08-03,231.791009
2012-08-06,233.997518
2012-08-07,235.909385
2012-08-08,235.986898
2012-08-09,236.751464
2012-08-10,236.874633
2012-08-13,236.339335
2012-08-14,236.1977
2012-08-15,237.088614
2012-08-16,239.212314
2012-08-17,240.59042
2012-08-20,240.07256
2012-08-21,241.215915
2012-08-22,240.191413
2012-08-23,239.760853
2012-08-24,239.493904
2012-08-27,239.494531
2012-08-28,239.621127
2012-08-29,239.957141
2012-08-30,237.699426
2012-08-31,239.22833
2012-09-03,239.473474
2012-09-04,240.436301
2012-09-05,239.990075
2012-09-06,244.11285
2012-09-07,247.070527
2012-09-10,246.709285
2012-09-11,247.493813
2012-09-12,248.887363
2012-09-13,250.901505
2012-09-14,254.89489
2012-09-17,253.109446
2012-09-18,251.941038
2012-09-19,252.623491
2012-09-20,250.922765
2012-09-21,251.936248
2012-09-24,250.516888
2012-09-25,248.830519
2012-09-26,246.105318
2012-09-27,248.499544
2012-09-28,247.597427
2012-10-01,247.97709
2012-10-02,248.249988
2012-10-03,247.327297
2012-10-04,249.712637
2012-10-05,250.661263
2012-10-08,249.269413
2012-10-09,246.795604
2012-10-10,245.410967
2012-10-11,246.229097
2012-10-12,245.302032
2012-10-15,246.275046
2012-10-16,248.82243
2012-10-17,251.380954
2012-10-18,251.097176
2012-10-19,248.039047
2012-10-22,247.763283
2012-10-23,245.489551
2012-10-24,245.063388
2012-10-25,246.052492
2012-10-26,245.260383
2012-10-29,244.81597
2012-10-30,245.138114
2012-10-31,246.161555
2012-11-01,249.149283
2012-11-02,247.011651
2012-11-05,247.240066
2012-11-06,248.681187
2012-11-07,244.892922
2012-11-08,242.298748
2012-11-09,241.943043
2012-11-12,241.206701
2012-11-13,240.074218
2012-11-14,236.881944
2012-11-15,235.775917
2012-11-16,236.500583
2012-11-19,241.289795
2012-11-20,241.571039
2012-11-21,242.329805
2012-11-22,243.419781
2012-11-23,245.76953
2012-11-26,245.882707
2012-11-27,245.695384
2012-11-28,246.207721
2012-11-29,248.658032
2012-11-30,248.571672
2012-12-03,248.545052
2012-12-04,248.859528
2012-12-05,248.754294
2012-12-06,249.502674
2012-12-07,249.632048
2012-12-10,250.371548
2012-12-11,252.033608
2012-12-12,252.096909
2012-12-13,251.148471
2012-12-14,251.067682
2012-12-17,252.996452
2012-12-18,255.86663
2012-12-19,256.834833
2012-12-20,257.498458
2012-12-21,255.694056
2012-12-24,255.08199
2012-12-25,255.192785
2012-12-26,254.331209
2012-12-27,254.5338
2012-12-28,253.526143
2012-12-31,256.403613
2013-01-01,256.430795
2013-01-02,262.197444
2013-01-03,262.084485
2013-01-04,263.448405
2013-01-07,263.595164
2013-01-08,262.758394
2013-01-09,263.934318
2013-01-10,265.263366
2013-01-11,265.594612
2013-01-14,265.338156
2013-01-15,266.36452
2013-01-16,265.544822
2013-01-17,267.255184
2013-01-18,267.896751
2013-01-21,268.259289
2013-01-22,269.614427
2013-01-23,269.060317
2013-01-24,269.703825
2013-01-25,271.476644
2013-01-28,271.239381
2013-01-29,271.387048
2013-01-30,270.436193
2013-01-31,271.351477
2013-02-01,273.787924
2013-02-04,271.006665
2013-02-05,271.784299
2013-02-06,273.374892
2013-02-07,272.756365
2013-02-08,274.348263
2013-02-11,273.414258
2013-02-12,275.091829
2013-02-13,275.550109
2013-02-14,275.685486
2013-02-15,274.988448
2013-02-18,275.243617
2013-02-19,277.660593
2013-02-20,274.52634
2013-02-21,271.156789
2013-02-22,273.243435
2013-02-25,270.226739
2013-02-26,270.094311
2013-02-27,272.565093
2013-02-28,273.569114
2013-03-01,272.735378
2013-03-04,272.972649
2013-03-05,276.029613
2013-03-06,276.955895
2013-03-07,277.66093
2013-03-08,278.800308
2013-03-11,279.599413
2013-03-12,279.273218
2013-03-13,279.421438
2013-03-14,281.905476
2013-03-15,283.404391
2013-03-18,281.574251
2013-03-19,280.543749
2013-03-20,282.231004
2013-03-21,281.439492
2013-03-22,281.624275
2013-03-25,281.267843
2013-03-26,282.27454
2013-03-27,282.236242
2013-03-28,283.118334
2013-03-29,282.97974
2013-04-01,279.973454
2013-04-02,279.230355
2013-04-03,276.777901
2013-04-04,276.575739
2013-04-05,276.236052
2013-04-08,278.115716
2013-04-09,278.83129
2013-04-10,282.509038
2013-04-11,284.031551
2013-04-12,282.808007
2013-04-15,275.341649
2013-04-16,277.409404
2013-04-17,273.86994
2013-04-18,272.549367
2013-04-19,274.613068
2013-04-22,275.722512
2013-04-23,278.882312
2013-04-24,280.829089
2013-04-25,283.323889
2013-04-26,282.622515
2013-04-29,284.274336
2013-04-30,286.446202
2013-05-01,283.084017
2013-05-02,284.408815
2013-05-03,287.314202
2013-05-06,288.031774
2013-05-07,290.549955
2013-05-08,292.734696
2013-05-09,291.600787
2013-05-10,291.924419
2013-05-13,291.820391
2013-05-14,293.827284
2013-05-15,293.787488
2013-05-16,293.292072
2013-05-17,294.992095
2013-05-20,296.376464
2013-05-21,296.592578
2013-05-22,293.132596
2013-05-23,290.044256
2013-05-24,290.105842
2013-05-27,289.564236
2013-05-28,291.711485
2013-05-29,290.593374
2013-05-30,291.474882
2013-05-31,289.374171
2013-06-03,289.089062
2013-06-04,288.20604
2013-06-05,284.531664
2013-06-06,285.43232
2013-06-07,287.260338
2013-06-10,288.661981
2013-06-11,286.180389
2013-06-12,285.052692
2013-06-13,286.943317
2013-06-14,287.043016
2013-06-17,289.368643
2013-06-18,290.870522
2013-06-19,289.386523
2013-06-20,279.973332
2013-06-21,279.374367
2013-06-24,275.223416
2013-06-25,277.739722
2013-06-26,278.949549
2013-06-27,282.729896
2013-06-28,283.12944
2013-07-01,286.479115
2013-07-02,286.711549
2013-07-03,286.512094
2013-07-04,287.509745
2013-07-05,289.084153
2013-07-08,290.136631
2013-07-09,292.610052
2013-07-10,293.447479
2013-07-11,297.998504
2013-07-12,298.758805
2013-07-15,299.467927
2013-07-16,298.897773
2013-07-17,299.657881
2013-07-18,301.644209
2013-07-19,301.765258
2013-07-22,303.665587
2013-07-23,303.727174
2013-07-24,302.214458
2013-07-25,303.02054
2013-07-26,302.084818
2013-07-29,300.131363
2013-07-30,301.421152
2013-07-31,301.348689
2013-08-01,305.147403
2013-08-02,306.521731
2013-08-05,307.131374
2013-08-06,305.483594
2013-08-07,303.422613
2013-08-08,305.75277
2013-08-09,306.075996
2013-08-12,306.36112
2013-08-13,306.242497
2013-08-14,306.412868
2013-08-15,301.797643
2013-08-16,301.99807
2013-08-19,300.539756
2013-08-20,302.134056
2013-08-21,300.285305
2013-08-22,302.489694
2013-08-23,304.066173
2013-08-26,303.802001
2013-08-27,298.597183
2013-08-28,297.575302
2013-08-29,298.805481
2013-08-30,295.547925
2013-09-02,297.028202
2013-09-03,298.238215
2013-09-04,300.702962
2013-09-05,301.199748
2013-09-06,302.371224
2013-09-09,306.566737
2013-09-10,309.577107
2013-09-11,310.279341
2013-09-12,309.332789
2013-09-13,310.017057
2013-09-16,312.132945
2013-09-17,313.169438
2013-09-18,315.635357
2013-09-19,317.57405
2013-09-20,315.641105
2013-09-23,314.903381
2013-09-24,315.622589
2013-09-25,315.645851
2013-09-26,316.670597
2013-09-27,316.618912
2013-09-30,315.970463
2013-10-01,318.872533
2013-10-02,318.13442
2013-10-03,316.185128
2013-10-04,317.118623
2013-10-07,313.978446
2013-10-08,310.789511
2013-10-09,309.42797
2013-10-10,314.85884
2013-10-11,317.91786
2013-10-14,319.197968
2013-10-15,317.752107
2013-10-16,319.917743
2013-10-17,323.800656
2013-10-18,326.711058
2013-10-21,327.385472
2013-10-22,328.935736
2013-10-23,327.19688
2013-10-24,328.720131
2013-10-25,328.483115
2013-10-28,328.052413
2013-10-29,328.535814
2013-10-30,326.863573
2013-10-31,325.697829
2013-11-01,324.09225
2013-11-04,326.370872
2013-11-05,325.524437
2013-11-06,325.901262
2013-11-07,321.189229
2013-11-08,323.466956
2013-11-11,324.70601
2013-11-12,324.368401
2013-11-13,325.504357
2013-11-14,327.13404
2013-11-15,328.619096
2013-11-18,327.883788
2013-11-19,325.999119
2013-11-20,325.165067
2013-11-21,327.396628
2013-11-22,328.67934
2013-11-25,328.72394
2013-11-26,329.985863
2013-11-27,330.750189
2013-11-28,331.376183
2013-11-29,331.601677
2013-12-02,329.511743
2013-12-03,327.872367
2013-12-04,326.587792
2013-12-05,326.682673
2013-12-06,328.623449
2013-12-09,329.327218
2013-12-10,328.661412
2013-12-11,324.924987
2013-12-12,323.48381
2013-12-13,323.953915
2013-12-16,326.076939
2013-12-17,326.023713
2013-12-18,329.095728
2013-12-19,328.437176
2013-12-20,331.812162
2013-12-23,334.551184
2013-12-24,335.163009
2013-12-25,335.206453
2013-12-26,336.154463
2013-12-27,337.463402
2013-12-30,338.620109
2013-12-31,339.428581
2014-01-01,339.440564
2014-01-02,336.986454
2014-01-03,338.381112
2014-01-06,337.211906
2014-01-07,338.784799
2014-01-08,339.4857
2014-01-09,339.143145
2014-01-10,342.309523
2014-01-13,340.184726
2014-01-14,342.008703
2014-01-15,343.559172
2014-01-16,343.508742
2014-01-17,343.21291
2014-01-20,343.259333
2014-01-21,344.042677
2014-01-22,345.263446
2014-01-23,342.926265
2014-01-24,335.707137
2014-01-27,331.352123
2014-01-28,334.066547
2014-01-29,332.836663
2014-01-30,334.47901
2014-01-31,333.108701
2014-02-03,325.257077
2014-02-04,325.072301
2014-02-05,324.813856
2014-02-06,328.825544
2014-02-07,332.358018
2014-02-10,333.484568
2014-02-11,336.53424
2014-02-12,338.080091
2014-02-13,340.377992
2014-02-14,341.513314
2014-02-17,342.526043
2014-02-18,344.893273
2014-02-19,343.105657
2014-02-20,344.132044
2014-02-21,345.594564
2014-02-24,347.560451
2014-02-25,348.104901
2014-02-26,348.266545
2014-02-27,349.283355
2014-02-28,350.621969
2014-03-03,346.992311
2014-03-04,353.065264
2014-03-05,353.329652
2014-03-06,354.339126
2014-03-07,353.995167
2014-03-10,352.284766
2014-03-11,350.575546
2014-03-12,349.740638
2014-03-13,347.192525
2014-03-14,346.1797
2014-03-17,348.342427
2014-03-18,352.055166
2014-03-19,350.388428
2014-03-20,348.58678
2014-03-21,347.656229
2014-03-24,344.929154
2014-03-25,345.640653
2014-03-26,343.213792
2014-03-27,343.282271
2014-03-28,344.448686
2014-03-31,349.036912
2014-04-01,352.053679
2014-04-02,353.08759
2014-04-03,351.206804
2014-04-04,347.732063
2014-04-07,343.146654
2014-04-08,343.755641
2014-04-09,347.113683
2014-04-10,342.052951
2014-04-11,337.193282
2014-04-14,336.458339
2014-04-15,336.68128
2014-04-16,340.921803
2014-04-17,342.781718
2014-04-18,343.021988
2014-04-21,343.5543
2014-04-22,346.508972
2014-04-23,345.596648
2014-04-24,345.620097
2014-04-25,342.126678
2014-04-28,340.205278
2014-04-29,341.671794
2014-04-30,343.207968
2014-05-01,344.017476
2014-05-02,345.082583
2014-05-05,344.76426
2014-05-06,343.204279
2014-05-07,341.756625
2014-05-08,340.745127
2014-05-09,340.698813
2014-05-12,345.096945
2014-05-13,343.779085
2014-05-14,341.424202
2014-05-15,338.299608
2014-05-16,337.919307
2014-05-19,339.368045
2014-05-20,336.998747
2014-05-21,338.442487
2014-05-22,340.986518
2014-05-23,343.211316
2014-05-26,344.466522
2014-05-27,346.834455
2014-05-28,346.3353
2014-05-29,347.588503
2014-05-30,347.03945
2014-06-02,347.553702
2014-06-03,346.892948
2014-06-04,348.107589
2014-06-05,351.399102
2014-06-06,354.304871
2014-06-09,355.698722
2014-06-10,354.869664
2014-06-11,353.931073
2014-06-12,353.177184
2014-06-13,353.235738
2014-06-16,353.412851
2014-06-17,354.907987
2014-06-18,356.727909
2014-06-19,358.569056
2014-06-20,358.795816
2014-06-23,358.546443
2014-06-24,355.894745
2014-06-25,356.881516
2014-06-26,357.303686
2014-06-27,358.589394
2014-06-30,360.627926
2014-07-01,363.358928
2014-07-02,362.861436
2014-07-03,364.600831
2014-07-04,364.700607
2014-07-07,360.727416
2014-07-08,357.255659
2014-07-09,357.356354
2014-07-10,354.247521
2014-07-11,353.921414
2014-07-14,355.710231
2014-07-15,353.326592
2014-07-16,354.080005
2014-07-17,350.973296
2014-07-18,353.310943
2014-07-21,352.326536
2014-07-22,354.720999
2014-07-23,355.434588
2014-07-24,355.433184
2014-07-25,353.544277
2014-07-28,352.555269
2014-07-29,352.353488
2014-07-30,351.941997
2014-07-31,346.088411
2014-08-01,344.295896
2014-08-04,345.310691
2014-08-05,343.655788
2014-08-06,342.904123
2014-08-07,341.974812
2014-08-08,343.075532
2014-08-11,346.642234
2014-08-12,345.63831
2014-08-13,347.694211
2014-08-14,348.848696
2014-08-15,348.83591
2014-08-18,352.378032
2014-08-19,354.001689
2014-08-20,353.288359
2014-08-21,354.217942
2014-08-22,353.698437
2014-08-25,355.129058
2014-08-26,356.804701
2014-08-27,357.028207
2014-08-28,355.370217
2014-08-29,356.740625
2014-09-01,356.680044
2014-09-02,356.823568
2014-09-03,356.643567
2014-09-04,354.945667
2014-09-05,355.278633
2014-09-08,354.365944
2014-09-09,351.355892
2014-09-10,351.660392
2014-09-11,352.672028
2014-09-12,350.479934
2014-09-15,348.051868
2014-09-16,348.569727
2014-09-17,349.263302
2014-09-18,350.105531
2014-09-19,348.334651
2014-09-22,344.13631
2014-09-23,341.827191
2014-09-24,342.909352
2014-09-25,339.422694
2014-09-26,340.062463
2014-09-29,339.648576
2014-09-30,336.732493
2014-10-01,332.878403
2014-10-02,332.051888
2014-10-03,333.067685
2014-10-06,333.014108
2014-10-07,328.777386
2014-10-08,330.862665
2014-10-09,325.216164
2014-10-10,319.130757
2014-10-13,316.828595
2014-10-14,318.016366
2014-10-15,318.144454
2014-10-16,319.948018
2014-10-17,322.010043
2014-10-20,325.471746
2014-10-21,330.806334
2014-10-22,329.428949
2014-10-23,332.305157
2014-10-24,333.060869
2014-10-27,332.527841
2014-10-28,337.938713
2014-10-29,338.377769
2014-10-30,338.527608
2014-10-31,342.447109
2014-11-03,341.275339
2014-11-04,340.468044
2014-11-05,340.700649
2014-11-06,341.187631
2014-11-07,341.364767
2014-11-10,343.083546
2014-11-11,343.031441
2014-11-12,343.797749
2014-11-13,342.146565
2014-11-14,342.298458
2014-11-17,340.69267
2014-11-18,343.215971
2014-11-19,341.105816
2014-11-20,343.032671
2014-11-21,344.659033
2014-11-24,346.633517
2014-11-25,347.360671
2014-11-26,348.019073
2014-11-27,347.171526
2014-11-28,343.947949
2014-12-01,340.348593
2014-12-02,341.955614
2014-12-03,344.092832
2014-12-04,343.366147
2014-12-05,344.010875
2014-12-08,341.312558
2014-12-09,343.403472
2014-12-10,338.10343
2014-12-11,338.10262
2014-12-12,334.629357
2014-12-15,330.89033
2014-12-16,331.183886
2014-12-17,336.624626
2014-12-18,341.456827
2014-12-19,343.631652
2014-12-22,344.666019
2014-12-23,344.929135
2014-12-24,346.032105
2014-12-25,345.87765
2014-12-26,347.345034
2014-12-29,348.409653
2014-12-30,347.426973
2014-12-31,345.865414
2015-01-01,345.865545
2015-01-02,344.775372
2015-01-05,339.975736
2015-01-06,335.644129
2015-01-07,337.011898
2015-01-08,342.078538
2015-01-09,340.905552
2015-01-12,339.440937
2015-01-13,339.700162
2015-01-14,338.311173
2015-01-15,335.572757
2015-01-16,338.08716
2015-01-19,339.407528
2015-01-20,338.496987
2015-01-21,339.026907
2015-01-22,342.625911
2015-01-23,342.239878
2015-01-26,344.76562
2015-01-27,344.725764
2015-01-28,341.556355
2015-01-29,342.422955
2015-01-30,339.616514
2015-02-02,342.228622
2015-02-03,347.106729
2015-02-04,346.754086
2015-02-05,350.591635
2015-02-06,349.122382
2015-02-09,347.628514
2015-02-10,349.040475
2015-02-11,347.985106
2015-02-12,353.057183
2015-02-13,355.232738
2015-02-16,355.672626
2015-02-17,355.89643
2015-02-18,357.760054
2015-02-19,358.206458
2015-02-20,359.506385
2015-02-23,359.66404
2015-02-24,360.059924
2015-02-25,361.39935
2015-02-26,360.941892
2015-02-27,360.547227
2015-03-02,361.473415
2015-03-03,359.974894
2015-03-04,358.232132
2015-03-05,359.078339
2015-03-06,354.912741
2015-03-09,354.782584
2015-03-10,350.376801
2015-03-11,351.420891
2015-03-12,355.62287
2015-03-13,354.243902
2015-03-16,356.610262
2015-03-17,356.486432
2015-03-18,359.590967
2015-03-19,359.843374
2015-03-20,364.435956
2015-03-23,365.490645
2015-03-24,365.262527
2015-03-25,361.196395
2015-03-26,358.822411
2015-03-27,359.628175
2015-03-30,362.498852
2015-03-31,361.250628
2015-04-01,360.842788
2015-04-02,363.384959
2015-04-03,363.682518
2015-04-06,366.721666
2015-04-07,365.288962
2015-04-08,367.142117
2015-04-09,366.641542
2015-04-10,368.076669
2015-04-13,367.399786
2015-04-14,369.185232
2015-04-15,370.237212
2015-04-16,370.701133
2015-04-17,366.409303
2015-04-20,367.9425
2015-04-21,368.719824
2015-04-22,368.898086
2015-04-23,370.58428
2015-04-24,371.200801
2015-04-27,370.072001
2015-04-28,371.010816
2015-04-29,369.264398
2015-04-30,364.609494
2015-05-01,365.331014
2015-05-04,366.617204
2015-05-05,363.238229
2015-05-06,363.939849
2015-05-07,363.830558
2015-05-08,368.22312
2015-05-11,368.921557
2015-05-12,368.620882
2015-05-13,370.600956
2015-05-14,373.134728
2015-05-15,374.28901
2015-05-18,375.639754
2015-05-19,374.359493
2015-05-20,374.629082
2015-05-21,375.193664
2015-05-22,374.037591
2015-05-25,374.038185
2015-05-26,369.686052
2015-05-27,371.866126
2015-05-28,371.38752
2015-05-29,369.868294
2015-06-01,370.193192
2015-06-02,372.178362
2015-06-03,374.394621
2015-06-04,371.412132
2015-06-05,369.991493
2015-06-08,368.589995
2015-06-09,367.852586
2015-06-10,372.881995
2015-06-11,373.28919
2015-06-12,372.261632
2015-06-15,369.768797
2015-06-16,371.192896
2015-06-17,370.758427
2015-06-18,374.374543
2015-06-19,374.381634
2015-06-22,377.051169
2015-06-23,377.454804
2015-06-24,374.862718
2015-06-25,374.410426
2015-06-26,373.408961
2015-06-29,365.360968
2015-06-30,366.493387
2015-07-01,368.068872
2015-07-02,366.932774
2015-07-03,366.212065
2015-07-06,363.344546
2015-07-07,362.098471
2015-07-08,357.409118
2015-07-09,359.160439
2015-07-10,363.400138
2015-07-13,366.733526
2015-07-14,368.773193
2015-07-15,367.373624
2015-07-16,369.643427
2015-07-17,368.051944
2015-07-20,367.305156
2015-07-21,366.83721
2015-07-22,366.073374
2015-07-23,364.415119
2015-07-24,361.074308
2015-07-27,357.348011
2015-07-28,359.813051
2015-07-29,362.780468
2015-07-30,362.434155
2015-07-31,364.893097
2015-08-03,363.860171
2015-08-04,363.630749
2015-08-05,363.671899
2015-08-06,361.279114
2015-08-07,359.664846
2015-08-10,364.0487
2015-08-11,361.477116
2015-08-12,360.232338
2015-08-13,360.082941
2015-08-14,361.650075
2015-08-17,363.722611
2015-08-18,362.342191
2015-08-19,358.438919
2015-08-20,351.909908
2015-08-21,345.394167
2015-08-24,333.031083
2015-08-25,332.207053
2015-08-26,337.357687
2015-08-27,343.36772
2015-08-28,346.54697
2015-08-31,345.549752
2015-09-01,337.102489
2015-09-02,339.097036
2015-09-03,340.429884
2015-09-04,336.478747
2015-09-07,336.605172
2015-09-08,341.793895
2015-09-09,341.724734
2015-09-10,341.722707
2015-09-11,342.836309
2015-09-14,341.620972
2015-09-15,343.819455
2015-09-16,347.166607
2015-09-17,348.585564
2015-09-18,345.284095
2015-09-21,343.975707
2015-09-22,338.626648
2015-09-23,337.771755
2015-09-24,335.954786
2015-09-25,335.427947
2015-09-28,328.918231
2015-09-29,325.693622
2015-09-30,330.808565
2015-10-01,331.716088
2015-10-02,335.783852
2015-10-05,342.340463
2015-10-06,342.589136
2015-10-07,345.882126
2015-10-08,347.780943
2015-10-09,349.653479
2015-10-12,349.3748
2015-10-13,345.751744
2015-10-14,343.916449
2015-10-15,349.090539
2015-10-16,348.601267
2015-10-19,348.7442
2015-10-20,348.875636
2015-10-21,346.685025
2015-10-22,347.412517
2015-10-23,349.987403
2015-10-26,349.144639
2015-10-27,345.775129
2015-10-28,351.253793
2015-10-29,348.921669
2015-10-30,349.794077
2015-11-02,353.301764
2015-11-03,353.633274
2015-11-04,352.667928
2015-11-05,352.855619
2015-11-06,352.571542
2015-11-09,350.15294
2015-11-10,350.058916
2015-11-11,349.617121
2015-11-12,344.504571
2015-11-13,342.260232
2015-11-16,344.185025
2015-11-17,345.045757
2015-11-18,348.18975
2015-11-19,349.545362
2015-11-20,350.537899
2015-11-23,350.700402
2015-11-24,351.403597
2015-11-25,352.824602
2015-11-26,353.828893
2015-11-27,354.085717
2015-11-30,353.709184
2015-12-01,356.263663
2015-12-02,353.634461
2015-12-03,350.714394
2015-12-04,352.428391
2015-12-07,349.102014
2015-12-08,346.234522
2015-12-09,344.482699
2015-12-10,344.313482
2015-12-11,339.377133
2015-12-14,336.610014
2015-12-15,339.094673
2015-12-16,343.31914
2015-12-17,341.218649
2015-12-18,338.58295
2015-12-21,339.410853
2015-12-22,341.603166
2015-12-23,345.529248
2015-12-24,346.372767
2015-12-25,346.242444
2015-12-28,345.696331
2015-12-29,348.80014
2015-12-30,347.252708
2015-12-31,344.795052
2016-01-01,344.795052
2016-01-04,338.540771
2016-01-05,338.061356
2016-01-06,333.67731
2016-01-07,326.414673
2016-01-08,322.875699
2016-01-11,320.874528
2016-01-12,319.859033
2016-01-13,315.455277
2016-01-14,315.017677
2016-01-15,310.372063
2016-01-18,308.106454
2016-01-19,307.266358
2016-01-20,303.641839
2016-01-21,303.20844
2016-01-22,311.693853
2016-01-25,308.502159
2016-01-26,312.408637
2016-01-27,311.312567
2016-01-28,311.206091
2016-01-29,318.001998
2016-02-01,319.550464
2016-02-02,314.065763
2016-02-03,314.936184
2016-02-04,316.822787
2016-02-05,310.608957
2016-02-08,304.26765
2016-02-09,301.133048
2016-02-10,300.803529
2016-02-11,298.420897
2016-02-12,300.248473
2016-02-15,303.858568
2016-02-16,307.883494
2016-02-17,313.047493
2016-02-18,314.214449
2016-02-19,313.790795
2016-02-22,317.306159
2016-02-23,315.023443
2016-02-24,315.64246
2016-02-25,319.03993
2016-02-26,320.171505
2016-02-29,320.192306
2016-03-01,325.005407
2016-03-02,328.382964
2016-03-03,331.994231
2016-03-04,335.192347
2016-03-07,336.81434
2016-03-08,331.311361
2016-03-09,331.766368
2016-03-10,331.225253
2016-03-11,337.483585
2016-03-14,337.773146
2016-03-15,334.580057
2016-03-16,336.174449
2016-03-17,342.512198
2016-03-18,344.102023
2016-03-21,343.208277
2016-03-22,343.569679
2016-03-23,338.679808
2016-03-24,338.185017
2016-03-25,338.166501
2016-03-28,339.232847
2016-03-29,343.803221
2016-03-30,346.945307
2016-03-31,347.115878
2016-04-01,345.278628
2016-04-04,344.41489
2016-04-05,340.036455
2016-04-06,342.977442
2016-04-07,340.835864
2016-04-08,343.468335
2016-04-11,344.090722
2016-04-12,346.124835
2016-04-13,351.328249
2016-04-14,351.589861
2016-04-15,351.798098
2016-04-18,352.801073
2016-04-19,355.898505
2016-04-20,355.857383
2016-04-21,354.342082
2016-04-22,355.206286
2016-04-25,354.1206
2016-04-26,356.153055
2016-04-27,357.497046
2016-04-28,355.837204
2016-04-29,355.274281
2016-05-02,356.13027
2016-05-03,351.692188
2016-05-04,349.212492
2016-05-05,348.336631
2016-05-06,349.597263
2016-05-09,349.248096
2016-05-10,352.572004
2016-05-11,351.071113
2016-05-12,349.863027
2016-05-13,347.020313
2016-05-16,349.928777
2016-05-17,348.583307
2016-05-18,348.129665
2016-05-19,345.490222
2016-05-20,349.506331
2016-05-23,350.011793
2016-05-24,353.862623
2016-05-25,356.446903
2016-05-26,356.801966
2016-05-27,358.359069
2016-05-30,358.415334
2016-05-31,359.527261
2016-06-01,360.350712
2016-06-02,361.49239
2016-06-03,362.835065
2016-06-06,365.266454
2016-06-07,367.220018
2016-06-08,369.288748
2016-06-09,367.109334
2016-06-10,360.819627
2016-06-13,355.387888
2016-06-14,351.531686
2016-06-15,352.925859
2016-06-16,349.693029
2016-06-17,352.246696
2016-06-20,359.512194
2016-06-21,358.997843
2016-06-22,357.979653
2016-06-23,363.700441
2016-06-24,345.797186
2016-06-27,334.49824
2016-06-28,340.561819
2016-06-29,348.12448
2016-06-30,352.704315
2016-07-01,355.052608
2016-07-04,355.124874
2016-07-05,349.966729
2016-07-06,349.610866
2016-07-07,350.753807
2016-07-08,355.71927
2016-07-11,360.107001
2016-07-12,363.744857
2016-07-13,363.827137
2016-07-14,364.627478
2016-07-15,363.741395
2016-07-18,364.787093
2016-07-19,363.641062
2016-07-20,365.782523
2016-07-21,365.240436
2016-07-22,365.637686
2016-07-25,365.346042
2016-07-26,367.073789
2016-07-27,367.767677
2016-07-28,368.557564
2016-07-29,372.145533
2016-08-01,370.783022
2016-08-02,367.902037
2016-08-03,367.656267
2016-08-04,368.618137
2016-08-05,370.700996
2016-08-08,371.341831
2016-08-09,372.934179
2016-08-10,372.554048
2016-08-11,373.951964
2016-08-12,374.846617
2016-08-15,376.660554
2016-08-16,374.178637
2016-08-17,372.940562
2016-08-18,375.669499
2016-08-19,374.870366
2016-08-22,375.642146
2016-08-23,377.733525
2016-08-24,375.347189
2016-08-25,375.331845
2016-08-26,374.898742
2016-08-29,374.744022
2016-08-30,374.051337
2016-08-31,372.679848
2016-09-01,374.177374
2016-09-02,376.844516
2016-09-05,377.707504
2016-09-06,380.372733
2016-09-07,382.097314
2016-09-08,381.660604
2016-09-09,372.088211
2016-09-12,373.306804
2016-09-13,368.310252
2016-09-14,367.630051
2016-09-15,370.466536
2016-09-16,369.620533
2016-09-19,371.941408
2016-09-20,370.920408
2016-09-21,375.755096
2016-09-22,380.864598
2016-09-23,378.544338
2016-09-26,376.07386
2016-09-27,376.286924
2016-09-28,378.883824
2016-09-29,376.827042
2016-09-30,378.250689
2016-10-03,377.605963
2016-10-04,375.641551
2016-10-05,376.558485
2016-10-06,375.507121
2016-10-07,373.232368
2016-10-10,375.269603
2016-10-11,370.47028
2016-10-12,369.455513
2016-10-13,368.212587
2016-10-14,368.095515
2016-10-17,367.212903
2016-10-18,370.213273
2016-10-19,372.201134
2016-10-20,370.948233
2016-10-21,370.102811
2016-10-24,371.009576
2016-10-25,368.666587
2016-10-26,367.14965
2016-10-27,363.484494
2016-10-28,363.447407
2016-10-31,364.318385
2016-11-01,362.532735
2016-11-02,359.263827
2016-11-03,358.829308
2016-11-04,358.242148
2016-11-07,362.99242
2016-11-08,363.521783
2016-11-09,366.452976
2016-11-10,369.331582
2016-11-11,371.191286
2016-11-14,373.219774
2016-11-15,374.812583
2016-11-16,374.630493
2016-11-17,376.404031
2016-11-18,376.042525
2016-11-21,378.219502
2016-11-22,380.534826
2016-11-23,380.583176
2016-11-24,381.12013
2016-11-25,382.378293
2016-11-28,379.980208
2016-11-29,379.943825
2016-11-30,379.575554
2016-12-01,378.638061
2016-12-02,378.714164
2016-12-05,382.302146
2016-12-06,385.457178
2016-12-07,389.006133
2016-12-08,392.068306
2016-12-09,392.038363
2016-12-12,390.173484
2016-12-13,391.538015
2016-12-14,388.196216
2016-12-15,385.948423
2016-12-16,386.20492
2016-12-19,388.095856
2016-12-20,389.328876
2016-12-21,388.599624
2016-12-22,386.786946
2016-12-23,388.056995
2016-12-26,388.097933
2016-12-27,389.198622
2016-12-28,387.221091
2016-12-29,388.581786
2016-12-30,388.62493
2017-01-02,389.211848
2017-01-03,389.797854
2017-01-04,395.69037
2017-01-05,396.209642
2017-01-06,394.804309
2017-01-09,392.563356
2017-01-10,394.931492
2017-01-11,394.297277
2017-01-12,394.725587
2017-01-13,396.339503
2017-01-16,395.503854
2017-01-17,393.830663
2017-01-18,394.903011
2017-01-19,391.768471
2017-01-20,393.429949
2017-01-23,393.875854
2017-01-24,397.730583
2017-01-25,400.905899
2017-01-26,399.60202
2017-01-27,398.845252
2017-01-30,395.522528
2017-01-31,397.563425
2017-02-01,397.741303
2017-02-02,397.859938
2017-02-03,401.483956
2017-02-06,399.057067
2017-02-07,398.342946
2017-02-08,399.423116
2017-02-09,401.680048
2017-02-10,404.2392
2017-02-13,405.455598
2017-02-14,405.980638
2017-02-15,407.773884
2017-02-16,408.297417
2017-02-17,407.732338
2017-02-20,408.007606
2017-02-21,409.800322
2017-02-22,408.445639
2017-02-23,407.910749
2017-02-24,406.641607
2017-02-27,408.586785
2017-02-28,406.016866
2017-03-01,410.021245
2017-03-02,406.831459
2017-03-03,406.493456
2017-03-06,405.139844
2017-03-07,403.175791
2017-03-08,401.050011
2017-03-09,400.009287
2017-03-10,402.32001
2017-03-13,403.87697
2017-03-14,401.924136
2017-03-15,405.748573
2017-03-16,408.740752
2017-03-17,409.631646
2017-03-20,408.838008
2017-03-21,403.403368
2017-03-22,401.883966
2017-03-23,403.788082
2017-03-24,404.293371
2017-03-27,404.266095
2017-03-28,407.522969
2017-03-29,407.670585
2017-03-30,409.112595
2017-03-31,409.007595
2017-04-03,406.641721
2017-04-04,406.447972
2017-04-05,404.38463
2017-04-06,405.962802
2017-04-07,406.068201
2017-04-10,407.147532
2017-04-11,409.098577
2017-04-12,406.50635
2017-04-13,404.142207
2017-04-14,403.647493
2017-04-17,407.541013
2017-04-18,406.955946
2017-04-19,408.039361
2017-04-20,410.923367
2017-04-21,410.032395
2017-04-24,415.27839
2017-04-25,417.988479
2017-04-26,419.22836
2017-04-27,419.343727
2017-04-28,417.236754
2017-05-01,418.533881
2017-05-02,418.76156
2017-05-03,416.604885
2017-05-04,416.084619
2017-05-05,418.777297
2017-05-08,418.650563
2017-05-09,418.331076
2017-05-10,420.017565
2017-05-11,418.209604
2017-05-12,417.301761
2017-05-15,419.587686
2017-05-16,420.743971
2017-05-17,414.692322
2017-05-18,414.350466
2017-05-19,417.534481
2017-05-22,420.247004
2017-05-23,420.888503
2017-05-24,421.132193
2017-05-25,421.585298
2017-05-26,420.935924
2017-05-29,420.796748
2017-05-30,419.466532
2017-05-31,419.88052
2017-06-01,424.826482
2017-06-02,427.524552
2017-06-05,426.025947
2017-06-06,425.023914
2017-06-07,425.201489
2017-06-08,426.491226
2017-06-09,426.557481
2017-06-12,425.497935
2017-06-13,428.654726
2017-06-14,428.638875
2017-06-15,423.974406
2017-06-16,425.181922
2017-06-19,427.74546
2017-06-20,424.266638
2017-06-21,422.98865
2017-06-22,424.111319
2017-06-23,426.396461
2017-06-26,427.237408
2017-06-27,424.515361
2017-06-28,428.368445
2017-06-29,426.469699
2017-06-30,426.410649
2017-07-03,427.448559
2017-07-04,426.697673
2017-07-05,426.099767
2017-07-06,422.850531
2017-07-07,424.274312
2017-07-10,423.943781
2017-07-11,424.59393
2017-07-12,428.140062
2017-07-13,429.263642
2017-07-14,431.759409
2017-07-17,432.788085
2017-07-18,433.026644
2017-07-19,436.260028
2017-07-20,437.070109
2017-07-21,435.894209
2017-07-24,436.167867
2017-07-25,438.134129
2017-07-26,437.097407
2017-07-27,436.905388
2017-07-28,436.039509
2017-07-31,436.079574
2017-08-01,437.624536
2017-08-02,435.534716
2017-08-03,434.692538
2017-08-04,434.904316
2017-08-07,435.9189
2017-08-08,434.662334
2017-08-09,432.274314
2017-08-10,427.880464
2017-08-11,427.493705
2017-08-14,430.993689
2017-08-15,428.538198
2017-08-16,429.853837
2017-08-17,426.679152
2017-08-18,425.829097
2017-08-21,426.234249
2017-08-22,428.639914
2017-08-23,428.689079
2017-08-24,428.681433
2017-08-25,430.171228
2017-08-28,430.969383
2017-08-29,430.738381
2017-08-30,431.919963
2017-08-31,435.818754
2017-09-01,438.217867
2017-09-04,437.322072
2017-09-05,435.258496
2017-09-06,436.025224
2017-09-07,437.2853
2017-09-08,437.690543
2017-09-11,440.875809
2017-09-12,442.564776
2017-09-13,442.278547
2017-09-14,441.940953
2017-09-15,443.545218
2017-09-18,445.013178
2017-09-19,445.902231
2017-09-20,447.395537
2017-09-21,445.30224
2017-09-22,447.043812
2017-09-25,446.863289
2017-09-26,445.74294
2017-09-27,448.905348
2017-09-28,451.388156
2017-09-29,453.012071
2017-10-02,455.279834
2017-10-03,456.360721
2017-10-04,456.167479
2017-10-05,456.449696
2017-10-06,455.702117
2017-10-09,455.143792
2017-10-10,457.447083
2017-10-11,457.738863
2017-10-12,458.185958
2017-10-13,459.149769
2017-10-16,459.296443
2017-10-17,457.158858
2017-10-18,458.239434
2017-10-19,457.670926
2017-10-20,458.144826
2017-10-23,456.342265
2017-10-24,456.836913
2017-10-25,455.426048
2017-10-26,456.002632
2017-10-27,457.631912
2017-10-30,457.124427
2017-10-31,459.584366
2017-11-01,459.201147
2017-11-02,459.626644
2017-11-03,459.62619
2017-11-06,460.685482
2017-11-07,458.207024
2017-11-08,458.821321
2017-11-09,456.004851
2017-11-10,456.171514
2017-11-13,454.295448
2017-11-14,453.776481
2017-11-15,450.773574
2017-11-16,456.09859
2017-11-17,457.319806
2017-11-20,459.340388
2017-11-21,462.996778
2017-11-22,464.172971
2017-11-23,464.878662
2017-11-24,465.864623
2017-11-27,464.017014
2017-11-28,466.67863
2017-11-29,467.441104
2017-11-30,469.626373
2017-12-01,467.416796
2017-12-04,467.07267
2017-12-05,464.379825
2017-12-06,461.387911
2017-12-07,464.089146
2017-12-08,465.459179
2017-12-11,465.932578
2017-12-12,464.862586
2017-12-13,466.24804
2017-12-14,464.374955
2017-12-15,466.887431
2017-12-18,472.674324
2017-12-19,470.592944
2017-12-20,471.790499
2017-12-21,473.278717
2017-12-22,473.347525
2017-12-25,473.413561
2017-12-26,473.945905
2017-12-27,475.708604
2017-12-28,477.311442
2017-12-29,476.687525
2018-01-01,476.705468
2018-01-02,480.014733
2018-01-03,481.118212
2018-01-04,483.614122
2018-01-05,485.456474
2018-01-08,486.095501
2018-01-09,486.301095
2018-01-10,485.916873
2018-01-11,489.951129
2018-01-12,492.0562
2018-01-15,494.252441
2018-01-16,491.24936
2018-01-17,493.100409
2018-01-18,491.034526
2018-01-19,495.290466
2018-01-22,497.746281
2018-01-23,500.584818
2018-01-24,500.87255
2018-01-25,501.429104
2018-01-26,502.503629
2018-01-29,499.154627
2018-01-30,494.327439
2018-01-31,493.560769
2018-02-01,494.879732
2018-02-02,486.038736
2018-02-05,472.158169
2018-02-06,468.017436
2018-02-07,469.99787
2018-02-08,460.097008
2018-02-09,459.546789
2018-02-12,463.900975
2018-02-13,465.267363
2018-02-14,471.760587
2018-02-15,476.833759
2018-02-16,479.539708
2018-02-19,479.919852
2018-02-20,477.72559
2018-02-21,477.30656
2018-02-22,476.5799
2018-02-23,480.91968
2018-02-26,483.04538
2018-02-27,478.4484
2018-02-28,473.817188
2018-03-01,469.810467
2018-03-02,472.436074
2018-03-05,475.026349
2018-03-06,480.45605
2018-03-07,481.751586
2018-03-08,482.516018
2018-03-09,487.082548
2018-03-12,489.225958
2018-03-13,487.964899
2018-03-14,486.137877
2018-03-15,485.057503
2018-03-16,485.245892
2018-03-19,481.820399
2018-03-20,481.414358
2018-03-21,482.935514
2018-03-22,476.124599
2018-03-23,468.73132
2018-03-26,474.206561
2018-03-27,471.716913
2018-03-28,470.026176
2018-03-29,473.529335
2018-03-30,474.056579
2018-04-02,467.75888
2018-04-03,469.961671
2018-04-04,472.278582
2018-04-05,475.802323
2018-04-06,471.28398
2018-04-09,472.197547
2018-04-10,478.699115
2018-04-11,478.923942
2018-04-12,480.38008
2018-04-13,480.101873
2018-04-16,483.200949
2018-04-17,486.227261
2018-04-18,488.881615
2018-04-19,487.442652
2018-04-20,483.929143
2018-04-23,482.753441
2018-04-24,480.450033
2018-04-25,478.486202
2018-04-26,480.678383
2018-04-27,480.953094
2018-04-30,478.406296
2018-05-01,478.077876
2018-05-02,479.154366
2018-05-03,478.481399
2018-05-04,482.058473
2018-05-07,485.099506
2018-05-08,485.94544
2018-05-09,488.399428
2018-05-10,490.276135
2018-05-11,492.624355
2018-05-14,492.498172
2018-05-15,489.991986
2018-05-16,491.742496
2018-05-17,493.691272
2018-05-18,493.521659
2018-05-21,495.539782
2018-05-22,494.409885
2018-05-23,493.126253
2018-05-24,493.301486
2018-05-25,492.173258
2018-05-28,491.175149
2018-05-29,487.995811
2018-05-30,492.297629
2018-05-31,491.169086
2018-06-01,493.385698
2018-06-04,497.006905
2018-06-05,498.078222
2018-06-06,501.547487
2018-06-07,501.217523
2018-06-08,501.534852
2018-06-11,502.784356
2018-06-12,504.083238
2018-06-13,502.601769
2018-06-14,503.146428
2018-06-15,500.024553
2018-06-18,500.257753
2018-06-19,497.368234
2018-06-20,500.25718
2018-06-21,496.713844
2018-06-22,498.073465
2018-06-25,491.23437
2018-06-26,492.523408
2018-06-27,487.707352
2018-06-28,487.412825
2018-06-29,489.542292
2018-07-02,487.401163
2018-07-03,488.924867
2018-07-04,488.707345
2018-07-05,491.325744
2018-07-06,495.632182
2018-07-09,499.459344
2018-07-10,498.855156
2018-07-11,494.615736
2018-07-12,495.84959
2018-07-13,496.117275
2018-07-16,495.118813
2018-07-17,496.80005
2018-07-18,497.74564
2018-07-19,497.863407
2018-07-20,497.903897
2018-07-23,497.343432
2018-07-24,496.067531
2018-07-25,497.368017
2018-07-26,499.917861
2018-07-27,496.275845
2018-07-30,493.982838
2018-07-31,495.494428
2018-08-01,495.460695
2018-08-02,496.106462
2018-08-03,495.662528
2018-08-06,496.379596
2018-08-07,497.925347
2018-08-08,497.430014
2018-08-09,498.245506
2018-08-10,494.474291
2018-08-13,490.265093
2018-08-14,493.462483
2018-08-15,487.807861
2018-08-16,490.48393
2018-08-17,492.672111
2018-08-20,494.230645
2018-08-21,498.590376
2018-08-22,500.782677
2018-08-23,499.43038
2018-08-24,501.955605
2018-08-27,505.044196
2018-08-28,505.716855
2018-08-29,506.822423
2018-08-30,505.771562
2018-08-31,506.379387
2018-09-03,505.147238
2018-09-04,502.614303
2018-09-05,500.865038
2018-09-06,498.245979
2018-09-07,496.514759
2018-09-10,497.86148
2018-09-11,498.212903
2018-09-12,499.036058
2018-09-13,499.375272
2018-09-14,501.525998
2018-09-17,499.23227
2018-09-18,501.62435
2018-09-19,500.964558
2018-09-20,504.518469
2018-09-21,503.906471
2018-09-24,502.317509
2018-09-25,503.368855
2018-09-26,500.725894
2018-09-27,498.743327
2018-09-28,499.130188
2018-10-01,496.264901
2018-10-02,493.011487
2018-10-03,494.36126
2018-10-04,488.694809
2018-10-05,484.371552
2018-10-08,481.688162
2018-10-09,478.675219
2018-10-10,469.359016
2018-10-11,460.527883
2018-10-12,462.343635
2018-10-15,462.243215
2018-10-16,471.65434
2018-10-17,471.043116
2018-10-18,465.102236
2018-10-19,460.805728
2018-10-22,458.890149
2018-10-23,452.459604
2018-10-24,442.268038
2018-10-25,444.610821
2018-10-26,440.630517
2018-10-29,439.400726
2018-10-30,444.920816
2018-10-31,449.667165
2018-11-01,457.290404
2018-11-02,458.909755
2018-11-05,457.850879
2018-11-06,459.724684
2018-11-07,466.29747
2018-11-08,465.772202
2018-11-09,459.98027
2018-11-12,451.495187
2018-11-13,450.153431
2018-11-14,447.533937
2018-11-15,449.989997
2018-11-16,450.937111
2018-11-19,445.316102
2018-11-20,438.089834
2018-11-21,441.549784
2018-11-22,442.271352
2018-11-23,441.953482
2018-11-26,445.863374
2018-11-27,443.167304
2018-11-28,450.066087
2018-11-29,451.662355
2018-11-30,452.53956
2018-12-03,457.704438
2018-12-04,444.399377
2018-12-05,442.739847
2018-12-06,439.040993
2018-12-07,434.594088
2018-12-10,428.730207
2018-12-11,428.037384
2018-12-12,433.739228
2018-12-13,430.137116
2018-12-14,424.142719
2018-12-17,416.848968
2018-12-18,415.463789
2018-12-19,411.645249
2018-12-20,404.255064
2018-12-21,397.709914
2018-12-24,392.638068
2018-12-25,390.354782
2018-12-26,401.789966
2018-12-27,403.979999
2018-12-28,407.182308
2018-12-31,410.63862
2019-01-01,410.670934
2019-01-02,410.522668
2019-01-03,406.951426
2019-01-04,417.095282
2019-01-07,424.398836
2019-01-08,429.54164
2019-01-09,434.383573
2019-01-10,435.819253
2019-01-11,436.160925
2019-01-14,433.614179
2019-01-15,435.912547
2019-01-16,438.003934
2019-01-17,440.288678
2019-01-18,445.14551
2019-01-21,445.518663
2019-01-22,440.622661
2019-01-23,439.753055
2019-01-24,442.303655
2019-01-25,447.564548
2019-01-28,446.022892
2019-01-29,446.35646
2019-01-30,448.782553
2019-01-31,452.930814
2019-02-01,453.169845
2019-02-04,456.434207
2019-02-05,458.050947
2019-02-06,457.676362
2019-02-07,453.308556
2019-02-08,451.168936
2019-02-11,452.890881
2019-02-12,458.182932
2019-02-13,460.229905
2019-02-14,460.247308
2019-02-15,464.528514
2019-02-18,466.603473
2019-02-19,467.542002
2019-02-20,469.643887
2019-02-21,468.472482
2019-02-22,471.155919
2019-02-25,472.04202
2019-02-26,470.671626
2019-02-27,471.536771
2019-02-28,469.92465
2019-03-01,472.983563
2019-03-04,471.395035
2019-03-05,469.717732
2019-03-06,464.794808
2019-03-07,460.606714
2019-03-08,457.833319
2019-03-11,463.222067
2019-03-12,465.237358
2019-03-13,467.175838
2019-03-14,466.60441
2019-03-15,468.544743
2019-03-18,470.989186
2019-03-19,470.540664
2019-03-20,467.707027
2019-03-21,471.40173
2019-03-22,461.532964
2019-03-25,460.032983
2019-03-26,464.77032
2019-03-27,463.487204
2019-03-28,464.685923
2019-03-29,466.966302
2019-04-01,472.523065
2019-04-02,471.862698
2019-04-03,475.572794
2019-04-04,475.586283
2019-04-05,478.080493
2019-04-08,478.207138
2019-04-09,474.564798
2019-04-10,477.9381
2019-04-11,477.870469
2019-04-12,480.336006
2019-04-15,480.98651
2019-04-16,481.248374
2019-04-17,478.521825
2019-04-18,477.231985
2019-04-19,477.510568
2019-04-22,476.537781
2019-04-23,480.650991
2019-04-24,481.030611
2019-04-25,478.600128
2019-04-26,481.318919
2019-04-29,481.969522
2019-04-30,481.537767
2019-05-01,479.141132
2019-05-02,478.23257
2019-05-03,483.830391
2019-05-06,482.651237
2019-05-07,475.926488
2019-05-08,473.954043
2019-05-09,471.001796
2019-05-10,472.591336
2019-05-13,462.192783
2019-05-14,465.615433
2019-05-15,467.259081
2019-05-16,469.8714
2019-05-17,466.34996
2019-05-20,462.823818
2019-05-21,466.678839
2019-05-22,464.222732
2019-05-23,457.786971
2019-05-24,460.751696
2019-05-27,460.839067
2019-05-28,459.241077
2019-05-29,454.57847
2019-05-30,453.665891
2019-05-31,450.019242
2019-06-03,450.081001
2019-06-04,458.085565
2019-06-05,460.518573
2019-06-06,460.170915
2019-06-07,463.906968
2019-06-10,465.577645
2019-06-11,466.124588
2019-06-12,465.86564
2019-06-13,467.196485
2019-06-14,464.249915
2019-06-17,464.574453
2019-06-18,468.060113
2019-06-19,470.605531
2019-06-20,474.799001
2019-06-21,472.071633
2019-06-24,469.671025
2019-06-25,467.667875
2019-06-26,465.962766
2019-06-27,471.41569
2019-06-28,476.18408
2019-07-01,478.723038
2019-07-02,478.276677
2019-07-03,481.450789
2019-07-04,482.315105
2019-07-05,481.098482
2019-07-08,477.3635
2019-07-09,476.233705
2019-07-10,477.405606
2019-07-11,477.499133
2019-07-12,480.158854
2019-07-15,479.387427
2019-07-16,478.586993
2019-07-17,476.443746
2019-07-18,475.693537
2019-07-19,476.301002
2019-07-22,476.044208
2019-07-23,478.375952
2019-07-24,483.205942
2019-07-25,480.447742
2019-07-26,482.408005
2019-07-29,480.228169
2019-07-30,481.648657
2019-07-31,478.920246
2019-08-01,474.108515
2019-08-02,468.785709
2019-08-05,458.111198
2019-08-06,460.14324
2019-08-07,460.927229
2019-08-08,468.265988
2019-08-09,464.704052
2019-08-12,460.348613
2019-08-13,461.972045
2019-08-14,452.993932
2019-08-15,450.3853
2019-08-16,456.951027
2019-08-19,461.571236
2019-08-20,460.00017
2019-08-21,462.83329
2019-08-22,462.447539
2019-08-23,455.495411
2019-08-26,456.104768
2019-08-27,454.524721
2019-08-28,456.272092
2019-08-29,460.80611
2019-08-30,462.581503
2019-09-02,461.575457
2019-09-03,458.378325
2019-09-04,462.57055
2019-09-05,468.68858
2019-09-06,468.544799
2019-09-09,470.927588
2019-09-10,472.451019
2019-09-11,478.15091
2019-09-12,478.479248
2019-09-13,480.523449
2019-09-16,480.718804
2019-09-17,480.357344
2019-09-18,478.956728
2019-09-19,479.403263
2019-09-20,479.128217
2019-09-23,478.428206
2019-09-24,475.048276
2019-09-25,475.80222
2019-09-26,473.894579
2019-09-27,471.539011
2019-09-30,472.098132
2019-10-01,467.021354
2019-10-02,462.167858
2019-10-03,463.128914
2019-10-04,466.692085
2019-10-07,466.54902
2019-10-08,461.266087
2019-10-09,462.893471
2019-10-10,464.430359
2019-10-11,472.280637
2019-10-14,470.940669
2019-10-15,475.563506
2019-10-16,475.876151
2019-10-17,479.32083
2019-10-18,478.366496
2019-10-21,481.648431
2019-10-22,480.735752
2019-10-23,481.11637
2019-10-24,481.821173
2019-10-25,483.591308
2019-10-28,485.57764
2019-10-29,486.918043
2019-10-30,486.395227
2019-10-31,485.136783
2019-11-01,490.621285
2019-11-04,492.65297
2019-11-05,492.781429
2019-11-06,491.34457
2019-11-07,492.492087
2019-11-08,492.949085
2019-11-11,493.144305
2019-11-12,493.132764
2019-11-13,491.863883
2019-11-14,491.850744
2019-11-15,495.470552
2019-11-18,495.536678
2019-11-19,496.440953
2019-11-20,494.719871
2019-11-21,492.40315
2019-11-22,493.207753
2019-11-25,498.941651
2019-11-26,500.67895
2019-11-27,503.268893
2019-11-28,503.257215
2019-11-29,500.849275
2019-12-02,497.882251
2019-12-03,496.005687
2019-12-04,499.536699
2019-12-05,500.478334
2019-12-06,504.281858
2019-12-09,503.701919
2019-12-10,503.38482
2019-12-11,503.345643
2019-12-12,505.870285
2019-12-13,507.737733
2019-12-16,511.595823
2019-12-17,512.163574
2019-12-18,512.118945
2019-12-19,513.468251
2019-12-20,515.032182
2019-12-23,515.533632
2019-12-24,516.826311
2019-12-25,516.582248
2019-12-26,517.348681
2019-12-27,518.116326
2019-12-30,517.096823
2019-12-31,518.185783
2020-01-01,518.209619
2020-01-02,519.433128
2020-01-03,517.659363
2020-01-06,516.324886
2020-01-07,516.381365
2020-01-08,515.279899
2020-01-09,516.698804
2020-01-10,516.153687
2020-01-13,518.361348
2020-01-14,519.525223
2020-01-15,520.683639
2020-01-16,524.205536
2020-01-17,524.071785
2020-01-20,524.336309
2020-01-21,521.950046
2020-01-22,522.040823
2020-01-23,520.263553
2020-01-24,517.105071
2020-01-27,509.545668
2020-01-28,511.746994
2020-01-29,511.15647
2020-01-30,509.171181
2020-01-31,503.802011
2020-02-03,505.124931
2020-02-04,511.541278
2020-02-05,516.994973
2020-02-06,517.045639
2020-02-07,512.543866
2020-02-10,513.760417
2020-02-11,517.258245
2020-02-12,520.519584
2020-02-13,521.056216
2020-02-14,520.699135
2020-02-17,520.011854
2020-02-18,517.686782
2020-02-19,519.690156
2020-02-20,519.215455
2020-02-21,515.858137
2020-02-24,501.93854
2020-02-25,487.796444
2020-02-26,482.122043
2020-02-27,467.062436
2020-02-28,457.483424
2020-03-02,467.286924
2020-03-03,464.105644
2020-03-04,472.042764
2020-03-05,461.765595
2020-03-06,451.818138
2020-03-09,415.977898
2020-03-10,422.454145
2020-03-11,402.007365
2020-03-12,359.574135
2020-03-13,371.694691
2020-03-16,332.585662
2020-03-17,340.574489
2020-03-18,313.211835
2020-03-19,322.344934
2020-03-20,317.182886
2020-03-23,309.729855
2020-03-24,336.611885
2020-03-25,348.197088
2020-03-26,365.210104
2020-03-27,357.937247
2020-03-30,362.355928
2020-03-31,362.422553
2020-04-01,345.522749
2020-04-02,345.561391
2020-04-03,337.091784
2020-04-06,357.394406
2020-04-07,364.131383
2020-04-08,375.976883
2020-04-09,388.304196
2020-04-10,388.936802
2020-04-13,382.691152
2020-04-14,389.968581
2020-04-15,376.007981
2020-04-16,375.595753
2020-04-17,388.071021
2020-04-20,385.363955
2020-04-21,375.39554
2020-04-22,379.312254
2020-04-23,384.928897
2020-04-24,387.110275
2020-04-27,399.100432
2020-04-28,403.890718
2020-04-29,417.838431
2020-04-30,411.11868
2020-05-01,400.063853
2020-05-04,397.694303
2020-05-05,401.390887
2020-05-06,399.757335
2020-05-07,404.806505
2020-05-08,416.035683
2020-05-11,414.240444
2020-05-12,405.596657
2020-05-13,395.117669
2020-05-14,392.899813
2020-05-15,397.152856
2020-05-18,414.394399
2020-05-19,413.479099
2020-05-20,421.702718
2020-05-21,421.226249
2020-05-22,421.546585
2020-05-25,424.421525
2020-05-26,435.563963
2020-05-27,442.029252
2020-05-28,440.612981
2020-05-29,440.177258
2020-06-01,445.981476
2020-06-02,451.481804
2020-06-03,461.65521
2020-06-04,463.091431
2020-06-05,474.590218
2020-06-08,482.322786
2020-06-09,474.998788
2020-06-10,466.933453
2020-06-11,440.398577
2020-06-12,444.132478
2020-06-15,447.587447
2020-06-16,458.870711
2020-06-17,455.388453
2020-06-18,454.667262
2020-06-19,452.756536
2020-06-22,454.529421
2020-06-23,458.433852
2020-06-24,445.300946
2020-06-25,447.115214
2020-06-26,441.11939
2020-06-29,446.802487
2020-06-30,451.505865
2020-07-01,450.558603
2020-07-02,452.91487
2020-07-03,453.35962
2020-07-06,458.950925
2020-07-07,453.31783
2020-07-08,454.50326
2020-07-09,449.008797
2020-07-10,452.529886
2020-07-13,451.16981
2020-07-14,453.650708
2020-07-15,465.899449
2020-07-16,463.154922
2020-07-17,464.246011
2020-07-20,465.191652
2020-07-21,470.949243
2020-07-22,472.299212
2020-07-23,472.446313
2020-07-24,468.104285
2020-07-27,472.970928
2020-07-28,470.308104
2020-07-29,475.82227
2020-07-30,472.691452
2020-07-31,469.170181
2020-08-03,474.857357
2020-08-04,479.025352
2020-08-05,487.021377
2020-08-06,485.785135
2020-08-07,487.577234
2020-08-10,489.676147
2020-08-11,490.479751
2020-08-12,493.084712
2020-08-13,493.971151
2020-08-14,492.652527
2020-08-17,494.608867
2020-08-18,492.76935
2020-08-19,492.355034
2020-08-20,489.213083
2020-08-21,487.542981
2020-08-24,492.779238
2020-08-25,493.319429
2020-08-26,494.003197
2020-08-27,493.928785
2020-08-28,497.729172
2020-08-31,495.92549
2020-09-01,498.060599
2020-09-02,501.156249
2020-09-03,490.103582
2020-09-04,485.738778
2020-09-07,487.842442
2020-09-08,480.815123
2020-09-09,485.045647
2020-09-10,482.093812
2020-09-11,480.560327
2020-09-14,490.302483
2020-09-15,491.354565
2020-09-16,495.232354
2020-09-17,492.934059
2020-09-18,491.564317
2020-09-21,478.152649
2020-09-22,479.950516
2020-09-23,472.223354
2020-09-24,469.301947
2020-09-25,474.468198
2020-09-28,484.911275
2020-09-29,484.299835
2020-09-30,485.174162
2020-10-01,490.225992
2020-10-02,490.831274
2020-10-05,501.70995
2020-10-06,501.47519
2020-10-07,506.467774
2020-10-08,511.997935
2020-10-09,515.709345
2020-10-12,518.5602
2020-10-13,514.631921
2020-10-14,513.479305
2020-10-15,512.334594
2020-10-16,511.489037
2020-10-19,509.589076
2020-10-20,509.888917
2020-10-21,508.329737
2020-10-22,511.211259
2020-10-23,513.530622
2020-10-26,504.036862
2020-10-27,500.341861
2020-10-28,487.232987
2020-10-29,488.910573
2020-10-30,485.095772
2020-11-02,491.435116
2020-11-03,502.96233
2020-11-04,507.132008
2020-11-05,519.772997
2020-11-06,518.313999
2020-11-09,531.035595
2020-11-10,535.399641
2020-11-11,537.198759
2020-11-12,532.204935
2020-11-13,538.372015
2020-11-16,549.099175
2020-11-17,550.499093
2020-11-18,547.541189
2020-11-19,549.048098
2020-11-20,551.127378
2020-11-23,556.786657
2020-11-24,564.967275
2020-11-25,563.680994
2020-11-26,564.197319
2020-11-27,568.046707
2020-11-30,559.683733
2020-12-01,566.297968
2020-12-02,566.285213
2020-12-03,571.62441
2020-12-04,579.426644
2020-12-07,576.977542
2020-12-08,580.049933
2020-12-09,579.391948
2020-12-10,581.333894
2020-12-11,579.085757
2020-12-14,580.202594
2020-12-15,589.069118
2020-12-16,590.056227
2020-12-17,596.754763
2020-12-18,594.185187
2020-12-21,590.873438
2020-12-22,592.568893
2020-12-23,599.22033
2020-12-24,600.364432
2020-12-25,600.736274
2020-12-28,599.764026
2020-12-29,598.041795
2020-12-30,602.333049
2020-12-31,600.902419
2021-01-01,600.902419
2021-01-04,596.518355
2021-01-05,603.189588
2021-01-06,616.654838
2021-01-07,624.597351
2021-01-08,625.66449
2021-01-11,622.422972
2021-01-12,629.731031
2021-01-13,627.967463
2021-01-14,635.347393
2021-01-15,626.775674
2021-01-18,627.274912
2021-01-19,632.365244
2021-01-20,636.803921
2021-01-21,635.192949
2021-01-22,635.961956
2021-01-25,632.979341
2021-01-26,631.500394
2021-01-27,620.233459
2021-01-28,621.730181
2021-01-29,613.32699
2021-02-01,623.381108
2021-02-02,630.280149
2021-02-03,633.915897
2021-02-04,639.883765
2021-02-05,647.174302
2021-02-08,658.470227
2021-02-09,660.460744
2021-02-10,659.471193
2021-02-11,660.937858
2021-02-12,662.517561
2021-02-15,665.312264
2021-02-16,663.688585
2021-02-17,657.328972
2021-02-18,648.706483
2021-02-19,658.236269
2021-02-22,657.300362
2021-02-23,655.159984
2021-02-24,663.042826
2021-02-25,650.944404
2021-02-26,643.941357
2021-03-01,659.322246
2021-03-02,652.582025
2021-03-03,649.671508
2021-03-04,637.299233
2021-03-05,642.062909
2021-03-08,645.10456
2021-03-09,653.698803
2021-03-10,659.675628
2021-03-11,671.406568
2021-03-12,674.367353
2021-03-15,678.634082
2021-03-16,674.595501
2021-03-17,676.260149
2021-03-18,667.635335
2021-03-19,669.012383
2021-03-22,666.443741
2021-03-23,650.68525
2021-03-24,641.729627
2021-03-25,649.174355
2021-03-26,659.684558
2021-03-29,649.604508
2021-03-30,655.150732
2021-03-31,657.542689
2021-04-01,666.463689
2021-04-02,666.817282
2021-04-05,670.420853
2021-04-06,672.086309
2021-04-07,669.15131
2021-04-08,672.204671
2021-04-09,673.051844
2021-04-12,672.051478
2021-04-13,672.750606
2021-04-14,676.706188
2021-04-15,680.562263
2021-04-16,683.592417
2021-04-19,680.466454
2021-04-20,669.431375
2021-04-21,676.128145
2021-04-22,677.120842
2021-04-23,684.085562
2021-04-26,690.685193
2021-04-27,690.572923
2021-04-28,691.018108
2021-04-29,690.394054
2021-04-30,683.062604
2021-05-03,686.564612
2021-05-04,679.826
2021-05-05,680.98531
2021-05-06,681.800293
2021-05-07,691.392399
2021-05-10,684.585844
2021-05-11,677.136222
2021-05-12,660.41312
2021-05-13,664.005303
2021-05-14,676.982735
2021-05-17,677.554688
2021-05-18,677.811827
2021-05-19,671.40279
2021-05-20,676.001014
2021-05-21,677.359241
2021-05-24,680.875052
2021-05-25,678.235023
2021-05-26,684.075128
2021-05-27,687.30844
2021-05-28,688.580481
2021-05-31,688.838199
2021-06-01,694.840737
2021-06-02,695.107463
2021-06-03,690.564781
2021-06-04,694.339793
2021-06-07,699.244505
2021-06-08,704.027994
2021-06-09,700.254893
2021-06-10,698.551346
2021-06-11,702.280079
2021-06-14,700.540726
2021-06-15,698.377288
2021-06-16,696.851164
2021-06-17,686.477735
2021-06-18,675.024542
2021-06-21,683.6029
2021-06-22,687.070243
2021-06-23,688.525772
2021-06-24,693.175679
2021-06-25,697.799953
2021-06-28,693.31981
2021-06-29,691.368864
2021-06-30,690.272532
2021-07-01,693.563698
2021-07-02,692.905958
2021-07-05,694.554142
2021-07-06,688.088643
2021-07-07,684.99363
2021-07-08,678.480214
2021-07-09,688.891013
2021-07-12,691.782541
2021-07-13,684.639658
2021-07-14,678.932837
2021-07-15,673.82183
2021-07-16,667.796865
2021-07-19,655.414731
2021-07-20,666.195727
2021-07-21,677.258419
2021-07-22,674.708364
2021-07-23,677.837224
2021-07-26,681.500265
2021-07-27,678.316307
2021-07-28,682.944713
2021-07-29,689.192681
2021-07-30,685.582938
2021-08-02,687.283094
2021-08-03,688.368999
2021-08-04,683.764154
2021-08-05,690.434401
2021-08-06,689.993212
2021-08-09,687.506179
2021-08-10,689.638864
2021-08-11,693.857027
2021-08-12,693.282316
2021-08-13,692.423657
2021-08-16,687.204789
2021-08-17,678.867983
2021-08-18,677.332276
2021-08-19,668.755695
2021-08-20,673.836047
2021-08-23,684.230743
2021-08-24,690.986495
2021-08-25,693.692674
2021-08-26,689.513578
2021-08-27,701.149199
2021-08-30,701.71297
2021-08-31,702.246635
2021-09-01,706.296313
2021-09-02,711.263241
2021-09-03,711.024248
2021-09-06,711.644806
2021-09-07,706.933216
2021-09-08,700.744274
2021-09-09,700.957961
2021-09-10,698.143013
2021-09-13,700.754537
2021-09-14,696.792779
2021-09-15,699.10213
2021-09-16,698.043577
2021-09-17,696.364489
2021-09-20,683.886368
2021-09-21,684.028395
2021-09-22,691.020643
2021-09-23,700.33468
2021-09-24,697.719241
2021-09-27,701.840411
2021-09-28,687.79951
2021-09-29,684.635426
2021-09-30,680.411835
2021-10-01,685.467944
2021-10-04,680.865475
2021-10-05,682.110446
2021-10-06,677.682376
2021-10-07,686.314905
2021-10-08,684.279016
2021-10-11,681.883792
2021-10-12,683.857154
2021-10-13,687.804958
2021-10-14,697.316384
2021-10-15,699.521543
2021-10-18,699.383229
2021-10-19,702.913076
2021-10-20,705.976782
2021-10-21,706.926457
2021-10-22,707.215351
2021-10-25,709.730745
2021-10-26,707.63402
2021-10-27,698.845726
2021-10-28,708.287534
2021-10-29,704.973203
2021-11-01,718.219417
2021-11-02,715.985155
2021-11-03,723.134364
2021-11-04,723.960294
2021-11-05,729.093903
2021-11-08,730.999033
2021-11-09,728.584122
2021-11-10,719.6513
2021-11-11,721.867924
2021-11-12,723.967469
2021-11-15,723.787819
2021-11-16,722.816839
2021-11-17,716.574054
2021-11-18,714.099143
2021-11-19,710.164309
2021-11-22,706.987444
2021-11-23,703.336307
2021-11-24,701.585188
2021-11-25,703.170681
2021-11-26,684.040394
2021-11-29,682.664528
2021-11-30,670.752912
2021-12-01,665.475377
2021-12-02,673.189571
2021-12-03,665.03867
2021-12-06,673.558558
2021-12-07,688.526754
2021-12-08,692.069117
2021-12-09,683.023032
2021-12-10,680.894888
2021-12-13,673.565981
2021-12-14,668.3049
2021-12-15,673.139931
2021-12-16,670.5404
2021-12-17,670.883306
2021-12-20,659.599082
2021-12-21,674.293568
2021-12-22,681.41931
2021-12-23,687.152227
2021-12-24,687.720278
2021-12-27,692.368834
2021-12-28,692.307656
2021-12-29,695.409222
2021-12-30,695.202078
2021-12-31,695.562519
2022-01-03,698.246224
2022-01-04,701.563512
2022-01-05,689.497414
2022-01-06,686.629139
2022-01-07,682.705711
2022-01-10,677.675444
2022-01-11,683.744794
2022-01-12,686.643617
2022-01-13,684.514207
2022-01-14,680.630824
2022-01-17,680.867285
2022-01-18,666.634259
2022-01-19,659.35092
2022-01-20,653.767319
2022-01-21,641.744687
2022-01-24,641.179016
2022-01-25,634.746081
2022-01-26,633.032412
2022-01-27,621.277466
2022-01-28,628.922269
2022-01-31,643.017811
2022-02-01,650.891145
2022-02-02,652.285409
2022-02-03,642.855967
2022-02-04,642.872516
2022-02-07,644.671338
2022-02-08,650.516874
2022-02-09,662.853627
2022-02-10,657.559449
2022-02-11,651.05831
2022-02-14,643.050627
2022-02-15,655.897381
2022-02-16,658.949448
2022-02-17,647.573358
2022-02-18,641.831255
2022-02-21,639.296147
2022-02-22,632.118579
2022-02-23,624.86755
2022-02-24,623.770091
2022-02-25,640.608856
2022-02-28,644.398872
2022-03-01,633.582739
2022-03-02,641.411626
2022-03-03,634.850174
2022-03-04,621.102621
2022-03-07,604.381845
2022-03-08,604.9551
2022-03-09,622.574855
2022-03-10,624.285545
2022-03-11,618.641356
2022-03-14,613.265709
2022-03-15,616.805071
2022-03-16,634.221855
2022-03-17,644.98287
2022-03-18,649.80539
2022-03-21,648.205165
2022-03-22,652.77191
2022-03-23,645.816531
2022-03-24,648.287584
2022-03-25,650.163507
2022-03-28,648.16316
2022-03-29,663.707684
2022-03-30,657.541255
2022-03-31,650.360424
2022-04-01,653.087585
2022-04-04,655.762507
2022-04-05,646.687957
2022-04-06,636.336462
2022-04-07,633.327486
2022-04-08,632.570972
2022-04-11,628.637923
2022-04-12,628.691077
2022-04-13,636.243747
2022-04-14,634.238299
2022-04-15,633.79451
2022-04-18,630.687621
2022-04-19,638.134477
2022-04-20,643.00557
2022-04-21,634.420757
2022-04-22,619.002503
2022-04-25,616.829254
2022-04-26,602.729442
2022-04-27,599.519833
2022-04-28,607.755426
2022-04-29,599.601157
2022-05-02,598.887717
2022-05-03,602.720611
2022-05-04,611.400282
2022-05-05,594.948891
2022-05-06,586.731548
2022-05-09,563.832181
2022-05-10,562.585905
2022-05-11,557.628532
2022-05-12,558.040776
2022-05-13,573.101919
2022-05-16,571.972973
2022-05-17,586.681331
2022-05-18,572.997087
2022-05-19,573.030813
2022-05-20,573.143464
2022-05-23,580.676683
2022-05-24,573.453891
2022-05-25,579.860763
2022-05-26,589.806041
2022-05-27,601.578051
2022-05-30,605.436253
2022-05-31,598.345062
2022-06-01,594.407106
2022-06-02,604.532346
2022-06-03,600.370037
2022-06-06,602.88783
2022-06-07,606.489681
2022-06-08,601.11742
2022-06-09,588.677435
2022-06-10,571.876806
2022-06-13,547.14351
2022-06-14,541.895801
2022-06-15,547.420521
2022-06-16,529.900779
2022-06-17,532.017747
2022-06-20,533.43658
2022-06-21,539.952708
2022-06-22,537.611897
2022-06-23,539.507624
2022-06-24,553.800648
2022-06-27,557.706062
2022-06-28,551.949921
2022-06-29,544.68673
2022-06-30,538.623131
2022-07-01,541.309751
2022-07-04,542.796477
2022-07-05,540.119264
2022-07-06,538.143939
2022-07-07,549.962239
2022-07-08,550.809804
2022-07-11,542.191194
2022-07-12,540.192476
2022-07-13,539.612158
2022-07-14,531.907507
2022-07-15,541.381878
2022-07-18,545.195515
2022-07-19,559.195981
2022-07-20,565.933521
2022-07-21,569.13549
2022-07-22,567.075282
2022-07-25,567.940887
2022-07-26,563.588598
2022-07-27,571.600913
2022-07-28,581.33448
2022-07-29,587.696346
2022-08-01,589.992358
2022-08-02,584.790203
2022-08-03,588.490868
2022-08-04,589.637849
2022-08-05,590.341954
2022-08-08,596.26156
2022-08-09,589.261764
2022-08-10,605.332545
2022-08-11,607.75625
2022-08-12,613.837094
2022-08-15,613.910393
2022-08-16,613.915791
2022-08-17,605.536955
2022-08-18,608.293755
2022-08-19,596.466553
2022-08-22,585.018309
2022-08-23,586.281848
2022-08-24,589.374639
2022-08-25,596.044309
2022-08-26,582.041971
2022-08-29,575.39699
2022-08-30,570.40646
2022-08-31,568.552103
2022-09-01,558.509294
2022-09-02,558.921087
2022-09-05,556.122467
2022-09-06,552.37894
2022-09-07,558.756811
2022-09-08,564.864812
2022-09-09,576.646022
2022-09-12,584.923725
2022-09-13,565.98762
2022-09-14,564.406885
2022-09-15,560.720401
2022-09-16,553.411524
2022-09-19,556.016575
2022-09-20,548.731748
2022-09-21,542.378063
2022-09-22,531.847532
2022-09-23,518.080712
2022-09-26,508.472418
2022-09-27,508.576843
2022-09-28,517.84501
2022-09-29,510.507193
2022-09-30,510.210459
2022-10-03,520.87131
2022-10-04,541.242085
2022-10-05,536.594776
2022-10-06,534.603061
2022-10-07,522.101976
2022-10-10,517.277977
2022-10-11,515.308756
2022-10-12,512.471835
2022-10-13,520.165228
2022-10-14,513.443668
2022-10-17,525.291537
2022-10-18,531.517531
2022-10-19,523.048901
2022-10-20,519.486233
2022-10-21,524.172454
2022-10-24,528.492788
2022-10-25,542.001046
2022-10-26,546.837455
2022-10-27,546.896996
2022-10-28,551.442497
2022-10-31,551.242041
2022-11-01,554.388349
2022-11-02,543.45061
2022-11-03,537.831913
2022-11-04,545.686976
2022-11-07,551.607475
2022-11-08,555.471522
2022-11-09,545.064034
2022-11-10,573.708248
2022-11-11,583.222264
2022-11-14,577.002032
2022-11-15,583.933944
2022-11-16,575.344783
2022-11-17,570.748824
2022-11-18,574.599905
2022-11-21,570.439237
2022-11-22,578.086209
2022-11-23,582.162207
2022-11-24,585.094858
2022-11-25,585.555811
2022-11-28,575.907127
2022-11-29,576.716469
2022-11-30,585.18815
2022-12-01,591.455981
2022-12-02,591.817348
2022-12-05,581.117655
2022-12-06,573.542715
2022-12-07,571.254021
2022-12-08,574.273483
2022-12-09,572.442424
2022-12-12,574.818197
2022-12-13,582.822176
2022-12-14,581.611096
2022-12-15,568.077249
2022-12-16,562.807139
2022-12-19,556.700119
2022-12-20,559.254875
2022-12-21,566.899561
2022-12-22,561.594368
2022-12-23,563.464651
2022-12-26,563.716585
2022-12-27,563.214598
2022-12-28,556.333201
2022-12-29,566.207787
2022-12-30,565.11211
2023-01-02,566.225735
2023-01-03,564.620416
2023-01-04,570.786655
2023-01-05,564.812863
2023-01-06,576.184887
2023-01-09,581.151161
2023-01-10,584.176659
2023-01-11,590.202593
2023-01-12,598.641157
2023-01-13,602.997957
2023-01-16,603.040043
2023-01-17,603.239249
2023-01-18,600.207732
2023-01-19,592.792973
2023-01-20,600.700081
2023-01-23,608.091671
2023-01-24,607.851292
2023-01-25,608.35662
2023-01-26,611.275308
2023-01-27,614.592929
2023-01-30,609.01903
2023-01-31,617.490677
2023-02-01,625.508345
2023-02-02,635.976848
2023-02-03,629.107737
2023-02-06,619.87789
2023-02-07,623.411692
2023-02-08,619.627306
2023-02-09,615.655223
2023-02-10,612.453244
2023-02-13,617.079302
2023-02-14,618.463027
2023-02-15,620.613369
2023-02-16,617.923015
2023-02-17,616.707868
2023-02-20,617.613968
2023-02-21,605.591557
2023-02-22,603.593965
2023-02-23,605.926442
2023-02-24,601.075364
2023-02-27,604.364766
2023-02-28,604.905101
2023-03-01,605.784457
2023-03-02,605.838729
2023-03-03,612.823604
2023-03-06,609.374672
2023-03-07,601.705768
2023-03-08,601.52506
2023-03-09,591.979438
2023-03-10,580.13385
2023-03-13,570.633648
2023-03-14,575.876006
2023-03-15,565.202864
2023-03-16,570.764007
2023-03-17,562.401451
2023-03-20,566.786669
2023-03-21,575.109523
2023-03-22,566.574958
2023-03-23,567.420568
2023-03-24,566.222252
2023-03-27,570.536722
2023-03-28,572.099423
2023-03-29,578.301223
2023-03-30,582.110089
2023-03-31,589.351566
2023-04-03,591.410421
2023-04-04,586.883135
2023-04-05,579.997582
2023-04-06,579.406472
2023-04-07,579.564432
2023-04-10,581.540486
2023-04-11,587.616807
2023-04-12,586.627637
2023-04-13,592.835377
2023-04-14,590.592043
2023-04-17,592.801857
2023-04-18,593.659381
2023-04-19,593.222506
2023-04-20,591.084117
2023-04-21,590.727432
2023-04-24,591.331861
2023-04-25,581.633204
2023-04-26,578.518354
2023-04-27,583.457716
2023-04-28,588.738325
2023-05-01,588.496279
2023-05-02,580.266825
2023-05-03,582.026461
2023-05-04,577.438886
2023-05-05,587.544243
2023-05-08,588.295005
2023-05-09,586.225934
2023-05-10,587.340034
2023-05-11,583.308869
2023-05-12,581.957862
2023-05-15,587.409855
2023-05-16,581.390212
2023-05-17,586.603595
2023-05-18,588.518159
2023-05-19,587.159548
2023-05-22,590.481813
2023-05-23,586.845462
2023-05-24,578.432432
2023-05-25,574.89112
2023-05-26,578.559367
2023-05-29,579.325068
2023-05-30,578.572026
2023-05-31,572.360045
2023-06-01,578.542828
2023-06-02,593.531771
2023-06-05,590.043009
2023-06-06,598.755178
2023-06-07,604.370587
2023-06-08,603.430175
2023-06-09,601.766712
2023-06-12,604.351578
2023-06-13,611.135056
2023-06-14,609.735056
2023-06-15,612.708933
2023-06-16,611.169778
2023-06-19,609.09892
2023-06-20,605.256049
2023-06-21,603.968391
2023-06-22,599.418431
2023-06-23,590.42456
2023-06-26,591.549771
2023-06-27,597.071859
2023-06-28,600.046262
2023-06-29,604.45939
2023-06-30,608.3077
2023-07-03,611.105056
2023-07-04,611.981805
2023-07-05,606.163279
2023-07-06,596.805547
2023-07-07,603.587277
2023-07-10,609.752205
2023-07-11,616.179498
2023-07-12,625.098082
2023-07-13,630.827466
2023-07-14,626.432814
2023-07-17,627.542753
2023-07-18,633.869244
2023-07-19,636.903108
2023-07-20,632.084662
2023-07-21,629.233898
2023-07-24,630.493987
2023-07-25,631.484191
2023-07-26,634.442878
2023-07-27,628.954366
2023-07-28,633.759127
2023-07-31,638.155938
2023-08-01,634.453816
2023-08-02,625.047212
2023-08-03,622.815237
2023-08-04,624.752003
2023-08-07,625.572913
2023-08-08,620.497221
2023-08-09,618.819736
2023-08-10,619.249258
2023-08-11,617.824202
2023-08-14,615.416489
2023-08-15,610.104635
2023-08-16,603.820815
2023-08-17,597.386239
2023-08-18,597.21654
2023-08-21,596.153339
2023-08-22,596.616097
2023-08-23,602.393386
2023-08-24,597.037727
2023-08-25,596.557593
2023-08-28,602.253733
2023-08-29,610.074259
2023-08-30,613.933972
2023-08-31,613.834161
2023-09-01,617.468926
2023-09-04,617.644494
2023-09-05,607.763099
2023-09-06,605.612004
2023-09-07,601.090343
2023-09-08,599.631074
2023-09-11,601.897569
2023-09-12,601.187766
2023-09-13,597.684111
2023-09-14,604.540287
2023-09-15,601.295254
2023-09-18,597.70869
2023-09-19,596.486377
2023-09-20,594.781192
2023-09-21,585.140623
2023-09-22,583.704036
2023-09-25,583.164878
2023-09-26,576.389609
2023-09-27,578.009037
2023-09-28,581.663955
2023-09-29,581.624956
2023-10-02,572.408094
2023-10-03,562.094061
2023-10-04,560.656624
2023-10-05,563.432781
2023-10-06,567.355463
2023-10-09,569.173098
2023-10-10,577.541106
2023-10-11,577.614952
2023-10-12,569.25922
2023-10-13,562.928595
2023-10-16,568.029885
2023-10-17,572.84284
2023-10-18,563.237822
2023-10-19,556.126303
2023-10-20,550.245699
2023-10-23,546.219685
2023-10-24,549.448257
2023-10-25,542.279431
2023-10-26,541.837963
2023-10-27,539.827297
2023-10-30,542.561657
2023-10-31,545.938045
2023-11-01,549.380899
2023-11-02,562.313472
2023-11-03,574.938328
2023-11-06,570.691242
2023-11-07,567.382445
2023-11-08,564.02725
2023-11-09,561.618345
2023-11-10,563.201399
2023-11-13,563.467259
2023-11-14,586.314792
2023-11-15,590.157136
2023-11-16,582.872204
2023-11-17,589.498823
2023-11-20,592.707955
2023-11-21,588.600742
2023-11-22,590.105728
2023-11-23,590.986448
2023-11-24,594.251608
2023-11-27,593.145333
2023-11-28,593.128303
2023-11-29,596.395178
2023-11-30,596.764764
2023-12-01,608.197109
2023-12-04,610.844043
2023-12-05,605.076145
2023-12-06,606.689239
2023-12-07,609.870483
2023-12-08,611.393819
2023-12-11,612.125597
2023-12-12,611.230514
2023-12-13,624.078068
2023-12-14,643.18819
2023-12-15,639.305189
2023-12-18,637.601851
2023-12-19,647.074253
2023-12-20,640.602629
2023-12-21,647.281735
2023-12-22,651.613988
2023-12-25,651.481187
2023-12-26,655.513932
2023-12-27,659.513661
2023-12-28,659.955593
2023-12-29,654.172895
2024-01-01,654.371192
2024-01-02,648.932249
2024-01-03,634.248681
2024-01-04,635.180919
2024-01-05,635.33304
2024-01-08,642.496531
2024-01-09,639.179995
2024-01-10,639.984843
2024-01-11,636.783044
2024-01-12,638.306605
2024-01-15,637.250955
2024-01-16,629.876221
2024-01-17,622.732783
2024-01-18,626.217219
2024-01-19,630.235392
2024-01-22,639.127155
2024-01-23,636.638075
2024-01-24,636.363599
2024-01-25,638.630802
2024-01-26,639.660295
2024-01-29,645.295541
2024-01-30,642.83442
2024-01-31,636.065305
2024-02-01,638.967714
2024-02-02,636.702826
2024-02-05,628.753672
2024-02-06,633.2142
2024-02-07,633.873251
2024-02-08,638.244989
2024-02-09,642.727516
2024-02-12,649.459306
2024-02-13,633.377547
2024-02-14,641.054852
2024-02-15,651.188446
2024-02-16,650.017926
2024-02-19,650.448829
2024-02-20,645.999583
2024-02-21,644.292534
2024-02-22,649.337883
2024-02-23,650.573641
2024-02-26,651.62421
2024-02-27,656.617588
2024-02-28,653.841057
2024-02-29,657.284262
2024-03-01,662.47705
2024-03-04,661.498792
2024-03-05,658.24468
2024-03-06,663.629959
2024-03-07,668.902648
2024-03-08,669.91673
2024-03-11,664.767847
2024-03-12,665.516563
2024-03-13,666.471923
2024-03-14,659.054566
2024-03-15,659.722447
2024-03-18,659.432893
2024-03-19,661.812855
2024-03-20,668.593514
2024-03-21,675.865318
2024-03-22,670.993548
2024-03-25,670.604138
2024-03-26,670.757949
2024-03-27,680.257591
2024-03-28,681.870547
2024-03-29,682.882997
2024-04-01,676.631645
2024-04-02,668.460921
2024-04-03,671.295686
2024-04-04,669.163997
2024-04-05,669.561749
2024-04-08,674.197344
2024-04-09,675.966129
2024-04-10,663.811361
2024-04-11,663.903765
2024-04-12,655.069331
2024-04-15,648.237472
2024-04-16,641.532492
2024-04-17,637.570599
2024-04-18,638.788164
2024-04-19,638.518369
2024-04-22,643.967296
2024-04-23,652.909685
2024-04-24,652.321754
2024-04-25,647.491768
2024-04-26,651.092507
2024-04-29,656.4446
2024-04-30,647.623014
2024-05-01,647.505195
2024-05-02,656.084395
2024-05-03,662.775246
2024-05-06,668.857968
2024-05-07,671.20037
2024-05-08,668.380711
2024-05-09,673.779108
2024-05-10,673.173118
2024-05-13,674.086553
2024-05-14,679.490501
2024-05-15,684.296832
2024-05-16,682.048795
2024-05-17,682.215662
2024-05-20,684.033438
2024-05-21,682.32803
2024-05-22,677.665458
2024-05-23,670.551909
2024-05-24,674.812709
2024-05-27,676.798934
2024-05-28,675.191276
2024-05-29,665.507531
2024-05-30,671.324709
2024-05-31,677.100653
2024-06-03,676.670249
2024-06-04,669.982792
2024-06-05,673.681481
2024-06-06,672.517676
2024-06-07,666.022232
2024-06-10,667.221227
2024-06-11,663.24789
2024-06-12,673.574587
2024-06-13,664.974913
2024-06-14,657.085479
2024-06-17,659.158721
2024-06-18,661.694881
2024-06-19,661.770733
2024-06-20,660.780716
2024-06-21,660.17138
2024-06-24,664.905594
2024-06-25,661.105719
2024-06-26,659.058607
2024-06-27,661.91214
2024-06-28,663.931823
2024-07-01,660.114123
2024-07-02,661.570541
2024-07-03,665.615405
2024-07-04,667.127199
2024-07-05,664.686967
2024-07-08,666.774555
2024-07-09,663.474246
2024-07-10,668.944188
2024-07-11,685.900322
2024-07-12,692.500911
2024-07-15,696.434022
2024-07-16,708.678377
2024-07-17,705.368897
2024-07-18,698.072352
2024-07-19,692.816346
2024-07-22,699.041151
2024-07-23,701.798886
2024-07-24,691.996709
2024-07-25,693.085294
2024-07-26,701.931755
2024-07-29,700.341092
2024-07-30,701.325655
2024-07-31,709.416304
2024-08-01,694.049765
2024-08-02,674.111134
2024-08-05,650.849399
2024-08-06,660.395126
2024-08-07,657.516677
2024-08-08,666.261579
2024-08-09,668.386174
2024-08-12,664.912292
2024-08-13,674.652852
2024-08-14,676.695559
2024-08-15,686.137714
2024-08-16,690.540332
2024-08-19,697.052877
2024-08-20,694.549125
2024-08-21,700.745547
2024-08-22,697.407324
2024-08-23,712.217406
2024-08-26,712.125501
2024-08-27,710.531985
2024-08-28,707.273387
2024-08-29,708.7886
2024-08-30,712.911487
2024-09-02,711.591887
2024-09-03,697.658892
2024-09-04,695.380445
2024-09-05,692.891596
2024-09-06,684.593073
2024-09-09,684.948683
2024-09-10,684.751192
2024-09-11,685.044184
2024-09-12,693.128524
2024-09-13,705.338417
2024-09-16,707.951455
2024-09-17,710.81413
2024-09-18,710.881131
2024-09-19,722.655142
2024-09-20,717.20317
2024-09-23,718.745351
2024-09-24,720.857444
2024-09-25,715.64025
2024-09-26,723.999786
2024-09-27,728.835142
2024-09-30,726.252926
2024-10-01,719.469878
2024-10-02,715.845971
2024-10-03,711.992434
2024-10-04,717.766982
2024-10-07,714.434641
2024-10-08,712.237716
2024-10-09,714.928277
2024-10-10,712.412796
2024-10-11,721.126632
2024-10-14,723.266019
2024-10-15,724.509981
2024-10-16,728.095492
2024-10-17,727.669295
2024-10-18,728.364815
2024-10-21,719.814335
2024-10-22,715.607687
2024-10-23,709.261336
2024-10-24,710.921561
2024-10-25,708.48533
2024-10-28,714.847924
2024-10-29,714.185307
2024-10-30,714.441101
2024-10-31,706.722367
2024-11-01,707.184426
2024-11-04,709.230154
2024-11-05,717.472421
2024-11-06,737.052246
2024-11-07,741.393472
2024-11-08,742.783079
2024-11-11,747.246108
2024-11-12,737.658451
2024-11-13,732.370723
2024-11-14,726.434239
2024-11-15,720.273417
2024-11-18,721.206677
2024-11-19,725.276895
2024-11-20,724.207288
2024-11-21,733.233185
2024-11-22,741.910118
2024-11-25,751.066364
2024-11-26,746.934678
2024-11-27,748.430598
2024-11-28,749.624098
2024-11-29,752.393056
2024-12-02,751.118323
2024-12-03,752.073845
2024-12-04,753.816789
2024-12-05,749.840635
2024-12-06,750.439521
2024-12-09,747.501745
2024-12-10,741.637209
2024-12-11,744.923742
2024-12-12,740.104715
2024-12-13,735.254543
2024-12-16,735.82255
2024-12-17,728.973777
2024-12-18,708.867744
2024-12-19,701.866538
2024-12-20,706.63314
2024-12-23,707.338348
2024-12-24,711.904285
2024-12-25,711.789364
2024-12-26,714.645998
2024-12-27,710.944712
2024-12-30,706.332673
2024-12-31,707.505127
2025-01-01,707.528723
2025-01-02,707.696744
2025-01-03,714.260685
2025-01-06,716.034172
2025-01-07,712.191234
2025-01-08,708.059983
2025-01-09,707.514927
2025-01-10,697.279759
2025-01-13,697.313949
2025-01-14,703.283199
2025-01-15,714.62943
2025-01-16,718.165854
2025-01-17,721.032977
2025-01-20,723.504604
2025-01-21,732.648903
2025-01-22,730.748948
2025-01-23,732.367234
2025-01-24,733.460064
2025-01-27,727.314395
2025-01-28,728.221584
2025-01-29,728.327577
2025-01-30,737.014276
2025-01-31,732.023497
2025-02-03,721.448233
2025-02-04,728.564306
2025-02-05,736.790181
2025-02-06,737.144151
2025-02-07,730.96403
2025-02-10,732.604043
2025-02-11,729.581249
2025-02-12,725.038468
2025-02-13,734.183436
2025-02-14,735.554694
2025-02-17,735.938657
2025-02-18,739.129944
2025-02-19,734.511338
2025-02-20,730.523448
2025-02-21,717.579903
2025-02-24,715.071663
2025-02-25,712.685919
2025-02-26,714.385587
2025-02-27,706.186432
2025-02-28,707.772218
2025-03-03,699.1339
2025-03-04,690.189779
2025-03-05,700.818644
2025-03-06,696.18525
2025-03-07,697.79024
2025-03-10,683.727073
2025-03-11,681.716288
2025-03-12,683.760853
2025-03-13,675.921618
2025-03-14,689.671309
2025-03-17,699.150949
2025-03-18,696.393216
2025-03-19,702.226946
2025-03-20,699.50625
2025-03-21,695.653207
2025-03-24,705.299623
2025-03-25,704.998378
2025-03-26,700.401052
2025-03-27,697.4567
2025-03-28,687.497713
2025-03-31,681.109271
2025-04-01,684.242491
2025-04-02,690.721281
2025-04-03,661.393401
2025-04-04,628.288306
2025-04-07,610.937647
2025-04-08,608.935363
2025-04-09,640.387922
2025-04-10,636.281781
2025-04-11,643.82441
2025-04-14,654.371204
