Date,Value
1997-01-01,1554.839222
1997-01-02,1543.121139
1997-01-03,1555.07708
1997-01-06,1557.34256
1997-01-07,1564.729986
1997-01-08,1564.831689
1997-01-09,1570.766741
1997-01-10,1571.981835
1997-01-13,1573.13919
1997-01-14,1580.709897
1997-01-15,1580.041206
1997-01-16,1578.083169
1997-01-17,1585.313659
1997-01-20,1591.586472
1997-01-21,1595.529352
1997-01-22,1597.540487
1997-01-23,1596.819477
1997-01-24,1586.400731
1997-01-27,1577.898354
1997-01-28,1582.2469
1997-01-29,1581.910342
1997-01-30,1590.17141
1997-01-31,1593.927258
1997-02-03,1597.013732
1997-02-04,1592.832175
1997-02-05,1583.425486
1997-02-06,1583.368648
1997-02-07,1587.450539
1997-02-10,1580.835809
1997-02-11,1578.092171
1997-02-12,1587.41147
1997-02-13,1600.293582
1997-02-14,1604.181061
1997-02-17,1604.181061
1997-02-18,1609.492599
1997-02-19,1610.462977
1997-02-20,1600.929575
1997-02-21,1598.928619
1997-02-24,1601.765788
1997-02-25,1603.646515
1997-02-26,1593.705666
1997-02-27,1585.976815
1997-02-28,1581.666411
1997-03-03,1585.173262
1997-03-04,1591.286423
1997-03-05,1600.173901
1997-03-06,1600.246057
1997-03-07,1607.232848
1997-03-10,1613.353348
1997-03-11,1616.851399
1997-03-12,1606.986884
1997-03-13,1589.559425
1997-03-14,1590.376387
1997-03-17,1579.038266
1997-03-18,1570.620509
1997-03-19,1561.17388
1997-03-20,1562.163314
1997-03-21,1559.50702
1997-03-24,1551.645832
1997-03-25,1553.833788
1997-03-26,1558.418578
1997-03-27,1544.92698
1997-03-28,1544.92698
1997-03-31,1521.938766
1997-04-01,1516.992349
1997-04-02,1505.57086
1997-04-03,1499.111709
1997-04-04,1513.271885
1997-04-07,1528.353188
1997-04-08,1531.090826
1997-04-09,1535.472116
1997-04-10,1531.868926
1997-04-11,1508.792972
1997-04-14,1506.438791
1997-04-15,1515.799333
1997-04-16,1516.195876
1997-04-17,1517.559881
1997-04-18,1523.449642
1997-04-21,1509.008029
1997-04-22,1508.54671
1997-04-23,1507.550404
1997-04-24,1508.820994
1997-04-25,1498.787095
1997-04-28,1501.064286
1997-04-29,1516.692259
1997-04-30,1525.727608
1997-05-01,1535.490852
1997-05-02,1568.478739
1997-05-05,1598.85353
1997-05-06,1596.899687
1997-05-07,1591.566254
1997-05-08,1591.004748
1997-05-09,1596.747905
1997-05-12,1608.48884
1997-05-13,1608.224243
1997-05-14,1613.830445
1997-05-15,1618.184226
1997-05-16,1616.212692
1997-05-19,1622.313433
1997-05-20,1627.959363
1997-05-21,1634.824805
1997-05-22,1640.882688
1997-05-23,1657.719099
1997-05-26,1657.719099
1997-05-27,1661.811428
1997-05-28,1665.144537
1997-05-29,1669.168267
1997-05-30,1678.586706
1997-06-02,1689.556597
1997-06-03,1692.482826
1997-06-04,1693.007966
1997-06-05,1700.912946
1997-06-06,1710.948724
1997-06-09,1717.483329
1997-06-10,1717.559411
1997-06-11,1722.698168
1997-06-12,1732.118556
1997-06-13,1740.897686
1997-06-16,1740.719416
1997-06-17,1743.598422
1997-06-18,1744.628925
1997-06-19,1760.397308
1997-06-20,1754.305509
1997-06-23,1743.329339
1997-06-24,1756.54036
1997-06-25,1753.850978
1997-06-26,1751.507577
1997-06-27,1762.834483
1997-06-30,1784.839386
1997-07-01,1783.564261
1997-07-02,1786.801318
1997-07-03,1794.093433
1997-07-04,1794.093433
1997-07-07,1795.349239
1997-07-08,1801.564251
1997-07-09,1798.506972
1997-07-10,1808.610485
1997-07-11,1820.042752
1997-07-14,1825.529169
1997-07-15,1834.789618
1997-07-16,1850.09188
1997-07-17,1845.264537
1997-07-18,1837.492715
1997-07-21,1826.75154
1997-07-22,1838.17166
1997-07-23,1845.539515
1997-07-24,1848.296612
1997-07-25,1851.289723
1997-07-28,1852.038191
1997-07-29,1857.457761
1997-07-30,1874.377318
1997-07-31,1880.698839
1997-08-01,1878.862501
1997-08-04,1883.854638
1997-08-05,1896.161338
1997-08-06,1907.561621
1997-08-07,1908.244035
1997-08-08,1883.971026
1997-08-11,1880.720497
1997-08-12,1877.875083
1997-08-13,1878.053618
1997-08-14,1880.449262
1997-08-15,1864.972777
1997-08-18,1864.417762
1997-08-19,1885.204928
1997-08-20,1905.122028
1997-08-21,1897.120409
1997-08-22,1890.959606
1997-08-25,1900.724161
1997-08-26,1901.962865
1997-08-27,1914.224829
1997-08-28,1918.563527
1997-08-29,1925.449355
1997-09-01,1925.449355
1997-09-02,1945.849057
1997-09-03,1950.351429
1997-09-04,1954.800397
1997-09-05,1966.658974
1997-09-08,1979.141331
1997-09-09,1989.029013
1997-09-10,1988.723601
1997-09-11,1986.128
1997-09-12,2003.65953
1997-09-15,2006.44731
1997-09-16,2028.017658
1997-09-17,2033.146734
1997-09-18,2036.687686
1997-09-19,2038.212365
1997-09-22,2045.846134
1997-09-23,2049.856878
1997-09-24,2048.761989
1997-09-25,2044.768348
1997-09-26,2052.077322
1997-09-29,2061.287484
1997-09-30,2072.686751
1997-10-01,2079.629588
1997-10-02,2089.736362
1997-10-03,2098.736042
1997-10-06,2109.63766
1997-10-07,2116.989921
1997-10-08,2115.062592
1997-10-09,2117.979187
1997-10-10,2121.273323
1997-10-13,2125.170822
1997-10-14,2121.655417
1997-10-15,2117.150772
1997-10-16,2095.931939
1997-10-17,2062.615548
1997-10-20,2080.164433
1997-10-21,2101.534603
1997-10-22,2100.254903
1997-10-23,2063.340263
1997-10-24,2059.894384
1997-10-27,1946.563217
1997-10-28,1982.855363
1997-10-29,2004.614005
1997-10-30,1979.613842
1997-10-31,2000.487498
1997-11-03,2032.254805
1997-11-04,2035.928161
1997-11-05,2045.731644
1997-11-06,2040.003913
1997-11-07,2008.546311
1997-11-10,2011.453885
1997-11-11,2006.040751
1997-11-12,1969.499759
1997-11-13,1966.880281
1997-11-14,1982.399341
1997-11-17,2013.293825
1997-11-18,2001.676968
1997-11-19,1998.804293
1997-11-20,2017.534798
1997-11-21,2016.427173
1997-11-24,1987.70883
1997-11-25,1983.857987
1997-11-26,1991.303744
1997-11-27,1991.303744
1997-11-28,1999.163894
1997-12-01,2016.738126
1997-12-02,2011.215086
1997-12-03,2015.034476
1997-12-04,2017.588208
1997-12-05,2028.756062
1997-12-08,2043.21595
1997-12-09,2030.204069
1997-12-10,2007.703038
1997-12-11,1976.141096
1997-12-12,1970.530804
1997-12-15,1965.34982
1997-12-16,1978.171728
1997-12-17,1983.037035
1997-12-18,1960.41341
1997-12-19,1955.208658
1997-12-22,1966.907935
1997-12-23,1966.640595
1997-12-24,1963.483872
1997-12-25,1963.483872
1997-12-26,1965.380838
1997-12-29,1984.363324
1997-12-30,2014.455367
1997-12-31,2028.671719
1998-01-01,2028.671719
1998-01-02,2029.124932
1998-01-05,2032.471763
1998-01-06,2016.236826
1998-01-07,2003.197456
1998-01-08,1990.237592
1998-01-09,1939.164076
1998-01-12,1930.395451
1998-01-13,1955.699594
1998-01-14,1968.455495
1998-01-15,1965.602818
1998-01-16,1985.746658
1998-01-19,1985.746658
1998-01-20,2003.806153
1998-01-21,1996.538789
1998-01-22,1984.37255
1998-01-23,1976.967765
1998-01-26,1964.460619
1998-01-27,1969.532412
1998-01-28,1992.368841
1998-01-29,2006.062147
1998-01-30,2001.505337
1998-02-02,2018.471123
1998-02-03,2032.81513
1998-02-04,2047.840222
1998-02-05,2057.255197
1998-02-06,2065.650218
1998-02-09,2074.677724
1998-02-10,2093.31127
1998-02-11,2099.907337
1998-02-12,2101.854644
1998-02-13,2108.07191
1998-02-16,2108.07191
1998-02-17,2108.399616
1998-02-18,2114.753566
1998-02-19,2115.030426
1998-02-20,2115.400786
1998-02-23,2126.324284
1998-02-24,2121.121585
1998-02-25,2139.187504
1998-02-26,2149.897354
1998-02-27,2151.091934
1998-03-02,2153.217932
1998-03-03,2158.176403
1998-03-04,2157.690062
1998-03-05,2135.82508
1998-03-06,2164.463891
1998-03-09,2157.302205
1998-03-10,2174.048662
1998-03-11,2184.75481
1998-03-12,2185.926635
1998-03-13,2190.600847
1998-03-16,2204.639109
1998-03-17,2205.042826
1998-03-18,2212.089254
1998-03-19,2220.07013
1998-03-20,2221.227777
1998-03-23,2218.221232
1998-03-24,2232.841737
1998-03-25,2231.920953
1998-03-26,2233.542083
1998-03-27,2231.89866
1998-03-30,2227.787764
1998-03-31,2246.47211
1998-04-01,2264.835425
1998-04-02,2272.293294
1998-04-03,2270.027887
1998-04-06,2255.929464
1998-04-07,2229.575487
1998-04-08,2231.972506
1998-04-09,2253.369986
1998-04-10,2253.369986
1998-04-13,2253.058037
1998-04-14,2275.93915
1998-04-15,2287.62495
1998-04-16,2273.878703
1998-04-17,2285.366264
1998-04-20,2293.669775
1998-04-21,2305.171064
1998-04-22,2306.590459
1998-04-23,2282.340172
1998-04-24,2262.118526
1998-04-27,2210.481936
1998-04-28,2225.222152
1998-04-29,2243.497017
1998-04-30,2271.183018
1998-05-01,2279.997301
1998-05-04,2281.159522
1998-05-05,2269.766744
1998-05-06,2259.02647
1998-05-07,2248.021225
1998-05-08,2260.924957
1998-05-11,2254.599918
1998-05-12,2250.0505
1998-05-13,2254.487058
1998-05-14,2246.821356
1998-05-15,2234.173755
1998-05-18,2214.1462
1998-05-19,2228.114532
1998-05-20,2218.422999
1998-05-21,2213.711073
1998-05-22,2196.957022
1998-05-25,2196.957022
1998-05-26,2165.295705
1998-05-27,2139.156172
1998-05-28,2162.040002
1998-05-29,2169.015096
1998-06-01,2149.830229
1998-06-02,2143.783026
1998-06-03,2140.855465
1998-06-04,2148.148666
1998-06-05,2157.262753
1998-06-08,2161.742682
1998-06-09,2161.803523
1998-06-10,2137.522366
1998-06-11,2108.629739
1998-06-12,2093.103463
1998-06-15,2061.002259
1998-06-16,2077.936382
1998-06-17,2102.151727
1998-06-18,2084.20634
1998-06-19,2079.300644
1998-06-22,2092.275647
1998-06-23,2107.879328
1998-06-24,2122.101669
1998-06-25,2118.990437
1998-06-26,2121.699572
1998-06-29,2133.555301
1998-06-30,2147.877594
1998-07-01,2163.211415
1998-07-02,2159.659259
1998-07-03,2159.659259
1998-07-06,2164.290676
1998-07-07,2161.165323
1998-07-08,2165.20925
1998-07-09,2166.726851
1998-07-10,2161.151056
1998-07-13,2160.011907
1998-07-14,2164.502744
1998-07-15,2173.145324
1998-07-16,2178.269448
1998-07-17,2174.898017
1998-07-20,2170.822047
1998-07-21,2147.558613
1998-07-22,2123.673115
1998-07-23,2087.675943
1998-07-24,2071.724593
1998-07-27,2047.093196
1998-07-28,2021.705221
1998-07-29,2016.901436
1998-07-30,2029.045587
1998-07-31,1990.222542
1998-08-03,1964.393879
1998-08-04,1912.717054
1998-08-05,1903.076095
1998-08-06,1935.043976
1998-08-07,1972.203924
1998-08-10,1955.914028
1998-08-11,1908.655369
1998-08-12,1942.337386
1998-08-13,1923.524219
1998-08-14,1921.193343
1998-08-17,1924.164917
1998-08-18,1951.308462
1998-08-19,1928.427449
1998-08-20,1911.080944
1998-08-21,1884.693421
1998-08-24,1876.83211
1998-08-25,1860.757258
1998-08-26,1820.139094
1998-08-27,1756.284331
1998-08-28,1724.607288
1998-08-31,1636.963575
1998-09-01,1672.520329
1998-09-02,1692.659238
1998-09-03,1664.929156
1998-09-04,1666.004403
1998-09-07,1666.004403
1998-09-08,1721.546228
1998-09-09,1684.560354
1998-09-10,1648.143463
1998-09-11,1682.517351
1998-09-14,1700.416878
1998-09-15,1702.821008
1998-09-16,1712.798389
1998-09-17,1692.156556
1998-09-18,1724.14531
1998-09-21,1718.477803
1998-09-22,1739.121113
1998-09-23,1768.775442
1998-09-24,1746.231768
1998-09-25,1737.723202
1998-09-28,1735.305221
1998-09-29,1724.418493
1998-09-30,1717.578058
1998-10-01,1663.940938
1998-10-02,1663.195874
1998-10-05,1612.510596
1998-10-06,1592.031388
1998-10-07,1549.497513
1998-10-08,1494.730512
1998-10-09,1522.195185
1998-10-12,1549.325738
1998-10-13,1530.701662
1998-10-14,1548.423202
1998-10-15,1590.484173
1998-10-16,1624.832137
1998-10-19,1666.16196
1998-10-20,1697.600445
1998-10-21,1708.094072
1998-10-22,1734.317102
1998-10-23,1735.985976
1998-10-26,1754.922575
1998-10-27,1753.116932
1998-10-28,1754.504055
1998-10-29,1768.138709
1998-10-30,1785.880238
1998-11-02,1821.643114
1998-11-03,1828.068432
1998-11-04,1852.822827
1998-11-05,1872.27332
1998-11-06,1888.179933
1998-11-09,1878.149469
1998-11-10,1871.149502
1998-11-11,1857.599925
1998-11-12,1851.054227
1998-11-13,1840.846936
1998-11-16,1841.771063
1998-11-17,1837.339727
1998-11-18,1843.255017
1998-11-19,1854.187405
1998-11-20,1857.376273
1998-11-23,1870.072016
1998-11-24,1865.848066
1998-11-25,1877.552062
1998-11-26,1877.552062
1998-11-27,1888.958694
1998-11-30,1874.654987
1998-12-01,1879.248659
1998-12-02,1871.303432
1998-12-03,1859.67635
1998-12-04,1871.974776
1998-12-07,1883.267167
1998-12-08,1879.119903
1998-12-09,1881.034006
1998-12-10,1859.631062
1998-12-11,1853.214826
1998-12-14,1820.20652
1998-12-15,1821.405346
1998-12-16,1821.339468
1998-12-17,1831.358915
1998-12-18,1843.911628
1998-12-21,1855.205192
1998-12-22,1850.10697
1998-12-23,1869.284948
1998-12-24,1874.41834
1998-12-25,1874.41834
1998-12-28,1879.956402
1998-12-29,1893.220979
1998-12-30,1903.957997
1998-12-31,1950.225715
1999-01-01,1950.225715
1999-01-04,1954.509394
1999-01-05,1960.151557
1999-01-06,1987.97916
1999-01-07,1987.951114
1999-01-08,2001.524542
1999-01-11,2006.025241
1999-01-12,1983.638766
1999-01-13,1968.497341
1999-01-14,1947.421848
1999-01-15,1973.106493
1999-01-18,1973.106493
1999-01-19,1982.589113
1999-01-20,1982.47204
1999-01-21,1960.258938
1999-01-22,1955.000475
1999-01-25,1954.396572
1999-01-26,1959.211635
1999-01-27,1936.162541
1999-01-28,1943.550135
1999-01-29,1954.939144
1999-02-01,1949.380525
1999-02-02,1929.873005
1999-02-03,1935.831419
1999-02-04,1914.28837
1999-02-05,1897.329337
1999-02-08,1895.335077
1999-02-09,1868.4375
1999-02-10,1846.540415
1999-02-11,1864.920202
1999-02-12,1834.01436
1999-02-15,1834.01436
1999-02-16,1824.769313
1999-02-17,1797.525004
1999-02-18,1804.332853
1999-02-19,1807.813333
1999-02-22,1823.746311
1999-02-23,1825.095624
1999-02-24,1807.223766
1999-02-25,1796.456317
1999-02-26,1793.453847
1999-03-01,1801.36824
1999-03-02,1798.20181
1999-03-03,1789.545607
1999-03-04,1794.873458
1999-03-05,1806.913616
1999-03-08,1803.119006
1999-03-09,1798.651963
1999-03-10,1808.432538
1999-03-11,1810.079017
1999-03-12,1803.510511
1999-03-15,1805.820875
1999-03-16,1798.97414
1999-03-17,1798.279221
1999-03-18,1803.509483
1999-03-19,1790.213475
1999-03-22,1778.553946
1999-03-23,1743.186166
1999-03-24,1745.57801
1999-03-25,1774.767271
1999-03-26,1781.105598
1999-03-29,1801.877094
1999-03-30,1799.416582
1999-03-31,1794.22573
1999-04-01,1794.806321
1999-04-02,1794.806321
1999-04-05,1797.431864
1999-04-06,1784.304043
1999-04-07,1774.848934
1999-04-08,1782.353443
1999-04-09,1809.049998
1999-04-12,1825.99487
1999-04-13,1843.581737
1999-04-14,1861.54367
1999-04-15,1878.244931
1999-04-16,1909.639776
1999-04-19,1906.379609
1999-04-20,1902.965326
1999-04-21,1936.272697
1999-04-22,1942.961038
1999-04-23,1950.372009
1999-04-26,1951.918305
1999-04-27,1959.498453
1999-04-28,1972.281214
1999-04-29,1974.316158
1999-04-30,1970.633204
1999-05-03,1985.489531
1999-05-04,1986.005123
1999-05-05,1989.227544
1999-05-06,1991.4374
1999-05-07,2000.189207
1999-05-10,2022.184157
1999-05-11,2037.565054
1999-05-12,2041.427503
1999-05-13,2053.739473
1999-05-14,2028.660337
1999-05-17,2016.376851
1999-05-18,2016.27668
1999-05-19,2027.560085
1999-05-20,2040.495606
1999-05-21,2056.453394
1999-05-24,2025.807914
1999-05-25,2005.916905
1999-05-26,2002.204132
1999-05-27,1991.413653
1999-05-28,2014.158769
1999-05-31,2014.158769
1999-06-01,2014.542595
1999-06-02,2004.6689
1999-06-03,2007.293275
1999-06-04,2021.328337
1999-06-07,2032.937533
1999-06-08,2021.403334
1999-06-09,2024.348765
1999-06-10,2014.084435
1999-06-11,2004.785536
1999-06-14,1992.011851
1999-06-15,1997.843728
1999-06-16,2013.339586
1999-06-17,2020.148526
1999-06-18,2025.156082
1999-06-21,2038.099775
1999-06-22,2032.966925
1999-06-23,2033.517712
1999-06-24,2021.161382
1999-06-25,2026.280805
1999-06-28,2049.943835
1999-06-29,2067.164458
1999-06-30,2098.601504
1999-07-01,2093.360601
1999-07-02,2099.557158
1999-07-05,2099.557158
1999-07-06,2097.898794
1999-07-07,2084.144023
1999-07-08,2087.912326
1999-07-09,2102.509733
1999-07-12,2110.79927
1999-07-13,2106.342549
1999-07-14,2117.710034
1999-07-15,2135.607409
1999-07-16,2133.919877
1999-07-19,2122.563002
1999-07-20,2096.000624
1999-07-21,2100.779453
1999-07-22,2090.5223
1999-07-23,2077.626175
1999-07-26,2058.186449
1999-07-27,2069.560822
1999-07-28,2067.715329
1999-07-29,2047.609149
1999-07-30,2058.312674
1999-08-02,2052.650919
1999-08-03,2030.244095
1999-08-04,2006.600251
1999-08-05,2000.227123
1999-08-06,1993.991598
1999-08-09,1988.988111
1999-08-10,1972.625312
1999-08-11,1990.473433
1999-08-12,1991.418689
1999-08-13,2006.604311
1999-08-16,2005.468689
1999-08-17,2013.546643
1999-08-18,2006.071942
1999-08-19,2007.079669
1999-08-20,2011.617371
1999-08-23,2018.006349
1999-08-24,2012.879211
1999-08-25,2013.023543
1999-08-26,2005.52453
1999-08-27,1992.971552
1999-08-30,1973.564637
1999-08-31,1972.659234
1999-09-01,1985.472732
1999-09-02,1972.270789
1999-09-03,2000.526472
1999-09-06,2000.526472
1999-09-07,2006.912633
1999-09-08,1996.935767
1999-09-09,2001.009739
1999-09-10,2012.429285
1999-09-13,2006.260441
1999-09-14,1997.795914
1999-09-15,1995.223002
1999-09-16,1970.364007
1999-09-17,1981.180255
1999-09-20,1973.404011
1999-09-21,1947.417961
1999-09-22,1944.778999
1999-09-23,1917.929937
1999-09-24,1906.145784
1999-09-27,1921.696974
1999-09-28,1906.940851
1999-09-29,1917.483185
1999-09-30,1938.575506
1999-10-01,1923.819868
1999-10-04,1933.603074
1999-10-05,1926.401786
1999-10-06,1935.590484
1999-10-07,1928.279806
1999-10-08,1925.543035
1999-10-11,1931.271902
1999-10-12,1909.758713
1999-10-13,1889.514131
1999-10-14,1885.164714
1999-10-15,1866.73463
1999-10-18,1847.375337
1999-10-19,1850.728143
1999-10-20,1855.237048
1999-10-21,1851.078534
1999-10-22,1871.522894
1999-10-25,1866.634685
1999-10-26,1859.614526
1999-10-27,1865.331513
1999-10-28,1890.597006
1999-10-29,1906.453933
1999-11-01,1916.050768
1999-11-02,1922.441421
1999-11-03,1941.751612
1999-11-04,1945.233001
1999-11-05,1952.259606
1999-11-08,1957.383513
1999-11-09,1957.835897
1999-11-10,1964.114664
1999-11-11,1959.064637
1999-11-12,1968.043934
1999-11-15,1980.0984
1999-11-16,1992.362561
1999-11-17,1993.215929
1999-11-18,2008.426901
1999-11-19,2002.40577
1999-11-22,1991.851785
1999-11-23,1969.324677
1999-11-24,1971.289631
1999-11-25,1971.289631
1999-11-26,1980.427023
1999-11-29,1971.226768
1999-11-30,1971.995541
1999-12-01,1971.662177
1999-12-02,1982.0268
1999-12-03,1989.479751
1999-12-06,1979.593754
1999-12-07,1973.807462
1999-12-08,1975.841792
1999-12-09,1966.736341
1999-12-10,1976.382721
1999-12-13,1976.035321
1999-12-14,1959.376656
1999-12-15,1956.985486
1999-12-16,1959.898213
1999-12-17,1963.660171
1999-12-20,1959.747877
1999-12-21,1973.326227
1999-12-22,1976.324742
1999-12-23,1994.936582
1999-12-24,1994.936582
1999-12-27,1992.971908
1999-12-28,1999.002292
1999-12-29,2030.62863
1999-12-30,2036.668561
1999-12-31,2065.54953
2000-01-03,2033.751873
2000-01-04,1984.350519
2000-01-05,1997.077464
2000-01-06,2007.171042
2000-01-07,2041.210729
2000-01-10,2060.377143
2000-01-11,2040.397151
2000-01-12,2028.282995
2000-01-13,2060.948375
2000-01-14,2070.54337
2000-01-17,2070.54337
2000-01-18,2080.89608
2000-01-19,2087.698255
2000-01-20,2085.221262
2000-01-21,2089.438059
2000-01-24,2067.92763
2000-01-25,2049.913213
2000-01-26,2048.654141
2000-01-27,2041.770937
2000-01-28,2009.489411
2000-01-31,1991.105675
2000-02-01,2005.663644
2000-02-02,2015.060838
2000-02-03,2039.864762
2000-02-04,2041.664479
2000-02-07,2045.91987
2000-02-08,2048.394953
2000-02-09,2033.523468
2000-02-10,2031.685474
2000-02-11,2013.939922
2000-02-14,2025.22424
2000-02-15,2029.758769
2000-02-16,2032.110206
2000-02-17,2049.271595
2000-02-18,2014.783085
2000-02-21,2014.783085
2000-02-22,2003.424498
2000-02-23,2006.146594
2000-02-24,1991.545394
2000-02-25,1986.649358
2000-02-28,1993.304102
2000-02-29,2038.412508
2000-03-01,2062.857558
2000-03-02,2058.810194
2000-03-03,2083.029474
2000-03-06,2074.677602
2000-03-07,2052.517842
2000-03-08,2054.721345
2000-03-09,2084.236297
2000-03-10,2079.874252
2000-03-13,2061.374591
2000-03-14,2043.087874
2000-03-15,2049.178493
2000-03-16,2120.296401
2000-03-17,2121.974991
2000-03-20,2097.000194
2000-03-21,2102.697474
2000-03-22,2126.004936
2000-03-23,2139.092517
2000-03-24,2136.351146
2000-03-27,2125.360612
2000-03-28,2103.899293
2000-03-29,2100.381762
2000-03-30,2089.202942
2000-03-31,2125.437336
2000-04-03,2093.654732
2000-04-04,2052.719122
2000-04-05,2070.385473
2000-04-06,2099.602475
2000-04-07,2116.83399
2000-04-10,2078.608021
2000-04-11,2071.745073
2000-04-12,2050.380274
2000-04-13,2036.454611
2000-04-14,1939.759352
2000-04-17,1941.463448
2000-04-18,1995.838732
2000-04-19,2000.886615
2000-04-20,2002.22799
2000-04-21,2002.22799
2000-04-24,1980.446742
2000-04-25,2029.038432
2000-04-26,2025.334414
2000-04-27,2035.387738
2000-04-28,2056.20348
2000-05-01,2088.227777
2000-05-02,2061.647522
2000-05-03,2027.060994
2000-05-04,2049.266747
2000-05-05,2071.580781
2000-05-08,2052.455503
2000-05-09,2041.01057
2000-05-10,2001.455829
2000-05-11,2045.075513
2000-05-12,2048.681593
2000-05-15,2073.005629
2000-05-16,2087.15511
2000-05-17,2067.619337
2000-05-18,2049.973725
2000-05-19,2021.734231
2000-05-22,2001.451721
2000-05-23,1984.287098
2000-05-24,1986.447863
2000-05-25,1970.933259
2000-05-26,1969.921055
2000-05-29,1969.928769
2000-05-30,2003.315835
2000-05-31,1999.146775
2000-06-01,2030.355627
2000-06-02,2072.71401
2000-06-05,2066.363386
2000-06-06,2063.526455
2000-06-07,2071.228552
2000-06-08,2064.320077
2000-06-09,2074.707815
2000-06-12,2060.046655
2000-06-13,2071.277597
2000-06-14,2074.413821
2000-06-15,2074.998706
2000-06-16,2065.692006
2000-06-19,2071.9683
2000-06-20,2066.846457
2000-06-21,2064.99784
2000-06-22,2038.505081
2000-06-23,2033.77006
2000-06-26,2047.340096
2000-06-27,2049.069704
2000-06-28,2083.265747
2000-06-29,2086.431931
2000-06-30,2053.457004
2000-07-03,2089.114266
2000-07-04,2089.114266
2000-07-05,2080.251603
2000-07-06,2098.239317
2000-07-07,2107.030944
2000-07-10,2117.742676
2000-07-11,2119.737126
2000-07-12,2147.979159
2000-07-13,2156.580807
2000-07-14,2160.575749
2000-07-17,2165.112124
2000-07-18,2147.734151
2000-07-19,2131.004888
2000-07-20,2150.045082
2000-07-21,2122.95177
2000-07-24,2100.709824
2000-07-25,2102.918301
2000-07-26,2103.813987
2000-07-27,2082.065301
2000-07-28,2052.915839
2000-07-31,2086.462934
2000-08-01,2084.732588
2000-08-02,2092.503239
2000-08-03,2092.889529
2000-08-04,2107.784547
2000-08-07,2125.220411
2000-08-08,2130.603848
2000-08-09,2130.286594
2000-08-10,2115.286385
2000-08-11,2145.784854
2000-08-14,2163.296854
2000-08-15,2148.010106
2000-08-16,2157.343488
2000-08-17,2165.555801
2000-08-18,2159.116047
2000-08-21,2158.053861
2000-08-22,2159.520601
2000-08-23,2156.314462
2000-08-24,2165.010379
2000-08-25,2170.487847
2000-08-28,2172.643471
2000-08-29,2183.060112
2000-08-30,2191.066696
2000-08-31,2207.873426
2000-09-01,2218.159411
2000-09-04,2218.159411
2000-09-05,2214.270681
2000-09-06,2220.198959
2000-09-07,2235.742323
2000-09-08,2222.887496
2000-09-11,2224.550324
2000-09-12,2221.909367
2000-09-13,2222.049247
2000-09-14,2234.667556
2000-09-15,2212.611124
2000-09-18,2165.967012
2000-09-19,2175.622436
2000-09-20,2170.307022
2000-09-21,2149.128532
2000-09-22,2153.55025
2000-09-25,2145.84594
2000-09-26,2129.902911
2000-09-27,2125.221115
2000-09-28,2170.144632
2000-09-29,2170.568112
2000-10-02,2144.901627
2000-10-03,2137.511449
2000-10-04,2142.796127
2000-10-05,2130.953145
2000-10-06,2099.405529
2000-10-09,2094.249957
2000-10-10,2073.781358
2000-10-11,2049.249602
2000-10-12,2008.45139
2000-10-13,2050.974312
2000-10-16,2050.209601
2000-10-17,2014.799504
2000-10-18,2003.795386
2000-10-19,2042.714959
2000-10-20,2056.28407
2000-10-23,2058.450708
2000-10-24,2061.73257
2000-10-25,2029.03049
2000-10-26,2040.69325
2000-10-27,2054.073979
2000-10-30,2081.213247
2000-10-31,2126.266453
2000-11-01,2119.811779
2000-11-02,2153.735687
2000-11-03,2155.669275
2000-11-06,2149.95547
2000-11-07,2157.032779
2000-11-08,2154.976
2000-11-09,2139.853893
2000-11-10,2101.009736
2000-11-13,2097.677319
2000-11-14,2123.795879
2000-11-15,2139.369269
2000-11-16,2112.741985
2000-11-17,2126.769335
2000-11-20,2093.85721
2000-11-21,2088.246863
2000-11-22,2068.51585
2000-11-23,2068.51585
2000-11-24,2101.948283
2000-11-27,2101.086725
2000-11-28,2075.976557
2000-11-29,2068.199638
2000-11-30,2040.063579
2000-12-01,2081.047908
2000-12-04,2067.888695
2000-12-05,2128.226361
2000-12-06,2102.072748
2000-12-07,2087.38454
2000-12-08,2149.496513
2000-12-11,2178.779498
2000-12-12,2156.750406
2000-12-13,2131.492887
2000-12-14,2105.340418
2000-12-15,2085.885512
2000-12-18,2104.486351
2000-12-19,2089.751614
2000-12-20,2039.034567
2000-12-21,2055.236078
2000-12-22,2120.048783
2000-12-25,2120.048783
2000-12-26,2130.780656
2000-12-27,2181.837668
2000-12-28,2240.616272
2000-12-29,2228.158138
2001-01-01,2228.158138
2001-01-02,2170.872959
2001-01-03,2262.973267
2001-01-04,2268.891849
2001-01-05,2224.84437
2001-01-08,2223.074406
2001-01-09,2235.192972
2001-01-10,2276.201082
2001-01-11,2308.63687
2001-01-12,2322.864652
2001-01-15,2322.864652
2001-01-16,2361.930412
2001-01-17,2371.402672
2001-01-18,2371.780088
2001-01-19,2347.121758
2001-01-22,2359.795418
2001-01-23,2408.829861
2001-01-24,2412.166862
2001-01-25,2402.247339
2001-01-26,2397.938621
2001-01-29,2441.193855
2001-01-30,2459.076305
2001-01-31,2462.558521
2001-02-01,2472.068433
2001-02-02,2445.638818
2001-02-05,2448.016835
2001-02-06,2468.373495
2001-02-07,2480.088571
2001-02-08,2466.186649
2001-02-09,2441.714616
2001-02-12,2478.840424
2001-02-13,2473.057409
2001-02-14,2471.528533
2001-02-15,2494.198148
2001-02-16,2451.441148
2001-02-19,2451.441148
2001-02-20,2419.139251
2001-02-21,2385.04441
2001-02-22,2363.822991
2001-02-23,2359.381669
2001-02-26,2408.442153
2001-02-27,2381.831157
2001-02-28,2365.280909
2001-03-01,2351.044228
2001-03-02,2373.274928
2001-03-05,2375.398188
2001-03-06,2399.583333
2001-03-07,2430.27859
2001-03-08,2427.445456
2001-03-09,2399.759107
2001-03-12,2331.261994
2001-03-13,2336.993263
2001-03-14,2292.389843
2001-03-15,2289.063281
2001-03-16,2244.30376
2001-03-19,2275.472523
2001-03-20,2250.827911
2001-03-21,2210.008745
2001-03-22,2186.132794
2001-03-23,2222.636959
2001-03-26,2245.254106
2001-03-27,2270.038812
2001-03-28,2231.739086
2001-03-29,2235.077508
2001-03-30,2277.931954
2001-04-02,2225.953459
2001-04-03,2165.296275
2001-04-04,2159.589356
2001-04-05,2234.91476
2001-04-06,2186.382552
2001-04-09,2211.711573
2001-04-10,2257.82165
2001-04-11,2242.98998
2001-04-12,2260.983154
2001-04-13,2260.983154
2001-04-16,2251.404852
2001-04-17,2273.728026
2001-04-18,2315.127869
2001-04-19,2340.85532
2001-04-20,2322.07185
2001-04-23,2304.84086
2001-04-24,2317.385778
2001-04-25,2355.796028
2001-04-26,2380.394076
2001-04-27,2408.722591
2001-04-30,2422.162139
2001-05-01,2449.437874
2001-05-02,2456.647379
2001-05-03,2432.938523
2001-05-04,2464.356752
2001-05-07,2453.966095
2001-05-08,2467.026406
2001-05-09,2465.128577
2001-05-10,2481.340639
2001-05-11,2476.193236
2001-05-14,2481.20058
2001-05-15,2497.660392
2001-05-16,2531.676567
2001-05-17,2565.28711
2001-05-18,2573.972401
2001-05-21,2609.777213
2001-05-22,2615.424213
2001-05-23,2576.683353
2001-05-24,2588.218587
2001-05-25,2581.667819
2001-05-28,2581.667819
2001-05-29,2559.20392
2001-05-30,2525.397434
2001-05-31,2535.84693
2001-06-01,2561.631652
2001-06-04,2580.672115
2001-06-05,2615.982118
2001-06-06,2598.345291
2001-06-07,2605.773086
2001-06-08,2592.519007
2001-06-11,2576.512117
2001-06-12,2579.744399
2001-06-13,2569.71557
2001-06-14,2524.64214
2001-06-15,2512.388547
2001-06-18,2486.634052
2001-06-19,2474.632296
2001-06-20,2501.461942
2001-06-21,2514.935735
2001-06-22,2486.255973
2001-06-25,2473.89547
2001-06-26,2500.43103
2001-06-27,2522.620226
2001-06-28,2549.398742
2001-06-29,2605.271819
2001-07-02,2574.133771
2001-07-03,2571.417532
2001-07-04,2571.417532
2001-07-05,2559.44693
2001-07-06,2523.205168
2001-07-09,2532.486258
2001-07-10,2507.881205
2001-07-11,2504.752773
2001-07-12,2560.16742
2001-07-13,2570.040134
2001-07-16,2551.968528
2001-07-17,2581.163754
2001-07-18,2563.109905
2001-07-19,2579.961772
2001-07-20,2581.916917
2001-07-23,2559.440817
2001-07-24,2520.402249
2001-07-25,2535.279298
2001-07-26,2560.639403
2001-07-27,2557.586713
2001-07-30,2563.201897
2001-07-31,2571.021429
2001-08-01,2588.311232
2001-08-02,2589.08004
2001-08-03,2584.540298
2001-08-06,2558.546501
2001-08-07,2560.280054
2001-08-08,2532.124333
2001-08-09,2538.479769
2001-08-10,2547.717417
2001-08-13,2554.219324
2001-08-14,2571.635289
2001-08-15,2571.52306
2001-08-16,2586.169091
2001-08-17,2561.777661
2001-08-20,2574.105792
2001-08-21,2549.29384
2001-08-22,2566.70488
2001-08-23,2554.163785
2001-08-24,2581.313842
2001-08-27,2570.541466
2001-08-28,2549.799346
2001-08-29,2548.870721
2001-08-30,2527.540144
2001-08-31,2536.710685
2001-09-03,2536.710685
2001-09-04,2538.772055
2001-09-05,2524.665063
2001-09-06,2486.568069
2001-09-07,2437.059497
2001-09-10,2410.27848
2001-09-11,2410.391753
2001-09-12,2410.555841
2001-09-13,2410.570663
2001-09-14,2410.57348
2001-09-17,2277.550153
2001-09-18,2250.054998
2001-09-19,2200.669473
2001-09-20,2116.520469
2001-09-21,2064.278079
2001-09-24,2136.576484
2001-09-25,2148.318315
2001-09-26,2121.371193
2001-09-27,2138.696498
2001-09-28,2196.824733
2001-10-01,2163.541462
2001-10-02,2181.06204
2001-10-03,2232.094241
2001-10-04,2244.923823
2001-10-05,2237.96243
2001-10-08,2218.936677
2001-10-09,2206.688255
2001-10-10,2267.863732
2001-10-11,2304.850054
2001-10-12,2287.100603
2001-10-15,2294.214222
2001-10-16,2312.163019
2001-10-17,2270.427048
2001-10-18,2253.776572
2001-10-19,2271.665684
2001-10-22,2291.06742
2001-10-23,2280.092161
2001-10-24,2275.226842
2001-10-25,2308.659148
2001-10-26,2323.6222
2001-10-29,2288.264628
2001-10-30,2260.842083
2001-10-31,2288.966497
2001-11-01,2320.484343
2001-11-02,2316.075469
2001-11-05,2336.915996
2001-11-06,2362.861372
2001-11-07,2356.854527
2001-11-08,2348.619242
2001-11-09,2345.633265
2001-11-12,2353.342946
2001-11-13,2391.664809
2001-11-14,2417.63076
2001-11-15,2410.671011
2001-11-16,2420.614179
2001-11-19,2448.556568
2001-11-20,2434.663393
2001-11-21,2427.354313
2001-11-22,2427.354313
2001-11-23,2459.116816
2001-11-26,2469.447242
2001-11-27,2468.839776
2001-11-28,2441.595877
2001-11-29,2479.986717
2001-11-30,2473.136204
2001-12-03,2487.446077
2001-12-04,2640.687179
2001-12-05,2698.53932
2001-12-06,2719.186025
2001-12-07,2716.989697
2001-12-10,2679.077396
2001-12-11,2680.053127
2001-12-12,2682.177262
2001-12-13,2647.721286
2001-12-14,2662.550947
2001-12-17,2697.536866
2001-12-18,2727.993026
2001-12-19,2718.242622
2001-12-20,2687.051597
2001-12-21,2734.858043
2001-12-24,2747.099557
2001-12-25,2747.099557
2001-12-26,2771.985532
2001-12-27,2797.501609
2001-12-28,2809.784261
2001-12-31,2795.171619
2002-01-01,2795.121261
2002-01-02,2790.626597
2002-01-03,2828.77934
2002-01-04,2857.4041
2002-01-07,2834.543269
2002-01-08,2853.801365
2002-01-09,2843.625323
2002-01-10,2844.451673
2002-01-11,2817.248729
2002-01-14,2779.158291
2002-01-15,2793.58594
2002-01-16,2756.468717
2002-01-17,2783.645125
2002-01-18,2755.797061
2002-01-21,2755.797061
2002-01-22,2728.84994
2002-01-23,2766.394552
2002-01-24,2780.757935
2002-01-25,2792.94751
2002-01-28,2809.128592
2002-01-29,2765.043207
2002-01-30,2788.101184
2002-01-31,2812.592092
2002-02-01,2795.31991
2002-02-04,2747.920233
2002-02-05,2736.559583
2002-02-06,2705.039412
2002-02-07,2687.828316
2002-02-08,2735.360461
2002-02-11,2765.91175
2002-02-12,2762.401372
2002-02-13,2786.497788
2002-02-14,2765.766379
2002-02-15,2763.858071
2002-02-18,2763.863521
2002-02-19,2726.883419
2002-02-20,2763.315703
2002-02-21,2729.465197
2002-02-22,2764.484201
2002-02-25,2787.184316
2002-02-26,2807.837447
2002-02-27,2821.596973
2002-02-28,2816.279553
2002-03-01,2862.239671
2002-03-04,2924.778487
2002-03-05,2924.372632
2002-03-06,2974.265463
2002-03-07,2980.189832
2002-03-08,3011.910666
2002-03-11,3023.021178
2002-03-12,3017.812784
2002-03-13,2995.319435
2002-03-14,3007.047304
2002-03-15,3022.798871
2002-03-18,3040.906404
2002-03-19,3051.233602
2002-03-20,3023.891279
2002-03-21,3046.579082
2002-03-22,3040.129656
2002-03-25,3004.575096
2002-03-26,3039.956399
2002-03-27,3069.857652
2002-03-28,3079.248532
2002-03-29,3079.248532
2002-04-01,3070.112476
2002-04-02,3055.961851
2002-04-03,3033.40901
2002-04-04,3043.678111
2002-04-05,3049.32459
2002-04-08,3081.893544
2002-04-09,3091.934359
2002-04-10,3145.171113
2002-04-11,3108.920164
2002-04-12,3164.742147
2002-04-15,3150.684629
2002-04-16,3207.922837
2002-04-17,3190.907421
2002-04-18,3183.253386
2002-04-19,3189.399714
2002-04-22,3153.782798
2002-04-23,3153.989439
2002-04-24,3140.117094
2002-04-25,3145.568059
2002-04-26,3111.20856
2002-04-29,3101.524427
2002-04-30,3157.820016
2002-05-01,3163.387842
2002-05-02,3178.384324
2002-05-03,3176.006405
2002-05-06,3125.532774
2002-05-07,3114.748326
2002-05-08,3157.784175
2002-05-09,3121.635454
2002-05-10,3073.856442
2002-05-13,3106.406153
2002-05-14,3169.86886
2002-05-15,3177.578907
2002-05-16,3147.856103
2002-05-17,3155.946256
2002-05-20,3127.579676
2002-05-21,3088.826505
2002-05-22,3083.224574
2002-05-23,3118.553317
2002-05-24,3092.318339
2002-05-27,3092.317879
2002-05-28,3076.43559
2002-05-29,3057.365872
2002-05-30,3052.283071
2002-05-31,3059.749491
2002-06-03,2979.77237
2002-06-04,2967.715051
2002-06-05,2977.332614
2002-06-06,2925.876466
2002-06-07,2943.586939
2002-06-10,2944.656708
2002-06-11,2899.238951
2002-06-12,2891.739417
2002-06-13,2859.949195
2002-06-14,2862.825785
2002-06-17,2932.071485
2002-06-18,2930.3044
2002-06-19,2891.7512
2002-06-20,2861.912766
2002-06-21,2856.492943
2002-06-24,2846.939608
2002-06-25,2808.125151
2002-06-26,2792.365461
2002-06-27,2824.281851
2002-06-28,2864.815329
2002-07-01,2798.656786
2002-07-02,2711.662291
2002-07-03,2688.793612
2002-07-04,2688.793612
2002-07-05,2768.240085
2002-07-08,2729.142305
2002-07-09,2685.463219
2002-07-10,2624.69047
2002-07-11,2604.601057
2002-07-12,2579.832966
2002-07-15,2550.335445
2002-07-16,2528.809951
2002-07-17,2530.643633
2002-07-18,2467.982454
2002-07-19,2398.911041
2002-07-22,2329.987215
2002-07-23,2236.518501
2002-07-24,2322.965575
2002-07-25,2324.196103
2002-07-26,2351.177893
2002-07-29,2480.571338
2002-07-30,2491.313566
2002-07-31,2469.954312
2002-08-01,2440.290488
2002-08-02,2355.298221
2002-08-05,2293.568254
2002-08-06,2369.448102
2002-08-07,2391.236172
2002-08-08,2427.848933
2002-08-09,2430.360409
2002-08-12,2424.497817
2002-08-13,2368.41365
2002-08-14,2432.793667
2002-08-15,2452.292481
2002-08-16,2468.96722
2002-08-19,2511.008864
2002-08-20,2492.618436
2002-08-21,2543.910268
2002-08-22,2574.084092
2002-08-23,2524.405892
2002-08-26,2563.825008
2002-08-27,2517.890664
2002-08-28,2469.607842
2002-08-29,2481.015219
2002-08-30,2473.618934
2002-09-02,2473.618934
2002-09-03,2403.112936
2002-09-04,2455.18921
2002-09-05,2409.410739
2002-09-06,2462.353246
2002-09-09,2470.170284
2002-09-10,2480.285593
2002-09-11,2481.454983
2002-09-12,2434.662353
2002-09-13,2449.200978
2002-09-16,2434.00912
2002-09-17,2385.551271
2002-09-18,2367.816382
2002-09-19,2303.686464
2002-09-20,2311.417881
2002-09-23,2263.519334
2002-09-24,2232.01319
2002-09-25,2281.082478
2002-09-26,2322.296339
2002-09-27,2266.461067
2002-09-30,2257.269148
2002-10-01,2298.60099
2002-10-02,2235.686688
2002-10-03,2216.012228
2002-10-04,2159.586406
2002-10-07,2097.368895
2002-10-08,2107.68887
2002-10-09,2023.578029
2002-10-10,2088.225348
2002-10-11,2154.041895
2002-10-14,2161.448605
2002-10-15,2254.74583
2002-10-16,2185.952121
2002-10-17,2254.012172
2002-10-18,2254.683191
2002-10-21,2295.235195
2002-10-22,2260.197728
2002-10-23,2293.994512
2002-10-24,2273.307085
2002-10-25,2312.162431
2002-10-28,2294.946321
2002-10-29,2279.091179
2002-10-30,2302.714523
2002-10-31,2307.656223
2002-11-01,2356.631687
2002-11-04,2374.89319
2002-11-05,2372.490577
2002-11-06,2412.628793
2002-11-07,2357.316314
2002-11-08,2323.890373
2002-11-11,2269.683382
2002-11-12,2294.78438
2002-11-13,2301.420824
2002-11-14,2357.768341
2002-11-15,2369.412155
2002-11-18,2350.146876
2002-11-19,2334.718758
2002-11-20,2376.181277
2002-11-21,2435.760821
2002-11-22,2448.41892
2002-11-25,2478.099038
2002-11-26,2439.183194
2002-11-27,2510.933399
2002-11-28,2511.123422
2002-11-29,2502.449764
2002-12-02,2516.62741
2002-12-03,2472.879837
2002-12-04,2451.338243
2002-12-05,2430.986702
2002-12-06,2437.983434
2002-12-09,2389.110807
2002-12-10,2429.338543
2002-12-11,2428.645409
2002-12-12,2437.569634
2002-12-13,2410.127669
2002-12-16,2450.998447
2002-12-17,2426.101174
2002-12-18,2386.40751
2002-12-19,2371.155979
2002-12-20,2384.844192
2002-12-23,2394.950791
2002-12-24,2388.268749
2002-12-25,2388.268749
2002-12-26,2401.060319
2002-12-27,2374.466645
2002-12-30,2374.569203
2002-12-31,2398.713191
2003-01-01,2398.713191
2003-01-02,2466.751012
2003-01-03,2458.687384
2003-01-06,2500.574781
2003-01-07,2490.28465
2003-01-08,2473.062752
2003-01-09,2515.623972
2003-01-10,2515.833465
2003-01-13,2509.435007
2003-01-14,2525.15949
2003-01-15,2516.765314
2003-01-16,2520.416463
2003-01-17,2483.954615
2003-01-20,2483.816927
2003-01-21,2435.485868
2003-01-22,2407.374933
2003-01-23,2437.235456
2003-01-24,2374.3796
2003-01-27,2326.410306
2003-01-28,2357.797321
2003-01-29,2368.460998
2003-01-30,2327.742837
2003-01-31,2344.271053
2003-02-03,2336.046602
2003-02-04,2319.056306
2003-02-05,2308.701333
2003-02-06,2291.944968
2003-02-07,2254.176135
2003-02-10,2265.75666
2003-02-11,2258.544872
2003-02-12,2222.532867
2003-02-13,2215.829697
2003-02-14,2230.265073
2003-02-17,2230.265073
2003-02-18,2278.031379
2003-02-19,2258.508542
2003-02-20,2261.383562
2003-02-21,2291.880173
2003-02-24,2250.80486
2003-02-25,2266.239889
2003-02-26,2239.087691
2003-02-27,2259.547119
2003-02-28,2263.944836
2003-03-03,2258.051772
2003-03-04,2227.046467
2003-03-05,2227.887301
2003-03-06,2219.743203
2003-03-07,2227.300031
2003-03-10,2179.417615
2003-03-11,2150.370815
2003-03-12,2144.218633
2003-03-13,2207.854267
2003-03-14,2209.205809
2003-03-17,2277.061662
2003-03-18,2298.800144
2003-03-19,2303.5199
2003-03-20,2322.882917
2003-03-21,2374.769852
2003-03-24,2306.477351
2003-03-25,2343.366249
2003-03-26,2303.627834
2003-03-27,2313.209625
2003-03-28,2314.303605
2003-03-31,2295.98777
2003-04-01,2329.634196
2003-04-02,2376.743442
2003-04-03,2369.314207
2003-04-04,2367.882648
2003-04-07,2383.680498
2003-04-08,2365.252061
2003-04-09,2354.460649
2003-04-10,2361.334154
2003-04-11,2358.191442
2003-04-14,2401.533209
2003-04-15,2417.827396
2003-04-16,2401.071252
2003-04-17,2444.046459
2003-04-18,2444.046459
2003-04-21,2465.34666
2003-04-22,2520.022657
2003-04-23,2538.975044
2003-04-24,2534.62757
2003-04-25,2515.214059
2003-04-28,2564.72478
2003-04-29,2596.266866
2003-04-30,2602.466798
2003-05-01,2590.79976
2003-05-02,2647.175361
2003-05-05,2666.139906
2003-05-06,2675.447833
2003-05-07,2664.287478
2003-05-08,2641.856657
2003-05-09,2678.012608
2003-05-12,2717.143154
2003-05-13,2720.2713
2003-05-14,2737.428873
2003-05-15,2767.895622
2003-05-16,2766.413393
2003-05-19,2703.760751
2003-05-20,2694.311388
2003-05-21,2701.408181
2003-05-22,2735.149857
2003-05-23,2763.653876
2003-05-26,2763.653876
2003-05-27,2816.524667
2003-05-28,2824.861986
2003-05-29,2823.313746
2003-05-30,2872.2777
2003-06-02,2893.046985
2003-06-03,2881.638903
2003-06-04,2936.175501
2003-06-05,2963.215388
2003-06-06,2946.721234
2003-06-09,2894.053435
2003-06-10,2923.142321
2003-06-11,2964.001299
2003-06-12,2980.199884
2003-06-13,2940.537089
2003-06-16,2993.760084
2003-06-17,2996.683295
2003-06-18,2994.204714
2003-06-19,2965.007444
2003-06-20,2957.92186
2003-06-23,2898.275998
2003-06-24,2903.991328
2003-06-25,2910.041664
2003-06-26,2939.307197
2003-06-27,2933.647802
2003-06-30,2936.790545
2003-07-01,2945.336686
2003-07-02,2998.470423
2003-07-03,2980.847501
2003-07-04,2980.847501
2003-07-07,3029.883097
2003-07-08,3070.176436
2003-07-09,3080.994805
2003-07-10,3027.12422
2003-07-11,3054.02496
2003-07-14,3083.547303
2003-07-15,3064.391262
2003-07-16,3044.284725
2003-07-17,2980.607102
2003-07-18,3011.384193
2003-07-21,2969.373481
2003-07-22,3002.579121
2003-07-23,3004.628855
2003-07-24,2994.506581
2003-07-25,3019.841865
2003-07-28,3041.020068
2003-07-29,3034.061916
2003-07-30,3034.638606
2003-07-31,3043.926574
2003-08-01,3004.075429
2003-08-04,2988.186863
2003-08-05,2946.72627
2003-08-06,2937.394521
2003-08-07,2940.196516
2003-08-08,2949.421909
2003-08-11,2970.371377
2003-08-12,3005.460858
2003-08-13,3005.900469
2003-08-14,3023.04483
2003-08-15,3031.028182
2003-08-18,3070.515792
2003-08-19,3108.059886
2003-08-20,3116.767378
2003-08-21,3152.9539
2003-08-22,3109.254436
2003-08-25,3098.055533
2003-08-26,3109.398974
2003-08-27,3128.320186
2003-08-28,3159.943379
2003-08-29,3182.111351
2003-09-01,3182.111351
2003-09-02,3232.225524
2003-09-03,3250.2052
2003-09-04,3257.491987
2003-09-05,3238.948927
2003-09-08,3275.704093
2003-09-09,3248.782747
2003-09-10,3186.175973
2003-09-11,3210.884778
2003-09-12,3226.761166
2003-09-15,3221.79664
2003-09-16,3264.158496
2003-09-17,3254.846468
2003-09-18,3287.383065
2003-09-19,3296.491544
2003-09-22,3258.367961
2003-09-23,3285.867427
2003-09-24,3228.984029
2003-09-25,3173.575384
2003-09-26,3128.676634
2003-09-29,3167.452428
2003-09-30,3146.467775
2003-10-01,3221.935943
2003-10-02,3237.931369
2003-10-03,3286.028485
2003-10-06,3305.780581
2003-10-07,3324.948708
2003-10-08,3308.547177
2003-10-09,3339.254569
2003-10-10,3334.126896
2003-10-13,3376.194163
2003-10-14,3391.618442
2003-10-15,3370.690166
2003-10-16,3383.987343
2003-10-17,3337.389678
2003-10-20,3344.453259
2003-10-21,3357.832758
2003-10-22,3299.705691
2003-10-23,3295.252004
2003-10-24,3276.843592
2003-10-27,3321.368549
2003-10-28,3366.550081
2003-10-29,3394.567204
2003-10-30,3399.799892
2003-10-31,3399.553725
2003-11-03,3447.026352
2003-11-04,3450.765237
2003-11-05,3454.268637
2003-11-06,3476.897323
2003-11-07,3479.110751
2003-11-10,3437.052403
2003-11-11,3418.125505
2003-11-12,3476.613633
2003-11-13,3484.830671
2003-11-14,3448.867805
2003-11-17,3411.2308
2003-11-18,3387.106794
2003-11-19,3404.061646
2003-11-20,3387.050768
2003-11-21,3405.207551
2003-11-24,3476.222909
2003-11-25,3506.715457
2003-11-26,3526.320249
2003-11-27,3526.320249
2003-11-28,3533.387233
2003-12-01,3582.044253
2003-12-02,3574.943883
2003-12-03,3553.157728
2003-12-04,3550.215635
2003-12-05,3528.349495
2003-12-08,3560.732506
2003-12-09,3521.477435
2003-12-10,3495.358944
2003-12-11,3561.131682
2003-12-12,3582.258622
2003-12-15,3532.614255
2003-12-16,3548.571387
2003-12-17,3558.872715
2003-12-18,3609.546747
2003-12-19,3613.960741
2003-12-22,3635.718742
2003-12-23,3657.710463
2003-12-24,3650.349597
2003-12-25,3650.349597
2003-12-26,3663.028616
2003-12-29,3710.44682
2003-12-30,3718.100985
2003-12-31,3683.658878
2004-01-01,3683.658878
2004-01-02,3693.053787
2004-01-05,3729.01621
2004-01-06,3731.720484
2004-01-07,3746.375545
2004-01-08,3766.542322
2004-01-09,3752.432555
2004-01-12,3779.10529
2004-01-13,3773.805889
2004-01-14,3806.645653
2004-01-15,3810.195414
2004-01-16,3829.86142
2004-01-19,3829.86142
2004-01-20,3868.124378
2004-01-21,3883.462273
2004-01-22,3870.95826
2004-01-23,3883.063699
2004-01-26,3904.867509
2004-01-27,3878.993578
2004-01-28,3815.032432
2004-01-29,3792.776069
2004-01-30,3796.11064
2004-02-02,3796.982418
2004-02-03,3792.864481
2004-02-04,3727.110231
2004-02-05,3748.231517
2004-02-06,3824.592897
2004-02-09,3836.936416
2004-02-10,3872.540584
2004-02-11,3903.532115
2004-02-12,3887.969416
2004-02-13,3858.41225
2004-02-16,3858.41225
2004-02-17,3903.648921
2004-02-18,3884.748586
2004-02-19,3845.916898
2004-02-20,3828.351717
2004-02-23,3785.81573
2004-02-24,3789.205147
2004-02-25,3827.358655
2004-02-26,3855.190842
2004-02-27,3877.914686
2004-03-01,3933.036172
2004-03-02,3920.390864
2004-03-03,3919.82785
2004-03-04,3947.20619
2004-03-05,3960.626429
2004-03-08,3927.147233
2004-03-09,3891.975543
2004-03-10,3824.177042
2004-03-11,3782.306914
2004-03-12,3853.435271
2004-03-15,3779.906453
2004-03-16,3782.241947
2004-03-17,3845.981404
2004-03-18,3829.944939
2004-03-19,3811.215986
2004-03-22,3746.560276
2004-03-23,3754.275382
2004-03-24,3729.773333
2004-03-25,3795.271019
2004-03-26,3804.525492
2004-03-29,3863.340127
2004-03-30,3898.977418
2004-03-31,3914.886917
2004-04-01,3943.894579
2004-04-02,3973.839318
2004-04-05,3985.933403
2004-04-06,3961.224652
2004-04-07,3964.680501
2004-04-08,3942.606299
2004-04-09,3942.606299
2004-04-12,3943.11085
2004-04-13,3870.221417
2004-04-14,3842.467694
2004-04-15,3848.055378
2004-04-16,3880.438245
2004-04-19,3889.830705
2004-04-20,3831.208931
2004-04-21,3862.414226
2004-04-22,3931.076906
2004-04-23,3914.504641
2004-04-26,3898.384069
2004-04-27,3907.447933
2004-04-28,3842.067046
2004-04-29,3777.321244
2004-04-30,3743.06696
2004-05-03,3773.052523
2004-05-04,3792.75298
2004-05-05,3797.256031
2004-05-06,3753.54552
2004-05-07,3658.863163
2004-05-10,3590.802322
2004-05-11,3643.847661
2004-05-12,3642.465684
2004-05-13,3640.838172
2004-05-14,3634.666787
2004-05-17,3586.081632
2004-05-18,3625.93266
2004-05-19,3616.321004
2004-05-20,3621.560962
2004-05-21,3643.159168
2004-05-24,3683.0908
2004-05-25,3765.26094
2004-05-26,3781.987715
2004-05-27,3794.776946
2004-05-28,3806.459205
2004-05-31,3806.459205
2004-06-01,3821.560723
2004-06-02,3829.110649
2004-06-03,3774.048976
2004-06-04,3801.297627
2004-06-07,3867.32219
2004-06-08,3864.250134
2004-06-09,3820.814889
2004-06-10,3832.616696
2004-06-11,3832.616696
2004-06-14,3775.953664
2004-06-15,3829.001891
2004-06-16,3840.959379
2004-06-17,3852.549115
2004-06-18,3861.345738
2004-06-21,3856.683213
2004-06-22,3873.379799
2004-06-23,3917.569616
2004-06-24,3910.319995
2004-06-25,3935.750532
2004-06-28,3917.986171
2004-06-29,3930.413069
2004-06-30,3959.020515
2004-07-01,3910.435706
2004-07-02,3915.417258
2004-07-05,3915.417258
2004-07-06,3870.478175
2004-07-07,3880.266532
2004-07-08,3824.318185
2004-07-09,3839.015219
2004-07-12,3838.436783
2004-07-13,3845.309086
2004-07-14,3836.359251
2004-07-15,3852.93625
2004-07-16,3830.897222
2004-07-19,3834.498819
2004-07-20,3873.887449
2004-07-21,3793.192632
2004-07-22,3768.805075
2004-07-23,3730.28071
2004-07-26,3696.594573
2004-07-27,3746.208566
2004-07-28,3738.360631
2004-07-29,3784.738237
2004-07-30,3790.041177
2004-08-02,3805.129391
2004-08-03,3766.918164
2004-08-04,3758.129523
2004-08-05,3688.150787
2004-08-06,3626.036097
2004-08-09,3625.370646
2004-08-10,3688.372312
2004-08-11,3671.464966
2004-08-12,3617.341359
2004-08-13,3617.072378
2004-08-16,3677.055114
2004-08-17,3692.633705
2004-08-18,3750.426069
2004-08-19,3726.065851
2004-08-20,3778.832131
2004-08-23,3753.610867
2004-08-24,3764.57946
2004-08-25,3789.534393
2004-08-26,3786.771329
2004-08-27,3808.144914
2004-08-30,3770.142746
2004-08-31,3793.125262
2004-09-01,3817.541077
2004-09-02,3859.102865
2004-09-03,3845.475985
2004-09-06,3845.475985
2004-09-07,3881.491622
2004-09-08,3853.086585
2004-09-09,3883.809624
2004-09-10,3894.284467
2004-09-13,3908.064923
2004-09-14,3895.381262
2004-09-15,3880.502897
2004-09-16,3914.734545
2004-09-17,3912.022435
2004-09-20,3893.989341
2004-09-21,3931.126173
2004-09-22,3877.370206
2004-09-23,3868.606439
2004-09-24,3875.661092
2004-09-27,3838.877029
2004-09-28,3871.588181
2004-09-29,3891.955876
2004-09-30,3915.269499
2004-10-01,3978.526154
2004-10-04,3994.638075
2004-10-05,3989.214467
2004-10-06,4021.95795
2004-10-07,3970.287329
2004-10-08,3939.440948
2004-10-11,3938.75605
2004-10-12,3933.35801
2004-10-13,3884.853796
2004-10-14,3861.606081
2004-10-15,3887.542769
2004-10-18,3897.748891
2004-10-19,3862.229021
2004-10-20,3877.037801
2004-10-21,3910.677656
2004-10-22,3873.229846
2004-10-25,3894.477505
2004-10-26,3942.621419
2004-10-27,3989.241683
2004-10-28,3983.079454
2004-10-29,3983.237269
2004-11-01,4001.964666
2004-11-02,3994.764822
2004-11-03,4055.612085
2004-11-04,4115.341609
2004-11-05,4129.049027
2004-11-08,4117.465482
2004-11-09,4139.249047
2004-11-10,4157.094583
2004-11-11,4195.469169
2004-11-12,4243.618524
2004-11-15,4245.951126
2004-11-16,4214.653067
2004-11-17,4240.990152
2004-11-18,4239.441394
2004-11-19,4194.918383
2004-11-22,4243.126435
2004-11-23,4266.332025
2004-11-24,4305.107181
2004-11-25,4305.107181
2004-11-26,4318.167643
2004-11-29,4321.248399
2004-11-30,4317.27598
2004-12-01,4377.509898
2004-12-02,4361.027072
2004-12-03,4365.09058
2004-12-06,4349.312227
2004-12-07,4281.502299
2004-12-08,4304.58872
2004-12-09,4308.621558
2004-12-10,4327.762875
2004-12-13,4359.587141
2004-12-14,4393.75276
2004-12-15,4430.696735
2004-12-16,4404.890043
2004-12-17,4403.820649
2004-12-20,4383.954903
2004-12-21,4431.804407
2004-12-22,4449.619108
2004-12-23,4452.721986
2004-12-24,4452.721986
2004-12-27,4422.16234
2004-12-28,4477.319029
2004-12-29,4479.727831
2004-12-30,4485.673206
2004-12-31,4481.287938
2005-01-03,4413.720838
2005-01-04,4340.027391
2005-01-05,4277.429538
2005-01-06,4297.117878
2005-01-07,4266.029297
2005-01-10,4293.214491
2005-01-11,4262.665346
2005-01-12,4271.700776
2005-01-13,4262.878578
2005-01-14,4305.980546
2005-01-17,4305.980546
2005-01-18,4348.217962
2005-01-19,4312.730504
2005-01-20,4280.367593
2005-01-21,4268.753188
2005-01-24,4234.224658
2005-01-25,4241.956504
2005-01-26,4290.446632
2005-01-27,4301.139391
2005-01-28,4284.278715
2005-01-31,4347.66029
2005-02-01,4381.563286
2005-02-02,4405.934367
2005-02-03,4395.905936
2005-02-04,4449.961898
2005-02-07,4445.486208
2005-02-08,4457.260331
2005-02-09,4395.690211
2005-02-10,4402.407995
2005-02-11,4443.394406
2005-02-14,4448.171829
2005-02-15,4454.312007
2005-02-16,4476.00767
2005-02-17,4437.479765
2005-02-18,4430.509071
2005-02-21,4430.509071
2005-02-22,4348.747742
2005-02-23,4370.943801
2005-02-24,4411.516524
2005-02-25,4471.976126
2005-02-28,4451.794723
2005-03-01,4487.532453
2005-03-02,4481.520764
2005-03-03,4491.014637
2005-03-04,4542.256941
2005-03-07,4555.942394
2005-03-08,4521.919602
2005-03-09,4476.852646
2005-03-10,4462.613682
2005-03-11,4461.832392
2005-03-14,4490.09955
2005-03-15,4468.010509
2005-03-16,4434.371993
2005-03-17,4445.902042
2005-03-18,4427.526951
2005-03-21,4416.000542
2005-03-22,4390.931458
2005-03-23,4350.844037
2005-03-24,4368.396502
2005-03-25,4368.396502
2005-03-28,4365.634499
2005-03-29,4309.333223
2005-03-30,4364.791562
2005-03-31,4381.794046
2005-04-01,4370.224478
2005-04-04,4379.33221
2005-04-05,4386.261159
2005-04-06,4393.965458
2005-04-07,4417.504613
2005-04-08,4370.451937
2005-04-11,4352.325007
2005-04-12,4385.610985
2005-04-13,4324.692465
2005-04-14,4258.148943
2005-04-15,4176.309447
2005-04-18,4201.550663
2005-04-19,4254.868184
2005-04-20,4190.202207
2005-04-21,4265.886316
2005-04-22,4219.09505
2005-04-25,4270.069083
2005-04-26,4220.599703
2005-04-27,4220.203874
2005-04-28,4154.261199
2005-04-29,4189.508662
2005-05-02,4224.217534
2005-05-03,4215.228227
2005-05-04,4279.556758
2005-05-05,4280.18221
2005-05-06,4292.305937
2005-05-09,4326.511849
2005-05-10,4290.44802
2005-05-11,4300.010339
2005-05-12,4236.401441
2005-05-13,4202.374147
2005-05-16,4267.266075
2005-05-17,4296.271405
2005-05-18,4374.529586
2005-05-19,4396.459838
2005-05-20,4399.701386
2005-05-23,4422.913471
2005-05-24,4420.656069
2005-05-25,4393.697043
2005-05-26,4443.221039
2005-05-27,4459.310975
2005-05-30,4459.310975
2005-05-31,4465.742928
2005-06-01,4506.893513
2005-06-02,4517.428595
2005-06-03,4490.725392
2005-06-06,4510.238292
2005-06-07,4520.920656
2005-06-08,4509.843539
2005-06-09,4535.553642
2005-06-10,4544.874768
2005-06-13,4568.187517
2005-06-14,4601.034809
2005-06-15,4617.175439
2005-06-16,4650.223033
2005-06-17,4652.141024
2005-06-20,4640.049545
2005-06-21,4636.80225
2005-06-22,4644.128567
2005-06-23,4590.020938
2005-06-24,4546.584546
2005-06-27,4541.442498
2005-06-28,4616.476919
2005-06-29,4627.179683
2005-06-30,4614.861545
2005-07-01,4644.788612
2005-07-04,4644.788612
2005-07-05,4695.741981
2005-07-06,4664.763809
2005-07-07,4676.980633
2005-07-08,4749.063253
2005-07-11,4802.601073
2005-07-12,4801.311689
2005-07-13,4788.296962
2005-07-14,4769.930038
2005-07-15,4770.918845
2005-07-18,4748.805421
2005-07-19,4808.244802
2005-07-20,4849.756978
2005-07-21,4789.700882
2005-07-22,4841.951902
2005-07-25,4808.00015
2005-07-26,4829.83571
2005-07-27,4836.834024
2005-07-28,4883.224171
2005-07-29,4868.808623
2005-08-01,4880.271208
2005-08-02,4916.591594
2005-08-03,4888.335399
2005-08-04,4831.390444
2005-08-05,4768.639687
2005-08-08,4743.935886
2005-08-09,4756.072438
2005-08-10,4754.101007
2005-08-11,4787.742266
2005-08-12,4761.647897
2005-08-15,4787.524864
2005-08-16,4724.482718
2005-08-17,4722.52017
2005-08-18,4702.015225
2005-08-19,4714.876748
2005-08-22,4735.775342
2005-08-23,4724.32767
2005-08-24,4722.788993
2005-08-25,4743.46387
2005-08-26,4688.961681
2005-08-29,4718.649471
2005-08-30,4705.324404
2005-08-31,4780.454418
2005-09-01,4787.726215
2005-09-02,4757.93067
2005-09-05,4757.93067
2005-09-06,4816.425147
2005-09-07,4834.295189
2005-09-08,4807.032067
2005-09-09,4842.993127
2005-09-12,4855.234083
2005-09-13,4812.560332
2005-09-14,4779.422248
2005-09-15,4771.615468
2005-09-16,4797.06115
2005-09-19,4761.748176
2005-09-20,4707.863556
2005-09-21,4639.118469
2005-09-22,4646.909132
2005-09-23,4676.222842
2005-09-26,4696.662855
2005-09-27,4689.867781
2005-09-28,4676.886875
2005-09-29,4732.34108
2005-09-30,4756.115769
2005-10-03,4775.597396
2005-10-04,4722.948592
2005-10-05,4604.127639
2005-10-06,4565.311636
2005-10-07,4585.956672
2005-10-10,4531.765811
2005-10-11,4490.157672
2005-10-12,4433.765642
2005-10-13,4426.89165
2005-10-14,4487.563694
2005-10-17,4499.666623
2005-10-18,4444.318513
2005-10-19,4509.093213
2005-10-20,4444.395331
2005-10-21,4474.116298
2005-10-24,4560.08017
2005-10-25,4539.427768
2005-10-26,4507.479517
2005-10-27,4426.30528
2005-10-28,4503.899926
2005-10-31,4579.476419
2005-11-01,4559.054029
2005-11-02,4639.213608
2005-11-03,4645.267653
2005-11-04,4640.604467
2005-11-07,4662.333519
2005-11-08,4620.836551
2005-11-09,4638.810206
2005-11-10,4665.053716
2005-11-11,4680.556403
2005-11-14,4672.176184
2005-11-15,4635.394296
2005-11-16,4628.037633
2005-11-17,4700.993287
2005-11-18,4730.811954
2005-11-21,4770.321755
2005-11-22,4795.849546
2005-11-23,4808.918026
2005-11-24,4808.918026
2005-11-25,4810.864873
2005-11-28,4739.655288
2005-11-29,4752.367662
2005-11-30,4760.717061
2005-12-01,4834.839272
2005-12-02,4831.029519
2005-12-05,4803.787802
2005-12-06,4809.654871
2005-12-07,4784.089247
2005-12-08,4793.521252
2005-12-09,4821.442474
2005-12-12,4826.69597
2005-12-13,4830.094105
2005-12-14,4850.007841
2005-12-15,4816.152282
2005-12-16,4803.827056
2005-12-19,4745.781304
2005-12-20,4748.52484
2005-12-21,4783.697814
2005-12-22,4808.873944
2005-12-23,4824.857787
2005-12-26,4824.857787
2005-12-27,4769.324942
2005-12-28,4790.471247
2005-12-29,4784.053413
2005-12-30,4758.509325
2006-01-02,4758.509325
2006-01-03,4822.729292
2006-01-04,4855.200838
2006-01-05,4865.555669
2006-01-06,4906.274395
2006-01-09,4949.614918
2006-01-10,4973.031954
2006-01-11,4976.544571
2006-01-12,4939.429676
2006-01-13,4942.423702
2006-01-16,4942.423702
2006-01-17,4909.225633
2006-01-18,4908.580203
2006-01-19,4961.163509
2006-01-20,4892.294322
2006-01-23,4910.915276
2006-01-24,4971.377407
2006-01-25,4963.519991
2006-01-26,5015.358307
2006-01-27,5039.069666
2006-01-30,5045.559601
2006-01-31,5053.760623
2006-02-01,5063.971437
2006-02-02,5015.316332
2006-02-03,4997.044332
2006-02-06,5018.268718
2006-02-07,4959.412946
2006-02-08,4976.112868
2006-02-09,4961.586699
2006-02-10,4957.32523
2006-02-13,4923.068581
2006-02-14,4977.254558
2006-02-15,5004.672386
2006-02-16,5043.214294
2006-02-17,5043.354415
2006-02-20,5043.354415
2006-02-21,5024.181869
2006-02-22,5071.005305
2006-02-23,5053.584503
2006-02-24,5064.253424
2006-02-27,5085.284834
2006-02-28,5027.250159
2006-03-01,5086.542838
2006-03-02,5068.914139
2006-03-03,5054.204311
2006-03-06,5014.440105
2006-03-07,4962.202057
2006-03-08,4964.591372
2006-03-09,4948.78736
2006-03-10,4993.658061
2006-03-13,5004.054783
2006-03-14,5055.165774
2006-03-15,5093.045373
2006-03-16,5103.914669
2006-03-17,5118.081267
2006-03-20,5109.178807
2006-03-21,5059.54827
2006-03-22,5107.483321
2006-03-23,5116.318437
2006-03-24,5137.607926
2006-03-27,5140.111878
2006-03-28,5120.552513
2006-03-29,5191.415691
2006-03-30,5183.451757
2006-03-31,5193.2823
2006-04-03,5177.806113
2006-04-04,5197.721958
2006-04-05,5228.153933
2006-04-06,5221.191427
2006-04-07,5166.982686
2006-04-10,5149.45633
2006-04-11,5090.556996
2006-04-12,5113.139036
2006-04-13,5120.131971
2006-04-14,5120.131971
2006-04-17,5113.514411
2006-04-18,5226.452735
2006-04-19,5274.678185
2006-04-20,5266.810921
2006-04-21,5255.982185
2006-04-24,5225.54755
2006-04-25,5213.715551
2006-04-26,5226.400795
2006-04-27,5220.668835
2006-04-28,5236.164582
2006-05-01,5220.788065
2006-05-02,5250.124439
2006-05-03,5250.846579
2006-05-04,5288.757704
2006-05-05,5340.403531
2006-05-08,5349.794665
2006-05-09,5343.967346
2006-05-10,5330.156123
2006-05-11,5241.595071
2006-05-12,5159.135504
2006-05-15,5138.424169
2006-05-16,5128.774098
2006-05-17,5049.905007
2006-05-18,5010.89075
2006-05-19,5033.884434
2006-05-22,4995.134863
2006-05-23,4966.071774
2006-05-24,4965.156039
2006-05-25,5043.461961
2006-05-26,5073.446965
2006-05-29,5073.446965
2006-05-30,4974.647885
2006-05-31,5042.618632
2006-06-01,5123.836949
2006-06-02,5134.365068
2006-06-05,5011.34058
2006-06-06,4983.409454
2006-06-07,4960.111438
2006-06-08,4956.175648
2006-06-09,4940.696886
2006-06-12,4840.344288
2006-06-13,4770.358792
2006-06-14,4781.928839
2006-06-15,4918.026679
2006-06-16,4884.147984
2006-06-19,4816.122647
2006-06-20,4801.676229
2006-06-21,4872.742063
2006-06-22,4852.480216
2006-06-23,4869.617039
2006-06-26,4915.488769
2006-06-27,4857.233903
2006-06-28,4867.742638
2006-06-29,5005.189761
2006-06-30,5028.393851
2006-07-03,5057.0206
2006-07-04,5057.0206
2006-07-05,4997.856422
2006-07-06,5003.505562
2006-07-07,4957.656906
2006-07-10,4965.775417
2006-07-11,4985.206415
2006-07-12,4919.581575
2006-07-13,4836.122555
2006-07-14,4798.948867
2006-07-17,4776.85265
2006-07-18,4791.961
2006-07-19,4903.07937
2006-07-20,4805.508692
2006-07-21,4743.117693
2006-07-24,4846.706427
2006-07-25,4892.293928
2006-07-26,4883.257109
2006-07-27,4827.653796
2006-07-28,4906.520788
2006-07-31,4903.903566
2006-08-01,4860.624224
2006-08-02,4889.033284
2006-08-03,4931.688284
2006-08-04,4926.296321
2006-08-07,4898.448988
2006-08-08,4852.468909
2006-08-09,4810.871317
2006-08-10,4838.338632
2006-08-11,4801.051229
2006-08-14,4811.338417
2006-08-15,4900.525216
2006-08-16,4959.854996
2006-08-17,4969.754345
2006-08-18,4975.064869
2006-08-21,4933.533033
2006-08-22,4945.390598
2006-08-23,4893.434094
2006-08-24,4889.383297
2006-08-25,4884.196425
2006-08-28,4927.301278
2006-08-29,4967.84436
2006-08-30,4989.764329
2006-08-31,5002.404482
2006-09-01,5018.554103
2006-09-04,5018.554103
2006-09-05,5044.57225
2006-09-06,4962.040176
2006-09-07,4935.079993
2006-09-08,4951.939779
2006-09-11,4949.386066
2006-09-12,5046.719452
2006-09-13,5082.535119
2006-09-14,5062.231161
2006-09-15,5071.338308
2006-09-18,5062.469522
2006-09-19,5049.043236
2006-09-20,5093.827799
2006-09-21,5046.479109
2006-09-22,5010.996997
2006-09-25,5060.999311
2006-09-26,5089.501358
2006-09-27,5101.720489
2006-09-28,5101.449985
2006-09-29,5065.321165
2006-10-02,5038.82381
2006-10-03,5039.47706
2006-10-04,5117.288686
2006-10-05,5167.684272
2006-10-06,5144.698336
2006-10-09,5175.646736
2006-10-10,5185.518202
2006-10-11,5163.866253
2006-10-12,5245.519367
2006-10-13,5272.519458
2006-10-16,5309.870695
2006-10-17,5280.830456
2006-10-18,5275.628548
2006-10-19,5291.22282
2006-10-20,5260.316181
2006-10-23,5277.309451
2006-10-24,5289.064279
2006-10-25,5316.3827
2006-10-26,5362.423319
2006-10-27,5303.334235
2006-10-30,5325.96325
2006-10-31,5305.433722
2006-11-01,5243.823917
2006-11-02,5235.907222
2006-11-03,5241.244438
2006-11-06,5305.446527
2006-11-07,5312.211094
2006-11-08,5347.74154
2006-11-09,5317.226133
2006-11-10,5357.707321
2006-11-13,5375.320938
2006-11-14,5445.626363
2006-11-15,5479.353936
2006-11-16,5479.250743
2006-11-17,5464.690111
2006-11-20,5471.87624
2006-11-21,5487.827889
2006-11-22,5503.424547
2006-11-23,5503.424547
2006-11-24,5502.587922
2006-11-27,5389.20872
2006-11-28,5404.772403
2006-11-29,5466.302632
2006-11-30,5487.453747
2006-12-01,5475.370941
2006-12-04,5553.134951
2006-12-05,5573.028786
2006-12-06,5572.256308
2006-12-07,5546.195857
2006-12-08,5544.235931
2006-12-11,5546.85441
2006-12-12,5521.137217
2006-12-13,5527.962901
2006-12-14,5564.683362
2006-12-15,5553.578821
2006-12-18,5499.339783
2006-12-19,5501.466092
2006-12-20,5520.497604
2006-12-21,5496.245399
2006-12-22,5482.293607
2006-12-25,5482.293607
2006-12-26,5526.902797
2006-12-27,5581.656604
2006-12-28,5562.269948
2006-12-29,5521.871488
2007-01-01,5521.871488
2007-01-02,5521.871488
2007-01-03,5530.932157
2007-01-04,5536.699865
2007-01-05,5462.346433
2007-01-08,5467.63189
2007-01-09,5481.393622
2007-01-10,5487.543501
2007-01-11,5546.697955
2007-01-12,5584.548102
2007-01-15,5584.548102
2007-01-16,5573.765796
2007-01-17,5566.418908
2007-01-18,5523.214863
2007-01-19,5563.231096
2007-01-22,5525.508854
2007-01-23,5570.845253
2007-01-24,5623.122977
2007-01-25,5565.54387
2007-01-26,5584.378426
2007-01-29,5618.81481
2007-01-30,5651.673784
2007-01-31,5680.26456
2007-02-01,5733.045442
2007-02-02,5756.252591
2007-02-05,5752.561568
2007-02-06,5778.574785
2007-02-07,5808.396671
2007-02-08,5800.479857
2007-02-09,5751.587731
2007-02-12,5739.391832
2007-02-13,5791.035642
2007-02-14,5816.831865
2007-02-15,5833.195452
2007-02-16,5847.008684
2007-02-19,5847.008684
2007-02-20,5890.212907
2007-02-21,5896.217958
2007-02-22,5903.857186
2007-02-23,5894.448301
2007-02-26,5881.701488
2007-02-27,5691.232409
2007-02-28,5701.519678
2007-03-01,5693.432071
2007-03-02,5604.153441
2007-03-05,5493.56734
2007-03-06,5600.488516
2007-03-07,5606.293266
2007-03-08,5641.395083
2007-03-09,5659.793473
2007-03-12,5677.670228
2007-03-13,5551.107122
2007-03-14,5587.666415
2007-03-15,5638.788992
2007-03-16,5610.43199
2007-03-19,5669.214928
2007-03-20,5714.221212
2007-03-21,5800.172845
2007-03-22,5807.870615
2007-03-23,5820.800824
2007-03-26,5816.580287
2007-03-27,5773.572294
2007-03-28,5741.193637
2007-03-29,5749.707066
2007-03-30,5758.701032
2007-04-02,5784.634992
2007-04-03,5834.282327
2007-04-04,5829.804105
2007-04-05,5847.340795
2007-04-06,5847.340795
2007-04-09,5847.049842
2007-04-10,5863.417395
2007-04-11,5831.608442
2007-04-12,5872.210586
2007-04-13,5896.344552
2007-04-16,5967.047635
2007-04-17,5959.790567
2007-04-18,5945.903186
2007-04-19,5923.126289
2007-04-20,5980.745347
2007-04-23,5984.454269
2007-04-24,5975.691433
2007-04-25,6023.802382
2007-04-26,6039.322565
2007-04-27,6018.441152
2007-04-30,5928.530623
2007-05-01,5943.197868
2007-05-02,6017.072303
2007-05-03,6025.815586
2007-05-04,6046.47855
2007-05-07,6052.982209
2007-05-08,6052.216012
2007-05-09,6090.681223
2007-05-10,5999.108091
2007-05-11,6056.495989
2007-05-14,6023.414
2007-05-15,5986.368371
2007-05-16,6023.668863
2007-05-17,6017.291149
2007-05-18,6058.447958
2007-05-21,6110.791355
2007-05-22,6141.351484
2007-05-23,6118.010895
2007-05-24,6031.418466
2007-05-25,6076.887736
2007-05-28,6076.887736
2007-05-29,6117.411651
2007-05-30,6171.993004
2007-05-31,6197.664905
2007-06-01,6238.821039
2007-06-04,6262.338848
2007-06-05,6213.871926
2007-06-06,6147.404481
2007-06-07,6030.182358
2007-06-08,6094.677731
2007-06-11,6087.439022
2007-06-12,6013.035251
2007-06-13,6083.398338
2007-06-14,6118.213805
2007-06-15,6174.00316
2007-06-18,6164.93338
2007-06-19,6173.052077
2007-06-20,6099.529579
2007-06-21,6122.663027
2007-06-22,6075.24319
2007-06-25,6033.798345
2007-06-26,6009.04213
2007-06-27,6076.497997
2007-06-28,6083.657227
2007-06-29,6059.191125
2007-07-02,6131.238659
2007-07-03,6151.730088
2007-07-04,6151.730088
2007-07-05,6159.097837
2007-07-06,6182.113399
2007-07-09,6189.100971
2007-07-10,6079.395988
2007-07-11,6097.2009
2007-07-12,6191.98501
2007-07-13,6207.134846
2007-07-16,6159.749017
2007-07-17,6162.363756
2007-07-18,6134.053889
2007-07-19,6164.777437
2007-07-20,6070.992188
2007-07-23,6058.468501
2007-07-24,5901.415269
2007-07-25,5896.583801
2007-07-26,5742.139286
2007-07-27,5651.004996
2007-07-30,5699.275779
2007-07-31,5632.336718
2007-08-01,5636.271652
2007-08-02,5672.519432
2007-08-03,5471.729316
2007-08-06,5533.653682
2007-08-07,5560.601372
2007-08-08,5654.370945
2007-08-09,5536.622091
2007-08-10,5585.937907
2007-08-13,5560.712791
2007-08-14,5434.971853
2007-08-15,5336.857775
2007-08-16,5411.374621
2007-08-17,5537.76261
2007-08-20,5551.926548
2007-08-21,5571.02837
2007-08-22,5650.654665
2007-08-23,5603.259593
2007-08-24,5678.641983
2007-08-27,5615.083325
2007-08-28,5467.390006
2007-08-29,5596.629464
2007-08-30,5566.615675
2007-08-31,5640.951128
2007-09-03,5640.951128
2007-09-04,5689.57046
2007-09-05,5620.063859
2007-09-06,5632.944262
2007-09-07,5528.455193
2007-09-10,5480.013263
2007-09-11,5549.656856
2007-09-12,5527.695642
2007-09-13,5549.993895
2007-09-14,5575.422138
2007-09-17,5527.364392
2007-09-18,5721.925791
2007-09-19,5780.183252
2007-09-20,5724.449918
2007-09-21,5733.933401
2007-09-24,5675.855277
2007-09-25,5650.503552
2007-09-26,5695.893631
2007-09-27,5730.38572
2007-09-28,5688.450184
2007-10-01,5791.46087
2007-10-02,5831.520338
2007-10-03,5802.170408
2007-10-04,5804.534549
2007-10-05,5903.986261
2007-10-08,5866.803117
2007-10-09,5903.601012
2007-10-10,5889.739447
2007-10-11,5844.273697
2007-10-12,5867.878099
2007-10-15,5798.6131
2007-10-16,5743.287531
2007-10-17,5741.23735
2007-10-18,5736.954359
2007-10-19,5584.394519
2007-10-22,5643.592126
2007-10-23,5681.258656
2007-10-24,5648.583895
2007-10-25,5620.376101
2007-10-26,5711.482053
2007-10-29,5717.780637
2007-10-30,5694.183142
2007-10-31,5769.525272
2007-11-01,5579.326384
2007-11-02,5568.170472
2007-11-05,5517.637931
2007-11-06,5589.111336
2007-11-07,5424.677895
2007-11-08,5473.963821
2007-11-09,5416.029983
2007-11-12,5369.65118
2007-11-13,5502.721388
2007-11-14,5454.440482
2007-11-15,5386.034115
2007-11-16,5360.096535
2007-11-19,5236.927401
2007-11-20,5227.500385
2007-11-21,5167.556689
2007-11-22,5167.556689
2007-11-23,5260.481298
2007-11-26,5137.67072
2007-11-27,5187.650518
2007-11-28,5359.262571
2007-11-29,5336.521299
2007-11-30,5376.09608
2007-12-03,5322.477955
2007-12-04,5270.559576
2007-12-05,5347.885128
2007-12-06,5503.548848
2007-12-07,5518.674802
2007-12-10,5583.42039
2007-12-11,5385.368277
2007-12-12,5394.738765
2007-12-13,5374.6883
2007-12-14,5268.642367
2007-12-17,5187.653189
2007-12-18,5260.626159
2007-12-19,5256.399443
2007-12-20,5304.73004
2007-12-21,5421.45594
2007-12-24,5481.72237
2007-12-25,5481.72237
2007-12-26,5476.325827
2007-12-27,5343.522035
2007-12-28,5326.970192
2007-12-31,5301.746997
2008-01-01,5301.746997
2008-01-02,5211.437117
2008-01-03,5129.530418
2008-01-04,4958.885545
2008-01-07,4976.014663
2008-01-08,4835.298291
2008-01-09,4854.875244
2008-01-10,4921.310143
2008-01-11,4831.017874
2008-01-14,4883.339225
2008-01-15,4768.281786
2008-01-16,4799.743804
2008-01-17,4661.865826
2008-01-18,4620.247416
2008-01-21,4620.247416
2008-01-22,4637.327181
2008-01-23,4835.162014
2008-01-24,4857.804396
2008-01-25,4830.208483
2008-01-28,4961.926104
2008-01-29,5021.639349
2008-01-30,4970.236115
2008-01-31,5133.705711
2008-02-01,5262.575795
2008-02-04,5191.348118
2008-02-05,5045.267649
2008-02-06,4983.067972
2008-02-07,5049.729988
2008-02-08,5010.398183
2008-02-11,5017.578958
2008-02-12,5040.042074
2008-02-13,5119.690886
2008-02-14,5022.719695
2008-02-15,5004.089383
2008-02-18,5004.089383
2008-02-19,5008.851283
2008-02-20,5080.629653
2008-02-21,4988.953603
2008-02-22,5008.372459
2008-02-25,5115.312264
2008-02-26,5166.844528
2008-02-27,5152.202132
2008-02-28,5057.386891
2008-02-29,4906.691409
2008-03-03,4889.216595
2008-03-04,4867.976327
2008-03-05,4880.605369
2008-03-06,4722.250986
2008-03-07,4706.456453
2008-03-10,4603.422427
2008-03-11,4792.595294
2008-03-12,4740.378368
2008-03-13,4818.16571
2008-03-14,4697.539144
2008-03-17,4599.388437
2008-03-18,4811.401785
2008-03-19,4703.359773
2008-03-20,4835.344175
2008-03-21,4835.344175
2008-03-24,4971.796852
2008-03-25,5009.455199
2008-03-26,4953.559288
2008-03-27,4876.063218
2008-03-28,4815.737637
2008-03-31,4860.26717
2008-04-01,5033.879991
2008-04-02,5055.373481
2008-04-03,5068.883547
2008-04-04,5059.903452
2008-04-07,5070.438948
2008-04-08,5049.099091
2008-04-09,4942.165721
2008-04-10,4981.078387
2008-04-11,4870.366558
2008-04-14,4848.383763
2008-04-15,4891.983513
2008-04-16,5038.304407
2008-04-17,5017.744111
2008-04-18,5104.911219
2008-04-21,5072.756256
2008-04-22,4981.498992
2008-04-23,4968.64538
2008-04-24,5052.046267
2008-04-25,5110.012224
2008-04-28,5140.528864
2008-04-29,5120.77367
2008-04-30,5094.260485
2008-05-01,5208.426475
2008-05-02,5193.959255
2008-05-05,5175.859688
2008-05-06,5219.5759
2008-05-07,5137.671735
2008-05-08,5143.126804
2008-05-09,5137.940907
2008-05-12,5218.649021
2008-05-13,5239.64506
2008-05-14,5256.719681
2008-05-15,5318.025649
2008-05-16,5304.175195
2008-05-19,5291.732419
2008-05-20,5259.938036
2008-05-21,5178.791489
2008-05-22,5209.226384
2008-05-23,5134.738728
2008-05-26,5134.738728
2008-05-27,5199.674712
2008-05-28,5229.488132
2008-05-29,5269.544501
2008-05-30,5288.823566
2008-06-02,5231.524354
2008-06-03,5225.953484
2008-06-04,5246.646099
2008-06-05,5352.686356
2008-06-06,5169.579065
2008-06-09,5123.699775
2008-06-10,5108.654766
2008-06-11,4982.993531
2008-06-12,5004.170646
2008-06-13,5085.728583
2008-06-16,5125.006725
2008-06-17,5076.316575
2008-06-18,5017.627188
2008-06-19,5061.315865
2008-06-20,4965.995428
2008-06-23,4891.0104
2008-06-24,4832.832094
2008-06-25,4893.710792
2008-06-26,4744.406794
2008-06-27,4715.915102
2008-06-30,4651.542268
2008-07-01,4659.512237
2008-07-02,4525.745985
2008-07-03,4481.468988
2008-07-04,4481.468988
2008-07-07,4425.734588
2008-07-08,4582.588936
2008-07-09,4461.019765
2008-07-10,4466.450292
2008-07-11,4454.740831
2008-07-14,4371.427728
2008-07-15,4348.419951
2008-07-16,4532.22124
2008-07-17,4650.750196
2008-07-18,4638.267835
2008-07-21,4650.814411
2008-07-22,4796.528465
2008-07-23,4842.5902
2008-07-24,4677.42911
2008-07-25,4706.156991
2008-07-28,4611.625006
2008-07-29,4767.10183
2008-07-30,4792.970104
2008-07-31,4767.383545
2008-08-01,4780.542816
2008-08-04,4720.012799
2008-08-05,4864.499429
2008-08-06,4889.216652
2008-08-07,4795.934561
2008-08-08,4953.512563
2008-08-11,5058.689846
2008-08-12,4998.157145
2008-08-13,4986.333455
2008-08-14,5051.792522
2008-08-15,5078.880278
2008-08-18,5000.925977
2008-08-19,4904.824162
2008-08-20,4911.016259
2008-08-21,4880.461499
2008-08-22,4968.603144
2008-08-25,4855.365951
2008-08-26,4868.90994
2008-08-27,4935.948527
2008-08-28,5052.268141
2008-08-29,5011.579871
2008-09-01,5011.579871
2008-09-02,5029.501327
2008-09-03,5067.590645
2008-09-04,4920.486742
2008-09-05,4940.292606
2008-09-08,5058.699365
2008-09-09,4872.158475
2008-09-10,4922.94231
2008-09-11,4945.48725
2008-09-12,4970.187765
2008-09-15,4741.703631
2008-09-16,4852.770762
2008-09-17,4613.406136
2008-09-18,4942.603625
2008-09-19,5141.392072
2008-09-22,4864.645361
2008-09-23,4798.682771
2008-09-24,4731.392608
2008-09-25,4790.352521
2008-09-26,4767.235593
2008-09-29,4406.272021
2008-09-30,4557.7292
2008-10-01,4551.636706
2008-10-02,4320.407092
2008-10-03,4206.097057
2008-10-06,4032.747985
2008-10-07,3785.412108
2008-10-08,3704.398042
2008-10-09,3373.496044
2008-10-10,3464.21451
2008-10-13,3781.43483
2008-10-14,3723.09264
2008-10-15,3385.90679
2008-10-16,3551.291844
2008-10-17,3511.093419
2008-10-20,3637.597157
2008-10-21,3533.233806
2008-10-22,3339.907474
2008-10-23,3238.779645
2008-10-24,3123.171474
2008-10-27,2993.639152
2008-10-28,3214.413263
2008-10-29,3269.796949
2008-10-30,3414.451127
2008-10-31,3558.213173
2008-11-03,3569.686078
2008-11-04,3633.362043
2008-11-05,3432.730461
2008-11-06,3286.545197
2008-11-07,3346.948482
2008-11-10,3249.609296
2008-11-11,3173.071875
2008-11-12,2978.105108
2008-11-13,3221.832271
2008-11-14,3023.964398
2008-11-17,2973.758176
2008-11-18,2955.816816
2008-11-19,2714.678619
2008-11-20,2519.110104
2008-11-21,2646.825682
2008-11-24,2853.141984
2008-11-25,2920.815362
2008-11-26,3146.398643
2008-11-27,3146.398643
2008-11-28,3230.283133
2008-12-01,2809.855896
2008-12-02,2981.899188
2008-12-03,3077.558895
2008-12-04,2996.589687
2008-12-05,3141.62654
2008-12-08,3311.164975
2008-12-09,3219.597463
2008-12-10,3308.662594
2008-12-11,3115.814527
2008-12-12,3219.703933
2008-12-15,3111.67647
2008-12-16,3327.647056
2008-12-17,3372.789246
2008-12-18,3292.651711
2008-12-19,3356.061466
2008-12-22,3234.995947
2008-12-23,3190.268474
2008-12-24,3202.139197
2008-12-25,3202.139197
2008-12-26,3273.061253
2008-12-29,3189.969298
2008-12-30,3315.258201
2008-12-31,3452.217197
2009-01-01,3452.217197
2009-01-02,3567.075137
2009-01-05,3603.016769
2009-01-06,3746.499882
2009-01-07,3592.88102
2009-01-08,3656.170075
2009-01-09,3509.32635
2009-01-12,3349.597966
2009-01-13,3380.870566
2009-01-14,3205.924061
2009-01-15,3244.064078
2009-01-16,3281.868041
2009-01-19,3281.868041
2009-01-20,3017.211496
2009-01-21,3193.334467
2009-01-22,3074.754671
2009-01-23,3110.445283
2009-01-26,3138.362296
2009-01-27,3175.886862
2009-01-28,3322.906764
2009-01-29,3155.416966
2009-01-30,3059.669416
2009-02-02,3071.471312
2009-02-03,3093.237527
2009-02-04,3069.977912
2009-02-05,3122.096044
2009-02-06,3268.846356
2009-02-09,3263.677066
2009-02-10,3072.890616
2009-02-11,3097.483803
2009-02-12,3108.709804
2009-02-13,3081.490208
2009-02-16,3081.490208
2009-02-17,2911.469614
2009-02-18,2862.097872
2009-02-19,2796.459485
2009-02-20,2752.256928
2009-02-23,2629.273175
2009-02-24,2776.690423
2009-02-25,2704.644836
2009-02-26,2658.448863
2009-02-27,2621.614709
2009-03-02,2444.628701
2009-03-03,2387.294679
2009-03-04,2470.955769
2009-03-05,2303.220479
2009-03-06,2291.521837
2009-03-09,2264.988749
2009-03-10,2470.916363
2009-03-11,2478.04554
2009-03-12,2631.927302
2009-03-13,2662.184795
2009-03-16,2641.720143
2009-03-17,2762.613727
2009-03-18,2907.462828
2009-03-19,2910.003395
2009-03-20,2803.272136
2009-03-23,3069.339905
2009-03-24,2970.337925
2009-03-25,3037.232003
2009-03-26,3194.632007
2009-03-27,3093.367493
2009-03-30,2928.403826
2009-03-31,2985.605306
2009-04-01,3056.472162
2009-04-02,3244.259048
2009-04-03,3313.070885
2009-04-06,3258.534544
2009-04-07,3142.557796
2009-04-08,3228.106893
2009-04-09,3479.751448
2009-04-10,3479.751448
2009-04-13,3502.998991
2009-04-14,3402.029116
2009-04-15,3475.429704
2009-04-16,3605.352665
2009-04-17,3682.261948
2009-04-20,3407.921217
2009-04-21,3575.158244
2009-04-22,3618.1637
2009-04-23,3611.506237
2009-04-24,3733.927275
2009-04-27,3644.975489
2009-04-28,3668.907474
2009-04-29,3828.096756
2009-04-30,3843.509405
2009-05-01,3874.945053
2009-05-04,4103.035314
2009-05-05,4150.305165
2009-05-06,4214.016734
2009-05-07,4094.607624
2009-05-08,4295.639556
2009-05-11,4190.151337
2009-05-12,4100.462475
2009-05-13,3813.396447
2009-05-14,3931.873036
2009-05-15,3872.395068
2009-05-18,4095.255816
2009-05-19,4131.296289
2009-05-20,4097.270671
2009-05-21,4011.521992
2009-05-22,3974.988991
2009-05-25,3974.988991
2009-05-26,4158.840414
2009-05-27,4083.608864
2009-05-28,4122.182243
2009-05-29,4205.504666
2009-06-01,4385.158653
2009-06-02,4407.064863
2009-06-03,4318.344984
2009-06-04,4418.473592
2009-06-05,4419.215562
2009-06-08,4373.280953
2009-06-09,4406.761426
2009-06-10,4388.844094
2009-06-11,4412.715854
2009-06-12,4402.153833
2009-06-15,4267.449867
2009-06-16,4184.736138
2009-06-17,4157.533729
2009-06-18,4177.16069
2009-06-19,4206.455609
2009-06-22,4007.356113
2009-06-23,3986.316459
2009-06-24,4039.669121
2009-06-25,4159.449128
2009-06-26,4203.826489
2009-06-29,4221.784617
2009-06-30,4195.245072
2009-07-01,4268.235166
2009-07-02,4095.616203
2009-07-03,4095.616203
2009-07-06,4056.563192
2009-07-07,3966.067992
2009-07-08,3920.687609
2009-07-09,3944.952608
2009-07-10,3945.796139
2009-07-13,4060.551236
2009-07-14,4100.807821
2009-07-15,4266.221163
2009-07-16,4319.302028
2009-07-17,4297.104293
2009-07-20,4376.819385
2009-07-21,4349.199074
2009-07-22,4378.117882
2009-07-23,4526.203131
2009-07-24,4561.415726
2009-07-27,4605.617671
2009-07-28,4598.906914
2009-07-29,4558.891677
2009-07-30,4661.352457
2009-07-31,4676.200314
2009-08-03,4798.953141
2009-08-04,4860.461758
2009-08-05,4863.366421
2009-08-06,4804.328748
2009-08-07,4966.735812
2009-08-10,4970.938584
2009-08-11,4864.406016
2009-08-12,4950.76248
2009-08-13,5001.23496
2009-08-14,4910.491456
2009-08-17,4739.319018
2009-08-18,4830.651491
2009-08-19,4867.439924
2009-08-20,4941.666
2009-08-21,5061.78173
2009-08-24,5047.161707
2009-08-25,5089.446327
2009-08-26,5092.341817
2009-08-27,5110.377732
2009-08-28,5111.28527
2009-08-31,5033.923915
2009-09-01,4879.54402
2009-09-02,4848.409396
2009-09-03,4923.107554
2009-09-04,4997.871975
2009-09-07,4997.871975
2009-09-08,5065.261324
2009-09-09,5161.473585
2009-09-10,5257.513594
2009-09-11,5265.668458
2009-09-14,5333.840675
2009-09-15,5407.884365
2009-09-16,5553.108353
2009-09-17,5506.759696
2009-09-18,5513.515119
2009-09-21,5480.292197
2009-09-22,5559.989557
2009-09-23,5476.986957
2009-09-24,5339.707131
2009-09-25,5302.102495
2009-09-28,5443.131882
2009-09-29,5447.348034
2009-09-30,5389.310913
2009-10-01,5180.165793
2009-10-02,5133.089781
2009-10-05,5267.827601
2009-10-06,5362.669967
2009-10-07,5367.3832
2009-10-08,5450.064039
2009-10-09,5496.182035
2009-10-12,5504.347179
2009-10-13,5478.916446
2009-10-14,5610.900689
2009-10-15,5619.537655
2009-10-16,5531.717555
2009-10-19,5591.167602
2009-10-20,5516.256032
2009-10-21,5443.703295
2009-10-22,5532.457519
2009-10-23,5403.954794
2009-10-26,5316.698853
2009-10-27,5236.613722
2009-10-28,5020.937033
2009-10-29,5183.085169
2009-10-30,5002.913616
2009-11-02,4984.487166
2009-11-03,5076.923793
2009-11-04,5024.030485
2009-11-05,5180.124364
2009-11-06,5173.954139
2009-11-09,5317.314001
2009-11-10,5285.786023
2009-11-11,5337.472155
2009-11-12,5222.827436
2009-11-13,5275.598862
2009-11-16,5404.907445
2009-11-17,5402.05625
2009-11-18,5389.128709
2009-11-19,5256.39075
2009-11-20,5231.900465
2009-11-23,5304.850055
2009-11-24,5278.71664
2009-11-25,5302.128237
2009-11-26,5302.128237
2009-11-27,5167.504011
2009-11-30,5191.202343
2009-12-01,5276.144422
2009-12-02,5322.788796
2009-12-03,5260.521548
2009-12-04,5377.626963
2009-12-07,5385.237378
2009-12-08,5342.531164
2009-12-09,5339.805194
2009-12-10,5338.337249
2009-12-11,5388.538264
2009-12-14,5471.987903
2009-12-15,5449.729352
2009-12-16,5492.287543
2009-12-17,5433.173705
2009-12-18,5485.780058
2009-12-21,5563.271203
2009-12-22,5615.231314
2009-12-23,5664.610352
2009-12-24,5693.789046
2009-12-25,5693.789046
2009-12-28,5681.913971
2009-12-29,5677.355266
2009-12-30,5669.348796
2009-12-31,5594.868408
2010-01-01,5594.868408
2010-01-04,5725.837544
2010-01-05,5739.155995
2010-01-06,5760.489095
2010-01-07,5813.050595
2010-01-08,5843.055985
2010-01-11,5838.561417
2010-01-12,5753.9115
2010-01-13,5830.031114
2010-01-14,5851.827557
2010-01-15,5776.494265
2010-01-18,5776.494265
2010-01-19,5857.137455
2010-01-20,5794.956393
2010-01-21,5698.081527
2010-01-22,5576.474458
2010-01-25,5594.664328
2010-01-26,5561.420074
2010-01-27,5599.396514
2010-01-28,5523.436259
2010-01-29,5457.082076
2010-02-01,5548.343787
2010-02-02,5614.116505
2010-02-03,5566.219116
2010-02-04,5361.678933
2010-02-05,5378.843979
2010-02-08,5318.874427
2010-02-09,5406.897516
2010-02-10,5408.815574
2010-02-11,5495.312959
2010-02-12,5533.846494
2010-02-15,5533.846494
2010-02-16,5639.961888
2010-02-17,5671.201764
2010-02-18,5715.426289
2010-02-19,5748.318112
2010-02-22,5756.28504
2010-02-23,5676.229495
2010-02-24,5724.131941
2010-02-25,5733.371991
2010-02-26,5728.202277
2010-03-01,5841.023566
2010-03-02,5888.441784
2010-03-03,5902.930106
2010-03-04,5933.710345
2010-03-05,6046.411353
2010-03-08,6068.203967
2010-03-09,6087.049116
2010-03-10,6137.913441
2010-03-11,6154.813417
2010-03-12,6158.820093
2010-03-15,6141.72129
2010-03-16,6201.576341
2010-03-17,6249.750334
2010-03-18,6223.543195
2010-03-19,6150.104926
2010-03-22,6221.981265
2010-03-23,6288.635825
2010-03-24,6244.90145
2010-03-25,6186.018291
2010-03-26,6188.836926
2010-03-29,6230.091681
2010-03-30,6233.838791
2010-03-31,6195.69288
2010-04-01,6266.518514
2010-04-02,6266.518514
2010-04-05,6396.445723
2010-04-06,6442.520376
2010-04-07,6419.178631
2010-04-08,6426.370808
2010-04-09,6470.523894
2010-04-12,6494.294938
2010-04-13,6502.774263
2010-04-14,6641.650251
2010-04-15,6661.235029
2010-04-16,6553.680947
2010-04-19,6529.823826
2010-04-20,6628.356526
2010-04-21,6675.336303
2010-04-22,6762.152069
2010-04-23,6833.950725
2010-04-26,6811.601647
2010-04-27,6612.2414
2010-04-28,6626.710365
2010-04-29,6763.42976
2010-04-30,6583.133848
2010-05-03,6715.188538
2010-05-04,6495.153201
2010-05-05,6401.875947
2010-05-06,6160.242393
2010-05-07,5981.908257
2010-05-10,6330.842204
2010-05-11,6364.056564
2010-05-12,6537.569441
2010-05-13,6472.199174
2010-05-14,6321.422609
2010-05-17,6321.672361
2010-05-18,6202.844655
2010-05-19,6130.109252
2010-05-20,5813.874788
2010-05-21,5911.806931
2010-05-24,5829.375667
2010-05-25,5823.709748
2010-05-26,5852.376186
2010-05-27,6105.651437
2010-05-28,6028.05959
2010-05-31,6028.05959
2010-06-01,5831.014132
2010-06-02,5995.093901
2010-06-03,6055.323153
2010-06-04,5771.099826
2010-06-07,5636.871146
2010-06-08,5644.108775
2010-06-09,5645.988016
2010-06-10,5845.219135
2010-06-11,5919.684194
2010-06-14,5952.487834
2010-06-15,6109.798067
2010-06-16,6083.666909
2010-06-17,6067.493377
2010-06-18,6074.122782
2010-06-21,6023.851089
2010-06-22,5891.829672
2010-06-23,5879.322735
2010-06-24,5772.234867
2010-06-25,5862.10513
2010-06-28,5832.046962
2010-06-29,5601.278044
2010-06-30,5540.010479
2010-07-01,5500.825538
2010-07-02,5445.098728
2010-07-05,5445.098728
2010-07-06,5388.234812
2010-07-07,5584.200153
2010-07-08,5664.84428
2010-07-09,5741.418814
2010-07-12,5695.474305
2010-07-13,5864.058368
2010-07-14,5846.393166
2010-07-15,5821.777564
2010-07-16,5611.573965
2010-07-19,5640.100862
2010-07-20,5737.052394
2010-07-21,5649.105185
2010-07-22,5838.657187
2010-07-23,5951.958999
2010-07-26,6073.470346
2010-07-27,6039.094468
2010-07-28,5953.570312
2010-07-29,5952.181545
2010-07-30,5961.81852
2010-08-02,6072.270658
2010-08-03,6008.325074
2010-08-04,6073.799865
2010-08-05,6027.677768
2010-08-06,5999.126693
2010-08-09,6066.66796
2010-08-10,5961.531931
2010-08-11,5737.316192
2010-08-12,5703.466615
2010-08-13,5658.603322
2010-08-16,5688.336182
2010-08-17,5785.861836
2010-08-18,5802.023551
2010-08-19,5666.64103
2010-08-20,5653.6765
2010-08-23,5589.954186
2010-08-24,5511.48734
2010-08-25,5570.58848
2010-08-26,5524.425245
2010-08-27,5666.676654
2010-08-30,5545.316223
2010-08-31,5549.699882
2010-09-01,5755.22294
2010-09-02,5827.637942
2010-09-03,5922.420287
2010-09-06,5922.420287
2010-09-07,5808.495979
2010-09-08,5846.894096
2010-09-09,5863.149499
2010-09-10,5883.461191
2010-09-13,6005.295903
2010-09-14,5985.837575
2010-09-15,6008.435041
2010-09-16,5973.448166
2010-09-17,5994.548045
2010-09-20,6129.771979
2010-09-21,6087.599468
2010-09-22,6025.543133
2010-09-23,5957.384575
2010-09-24,6135.614464
2010-09-27,6116.5455
2010-09-28,6174.236838
2010-09-29,6194.999899
2010-09-30,6192.366735
2010-10-01,6218.102835
2010-10-04,6135.592954
2010-10-05,6290.515023
2010-10-06,6267.388498
2010-10-07,6257.915824
2010-10-08,6344.082319
2010-10-11,6352.249136
2010-10-12,6380.001309
2010-10-13,6461.567524
2010-10-14,6445.121835
2010-10-15,6434.160849
2010-10-18,6486.368353
2010-10-19,6358.682228
2010-10-20,6436.311528
2010-10-21,6413.594237
2010-10-22,6448.229178
2010-10-25,6478.457229
2010-10-26,6461.143164
2010-10-27,6434.750859
2010-10-28,6417.306681
2010-10-29,6438.831691
2010-11-01,6419.474442
2010-11-02,6524.849863
2010-11-03,6542.525011
2010-11-04,6703.068461
2010-11-05,6740.95548
2010-11-08,6744.659378
2010-11-09,6664.461166
2010-11-10,6738.095617
2010-11-11,6721.533688
2010-11-12,6606.151745
2010-11-15,6615.026288
2010-11-16,6488.650297
2010-11-17,6516.281043
2010-11-18,6621.934557
2010-11-19,6645.423807
2010-11-22,6667.662455
2010-11-23,6590.945947
2010-11-24,6728.485886
2010-11-25,6728.485886
2010-11-26,6691.820128
2010-11-29,6685.335246
2010-11-30,6645.064799
2010-12-01,6777.923063
2010-12-02,6871.347355
2010-12-03,6925.639896
2010-12-06,6945.489647
2010-12-07,6966.883891
2010-12-08,6978.720534
2010-12-09,7013.93233
2010-12-10,7092.953835
2010-12-13,7058.023348
2010-12-14,7056.668799
2010-12-15,7014.594139
2010-12-16,7086.053342
2010-12-17,7104.053179
2010-12-20,7125.216073
2010-12-21,7200.827106
2010-12-22,7233.084799
2010-12-23,7215.986572
2010-12-24,7215.986572
2010-12-27,7235.389584
2010-12-28,7217.708846
2010-12-29,7237.04151
2010-12-30,7239.901888
2010-12-31,7201.646127
2011-01-03,7321.629348
2011-01-04,7229.910701
2011-01-05,7303.216439
2011-01-06,7283.35533
2011-01-07,7258.016184
2011-01-10,7276.893348
2011-01-11,7299.504453
2011-01-12,7361.930544
2011-01-13,7351.844137
2011-01-14,7406.9931
2011-01-17,7406.9931
2011-01-18,7426.770603
2011-01-19,7270.397591
2011-01-20,7218.517744
2011-01-21,7191.537263
2011-01-24,7255.266778
2011-01-25,7264.010291
2011-01-26,7357.343962
2011-01-27,7398.915317
2011-01-28,7226.3649
2011-01-31,7276.616864
2011-02-01,7430.182764
2011-02-02,7401.26274
2011-02-03,7434.827944
2011-02-04,7454.361475
2011-02-07,7526.730181
2011-02-08,7569.291971
2011-02-09,7534.400937
2011-02-10,7557.266603
2011-02-11,7635.368311
2011-02-14,7672.725139
2011-02-15,7633.402449
2011-02-16,7719.932168
2011-02-17,7770.950448
2011-02-18,7768.467514
2011-02-21,7768.467514
2011-02-22,7566.686851
2011-02-23,7454.618171
2011-02-24,7460.063673
2011-02-25,7616.613937
2011-02-28,7635.385782
2011-03-01,7492.965891
2011-03-02,7528.317231
2011-03-03,7680.130327
2011-03-04,7626.9239
2011-03-07,7516.963222
2011-03-08,7613.981162
2011-03-09,7604.020011
2011-03-10,7424.293807
2011-03-11,7471.754219
2011-03-14,7424.133814
2011-03-15,7359.996915
2011-03-16,7271.028699
2011-03-17,7319.855337
2011-03-18,7387.015636
2011-03-21,7542.942291
2011-03-22,7503.237253
2011-03-23,7512.595549
2011-03-24,7569.160318
2011-03-25,7626.503104
2011-03-28,7593.576684
2011-03-29,7658.765276
2011-03-30,7744.425408
2011-03-31,7761.235246
2011-04-01,7808.877228
2011-04-04,7824.447427
2011-04-05,7852.361068
2011-04-06,7864.219284
2011-04-07,7827.148296
2011-04-08,7755.512172
2011-04-11,7679.365962
2011-04-12,7589.164729
2011-04-13,7598.35942
2011-04-14,7619.076576
2011-04-15,7681.869193
2011-04-18,7561.648976
2011-04-19,7593.752269
2011-04-20,7719.534613
2011-04-21,7775.261077
2011-04-22,7775.261077
2011-04-25,7766.856734
2011-04-26,7843.865757
2011-04-27,7888.793927
2011-04-28,7902.543457
2011-04-29,7924.472766
2011-05-02,7856.292023
2011-05-03,7770.591316
2011-05-04,7682.602415
2011-05-05,7656.885037
2011-05-06,7683.755204
2011-05-09,7750.10549
2011-05-10,7858.999707
2011-05-11,7744.226571
2011-05-12,7787.996319
2011-05-13,7690.586946
2011-05-16,7602.621101
2011-05-17,7566.782739
2011-05-18,7682.2193
2011-05-19,7696.15054
2011-05-20,7637.871777
2011-05-23,7511.756721
2011-05-24,7492.315518
2011-05-25,7556.61526
2011-05-26,7628.547201
2011-05-27,7685.238792
2011-05-30,7685.238792
2011-05-31,7773.590674
2011-06-01,7557.462482
2011-06-02,7548.72901
2011-06-03,7444.148033
2011-06-06,7330.992684
2011-06-07,7346.166677
2011-06-08,7272.494915
2011-06-09,7314.510303
2011-06-10,7203.31212
2011-06-13,7187.653412
2011-06-14,7334.613447
2011-06-15,7213.15851
2011-06-16,7227.122744
2011-06-17,7241.923542
2011-06-20,7299.543614
2011-06-21,7440.990232
2011-06-22,7395.275339
2011-06-23,7390.30411
2011-06-24,7325.31818
2011-06-27,7374.955074
2011-06-28,7484.960742
2011-06-29,7537.499024
2011-06-30,7607.708162
2011-07-01,7732.566613
2011-07-04,7732.566613
2011-07-05,7718.03145
2011-07-06,7749.150663
2011-07-07,7856.820936
2011-07-08,7797.064693
2011-07-11,7622.695863
2011-07-12,7600.249882
2011-07-13,7648.408361
2011-07-14,7540.21723
2011-07-15,7583.428223
2011-07-18,7468.680964
2011-07-19,7617.759928
2011-07-20,7618.70175
2011-07-21,7716.278735
2011-07-22,7708.917049
2011-07-25,7634.432531
2011-07-26,7590.66845
2011-07-27,7385.489005
2011-07-28,7354.782281
2011-07-29,7331.768307
2011-08-01,7285.894937
2011-08-02,7058.653302
2011-08-03,7100.631347
2011-08-04,6678.02938
2011-08-05,6570.434996
2011-08-08,5992.16293
2011-08-09,6366.639812
2011-08-10,6077.432215
2011-08-11,6404.071419
2011-08-12,6410.888315
2011-08-15,6601.441468
2011-08-16,6497.378221
2011-08-17,6488.27817
2011-08-18,6131.456277
2011-08-19,6025.940098
2011-08-22,6015.694286
2011-08-23,6267.752069
2011-08-24,6364.594109
2011-08-25,6215.428195
2011-08-26,6363.9048
2011-08-29,6656.306078
2011-08-30,6682.928572
2011-08-31,6697.510733
2011-09-01,6547.881727
2011-09-02,6323.555994
2011-09-05,6323.555994
2011-09-06,6286.598704
2011-09-07,6544.68407
2011-09-08,6424.575939
2011-09-09,6239.705126
2011-09-12,6275.673697
2011-09-13,6379.165891
2011-09-14,6485.873708
2011-09-15,6584.593676
2011-09-16,6580.632595
2011-09-19,6470.127941
2011-09-20,6367.909859
2011-09-21,6124.890013
2011-09-22,5919.261317
2011-09-23,5989.535643
2011-09-26,6121.812644
2011-09-27,6236.020116
2011-09-28,6006.304158
2011-09-29,6110.367632
2011-09-30,5932.033662
2011-10-03,5638.739516
2011-10-04,5928.694421
2011-10-05,6042.627311
2011-10-06,6198.209571
2011-10-07,6062.193612
2011-10-10,6307.15194
2011-10-11,6335.935136
2011-10-12,6438.947788
2011-10-13,6420.385121
2011-10-14,6544.830757
2011-10-17,6347.24439
2011-10-18,6530.775798
2011-10-19,6416.976825
2011-10-20,6452.998648
2011-10-21,6598.390581
2011-10-24,6790.479612
2011-10-25,6603.771039
2011-10-26,6720.489134
2011-10-27,7030.144501
2011-10-28,6994.880128
2011-10-31,6810.489046
2011-11-01,6573.224584
2011-11-02,6743.762133
2011-11-03,6908.361002
2011-11-04,6881.406904
2011-11-07,6883.601535
2011-11-08,6967.124557
2011-11-09,6663.46028
2011-11-10,6730.669192
2011-11-11,6890.955149
2011-11-14,6795.219642
2011-11-15,6865.61537
2011-11-16,6747.079204
2011-11-17,6635.804166
2011-11-18,6652.13352
2011-11-21,6503.11136
2011-11-22,6445.957985
2011-11-23,6260.457322
2011-11-24,6260.457322
2011-11-25,6211.526307
2011-11-28,6458.052504
2011-11-29,6453.768494
2011-11-30,6797.849158
2011-12-01,6750.774222
2011-12-02,6780.967998
2011-12-05,6878.090136
2011-12-06,6866.38995
2011-12-07,6871.537218
2011-12-08,6660.027534
2011-12-09,6840.549181
2011-12-12,6720.647466
2011-12-13,6587.169585
2011-12-14,6493.547096
2011-12-15,6559.803755
2011-12-16,6613.207631
2011-12-19,6485.418508
2011-12-20,6739.487901
2011-12-21,6782.17358
2011-12-22,6853.948455
2011-12-23,6888.074645
2011-12-26,6888.074645
2011-12-27,6902.923189
2011-12-28,6764.949033
2011-12-29,6856.427007
2011-12-30,6828.905409
2012-01-02,6828.905409
2012-01-03,6936.698155
2012-01-04,6906.429071
2012-01-05,6946.100121
2012-01-06,6938.085898
2012-01-09,6970.2403
2012-01-10,7066.478961
2012-01-11,7094.443127
2012-01-12,7117.566087
2012-01-13,7051.070511
2012-01-16,7051.070511
2012-01-17,7055.042631
2012-01-18,7184.022209
2012-01-19,7220.773876
2012-01-20,7242.722972
2012-01-23,7245.422162
2012-01-24,7283.556465
2012-01-25,7357.456286
2012-01-26,7312.863223
2012-01-27,7367.584292
2012-01-30,7311.4693
2012-01-31,7297.535812
2012-02-01,7449.581383
2012-02-02,7468.340901
2012-02-03,7625.802607
2012-02-06,7609.738171
2012-02-07,7617.008107
2012-02-08,7637.913522
2012-02-09,7625.361127
2012-02-10,7532.927913
2012-02-13,7612.284739
2012-02-14,7586.159208
2012-02-15,7543.925961
2012-02-16,7681.261069
2012-02-17,7688.752218
2012-02-20,7688.752218
2012-02-21,7656.179244
2012-02-22,7594.952877
2012-02-23,7681.251603
2012-02-24,7661.828391
2012-02-27,7660.980395
2012-02-28,7638.573699
2012-02-29,7555.045235
2012-03-01,7605.079463
2012-03-02,7511.559842
2012-03-05,7491.476522
2012-03-06,7336.663856
2012-03-07,7417.582297
2012-03-08,7508.444976
2012-03-09,7602.404031
2012-03-12,7570.257871
2012-03-13,7734.79474
2012-03-14,7684.490091
2012-03-15,7764.924224
2012-03-16,7759.934317
2012-03-19,7803.286269
2012-03-20,7731.881795
2012-03-21,7720.258591
2012-03-22,7627.797734
2012-03-23,7687.875327
2012-03-26,7815.808417
2012-03-27,7767.64083
2012-03-28,7720.336429
2012-03-29,7703.633576
2012-03-30,7684.276899
2012-04-02,7756.824248
2012-04-03,7725.406161
2012-04-04,7610.502086
2012-04-05,7576.150332
2012-04-06,7576.150332
2012-04-09,7462.717569
2012-04-10,7290.491958
2012-04-11,7392.067028
2012-04-12,7526.314843
2012-04-13,7405.011048
2012-04-16,7421.3712
2012-04-17,7540.897027
2012-04-18,7478.694223
2012-04-19,7447.716157
2012-04-20,7482.071244
2012-04-23,7382.943681
2012-04-24,7423.741757
2012-04-25,7543.950238
2012-04-26,7603.753147
2012-04-27,7666.576438
2012-04-30,7593.991001
2012-05-01,7609.575458
2012-05-02,7617.793245
2012-05-03,7505.879065
2012-05-04,7377.673369
2012-05-07,7389.542268
2012-05-08,7377.283958
2012-05-09,7340.845269
2012-05-10,7360.048651
2012-05-11,7340.220927
2012-05-14,7246.706694
2012-05-15,7215.106685
2012-05-16,7151.681195
2012-05-17,6979.718453
2012-05-18,6905.033631
2012-05-21,7054.770486
2012-05-22,7032.105274
2012-05-23,7075.085613
2012-05-24,7089.614382
2012-05-25,7091.305089
2012-05-28,7091.305089
2012-05-29,7199.119791
2012-05-30,7051.315586
2012-05-31,7044.703618
2012-06-01,6823.271489
2012-06-04,6796.290356
2012-06-05,6874.039984
2012-06-06,7051.344798
2012-06-07,7009.018142
2012-06-08,7072.679074
2012-06-11,6912.11378
2012-06-12,6996.491643
2012-06-13,6904.443257
2012-06-14,6984.98281
2012-06-15,7065.054876
2012-06-18,7079.754601
2012-06-19,7205.091902
2012-06-20,7198.178148
2012-06-21,7009.24997
2012-06-22,7086.997193
2012-06-25,6952.092481
2012-06-26,6985.088276
2012-06-27,7087.62526
2012-06-28,7122.54507
2012-06-29,7314.061098
2012-07-02,7374.393179
2012-07-03,7471.870187
2012-07-04,7471.870187
2012-07-05,7458.609542
2012-07-06,7375.112686
2012-07-09,7336.962958
2012-07-10,7257.293777
2012-07-11,7240.795328
2012-07-12,7175.298478
2012-07-13,7279.852679
2012-07-16,7233.183256
2012-07-17,7263.450378
2012-07-18,7314.500634
2012-07-19,7296.84393
2012-07-20,7212.535539
2012-07-23,7106.669869
2012-07-24,6995.806629
2012-07-25,6993.237514
2012-07-26,7076.247321
2012-07-27,7239.621116
2012-07-30,7227.426422
2012-07-31,7202.476879
2012-08-01,7108.806774
2012-08-02,7063.171337
2012-08-03,7227.928277
2012-08-06,7278.34511
2012-08-07,7356.811819
2012-08-08,7381.592115
2012-08-09,7417.728735
2012-08-10,7415.627827
2012-08-13,7403.339586
2012-08-14,7381.914345
2012-08-15,7435.76941
2012-08-16,7512.069859
2012-08-17,7559.869409
2012-08-20,7542.839946
2012-08-21,7538.598778
2012-08-22,7508.844734
2012-08-23,7438.073034
2012-08-24,7465.726004
2012-08-27,7464.201832
2012-08-28,7495.716211
2012-08-29,7519.656114
2012-08-30,7443.393726
2012-08-31,7477.593791
2012-09-03,7477.593791
2012-09-04,7540.809233
2012-09-05,7539.056669
2012-09-06,7700.061935
2012-09-07,7758.143674
2012-09-10,7734.029005
2012-09-11,7772.471091
2012-09-12,7806.813071
2012-09-13,7905.631962
2012-09-14,8012.56076
2012-09-17,7930.245595
2012-09-18,7895.927791
2012-09-19,7913.534236
2012-09-20,7871.700313
2012-09-21,7879.073149
2012-09-24,7848.285863
2012-09-25,7716.684381
2012-09-26,7674.566958
2012-09-27,7755.953938
2012-09-28,7707.637099
2012-10-01,7725.508261
2012-10-02,7738.481963
2012-10-03,7724.98479
2012-10-04,7800.896153
2012-10-05,7794.874337
2012-10-08,7766.50187
2012-10-09,7679.559038
2012-10-10,7647.278718
2012-10-11,7697.40033
2012-10-12,7627.160047
2012-10-15,7679.547629
2012-10-16,7751.306823
2012-10-17,7829.961754
2012-10-18,7805.98473
2012-10-19,7679.276951
2012-10-22,7686.308839
2012-10-23,7623.811294
2012-10-24,7599.168079
2012-10-25,7628.305275
2012-10-26,7605.195059
2012-10-29,7605.195059
2012-10-30,7605.195059
2012-10-31,7655.643373
2012-11-01,7788.421037
2012-11-02,7688.462078
2012-11-05,7731.466627
2012-11-06,7823.520922
2012-11-07,7625.893379
2012-11-08,7520.196214
2012-11-09,7529.013285
2012-11-12,7516.456477
2012-11-13,7468.125105
2012-11-14,7325.014667
2012-11-15,7300.52038
2012-11-16,7358.547374
2012-11-19,7515.387746
2012-11-20,7521.737857
2012-11-21,7565.480044
2012-11-22,7565.480044
2012-11-23,7657.544366
2012-11-26,7662.018606
2012-11-27,7650.846267
2012-11-28,7706.72669
2012-11-29,7772.996938
2012-11-30,7775.09564
2012-12-03,7762.69556
2012-12-04,7772.701631
2012-12-05,7790.867051
2012-12-06,7804.830022
2012-12-07,7816.103447
2012-12-10,7855.176366
2012-12-11,7915.695409
2012-12-12,7890.073955
2012-12-13,7850.174385
2012-12-14,7842.815183
2012-12-17,7939.445318
2012-12-18,8065.079778
2012-12-19,8063.276394
2012-12-20,8110.526032
2012-12-21,8052.038853
2012-12-24,8018.015064
2012-12-25,8018.015064
2012-12-26,7967.936389
2012-12-27,7952.895181
2012-12-28,7892.478958
2012-12-31,8047.429017
2013-01-01,8047.429017
2013-01-02,8259.961552
2013-01-03,8281.7591
2013-01-04,8360.025325
2013-01-07,8316.566846
2013-01-08,8276.993379
2013-01-09,8310.166648
2013-01-10,8343.549347
2013-01-11,8343.58235
2013-01-14,8336.984366
2013-01-15,8387.007834
2013-01-16,8376.561522
2013-01-17,8458.381353
2013-01-18,8486.026162
2013-01-21,8486.026162
2013-01-22,8556.620314
2013-01-23,8543.05784
2013-01-24,8575.502509
2013-01-25,8630.656225
2013-01-28,8641.96059
2013-01-29,8643.468705
2013-01-30,8575.038798
2013-01-31,8629.135873
2013-02-01,8709.278625
2013-02-04,8597.831839
2013-02-05,8676.958192
2013-02-06,8720.718241
2013-02-07,8710.72515
2013-02-08,8774.331075
2013-02-11,8770.527192
2013-02-12,8815.266632
2013-02-13,8842.402626
2013-02-14,8882.556786
2013-02-15,8866.860968
2013-02-18,8866.860968
2013-02-19,8957.519506
2013-02-20,8768.454469
2013-02-21,8682.96205
2013-02-22,8764.236389
2013-02-25,8561.917182
2013-02-26,8609.12324
2013-02-27,8713.930054
2013-02-28,8712.527322
2013-03-01,8702.808021
2013-03-04,8720.265054
2013-03-05,8821.507903
2013-03-06,8852.009323
2013-03-07,8909.792399
2013-03-08,8993.21185
2013-03-11,9017.131367
2013-03-12,9004.935548
2013-03-13,9053.550668
2013-03-14,9140.356625
2013-03-15,9144.161849
2013-03-18,9106.662166
2013-03-19,9071.89306
2013-03-20,9157.061681
2013-03-21,9083.51186
2013-03-22,9101.736408
2013-03-25,9096.329727
2013-03-26,9139.430456
2013-03-27,9142.202291
2013-03-28,9158.543906
2013-03-29,9158.543906
2013-04-01,9050.6539
2013-04-02,8997.560535
2013-04-03,8855.205729
2013-04-04,8901.514745
2013-04-05,8890.356185
2013-04-08,8982.475545
2013-04-09,8992.032888
2013-04-10,9129.306785
2013-04-11,9162.744376
2013-04-12,9119.005543
2013-04-15,8787.262529
2013-04-16,8925.902031
2013-04-17,8764.461538
2013-04-18,8725.890827
2013-04-19,8815.134508
2013-04-22,8851.316356
2013-04-23,8978.325019
2013-04-24,9053.144238
2013-04-25,9112.392589
2013-04-26,9058.778643
2013-04-29,9135.169102
2013-04-30,9191.127017
2013-05-01,9013.260241
2013-05-02,9131.665482
2013-05-03,9269.839661
2013-05-06,9333.175186
2013-05-07,9408.864957
2013-05-08,9449.857076
2013-05-09,9397.3014
2013-05-10,9471.422214
2013-05-13,9453.3161
2013-05-14,9576.893354
2013-05-15,9621.281855
2013-05-16,9564.953729
2013-05-17,9688.911108
2013-05-20,9726.730692
2013-05-21,9735.648622
2013-05-22,9572.734793
2013-05-23,9579.924951
2013-05-24,9560.727781
2013-05-27,9560.727781
2013-05-28,9673.597651
2013-05-29,9598.020801
2013-05-30,9680.995576
2013-05-31,9595.698832
2013-06-03,9620.232438
2013-06-04,9553.020715
2013-06-05,9415.704612
2013-06-06,9510.039714
2013-06-07,9599.877179
2013-06-10,9637.243521
2013-06-11,9515.503569
2013-06-12,9433.662229
2013-06-13,9621.049802
2013-06-14,9541.648069
2013-06-17,9586.864893
2013-06-18,9685.237615
2013-06-19,9556.70864
2013-06-20,9321.187939
2013-06-21,9321.034964
2013-06-24,9192.420557
2013-06-25,9312.74263
2013-06-26,9351.473352
2013-06-27,9492.942675
2013-06-28,9481.470656
2013-07-01,9597.49732
2013-07-02,9588.719254
2013-07-03,9582.77225
2013-07-04,9582.77225
2013-07-05,9714.914077
2013-07-08,9746.040919
2013-07-09,9842.664484
2013-07-10,9856.95323
2013-07-11,9971.019918
2013-07-12,9996.373488
2013-07-15,10043.238368
2013-07-16,9995.56984
2013-07-17,10034.889522
2013-07-18,10136.514439
2013-07-19,10126.814454
2013-07-22,10171.97023
2013-07-23,10176.288213
2013-07-24,10101.290727
2013-07-25,10164.160372
2013-07-26,10125.171737
2013-07-29,10074.082796
2013-07-30,10107.196603
2013-07-31,10131.479099
2013-08-01,10280.480724
2013-08-02,10273.422588
2013-08-05,10288.352126
2013-08-06,10177.424153
2013-08-07,10104.172346
2013-08-08,10170.611669
2013-08-09,10178.859569
2013-08-12,10219.027189
2013-08-13,10211.054
2013-08-14,10180.280496
2013-08-15,10010.754847
2013-08-16,9984.574929
2013-08-19,9876.064615
2013-08-20,10005.20701
2013-08-21,9918.437558
2013-08-22,10050.050631
2013-08-23,10067.57782
2013-08-26,10058.981015
2013-08-27,9829.892718
2013-08-28,9856.962782
2013-08-29,9920.310653
2013-08-30,9779.721174
2013-09-02,9779.721174
2013-09-03,9812.684535
2013-09-04,9899.444166
2013-09-05,9941.759158
2013-09-06,9948.545732
2013-09-09,10090.664956
2013-09-10,10183.641881
2013-09-11,10199.17901
2013-09-12,10135.586371
2013-09-13,10177.493004
2013-09-16,10219.391988
2013-09-17,10301.401764
2013-09-18,10392.583708
2013-09-19,10374.304187
2013-09-20,10323.007345
2013-09-23,10302.289992
2013-09-24,10335.243794
2013-09-25,10348.420681
2013-09-26,10375.737385
2013-09-27,10337.670331
2013-09-30,10336.102864
2013-10-01,10470.886423
2013-10-02,10444.971184
2013-10-03,10353.495497
2013-10-04,10428.195878
2013-10-07,10311.091157
2013-10-08,10168.653287
2013-10-09,10145.822642
2013-10-10,10369.323544
2013-10-11,10489.836728
2013-10-14,10542.405947
2013-10-15,10454.620784
2013-10-16,10570.089144
2013-10-17,10663.968396
2013-10-18,10754.511643
2013-10-21,10748.765308
2013-10-22,10798.86361
2013-10-23,10752.373528
2013-10-24,10799.167283
2013-10-25,10821.792016
2013-10-28,10816.701094
2013-10-29,10855.40191
2013-10-30,10754.649862
2013-10-31,10729.555832
2013-11-01,10725.635591
2013-11-04,10839.846722
2013-11-05,10798.36377
2013-11-06,10765.352197
2013-11-07,10576.919536
2013-11-08,10762.850269
2013-11-11,10784.176773
2013-11-12,10770.319537
2013-11-13,10884.322484
2013-11-14,10912.297754
2013-11-15,10946.938947
2013-11-18,10873.164858
2013-11-19,10809.427112
2013-11-20,10796.889173
2013-11-21,10943.606118
2013-11-22,10990.780279
2013-11-25,10982.50092
2013-11-26,11030.84082
2013-11-27,11081.405401
2013-11-28,11081.405401
2013-11-29,11084.993129
2013-12-02,11010.933292
2013-12-03,10967.092586
2013-12-04,10952.075635
2013-12-05,10942.328819
2013-12-06,11023.339686
2013-12-09,11028.90555
2013-12-10,10970.329581
2013-12-11,10804.302037
2013-12-12,10806.331211
2013-12-13,10832.14141
2013-12-16,10926.857017
2013-12-17,10914.162891
2013-12-18,11025.383875
2013-12-19,10972.823436
2013-12-20,11114.572253
2013-12-23,11215.184652
2013-12-24,11273.418177
2013-12-25,11273.418177
2013-12-26,11279.544343
2013-12-27,11293.378902
2013-12-30,11299.885219
2013-12-31,11337.477202
2014-01-01,11337.477202
2014-01-02,11228.080168
2014-01-03,11259.657958
2014-01-06,11189.733634
2014-01-07,11276.424164
2014-01-08,11272.980009
2014-01-09,11270.551466
2014-01-10,11327.165667
2014-01-13,11177.592365
2014-01-14,11308.679781
2014-01-15,11377.365725
2014-01-16,11359.997246
2014-01-17,11319.602472
2014-01-20,11319.602472
2014-01-21,11371.298921
2014-01-22,11422.383266
2014-01-23,11334.083747
2014-01-24,11055.998006
2014-01-27,10946.854187
2014-01-28,11037.466352
2014-01-29,10910.718111
2014-01-30,11049.252921
2014-01-31,10980.790608
2014-02-03,10637.015102
2014-02-04,10731.008753
2014-02-05,10684.030282
2014-02-06,10820.588961
2014-02-07,10912.484586
2014-02-10,10923.998494
2014-02-11,11026.777293
2014-02-12,11063.834642
2014-02-13,11184.162688
2014-02-14,11236.911394
2014-02-17,11236.911394
2014-02-18,11315.158991
2014-02-19,11214.352809
2014-02-20,11309.824222
2014-02-21,11323.256124
2014-02-24,11396.9688
2014-02-25,11372.693385
2014-02-26,11437.847799
2014-02-27,11504.437588
2014-02-28,11510.061801
2014-03-03,11446.415813
2014-03-04,11675.100118
2014-03-05,11656.541396
2014-03-06,11682.925069
2014-03-07,11686.482892
2014-03-10,11655.063022
2014-03-11,11547.084263
2014-03-12,11577.986716
2014-03-13,11449.237523
2014-03-14,11487.661176
2014-03-17,11563.933594
2014-03-18,11696.824812
2014-03-19,11632.325684
2014-03-20,11674.232886
2014-03-21,11678.893487
2014-03-24,11580.675812
2014-03-25,11584.770179
2014-03-26,11415.019299
2014-03-27,11385.73333
2014-03-28,11447.946679
2014-03-31,11634.637264
2014-04-01,11756.944177
2014-04-02,11814.518345
2014-04-03,11764.357296
2014-04-04,11570.900729
2014-04-07,11385.598467
2014-04-08,11470.155776
2014-04-09,11583.247757
2014-04-10,11339.34539
2014-04-11,11193.923912
2014-04-14,11244.657838
2014-04-15,11295.404162
2014-04-16,11405.324025
2014-04-17,11452.941738
2014-04-18,11452.941738
2014-04-21,11490.592238
2014-04-22,11589.038157
2014-04-23,11564.579746
2014-04-24,11554.422748
2014-04-25,11404.464408
2014-04-28,11354.490936
2014-04-29,11384.166907
2014-04-30,11448.675133
2014-05-01,11442.331092
2014-05-02,11480.077118
2014-05-05,11448.887084
2014-05-06,11328.623398
2014-05-07,11374.519516
2014-05-08,11289.763953
2014-05-09,11335.860605
2014-05-12,11550.634817
2014-05-13,11478.283678
2014-05-14,11334.397952
2014-05-15,11250.444546
2014-05-16,11304.766844
2014-05-19,11386.955037
2014-05-20,11248.61728
2014-05-21,11314.040869
2014-05-22,11379.156526
2014-05-23,11470.476335
2014-05-26,11470.476335
2014-05-27,11570.92326
2014-05-28,11532.40513
2014-05-29,11579.053935
2014-05-30,11549.759847
2014-06-02,11543.913504
2014-06-03,11532.480227
2014-06-04,11583.500133
2014-06-05,11750.552712
2014-06-06,11846.687172
2014-06-09,11915.199572
2014-06-10,11890.787361
2014-06-11,11831.872794
2014-06-12,11754.963583
2014-06-13,11786.32387
2014-06-16,11794.594504
2014-06-17,11900.502535
2014-06-18,11960.664749
2014-06-19,11977.139492
2014-06-20,12000.302946
2014-06-23,11984.308081
2014-06-24,11870.053033
2014-06-25,11950.993451
2014-06-26,11940.2867
2014-06-27,12006.181101
2014-06-30,12054.437323
2014-07-01,12156.101931
2014-07-02,12111.320839
2014-07-03,12197.81497
2014-07-04,12197.81497
2014-07-07,12045.890508
2014-07-08,11941.896906
2014-07-09,11955.776436
2014-07-10,11852.45803
2014-07-11,11830.87742
2014-07-14,11881.714135
2014-07-15,11820.28607
2014-07-16,11834.990409
2014-07-17,11688.053371
2014-07-18,11842.192897
2014-07-21,11789.386486
2014-07-22,11868.244708
2014-07-23,11855.055753
2014-07-24,11850.351201
2014-07-25,11769.504213
2014-07-28,11725.238634
2014-07-29,11695.582742
2014-07-30,11719.894361
2014-07-31,11488.111793
2014-08-01,11450.4463
2014-08-04,11525.154606
2014-08-05,11478.657959
2014-08-06,11512.287813
2014-08-07,11455.097315
2014-08-08,11579.766474
2014-08-11,11653.569264
2014-08-12,11593.027757
2014-08-13,11673.784382
2014-08-14,11712.602723
2014-08-15,11702.191038
2014-08-18,11858.165158
2014-08-19,11910.716431
2014-08-20,11900.299858
2014-08-21,11931.530559
2014-08-22,11924.974305
2014-08-25,11963.690586
2014-08-26,12022.182289
2014-08-27,12011.18813
2014-08-28,11963.576773
2014-08-29,12033.338739
2014-09-01,12033.338739
2014-09-02,12065.200394
2014-09-03,12020.243412
2014-09-04,11974.404352
2014-09-05,12008.941219
2014-09-08,11997.995409
2014-09-09,11877.559689
2014-09-10,11909.719274
2014-09-11,11977.500999
2014-09-12,11874.436139
2014-09-15,11791.756758
2014-09-16,11844.801344
2014-09-17,11868.304854
2014-09-18,11897.106088
2014-09-19,11792.217562
2014-09-22,11613.988525
2014-09-23,11511.035997
2014-09-24,11561.820831
2014-09-25,11394.537731
2014-09-26,11469.097629
2014-09-29,11434.520471
2014-09-30,11295.773847
2014-10-01,11130.890273
2014-10-02,11195.093397
2014-10-03,11262.068009
2014-10-06,11197.673784
2014-10-07,11019.76999
2014-10-08,11190.145404
2014-10-09,10899.929756
2014-10-10,10739.000954
2014-10-13,10630.651521
2014-10-14,10728.335575
2014-10-15,10754.435527
2014-10-16,10883.45093
2014-10-17,10908.483272
2014-10-20,11018.324455
2014-10-21,11250.708077
2014-10-22,11114.393772
2014-10-23,11285.685796
2014-10-24,11311.000905
2014-10-27,11276.297378
2014-10-28,11556.605987
2014-10-29,11540.524481
2014-10-30,11579.31281
2014-10-31,11759.547374
2014-11-03,11745.923621
2014-11-04,11684.415741
2014-11-05,11733.643788
2014-11-06,11788.37247
2014-11-07,11817.766436
2014-11-10,11837.634043
2014-11-11,11833.47548
2014-11-12,11903.457583
2014-11-13,11821.033519
2014-11-14,11831.800868
2014-11-17,11772.373126
2014-11-18,11825.81479
2014-11-19,11742.434264
2014-11-20,11854.210844
2014-11-21,11895.180072
2014-11-24,11994.598532
2014-11-25,11994.24285
2014-11-26,11979.995956
2014-11-27,11979.995956
2014-11-28,11779.118008
2014-12-01,11588.565864
2014-12-02,11670.377585
2014-12-03,11799.399726
2014-12-04,11731.397692
2014-12-05,11780.153879
2014-12-08,11621.112216
2014-12-09,11762.323835
2014-12-10,11490.079236
2014-12-11,11532.037369
2014-12-12,11366.819494
2014-12-15,11272.17717
2014-12-16,11265.663223
2014-12-17,11577.014641
2014-12-18,11754.701923
2014-12-19,11832.274667
2014-12-22,11868.016182
2014-12-23,11941.10163
2014-12-24,11949.943206
2014-12-25,11949.943206
2014-12-26,12005.02626
2014-12-29,12076.571145
2014-12-30,12032.949773
2014-12-31,11932.431263
2015-01-01,11932.431263
2015-01-02,11884.098312
2015-01-05,11651.284815
2015-01-06,11486.939277
2015-01-07,11606.668685
2015-01-08,11794.631946
2015-01-09,11676.394144
2015-01-12,11592.234222
2015-01-13,11574.63212
2015-01-14,11513.240505
2015-01-15,11349.248517
2015-01-16,11526.227466
2015-01-19,11526.227466
2015-01-20,11445.138731
2015-01-21,11495.023456
2015-01-22,11713.295516
2015-01-23,11653.467637
2015-01-26,11775.356369
2015-01-27,11702.994857
2015-01-28,11515.816502
2015-01-29,11619.306468
2015-01-30,11453.106176
2015-02-02,11600.738281
2015-02-03,11863.77339
2015-02-04,11795.722002
2015-02-05,11942.803742
2015-02-06,11947.3175
2015-02-09,11898.009748
2015-02-10,11941.268099
2015-02-11,11926.753005
2015-02-12,12073.515002
2015-02-13,12151.71417
2015-02-16,12151.71417
2015-02-17,12167.879056
2015-02-18,12184.896975
2015-02-19,12184.167762
2015-02-20,12229.217169
2015-02-23,12211.949035
2015-02-24,12245.509525
2015-02-25,12256.099422
2015-02-26,12250.674111
2015-02-27,12197.167811
2015-03-02,12270.543035
2015-03-03,12208.707914
2015-03-04,12160.09331
2015-03-05,12154.551449
2015-03-06,12009.960432
2015-03-09,12033.129226
2015-03-10,11858.260843
2015-03-11,11932.242816
2015-03-12,12099.402027
2015-03-13,12032.601744
2015-03-16,12107.114704
2015-03-17,12131.736792
2015-03-18,12269.599201
2015-03-19,12224.626829
2015-03-20,12363.197204
2015-03-23,12378.689442
2015-03-24,12362.04808
2015-03-25,12162.445295
2015-03-26,12128.426645
2015-03-27,12170.890374
2015-03-30,12342.148988
2015-03-31,12306.270947
2015-04-01,12290.824209
2015-04-02,12348.940577
2015-04-03,12348.940577
2015-04-06,12434.946527
2015-04-07,12359.422788
2015-04-08,12402.384029
2015-04-09,12390.446895
2015-04-10,12422.698442
2015-04-13,12404.371035
2015-04-14,12419.547738
2015-04-15,12527.422595
2015-04-16,12483.505422
2015-04-17,12309.223751
2015-04-20,12407.824669
2015-04-21,12378.904921
2015-04-22,12409.090475
2015-04-23,12459.121742
2015-04-24,12429.110593
2015-04-27,12338.54156
2015-04-28,12410.177879
2015-04-29,12328.867852
2015-04-30,12156.35247
2015-05-01,12221.605309
2015-05-04,12273.592401
2015-05-05,12120.191006
2015-05-06,12118.783066
2015-05-07,12144.302562
2015-05-08,12246.32777
2015-05-11,12255.922435
2015-05-12,12232.233585
2015-05-13,12247.552964
2015-05-14,12346.254869
2015-05-15,12351.34397
2015-05-18,12451.070497
2015-05-19,12414.812907
2015-05-20,12430.236298
2015-05-21,12439.631029
2015-05-22,12402.370115
2015-05-25,12402.370115
2015-05-26,12267.992035
2015-05-27,12380.381285
2015-05-28,12361.541535
2015-05-29,12290.94052
2015-06-01,12295.204365
2015-06-02,12355.811814
2015-06-03,12433.366476
2015-06-04,12307.897133
2015-06-05,12363.676864
2015-06-08,12281.278737
2015-06-09,12266.599486
2015-06-10,12431.85901
2015-06-11,12448.116663
2015-06-12,12394.338549
2015-06-15,12333.727371
2015-06-16,12403.095817
2015-06-17,12381.343828
2015-06-18,12480.031066
2015-06-19,12459.982169
2015-06-22,12517.908962
2015-06-23,12571.243351
2015-06-24,12456.821924
2015-06-25,12413.229897
2015-06-26,12412.630068
2015-06-29,12103.925429
2015-06-30,12102.475648
2015-07-01,12117.773414
2015-07-02,12072.43957
2015-07-03,12072.43957
2015-07-06,12017.107186
2015-07-07,12055.472037
2015-07-08,11859.959236
2015-07-09,11884.193612
2015-07-10,12011.345566
2015-07-13,12120.263208
2015-07-14,12179.241481
2015-07-15,12074.478757
2015-07-16,12115.881061
2015-07-17,12013.101437
2015-07-20,11941.829782
2015-07-21,11883.096002
2015-07-22,11887.708643
2015-07-23,11778.110898
2015-07-24,11622.515229
2015-07-27,11512.822461
2015-07-28,11635.309586
2015-07-29,11770.054356
2015-07-30,11778.974432
2015-07-31,11797.47726
2015-08-03,11723.192892
2015-08-04,11701.395252
2015-08-05,11711.609811
2015-08-06,11656.531438
2015-08-07,11581.513091
2015-08-10,11788.747408
2015-08-11,11690.705316
2015-08-12,11673.136586
2015-08-13,11628.366429
2015-08-14,11716.117668
2015-08-17,11797.563513
2015-08-18,11733.73916
2015-08-19,11601.272811
2015-08-20,11360.55704
2015-08-21,11147.585652
2015-08-24,10721.273377
2015-08-25,10612.935807
2015-08-26,10869.766072
2015-08-27,11141.69583
2015-08-28,11231.719613
2015-08-31,11247.391952
2015-09-01,10910.963813
2015-09-02,11049.937126
2015-09-03,11093.578772
2015-09-04,10967.369429
2015-09-07,10967.369429
2015-09-08,11204.745037
2015-09-09,11079.390023
2015-09-10,11101.410209
2015-09-11,11115.256264
2015-09-14,11060.043478
2015-09-15,11186.209563
2015-09-16,11319.243456
2015-09-17,11306.843051
2015-09-18,11094.814364
2015-09-21,11131.79064
2015-09-22,10965.863034
2015-09-23,10918.201757
2015-09-24,10906.679143
2015-09-25,10860.812967
2015-09-28,10565.838654
2015-09-29,10544.439752
2015-09-30,10679.421777
2015-10-01,10656.653508
2015-10-02,10812.78371
2015-10-05,11106.825547
2015-10-06,11127.302218
2015-10-07,11287.285981
2015-10-08,11444.88687
2015-10-09,11431.279806
2015-10-12,11395.159551
2015-10-13,11277.630309
2015-10-14,11189.268341
2015-10-15,11355.478126
2015-10-16,11336.788745
2015-10-19,11332.844935
2015-10-20,11382.328047
2015-10-21,11212.002989
2015-10-22,11282.080521
2015-10-23,11366.434918
2015-10-26,11298.324482
2015-10-27,11132.170379
2015-10-28,11418.503745
2015-10-29,11354.71305
2015-10-30,11334.035476
2015-11-02,11536.568129
2015-11-03,11589.879346
2015-11-04,11542.876452
2015-11-05,11567.791641
2015-11-06,11625.208549
2015-11-09,11482.078351
2015-11-10,11519.263702
2015-11-11,11421.709719
2015-11-12,11164.001471
2015-11-13,11080.935678
2015-11-16,11216.132001
2015-11-17,11167.933872
2015-11-18,11352.470537
2015-11-19,11311.533598
2015-11-20,11357.296909
2015-11-23,11402.298607
2015-11-24,11493.224277
2015-11-25,11545.937495
2015-11-26,11545.937495
2015-11-27,11561.380154
2015-11-30,11527.545259
2015-12-01,11590.677515
2015-12-02,11426.113527
2015-12-03,11254.632996
2015-12-04,11310.989768
2015-12-07,11097.37232
2015-12-08,10991.123072
2015-12-09,10916.730264
2015-12-10,10969.794429
2015-12-11,10732.077969
2015-12-14,10615.635208
2015-12-15,10764.717789
2015-12-16,10906.053922
2015-12-17,10751.705327
2015-12-18,10619.038131
2015-12-21,10690.632666
2015-12-22,10819.984692
2015-12-23,11021.852962
2015-12-24,11032.361994
2015-12-25,11032.361994
2015-12-28,10928.538617
2015-12-29,11031.64251
2015-12-30,10922.605422
2015-12-31,10827.762812
2016-01-01,10827.762812
2016-01-04,10679.346916
2016-01-05,10675.363336
2016-01-06,10484.016597
2016-01-07,10187.834291
2016-01-08,10032.8886
2016-01-11,9980.133172
2016-01-12,9973.45347
2016-01-13,9665.856876
2016-01-14,9790.687733
2016-01-15,9602.821195
2016-01-18,9602.821195
2016-01-19,9465.385682
2016-01-20,9434.677147
2016-01-21,9473.101376
2016-01-22,9699.855648
2016-01-25,9447.167005
2016-01-26,9721.893654
2016-01-27,9633.115216
2016-01-28,9669.455035
2016-01-29,10003.174974
2016-02-01,9959.869723
2016-02-02,9720.167249
2016-02-03,9799.726239
2016-02-04,9914.460242
2016-02-05,9701.654462
2016-02-08,9526.722332
2016-02-09,9439.490196
2016-02-10,9430.67795
2016-02-11,9283.531335
2016-02-12,9482.058587
2016-02-15,9482.058587
2016-02-16,9693.257156
2016-02-17,9887.174052
2016-02-18,9874.487285
2016-02-19,9850.760138
2016-02-22,10014.194472
2016-02-23,9907.685723
2016-02-24,9989.095767
2016-02-25,10084.967382
2016-02-26,10179.587262
2016-02-29,10192.023919
2016-03-01,10383.699815
2016-03-02,10562.875015
2016-03-03,10772.153334
2016-03-04,10895.181285
2016-03-07,11048.859583
2016-03-08,10721.281869
2016-03-09,10797.442543
2016-03-10,10762.883516
2016-03-11,10993.969557
2016-03-14,10932.319345
2016-03-15,10795.653923
2016-03-16,10928.88089
2016-03-17,11128.262942
2016-03-18,11197.420554
2016-03-21,11182.455236
2016-03-22,11155.355264
2016-03-23,10914.001459
2016-03-24,10964.170861
2016-03-25,10964.170861
2016-03-28,10972.04067
2016-03-29,11181.839856
2016-03-30,11203.044745
2016-03-31,11230.084193
2016-04-01,11223.440278
2016-04-04,11088.536284
2016-04-05,10972.349825
2016-04-06,11066.886787
2016-04-07,10906.139134
2016-04-08,11006.557994
2016-04-11,11032.12659
2016-04-12,11231.136812
2016-04-13,11453.438436
2016-04-14,11418.493494
2016-04-15,11442.766972
2016-04-18,11503.791479
2016-04-19,11598.662517
2016-04-20,11630.011896
2016-04-21,11523.98346
2016-04-22,11664.543418
2016-04-25,11548.082866
2016-04-26,11704.749803
2016-04-27,11809.233474
2016-04-28,11660.465938
2016-04-29,11611.415067
2016-05-02,11677.366571
2016-05-03,11446.661196
2016-05-04,11374.502821
2016-05-05,11331.571043
2016-05-06,11392.395579
2016-05-09,11317.275901
2016-05-10,11469.390404
2016-05-11,11359.653165
2016-05-12,11284.80655
2016-05-13,11168.168343
2016-05-16,11290.195696
2016-05-17,11181.763664
2016-05-18,11150.191075
2016-05-19,11082.84155
2016-05-20,11243.582027
2016-05-23,11219.619369
2016-05-24,11402.66927
2016-05-25,11536.936903
2016-05-26,11505.051203
2016-05-27,11580.169089
2016-05-30,11580.169089
2016-05-31,11620.419565
2016-06-01,11681.253225
2016-06-02,11746.917593
2016-06-03,11680.882787
2016-06-06,11867.310883
2016-06-07,11933.361609
2016-06-08,12005.321627
2016-06-09,11910.447076
2016-06-10,11682.073663
2016-06-13,11533.583071
2016-06-14,11474.574251
2016-06-15,11512.932999
2016-06-16,11468.853667
2016-06-17,11538.407699
2016-06-20,11670.202865
2016-06-21,11647.995227
2016-06-22,11606.681621
2016-06-23,11855.279282
2016-06-24,11321.669829
2016-06-27,10879.492583
2016-06-28,11086.77378
2016-06-29,11335.511145
2016-06-30,11531.723412
2016-07-01,11608.770041
2016-07-04,11608.770041
2016-07-05,11368.803171
2016-07-06,11436.468511
2016-07-07,11448.537743
2016-07-08,11726.767396
2016-07-11,11832.3277
2016-07-12,12042.025656
2016-07-13,11992.580825
2016-07-14,12027.909974
2016-07-15,12039.430638
2016-07-18,12078.248005
2016-07-19,12011.153611
2016-07-20,12081.851305
2016-07-21,12031.796236
2016-07-22,12089.541506
2016-07-25,12041.764064
2016-07-26,12132.560676
2016-07-27,12093.375074
2016-07-28,12078.355126
2016-07-29,12130.174465
2016-08-01,12042.853003
2016-08-02,11880.682782
2016-08-03,12020.444747
2016-08-04,12026.232975
2016-08-05,12203.83923
2016-08-08,12232.483726
2016-08-09,12203.54503
2016-08-10,12110.778459
2016-08-11,12169.572972
2016-08-12,12144.295381
2016-08-15,12297.239652
2016-08-16,12205.079787
2016-08-17,12163.369761
2016-08-18,12280.574501
2016-08-19,12263.285165
2016-08-22,12250.647842
2016-08-23,12346.869836
2016-08-24,12245.372869
2016-08-25,12272.554274
2016-08-26,12236.942117
2016-08-29,12329.475809
2016-08-30,12331.858545
2016-08-31,12275.236649
2016-09-01,12243.366038
2016-09-02,12379.206131
2016-09-05,12379.206131
2016-09-06,12380.20571
2016-09-07,12452.303593
2016-09-08,12452.546589
2016-09-09,12067.559846
2016-09-12,12204.306937
2016-09-13,11943.135013
2016-09-14,11894.932183
2016-09-15,12036.643318
2016-09-16,12002.502851
2016-09-19,12072.974756
2016-09-20,11989.849458
2016-09-21,12175.587911
2016-09-22,12356.929766
2016-09-23,12250.126397
2016-09-26,12149.753646
2016-09-27,12158.531525
2016-09-28,12335.387045
2016-09-29,12216.552299
2016-09-30,12353.993606
2016-10-03,12282.749987
2016-10-04,12225.109416
2016-10-05,12352.348453
2016-10-06,12344.265625
2016-10-07,12241.330072
2016-10-10,12359.146163
2016-10-11,12161.734459
2016-10-12,12179.311834
2016-10-13,12070.563902
2016-10-14,12061.055281
2016-10-17,12038.855712
2016-10-18,12115.669502
2016-10-19,12208.351659
2016-10-20,12169.973951
2016-10-21,12152.607189
2016-10-24,12192.705365
2016-10-25,12078.337384
2016-10-26,12028.253697
2016-10-27,11893.505921
2016-10-28,11850.8971
2016-10-31,11868.87472
2016-11-01,11745.049478
2016-11-02,11617.316773
2016-11-03,11606.782305
2016-11-04,11647.132522
2016-11-07,11906.854746
2016-11-08,11919.452935
2016-11-09,12256.468198
2016-11-10,12448.677151
2016-11-11,12647.915707
2016-11-14,12862.854178
2016-11-15,12941.963581
2016-11-16,12923.912914
2016-11-17,12998.37128
2016-11-18,13027.561825
2016-11-21,13130.971748
2016-11-22,13275.965724
2016-11-23,13364.131238
2016-11-24,13364.131238
2016-11-25,13388.261538
2016-11-28,13225.499692
2016-11-29,13198.276572
2016-11-30,13318.255217
2016-12-01,13319.778115
2016-12-02,13310.319471
2016-12-05,13532.68517
2016-12-06,13691.391613
2016-12-07,13846.236454
2016-12-08,14041.156705
2016-12-09,14079.689251
2016-12-12,13937.948414
2016-12-13,13943.687048
2016-12-14,13715.98918
2016-12-15,13800.385204
2016-12-16,13796.895076
2016-12-19,13876.769188
2016-12-20,13990.277926
2016-12-21,13926.997522
2016-12-22,13808.262523
2016-12-23,13851.920973
2016-12-26,13851.920973
2016-12-27,13919.407576
2016-12-28,13757.140194
2016-12-29,13767.16988
2016-12-30,13703.289559
2017-01-02,13703.289559
2017-01-03,13844.933167
2017-01-04,14075.49412
2017-01-05,13933.175681
2017-01-06,13887.014703
2017-01-09,13741.254386
2017-01-10,13856.4615
2017-01-11,13936.577227
2017-01-12,13817.081179
2017-01-13,13885.599898
2017-01-16,13885.599898
2017-01-17,13763.888078
2017-01-18,13810.259006
2017-01-19,13683.829606
2017-01-20,13754.63842
2017-01-23,13704.556563
2017-01-24,13919.368043
2017-01-25,14061.51832
2017-01-26,14008.085988
2017-01-27,13920.52598
2017-01-30,13728.431322
2017-01-31,13781.86244
2017-02-01,13762.151816
2017-02-02,13728.879023
2017-02-03,13925.050492
2017-02-06,13797.572353
2017-02-07,13718.953932
2017-02-08,13710.40901
2017-02-09,13880.820722
2017-02-10,13994.768353
2017-02-13,14032.863627
2017-02-14,14097.271366
2017-02-15,14138.205453
2017-02-16,14071.654257
2017-02-17,14039.200234
2017-02-20,14039.200234
2017-02-21,14198.393102
2017-02-22,14126.291551
2017-02-23,14059.939253
2017-02-24,14038.875197
2017-02-27,14149.281073
2017-02-28,13951.938481
2017-03-01,14189.604002
2017-03-02,14014.669673
2017-03-03,14012.872566
2017-03-06,13897.206131
2017-03-07,13775.718171
2017-03-08,13672.433678
2017-03-09,13602.258556
2017-03-10,13645.534349
2017-03-13,13671.222192
2017-03-14,13602.455219
2017-03-15,13812.939509
2017-03-16,13829.080248
2017-03-17,13846.819451
2017-03-20,13737.273819
2017-03-21,13410.221944
2017-03-22,13391.131882
2017-03-23,13460.236712
2017-03-24,13447.739529
2017-03-27,13449.38753
2017-03-28,13587.719621
2017-03-29,13657.493667
2017-03-30,13764.379722
2017-03-31,13793.778472
2017-04-03,13645.836564
2017-04-04,13652.681176
2017-04-05,13516.475911
2017-04-06,13660.471206
2017-04-07,13631.908136
2017-04-10,13704.121866
2017-04-11,13776.315063
2017-04-12,13580.62272
2017-04-13,13406.754257
2017-04-14,13406.754257
2017-04-17,13549.282764
2017-04-18,13547.645484
2017-04-19,13564.292474
2017-04-20,13711.39242
2017-04-21,13676.862486
2017-04-24,13829.274055
2017-04-25,13938.97282
2017-04-26,14005.774751
2017-04-27,13948.180507
2017-04-28,13782.55263
2017-05-01,13805.454747
2017-05-02,13779.144555
2017-05-03,13708.170659
2017-05-04,13634.665406
2017-05-05,13771.704323
2017-05-08,13732.08924
2017-05-09,13705.020403
2017-05-10,13787.698051
2017-05-11,13689.043
2017-05-12,13573.267835
2017-05-15,13672.509101
2017-05-16,13641.557756
2017-05-17,13319.790682
2017-05-18,13335.655379
2017-05-19,13462.198119
2017-05-22,13532.62319
2017-05-23,13553.714363
2017-05-24,13554.620481
2017-05-25,13514.25738
2017-05-26,13498.730072
2017-05-29,13498.730072
2017-05-30,13409.94183
2017-05-31,13391.741893
2017-06-01,13636.025712
2017-06-02,13653.483455
2017-06-05,13577.51815
2017-06-06,13534.131935
2017-06-07,13501.856231
2017-06-08,13633.567302
2017-06-09,13765.185769
2017-06-12,13788.146701
2017-06-13,13873.717652
2017-06-14,13785.531927
2017-06-15,13691.39896
2017-06-16,13647.015454
2017-06-19,13728.317746
2017-06-20,13545.010658
2017-06-21,13415.643255
2017-06-22,13463.268577
2017-06-23,13572.886619
2017-06-26,13677.599777
2017-06-27,13605.730733
2017-06-28,13795.161218
2017-06-29,13730.262812
2017-06-30,13733.540246
2017-07-03,13873.370062
2017-07-04,13873.370062
2017-07-05,13751.976411
2017-07-06,13554.093847
2017-07-07,13664.912812
2017-07-10,13616.059486
2017-07-11,13635.862345
2017-07-12,13739.454384
2017-07-13,13802.295137
2017-07-14,13844.021209
2017-07-17,13883.784053
2017-07-18,13840.579974
2017-07-19,14010.805262
2017-07-20,14001.205873
2017-07-21,13927.367132
2017-07-24,13921.474663
2017-07-25,14072.0733
2017-07-26,13971.497257
2017-07-27,13938.074385
2017-07-28,13884.056237
2017-07-31,13851.167182
2017-08-01,13881.001367
2017-08-02,13761.890348
2017-08-03,13689.573582
2017-08-04,13760.970326
2017-08-07,13758.914309
2017-08-08,13697.054169
2017-08-09,13581.14171
2017-08-10,13351.890986
2017-08-11,13372.801426
2017-08-14,13527.800872
2017-08-15,13416.220841
2017-08-16,13416.071548
2017-08-17,13177.568476
2017-08-18,13171.859918
2017-08-21,13153.558752
2017-08-22,13277.819414
2017-08-23,13272.445645
2017-08-24,13295.220806
2017-08-25,13354.841249
2017-08-28,13354.184308
2017-08-29,13362.288373
2017-08-30,13443.553799
2017-08-31,13558.823664
2017-09-01,13647.397376
2017-09-04,13647.397376
2017-09-05,13472.257311
2017-09-06,13512.085653
2017-09-07,13466.323715
2017-09-08,13485.569543
2017-09-11,13645.981932
2017-09-12,13775.533817
2017-09-13,13820.746095
2017-09-14,13783.251896
2017-09-15,13861.246854
2017-09-18,13926.320267
2017-09-19,13921.605478
2017-09-20,13999.527955
2017-09-21,13961.636893
2017-09-22,14038.387278
2017-09-25,14088.248326
2017-09-26,14147.805618
2017-09-27,14326.96952
2017-09-28,14369.508988
2017-09-29,14381.855821
2017-10-02,14516.933178
2017-10-03,14547.642267
2017-10-04,14492.481645
2017-10-05,14545.296781
2017-10-06,14502.969611
2017-10-09,14441.381324
2017-10-10,14483.634124
2017-10-11,14460.443531
2017-10-12,14435.219998
2017-10-13,14447.257783
2017-10-16,14452.496702
2017-10-17,14410.765711
2017-10-18,14461.630099
2017-10-19,14449.472948
2017-10-20,14522.118178
2017-10-23,14414.325973
2017-10-24,14459.64057
2017-10-25,14388.741321
2017-10-26,14442.890407
2017-10-27,14494.500379
2017-10-30,14362.207233
2017-10-31,14445.983871
2017-11-01,14406.159073
2017-11-02,14415.624143
2017-11-03,14381.432307
2017-11-06,14441.599277
2017-11-07,14266.168201
2017-11-08,14283.55349
2017-11-09,14230.389111
2017-11-10,14237.939276
2017-11-13,14223.439363
2017-11-14,14168.521811
2017-11-15,14093.639061
2017-11-16,14266.687008
2017-11-17,14350.606894
2017-11-20,14434.380732
2017-11-21,14534.050154
2017-11-22,14538.60936
2017-11-23,14538.60936
2017-11-24,14529.072417
2017-11-27,14493.010741
2017-11-28,14723.437625
2017-11-29,14853.413312
2017-11-30,14866.179712
2017-12-01,14852.984347
2017-12-04,14920.904732
2017-12-05,14760.122927
2017-12-06,14664.690526
2017-12-07,14742.226467
2017-12-08,14791.467499
2017-12-11,14795.684524
2017-12-12,14774.252177
2017-12-13,14787.476752
2017-12-14,14597.86585
2017-12-15,14782.168941
2017-12-18,14982.593299
2017-12-19,14880.856617
2017-12-20,14930.607029
2017-12-21,15022.5866
2017-12-22,15008.931135
2017-12-25,15008.931135
2017-12-26,15049.465638
2017-12-27,15024.021992
2017-12-28,15079.008488
2017-12-29,14984.820754
2018-01-01,14984.820754
2018-01-02,15144.510996
2018-01-03,15151.1602
2018-01-04,15192.237122
2018-01-05,15226.160184
2018-01-08,15272.896989
2018-01-09,15223.111939
2018-01-10,15219.446723
2018-01-11,15514.567458
2018-01-12,15578.929629
2018-01-15,15578.929629
2018-01-16,15394.00624
2018-01-17,15495.850003
2018-01-18,15385.03014
2018-01-19,15564.995214
2018-01-22,15665.110915
2018-01-23,15677.670026
2018-01-24,15619.440106
2018-01-25,15606.077117
2018-01-26,15650.281673
2018-01-29,15525.445143
2018-01-30,15346.035506
2018-01-31,15271.645216
2018-02-01,15292.163847
2018-02-02,14936.856353
2018-02-05,14395.030065
2018-02-06,14556.21944
2018-02-07,14535.042059
2018-02-08,14103.23789
2018-02-09,14219.092904
2018-02-12,14358.969455
2018-02-13,14369.372595
2018-02-14,14641.275917
2018-02-15,14766.96485
2018-02-16,14838.58281
2018-02-19,14838.58281
2018-02-20,14687.460984
2018-02-21,14666.495048
2018-02-22,14674.915418
2018-02-23,14843.314912
2018-02-26,14918.91514
2018-02-27,14703.366364
2018-02-28,14462.603001
2018-03-01,14424.67773
2018-03-02,14615.134875
2018-03-05,14751.803547
2018-03-06,14904.467502
2018-03-07,14930.867433
2018-03-08,14875.987897
2018-03-09,15101.241154
2018-03-12,15126.064298
2018-03-13,15047.279957
2018-03-14,14946.533647
2018-03-15,14884.378284
2018-03-16,15005.59879
2018-03-19,14857.457837
2018-03-20,14819.574391
2018-03-21,14931.801536
2018-03-22,14574.859972
2018-03-23,14300.327739
2018-03-26,14592.954236
2018-03-27,14374.773421
2018-03-28,14426.563632
2018-03-29,14581.22637
2018-03-30,14581.22637
2018-04-02,14240.273872
2018-04-03,14458.834535
2018-04-04,14619.754807
2018-04-05,14773.460684
2018-04-06,14501.977116
2018-04-09,14462.019277
2018-04-10,14733.596515
2018-04-11,14756.324423
2018-04-12,14820.373958
2018-04-13,14773.982143
2018-04-16,14925.891371
2018-04-17,15016.542998
2018-04-18,15084.383086
2018-04-19,15007.998233
2018-04-20,14902.642554
2018-04-23,14908.237972
2018-04-24,14873.141578
2018-04-25,14895.100939
2018-04-26,14911.872391
2018-04-27,14890.912378
2018-04-30,14746.196167
2018-05-01,14778.140413
2018-05-02,14833.380955
2018-05-03,14740.005255
2018-05-04,14932.145351
2018-05-07,15029.27202
2018-05-08,15070.141352
2018-05-09,15185.89344
2018-05-10,15268.750871
2018-05-11,15272.802381
2018-05-14,15264.100622
2018-05-15,15273.217655
2018-05-16,15419.492257
2018-05-17,15509.479334
2018-05-18,15479.723432
2018-05-21,15631.812556
2018-05-22,15514.831391
2018-05-23,15493.550292
2018-05-24,15489.150143
2018-05-25,15446.205238
2018-05-28,15446.205238
2018-05-29,15402.299063
2018-05-30,15648.428789
2018-05-31,15483.633475
2018-06-01,15582.511155
2018-06-04,15681.421609
2018-06-05,15769.056633
2018-06-06,15896.29069
2018-06-07,15915.581075
2018-06-08,15977.768609
2018-06-11,16020.422256
2018-06-12,16039.666826
2018-06-13,15923.949032
2018-06-14,15951.405772
2018-06-15,15931.584107
2018-06-18,16019.158866
2018-06-19,16033.909326
2018-06-20,16141.174985
2018-06-21,15997.745136
2018-06-22,16043.10302
2018-06-25,15824.329635
2018-06-26,15870.610732
2018-06-27,15668.482094
2018-06-28,15680.792118
2018-06-29,15652.068395
2018-07-02,15690.745691
2018-07-03,15731.02175
2018-07-04,15731.02175
2018-07-05,15893.61641
2018-07-06,16016.94554
2018-07-09,16167.313007
2018-07-10,16112.488242
2018-07-11,15968.088269
2018-07-12,15966.79977
2018-07-13,15962.99775
2018-07-16,15876.602584
2018-07-17,15927.025791
2018-07-18,15982.864627
2018-07-19,16059.398415
2018-07-20,15988.824241
2018-07-23,15999.319316
2018-07-24,15887.06841
2018-07-25,15902.869021
2018-07-26,16032.990026
2018-07-27,15857.429237
2018-07-30,15849.913502
2018-07-31,15986.656964
2018-08-01,15926.070814
2018-08-02,16011.106263
2018-08-03,16027.316528
2018-08-06,16094.832782
2018-08-07,16137.536175
2018-08-08,16125.606832
2018-08-09,16129.648383
2018-08-10,16051.594433
2018-08-13,15955.523295
2018-08-14,16134.483646
2018-08-15,15958.518612
2018-08-16,16094.011842
2018-08-17,16186.607799
2018-08-20,16269.340444
2018-08-21,16426.812105
2018-08-22,16425.714641
2018-08-23,16359.143007
2018-08-24,16407.061254
2018-08-27,16428.783058
2018-08-28,16419.921474
2018-08-29,16449.38262
2018-08-30,16359.501641
2018-08-31,16405.029971
2018-09-03,16405.029971
2018-09-04,16329.570685
2018-09-05,16340.347827
2018-09-06,16227.022891
2018-09-07,16183.92199
2018-09-10,16220.147989
2018-09-11,16230.719807
2018-09-12,16231.564604
2018-09-13,16223.875574
2018-09-14,16290.23249
2018-09-17,16193.966837
2018-09-18,16230.483217
2018-09-19,16215.76323
2018-09-20,16351.894698
2018-09-21,16322.589119
2018-09-24,16206.017844
2018-09-25,16174.472555
2018-09-26,16037.219026
2018-09-27,16019.8218
2018-09-28,16067.592492
2018-10-01,15914.846404
2018-10-02,15811.319451
2018-10-03,15925.559329
2018-10-04,15747.878635
2018-10-05,15631.639845
2018-10-08,15678.766062
2018-10-09,15614.24347
2018-10-10,15227.025081
2018-10-11,14918.021507
2018-10-12,14893.999989
2018-10-15,14984.802312
2018-10-16,15294.229459
2018-10-17,15229.594218
2018-10-18,14973.237191
2018-10-19,14859.615429
2018-10-22,14796.005625
2018-10-23,14677.582913
2018-10-24,14191.784805
2018-10-25,14437.870042
2018-10-26,14283.228936
2018-10-29,14277.718435
2018-10-30,14541.593059
2018-10-31,14572.164903
2018-11-01,14830.660753
2018-11-02,14859.809276
2018-11-05,14912.098942
2018-11-06,14983.350283
2018-11-07,15181.206441
2018-11-08,15136.549541
2018-11-09,14937.901325
2018-11-12,14719.79988
2018-11-13,14707.536372
2018-11-14,14605.609591
2018-11-15,14739.795605
2018-11-16,14733.295507
2018-11-19,14535.403043
2018-11-20,14236.103073
2018-11-21,14417.879229
2018-11-22,14417.879229
2018-11-23,14395.60999
2018-11-26,14544.903269
2018-11-27,14439.596905
2018-11-28,14729.294608
2018-11-29,14692.11316
2018-11-30,14753.921151
2018-12-03,14883.027067
2018-12-04,14260.060965
2018-12-05,14260.060965
2018-12-06,14177.195287
2018-12-07,13925.831033
2018-12-10,13784.21128
2018-12-11,13731.350104
2018-12-12,13842.710382
2018-12-13,13631.253806
2018-12-14,13410.91776
2018-12-17,13127.738422
2018-12-18,13119.594494
2018-12-19,12866.348509
2018-12-20,12677.29165
2018-12-21,12403.90328
2018-12-24,12123.903699
2018-12-25,12123.903699
2018-12-26,12701.165163
2018-12-27,12709.639871
2018-12-28,12755.407047
2018-12-31,12837.962174
2019-01-01,12837.962174
2019-01-02,12946.866767
2019-01-03,12787.800923
2019-01-04,13243.279986
2019-01-07,13454.023958
2019-01-08,13655.151139
2019-01-09,13815.299766
2019-01-10,13887.22678
2019-01-11,13934.947859
2019-01-14,13873.991754
2019-01-15,13934.651233
2019-01-16,14044.920434
2019-01-17,14156.629584
2019-01-18,14350.437549
2019-01-21,14350.437549
2019-01-22,14101.076781
2019-01-23,14053.683144
2019-01-24,14160.488499
2019-01-25,14342.023326
2019-01-28,14301.501795
2019-01-29,14290.504366
2019-01-30,14409.524715
2019-01-31,14470.851789
2019-02-01,14511.457889
2019-02-04,14644.837117
2019-02-05,14693.311186
2019-02-06,14671.627752
2019-02-07,14546.119885
2019-02-08,14488.483433
2019-02-11,14605.243568
2019-02-12,14780.478649
2019-02-13,14858.65428
2019-02-14,14855.609909
2019-02-15,15076.22864
2019-02-18,15076.22864
2019-02-19,15148.529298
2019-02-20,15241.758
2019-02-21,15172.930247
2019-02-22,15268.605216
2019-02-25,15232.880112
2019-02-26,15113.910895
2019-02-27,15122.741247
2019-02-28,15061.336199
2019-03-01,15175.858545
2019-03-04,15096.164952
2019-03-05,15018.27702
2019-03-06,14750.322707
2019-03-07,14595.026015
2019-03-08,14538.922669
2019-03-11,14756.988829
2019-03-12,14773.032407
2019-03-13,14836.882611
2019-03-14,14773.680225
2019-03-15,14772.763355
2019-03-18,14900.537665
2019-03-19,14785.712295
2019-03-20,14645.242064
2019-03-21,14811.478625
2019-03-22,14324.395183
2019-03-25,14369.290528
2019-03-26,14529.83975
2019-03-27,14524.421178
2019-03-28,14643.399843
2019-03-29,14657.550504
2019-04-01,14897.993208
2019-04-02,14834.314615
2019-04-03,14889.05406
2019-04-04,15028.047172
2019-04-05,15146.820042
2019-04-08,15138.67491
2019-04-09,14933.707319
2019-04-10,15123.193011
2019-04-11,15131.162835
2019-04-12,15238.254106
2019-04-15,15168.640937
2019-04-16,15234.413285
2019-04-17,15158.608397
2019-04-18,15138.924814
2019-04-19,15138.924814
2019-04-22,15049.873892
2019-04-23,15256.649904
2019-04-24,15286.888118
2019-04-25,15109.133314
2019-04-26,15260.542457
2019-04-29,15297.603287
2019-04-30,15227.792293
2019-05-01,15064.740949
2019-05-02,15069.237975
2019-05-03,15331.273188
2019-05-06,15318.181306
2019-05-07,15041.806287
2019-05-08,14959.200807
2019-05-09,14909.96124
2019-05-10,14940.759337
2019-05-13,14484.044944
2019-05-14,14652.395965
2019-05-15,14675.840541
2019-05-16,14732.387668
2019-05-17,14534.351534
2019-05-20,14434.765315
2019-05-21,14601.613644
2019-05-22,14430.24451
2019-05-23,14143.99909
2019-05-24,14220.107557
2019-05-27,14220.107557
2019-05-28,14090.255111
2019-05-29,13999.303962
2019-05-30,13914.559033
2019-05-31,13697.853361
2019-06-03,13831.853667
2019-06-04,14233.641448
2019-06-05,14155.118951
2019-06-06,14138.463574
2019-06-07,14200.374554
2019-06-10,14275.916048
2019-06-11,14280.106928
2019-06-12,14199.618599
2019-06-13,14349.784713
2019-06-14,14230.322763
2019-06-17,14238.896663
2019-06-18,14417.828757
2019-06-19,14435.011635
2019-06-20,14534.790297
2019-06-21,14453.795094
2019-06-24,14303.37741
2019-06-25,14252.650858
2019-06-26,14288.570272
2019-06-27,14515.159014
2019-06-28,14714.579109
2019-07-01,14753.282128
2019-07-02,14650.446302
2019-07-03,14753.250493
2019-07-04,14753.250493
2019-07-05,14821.531281
2019-07-08,14668.294246
2019-07-09,14635.235478
2019-07-10,14642.159042
2019-07-11,14575.788699
2019-07-12,14736.575691
2019-07-15,14635.163821
2019-07-16,14655.41981
2019-07-17,14498.231563
2019-07-18,14510.676525
2019-07-19,14489.850225
2019-07-22,14432.647956
2019-07-23,14597.655226
2019-07-24,14851.50176
2019-07-25,14677.676964
2019-07-26,14814.257695
2019-07-29,14731.62737
2019-07-30,14887.125409
2019-07-31,14779.095786
2019-08-01,14415.466507
2019-08-02,14250.753231
2019-08-05,13849.545559
2019-08-06,13981.044681
2019-08-07,13946.585248
2019-08-08,14230.437981
2019-08-09,14032.121572
2019-08-12,13822.860613
2019-08-13,13965.785608
2019-08-14,13528.381011
2019-08-15,13450.421328
2019-08-16,13761.412398
2019-08-19,13926.478951
2019-08-20,13812.345526
2019-08-21,13900.24771
2019-08-22,13912.284334
2019-08-23,13486.252429
2019-08-26,13601.770068
2019-08-27,13405.15483
2019-08-28,13581.302049
2019-08-29,13830.715777
2019-08-30,13849.822019
2019-09-02,13849.822019
2019-09-03,13645.490072
2019-09-04,13821.498915
2019-09-05,14124.827003
2019-09-06,14113.779265
2019-09-09,14429.701666
2019-09-10,14647.263715
2019-09-11,14920.509635
2019-09-12,14863.115749
2019-09-13,14882.562694
2019-09-16,14953.206318
2019-09-17,14839.485301
2019-09-18,14749.960395
2019-09-19,14683.295233
2019-09-20,14655.31321
2019-09-23,14689.163412
2019-09-24,14487.11203
2019-09-25,14682.392414
2019-09-26,14555.649541
2019-09-27,14490.090321
2019-09-30,14542.594127
2019-10-01,14265.450219
2019-10-02,14070.7957
2019-10-03,14101.172228
2019-10-04,14220.685126
2019-10-07,14187.3086
2019-10-08,13948.227536
2019-10-09,14027.35077
2019-10-10,14111.199275
2019-10-11,14388.35911
2019-10-14,14333.661526
2019-10-15,14475.606516
2019-10-16,14503.834753
2019-10-17,14633.372509
2019-10-18,14616.122708
2019-10-21,14752.56681
2019-10-22,14802.886416
2019-10-23,14849.748087
2019-10-24,14810.256456
2019-10-25,14914.849382
2019-10-28,15012.901415
2019-10-29,15057.454509
2019-10-30,14962.77184
2019-10-31,14822.831397
2019-11-01,15092.989517
2019-11-04,15274.842214
2019-11-05,15320.187693
2019-11-06,15239.644737
2019-11-07,15286.944788
2019-11-08,15316.392349
2019-11-11,15259.221031
2019-11-12,15240.384649
2019-11-13,15159.226927
2019-11-14,15168.337932
2019-11-15,15231.097344
2019-11-18,15172.174309
2019-11-19,15151.976921
2019-11-20,15055.451644
2019-11-21,14992.091737
2019-11-22,15051.516482
2019-11-25,15295.835434
2019-11-26,15301.889236
2019-11-27,15409.137761
2019-11-28,15409.137761
2019-11-29,15285.971124
2019-12-02,15172.527183
2019-12-03,15049.085823
2019-12-04,15186.090946
2019-12-05,15204.100746
2019-12-06,15437.848421
2019-12-09,15428.212718
2019-12-10,15429.973768
2019-12-11,15423.469798
2019-12-12,15661.680608
2019-12-13,15515.656901
2019-12-16,15642.793994
2019-12-17,15771.213651
2019-12-18,15841.500863
2019-12-19,15896.668105
2019-12-20,15914.904969
2019-12-23,15939.811838
2019-12-24,15955.519876
2019-12-25,15955.519876
2019-12-26,15989.865533
2019-12-27,15924.317305
2019-12-30,15884.073478
2019-12-31,15948.967707
2020-01-01,15948.967707
2020-01-02,15904.15787
2020-01-03,15858.56228
2020-01-06,15866.444207
2020-01-07,15802.782875
2020-01-08,15774.166938
2020-01-09,15736.877563
2020-01-10,15655.980885
2020-01-13,15762.978502
2020-01-14,15833.486153
2020-01-15,15847.960676
2020-01-16,16035.061598
2020-01-17,15973.634764
2020-01-20,15973.634764
2020-01-21,15797.438502
2020-01-22,15744.643685
2020-01-23,15734.972343
2020-01-24,15503.218326
2020-01-27,15263.566278
2020-01-28,15396.999628
2020-01-29,15311.205129
2020-01-30,15311.595739
2020-01-31,14986.461097
2020-02-03,15106.435945
2020-02-04,15277.987701
2020-02-05,15625.095912
2020-02-06,15506.178774
2020-02-07,15308.67475
2020-02-10,15329.310586
2020-02-11,15460.147821
2020-02-12,15593.278301
2020-02-13,15611.672466
2020-02-14,15548.971947
2020-02-17,15548.971947
2020-02-18,15466.092653
2020-02-19,15553.571208
2020-02-20,15668.061894
2020-02-21,15490.268189
2020-02-24,14984.051345
2020-02-25,14404.335406
2020-02-26,14079.257373
2020-02-27,13561.557643
2020-02-28,13410.84908
2020-03-02,13758.07055
2020-03-03,13424.331207
2020-03-04,13782.832862
2020-03-05,13207.173173
2020-03-06,12871.765699
2020-03-09,11467.144482
2020-03-10,11885.363895
2020-03-11,11069.826963
2020-03-12,9802.514202
2020-03-13,10677.437056
2020-03-16,9195.403783
2020-03-17,9604.137079
2020-03-18,8476.798449
2020-03-19,9028.037859
2020-03-20,8658.753238
2020-03-23,8368.710501
2020-03-24,9208.336631
2020-03-25,9472.522032
2020-03-26,10013.593758
2020-03-27,9580.773078
2020-03-30,9699.888204
2020-03-31,9648.936352
2020-04-01,9017.758615
2020-04-02,9097.581107
2020-04-03,8803.483898
2020-04-06,9541.466752
2020-04-07,9671.656775
2020-04-08,10189.002285
2020-04-09,10692.861932
2020-04-10,10692.861932
2020-04-13,10369.544441
2020-04-14,10510.528688
2020-04-15,10008.211155
2020-04-16,9871.239528
2020-04-17,10362.140168
2020-04-20,10176.244669
2020-04-21,9949.935239
2020-04-22,10007.697893
2020-04-23,10154.730522
2020-04-24,10315.406037
2020-04-27,10814.079388
2020-04-28,11051.977682
2020-04-29,11646.395552
2020-04-30,11273.858192
2020-05-01,10812.68167
2020-05-04,10802.636823
2020-05-05,10781.227876
2020-05-06,10588.745043
2020-05-07,10772.871773
2020-05-08,11270.677081
2020-05-11,11073.688337
2020-05-12,10648.132463
2020-05-13,10222.297846
2020-05-14,10310.222385
2020-05-15,10415.663309
2020-05-18,11197.596824
2020-05-19,10985.072955
2020-05-20,11316.047657
2020-05-21,11369.551034
2020-05-22,11368.527928
2020-05-25,11368.527928
2020-05-26,11883.361086
2020-05-27,12344.874304
2020-05-28,12006.711786
2020-05-29,11891.664636
2020-06-01,12142.944244
2020-06-02,12327.843342
2020-06-03,12888.210409
2020-06-04,13155.217514
2020-06-05,13879.881469
2020-06-08,14511.174537
2020-06-09,13946.071354
2020-06-10,13243.941808
2020-06-11,12028.126531
2020-06-12,12473.124244
2020-06-15,12653.235678
2020-06-16,13013.675832
2020-06-17,12647.462038
2020-06-18,12629.522645
2020-06-19,12454.161854
2020-06-22,12476.965504
2020-06-23,12517.062266
2020-06-24,11936.303171
2020-06-25,12136.137231
2020-06-26,11724.112078
2020-06-29,12207.12973
2020-06-30,12346.180415
2020-07-01,12111.278472
2020-07-02,12172.216987
2020-07-03,12172.216987
2020-07-06,12312.522601
2020-07-07,11964.657735
2020-07-08,12050.702822
2020-07-09,11663.117811
2020-07-10,12006.288965
2020-07-13,11922.292743
2020-07-14,12110.385473
2020-07-15,12669.748095
2020-07-16,12620.21061
2020-07-17,12520.199025
2020-07-20,12343.405261
2020-07-21,12697.432327
2020-07-22,12741.462578
2020-07-23,12829.10848
2020-07-24,12672.327225
2020-07-27,12707.093237
2020-07-28,12626.785852
2020-07-29,12956.194974
2020-07-30,12779.741757
2020-07-31,12644.573584
2020-08-03,12794.687177
2020-08-04,12913.168451
2020-08-05,13210.391263
2020-08-06,13151.580478
2020-08-07,13446.669027
2020-08-10,13750.816447
2020-08-11,13788.226735
2020-08-12,13820.162773
2020-08-13,13676.414033
2020-08-14,13767.173078
2020-08-17,13713.622933
2020-08-18,13476.003767
2020-08-19,13462.298634
2020-08-20,13317.997868
2020-08-21,13197.146498
2020-08-24,13568.627182
2020-08-25,13552.081614
2020-08-26,13405.033572
2020-08-27,13541.008743
2020-08-28,13675.265057
2020-08-31,13429.771974
2020-09-01,13572.613372
2020-09-02,13707.026273
2020-09-03,13429.594762
2020-09-04,13492.236623
2020-09-07,13492.236623
2020-09-08,13122.647958
2020-09-09,13213.129789
2020-09-10,13021.12981
2020-09-11,12990.505175
2020-09-14,13306.448241
2020-09-15,13240.305412
2020-09-16,13394.924205
2020-09-17,13338.826188
2020-09-18,13203.285062
2020-09-21,12659.944421
2020-09-22,12695.196692
2020-09-23,12323.103753
2020-09-24,12344.38399
2020-09-25,12464.085551
2020-09-28,12843.490889
2020-09-29,12677.288702
2020-09-30,12739.254094
2020-10-01,12928.146935
2020-10-02,13166.661236
2020-10-05,13498.160946
2020-10-06,13402.568831
2020-10-07,13708.819058
2020-10-08,13979.61556
2020-10-09,13941.923963
2020-10-12,14025.647592
2020-10-13,13815.500572
2020-10-14,13773.363844
2020-10-15,13970.800455
2020-10-16,13916.201813
2020-10-19,13766.409133
2020-10-20,13910.466415
2020-10-21,13844.58681
2020-10-22,14162.391382
2020-10-23,14282.155759
2020-10-26,13878.339378
2020-10-27,13611.168781
2020-10-28,13171.241705
2020-10-29,13400.860142
2020-10-30,13301.317599
2020-11-02,13634.901742
2020-11-03,14007.664854
2020-11-04,13740.836521
2020-11-05,14187.249079
2020-11-06,14016.138237
2020-11-09,15015.092185
2020-11-10,15352.081655
2020-11-11,15160.701677
2020-11-12,14818.485206
2020-11-13,15285.714357
2020-11-16,15826.178786
2020-11-17,15910.945547
2020-11-18,15725.654851
2020-11-19,15878.840543
2020-11-20,15803.661499
2020-11-23,16302.143041
2020-11-24,16828.700571
2020-11-25,16647.003179
2020-11-26,16647.003179
2020-11-27,16593.301524
2020-11-30,16097.255321
2020-12-01,16366.925675
2020-12-02,16513.113664
2020-12-03,16661.114339
2020-12-04,17149.087375
2020-12-07,17006.33683
2020-12-08,17113.273978
2020-12-09,17123.374915
2020-12-10,17261.048212
2020-12-11,17074.503161
2020-12-14,16899.712924
2020-12-15,17331.984292
2020-12-16,17228.707112
2020-12-17,17361.234282
2020-12-18,17187.405045
2020-12-21,17093.789358
2020-12-22,17050.243724
2020-12-23,17388.768948
2020-12-24,17357.507586
2020-12-25,17357.507586
2020-12-28,17389.947739
2020-12-29,17174.539672
2020-12-30,17375.385744
2020-12-31,17376.386564
2021-01-01,17376.386564
2021-01-04,17148.274685
2021-01-05,17531.796083
2021-01-06,18383.370247
2021-01-07,18561.095484
2021-01-08,18428.873655
2021-01-11,18522.443988
2021-01-12,18934.578871
2021-01-13,18740.667581
2021-01-14,19133.937532
2021-01-15,18838.23478
2021-01-18,18838.23478
2021-01-19,18975.856075
2021-01-20,19048.032303
2021-01-21,18826.251689
2021-01-22,18986.747264
2021-01-25,18972.798324
2021-01-26,18967.688755
2021-01-27,18966.090451
2021-01-28,18749.696969
2021-01-29,18487.87559
2021-02-01,18696.794724
2021-02-02,18677.749033
2021-02-03,18882.490438
2021-02-04,19185.2205
2021-02-05,19344.87519
2021-02-08,19806.408414
2021-02-09,19787.921906
2021-02-10,19813.377629
2021-02-11,19801.333585
2021-02-12,19903.757933
2021-02-15,19903.757933
2021-02-16,20022.480459
2021-02-17,19909.456836
2021-02-18,19577.079359
2021-02-19,20016.102509
2021-02-22,20299.797975
2021-02-23,20377.260467
2021-02-24,20943.876932
2021-02-25,20357.787393
2021-02-26,20205.59161
2021-03-01,20853.391929
2021-03-02,20664.218303
2021-03-03,20824.141392
2021-03-04,20557.134383
2021-03-05,21111.111284
2021-03-08,21582.539976
2021-03-09,21557.71838
2021-03-10,22048.329934
2021-03-11,22312.355247
2021-03-12,22597.202941
2021-03-15,22649.805192
2021-03-16,22227.258658
2021-03-17,22423.091636
2021-03-18,21941.224692
2021-03-19,22000.959841
2021-03-22,21644.375426
2021-03-23,20832.439446
2021-03-24,20587.744916
2021-03-25,21200.133548
2021-03-26,21683.094542
2021-03-29,21198.723849
2021-03-30,21588.98459
2021-03-31,21538.273398
2021-04-01,21851.962695
2021-04-02,21851.962695
2021-04-05,21913.693709
2021-04-06,21895.365998
2021-04-07,21743.758946
2021-04-08,21753.031788
2021-04-09,21816.033417
2021-04-12,21847.376251
2021-04-13,21644.684079
2021-04-14,21924.251376
2021-04-15,21955.993835
2021-04-16,22060.282725
2021-04-19,21930.5435
2021-04-20,21382.454129
2021-04-21,21836.882182
2021-04-22,21690.527863
2021-04-23,22123.020346
2021-04-26,22258.911277
2021-04-27,22384.896416
2021-04-28,22492.293719
2021-04-29,22550.828472
2021-04-30,22242.356997
2021-05-03,22579.062725
2021-05-04,22552.773914
2021-05-05,22643.695586
2021-05-06,22762.923655
2021-05-07,23084.495349
2021-05-10,22768.394927
2021-05-11,22578.255314
2021-05-12,21897.805484
2021-05-13,22322.109648
2021-05-14,22871.925843
2021-05-17,23042.511834
2021-05-18,22732.215462
2021-05-19,22464.157095
2021-05-20,22426.844798
2021-05-21,22562.204258
2021-05-24,22654.75537
2021-05-25,22357.794475
2021-05-26,22773.212312
2021-05-27,23079.390375
2021-05-28,23051.534336
2021-05-31,23051.534336
2021-06-01,23392.781832
2021-06-02,23379.755968
2021-06-03,23277.74523
2021-06-04,23311.988016
2021-06-07,23432.2743
2021-06-08,23675.74385
2021-06-09,23459.092544
2021-06-10,23272.258623
2021-06-11,23469.787243
2021-06-14,23216.689279
2021-06-15,23282.295462
2021-06-16,23213.456122
2021-06-17,22646.365114
2021-06-18,22100.083269
2021-06-21,22681.736709
2021-06-22,22682.594813
2021-06-23,22715.900078
2021-06-24,22984.287207
2021-06-25,23117.55781
2021-06-28,22762.171391
2021-06-29,22666.195329
2021-06-30,22759.981179
2021-07-01,22968.48729
2021-07-02,22795.991073
2021-07-05,22795.991073
2021-07-06,22372.771134
2021-07-07,22274.101548
2021-07-08,21992.025427
2021-07-09,22584.70566
2021-07-12,22658.50707
2021-07-13,22227.082712
2021-07-14,22053.534073
2021-07-15,21977.642083
2021-07-16,21601.620099
2021-07-19,21098.776014
2021-07-20,21712.091003
2021-07-21,22106.268394
2021-07-22,21758.641258
2021-07-23,21905.104882
2021-07-26,22077.800613
2021-07-27,21925.858995
2021-07-28,22117.574277
2021-07-29,22338.342208
2021-07-30,22238.919594
2021-08-02,22116.692614
2021-08-03,22282.050072
2021-08-04,21911.978654
2021-08-05,22216.256656
2021-08-06,22460.29718
2021-08-09,22326.08324
2021-08-10,22553.751622
2021-08-11,22790.864972
2021-08-12,22726.072055
2021-08-13,22593.357406
2021-08-16,22446.922524
2021-08-17,22133.396942
2021-08-18,21922.495372
2021-08-19,21650.094041
2021-08-20,21948.48696
2021-08-23,22217.469096
2021-08-24,22464.386847
2021-08-25,22607.013262
2021-08-26,22349.419059
2021-08-27,22902.54414
2021-08-30,22708.884025
2021-08-31,22727.635059
2021-09-01,22755.536775
2021-09-02,22892.487826
2021-09-03,22761.281273
2021-09-06,22761.281273
2021-09-07,22564.540182
2021-09-08,22373.030501
2021-09-09,22348.754183
2021-09-10,22119.038161
2021-09-13,22365.693375
2021-09-14,22039.809517
2021-09-15,22333.235792
2021-09-16,22251.276704
2021-09-17,22169.508666
2021-09-20,21743.314399
2021-09-21,21680.590771
2021-09-22,22028.788076
2021-09-23,22449.69527
2021-09-24,22468.414812
2021-09-27,22930.623889
2021-09-28,22633.372005
2021-09-29,22680.307641
2021-09-30,22298.217792
2021-10-01,22739.82269
2021-10-04,22701.077129
2021-10-05,22777.309156
2021-10-06,22644.930763
2021-10-07,22958.822729
2021-10-08,22919.713843
2021-10-11,22786.777973
2021-10-12,22867.277654
2021-10-13,22876.06085
2021-10-14,23202.770316
2021-10-15,23196.306685
2021-10-18,23247.106892
2021-10-19,23274.328567
2021-10-20,23506.451979
2021-10-21,23504.437774
2021-10-22,23542.431589
2021-10-25,23698.407215
2021-10-26,23452.643594
2021-10-27,22932.951338
2021-10-28,23283.370546
2021-10-29,23217.113997
2021-11-01,23806.70474
2021-11-02,23819.525464
2021-11-03,24221.214539
2021-11-04,24043.869067
2021-11-05,24478.24034
2021-11-08,24462.889442
2021-11-09,24394.328223
2021-11-10,24183.301066
2021-11-11,24353.412798
2021-11-12,24357.317848
2021-11-15,24376.644436
2021-11-16,24370.575021
2021-11-17,24097.599699
2021-11-18,24045.289192
2021-11-19,23776.022135
2021-11-22,23952.060098
2021-11-23,24057.588666
2021-11-24,24000.821617
2021-11-25,24000.821617
2021-11-26,23112.753985
2021-11-29,23076.583824
2021-11-30,22475.773079
2021-12-01,22113.661337
2021-12-02,22797.876072
2021-12-03,22511.12979
2021-12-06,23045.811586
2021-12-07,23336.820023
2021-12-08,23431.870112
2021-12-09,23135.325225
2021-12-10,23163.302961
2021-12-13,22784.072372
2021-12-14,22702.975265
2021-12-15,22897.406978
2021-12-16,22709.827979
2021-12-17,22654.811009
2021-12-20,22207.670214
2021-12-21,22887.301123
2021-12-22,23102.363089
2021-12-23,23283.905357
2021-12-24,23283.905357
2021-12-27,23560.211755
2021-12-28,23557.177496
2021-12-29,23618.433188
2021-12-30,23564.480253
2021-12-31,23576.834774
2022-01-03,23855.595029
2022-01-04,24145.23208
2022-01-05,23702.203575
2022-01-06,23934.33746
2022-01-07,23872.974983
2022-01-10,23780.499798
2022-01-11,23999.872422
2022-01-12,23930.137205
2022-01-13,24007.932507
2022-01-14,24071.016165
2022-01-17,24071.016165
2022-01-18,23576.204178
2022-01-19,23179.867417
2022-01-20,22699.806355
2022-01-21,22299.753476
2022-01-24,22707.163955
2022-01-25,22539.824468
2022-01-26,22287.224763
2022-01-27,21944.189083
2022-01-28,22215.119722
2022-01-31,22608.951042
2022-02-01,22892.405243
2022-02-02,22829.77692
2022-02-03,22543.558842
2022-02-04,22593.518188
2022-02-07,22658.967863
2022-02-08,23080.998581
2022-02-09,23357.924834
2022-02-10,23071.207461
2022-02-11,22931.605005
2022-02-14,22790.71362
2022-02-15,23341.757583
2022-02-16,23433.473698
2022-02-17,22969.140555
2022-02-18,22866.168741
2022-02-21,22866.168741
2022-02-22,22521.714855
2022-02-23,22200.431247
2022-02-24,22365.389852
2022-02-25,22992.070758
2022-02-28,23029.393949
2022-03-01,22470.095622
2022-03-02,23150.844302
2022-03-03,23006.628471
2022-03-04,22647.786719
2022-03-07,21959.231356
2022-03-08,22111.351997
2022-03-09,22603.529092
2022-03-10,22653.317927
2022-03-11,22477.291514
2022-03-14,22290.655151
2022-03-15,22497.332864
2022-03-16,23066.290339
2022-03-17,23284.995184
2022-03-18,23389.484026
2022-03-21,23331.587817
2022-03-22,23485.99705
2022-03-23,23102.199756
2022-03-24,23314.765926
2022-03-25,23534.649447
2022-03-28,23411.81459
2022-03-29,23883.550795
2022-03-30,23513.756633
2022-03-31,23236.677338
2022-04-01,23372.164802
2022-04-04,23298.413023
2022-04-05,22863.102229
2022-04-06,22620.649006
2022-04-07,22531.172671
2022-04-08,22559.193781
2022-04-11,22483.902543
2022-04-12,22528.377433
2022-04-13,22916.045804
2022-04-14,22845.833867
2022-04-15,22845.833867
2022-04-18,22850.184346
2022-04-19,23296.725866
2022-04-20,23459.111769
2022-04-21,23006.782673
2022-04-22,22410.72351
2022-04-25,22456.622829
2022-04-26,21870.519658
2022-04-27,21862.834749
2022-04-28,22287.917209
2022-04-29,21688.762767
2022-05-02,21816.519006
2022-05-03,22120.149643
2022-05-04,22714.978556
2022-05-05,21995.800563
2022-05-06,21783.907815
2022-05-09,21072.358406
2022-05-10,20920.267319
2022-05-11,20614.56994
2022-05-12,20756.640477
2022-05-13,21270.53179
2022-05-16,21249.750029
2022-05-17,21911.867337
2022-05-18,21180.483741
2022-05-19,21087.754613
2022-05-20,20983.603837
2022-05-23,21272.164934
2022-05-24,21054.806723
2022-05-25,21490.311706
2022-05-26,21972.285722
2022-05-27,22411.819001
2022-05-30,22411.819001
2022-05-31,22223.517697
2022-06-01,22083.713769
2022-06-02,22530.484523
2022-06-03,22299.600261
2022-06-06,22465.011678
2022-06-07,22690.883138
2022-06-08,22329.114575
2022-06-09,21876.917718
2022-06-10,21233.636976
2022-06-13,20209.269142
2022-06-14,20190.621405
2022-06-15,20426.697714
2022-06-16,19386.55004
2022-06-17,19593.913021
2022-06-20,19593.913021
2022-06-21,19863.686488
2022-06-22,19782.749794
2022-06-23,19873.485582
2022-06-24,20557.236047
2022-06-27,20616.27112
2022-06-28,20325.572032
2022-06-29,20075.348378
2022-06-30,19893.30725
2022-07-01,20159.474807
2022-07-04,20159.474807
2022-07-05,20162.04845
2022-07-06,19935.06924
2022-07-07,20349.261898
2022-07-08,20301.628957
2022-07-11,20023.455355
2022-07-12,20048.216493
2022-07-13,19970.090585
2022-07-14,19706.216199
2022-07-15,20141.577076
2022-07-18,20184.220384
2022-07-19,20889.405486
2022-07-20,21128.983212
2022-07-21,21176.521867
2022-07-22,20992.017925
2022-07-25,21138.963932
2022-07-26,20957.458431
2022-07-27,21394.152845
2022-07-28,21674.125766
2022-07-29,21904.165597
2022-08-01,21941.793776
2022-08-02,21713.409348
2022-08-03,21969.668577
2022-08-04,21835.736394
2022-08-05,21965.831764
2022-08-08,22176.744381
2022-08-09,21927.504805
2022-08-10,22493.539808
2022-08-11,22699.463752
2022-08-12,23082.715722
2022-08-15,23103.869311
2022-08-16,23301.420556
2022-08-17,22965.798654
2022-08-18,23104.473872
2022-08-19,22658.471315
2022-08-22,22138.438443
2022-08-23,22173.815877
2022-08-24,22243.395377
2022-08-25,22633.170706
2022-08-26,21966.022416
2022-08-29,21806.735333
2022-08-30,21502.990072
2022-08-31,21298.813985
2022-09-01,21100.420884
2022-09-02,20979.686941
2022-09-05,20979.686941
2022-09-06,20756.59995
2022-09-07,21205.099811
2022-09-08,21368.945295
2022-09-09,21795.732181
2022-09-12,22058.502378
2022-09-13,21182.761635
2022-09-14,21161.594272
2022-09-15,21086.819164
2022-09-16,20815.518847
2022-09-19,21076.544941
2022-09-20,20741.659634
2022-09-21,20472.797223
2022-09-22,20026.495453
2022-09-23,19534.362553
2022-09-26,19190.903
2022-09-27,19203.580601
2022-09-28,19753.868904
2022-09-29,19257.613317
2022-09-30,19112.024126
2022-10-03,19670.504265
2022-10-04,20525.240585
2022-10-05,20390.648708
2022-10-06,20247.443698
2022-10-07,19754.352411
2022-10-10,19704.612269
2022-10-11,19741.488525
2022-10-12,19655.623824
2022-10-13,20162.398935
2022-10-14,19705.896717
2022-10-17,20226.51725
2022-10-18,20502.040933
2022-10-19,20161.655884
2022-10-20,19857.820754
2022-10-21,20279.182009
2022-10-24,20440.196401
2022-10-25,20942.956798
2022-10-26,20981.661252
2022-10-27,21062.442192
2022-10-28,21512.660217
2022-10-31,21493.986936
2022-11-01,21589.156707
2022-11-02,20946.137877
2022-11-03,20826.779449
2022-11-04,21165.517066
2022-11-07,21369.287104
2022-11-08,21369.772696
2022-11-09,20888.127991
2022-11-10,22077.231429
2022-11-11,22252.848922
2022-11-14,21989.882158
2022-11-15,22305.023835
2022-11-16,21911.660685
2022-11-17,21826.065512
2022-11-18,21950.86252
2022-11-21,21895.755185
2022-11-22,22251.073873
2022-11-23,22280.521943
2022-11-24,22280.521943
2022-11-25,22381.291376
2022-11-28,21948.045586
2022-11-29,22072.142695
2022-11-30,22558.364402
2022-12-01,22496.059238
2022-12-02,22551.828545
2022-12-05,21925.339522
2022-12-06,21727.674158
2022-12-07,21617.729689
2022-12-08,21731.914293
2022-12-09,21531.259858
2022-12-12,21766.176469
2022-12-13,21865.520237
2022-12-14,21737.68822
2022-12-15,21232.291074
2022-12-16,21044.434587
2022-12-19,20807.640134
2022-12-20,20879.650134
2022-12-21,21251.296304
2022-12-22,20991.599706
2022-12-23,21169.754
2022-12-26,21169.754
2022-12-27,21145.773351
2022-12-28,20757.099622
2022-12-29,21243.683734
2022-12-30,21172.148858
2023-01-02,21172.148858
2023-01-03,21127.939805
2023-01-04,21500.314669
2023-01-05,21343.627624
2023-01-06,21875.171234
2023-01-09,21879.335185
2023-01-10,22156.75807
2023-01-11,22450.678937
2023-01-12,22735.465066
2023-01-13,22821.544313
2023-01-16,22821.544313
2023-01-17,22768.086081
2023-01-18,22437.517199
2023-01-19,22249.233384
2023-01-20,22665.402925
2023-01-23,22968.794302
2023-01-24,22857.416864
2023-01-25,22957.90209
2023-01-26,23157.22215
2023-01-27,23284.757201
2023-01-30,23035.824652
2023-01-31,23639.968256
2023-02-01,24038.881368
2023-02-02,24467.921069
2023-02-03,24296.210297
2023-02-06,23971.70398
2023-02-07,24107.794308
2023-02-08,23791.796134
2023-02-09,23446.185143
2023-02-10,23503.998654
2023-02-13,23797.041663
2023-02-14,23787.604448
2023-02-15,24025.783919
2023-02-16,23856.665823
2023-02-17,23877.825072
2023-02-20,23877.825072
2023-02-21,23170.53216
2023-02-22,23219.428096
2023-02-23,23324.609548
2023-02-24,23144.424585
2023-02-27,23190.743235
2023-02-28,23172.15949
2023-03-01,23168.571415
2023-03-02,23214.645274
2023-03-03,23487.074723
2023-03-06,23120.212201
2023-03-07,22822.397633
2023-03-08,22833.812638
2023-03-09,22144.88796
2023-03-10,21485.518172
2023-03-13,20831.565496
2023-03-14,21174.095956
2023-03-15,20760.022909
2023-03-16,21056.225257
2023-03-17,20451.489888
2023-03-20,20722.776142
2023-03-21,21192.286299
2023-03-22,20610.870243
2023-03-23,20419.188849
2023-03-24,20606.249877
2023-03-27,20840.937663
2023-03-28,20906.739816
2023-03-29,21142.11324
2023-03-30,21159.165658
2023-03-31,21567.045871
2023-04-03,21559.729006
2023-04-04,21147.362372
2023-04-05,20977.261115
2023-04-06,20964.0508
2023-04-07,20964.0508
2023-04-10,21223.250111
2023-04-11,21448.115121
2023-04-12,21282.665019
2023-04-13,21452.215352
2023-04-14,21309.957331
2023-04-17,21498.459901
2023-04-18,21435.909867
2023-04-19,21525.327268
2023-04-20,21383.898823
2023-04-21,21338.536127
2023-04-24,21343.823528
2023-04-25,20836.108246
2023-04-26,20663.300146
2023-04-27,21020.0168
2023-04-28,21279.247415
2023-05-01,21217.484052
2023-05-02,20736.395792
2023-05-03,20674.669763
2023-05-04,20286.258243
2023-05-05,20860.626989
2023-05-08,20821.573825
2023-05-09,20742.825392
2023-05-10,20740.904849
2023-05-11,20636.947486
2023-05-12,20605.322076
2023-05-15,20854.670718
2023-05-16,20538.555959
2023-05-17,21070.320574
2023-05-18,21249.772762
2023-05-19,20999.526912
2023-05-22,21163.062355
2023-05-23,21062.72142
2023-05-24,20805.68702
2023-05-25,20724.147123
2023-05-26,20960.066814
2023-05-29,20960.066814
2023-05-30,20924.831652
2023-05-31,20574.647726
2023-06-01,20762.705116
2023-06-02,21660.201258
2023-06-05,21320.745107
2023-06-06,21961.806861
2023-06-07,22468.293951
2023-06-08,22339.618007
2023-06-09,22131.30484
2023-06-12,22202.313345
2023-06-13,22534.81155
2023-06-14,22282.775264
2023-06-15,22550.587028
2023-06-16,22408.283926
2023-06-19,22408.283926
2023-06-20,22237.241693
2023-06-21,22168.378999
2023-06-22,21940.021294
2023-06-23,21653.082713
2023-06-26,21851.675356
2023-06-27,22266.245617
2023-06-28,22307.71894
2023-06-29,22616.706428
2023-06-30,22673.666424
2023-07-03,22867.79668
2023-07-04,22867.79668
2023-07-05,22592.016862
2023-07-06,22264.877302
2023-07-07,22616.818538
2023-07-10,22871.634222
2023-07-11,23183.381335
2023-07-12,23397.489228
2023-07-13,23585.084746
2023-07-14,23264.852335
2023-07-17,23406.69176
2023-07-18,23790.766498
2023-07-19,24080.258461
2023-07-20,23928.578876
2023-07-21,23790.696516
2023-07-24,23978.001801
2023-07-25,23919.04941
2023-07-26,24208.701821
2023-07-27,23880.440236
2023-07-28,24143.423246
2023-07-31,24333.466351
2023-08-01,24264.049359
2023-08-02,23992.202232
2023-08-03,23936.625099
2023-08-04,23982.738345
2023-08-07,24116.946048
2023-08-08,23987.452685
2023-08-09,23820.934445
2023-08-10,23740.900284
2023-08-11,23773.929611
2023-08-14,23711.623155
2023-08-15,23312.453466
2023-08-16,23063.280335
2023-08-17,22891.15568
2023-08-18,22968.761081
2023-08-21,22876.282192
2023-08-22,22667.931834
2023-08-23,22909.187034
2023-08-24,22724.539675
2023-08-25,22748.94741
2023-08-28,23011.857889
2023-08-29,23349.285053
2023-08-30,23408.985669
2023-08-31,23420.474949
2023-09-01,23705.176341
2023-09-04,23705.176341
2023-09-05,23139.901478
2023-09-06,22990.551713
2023-09-07,22742.43786
2023-09-08,22752.526277
2023-09-11,22730.134776
2023-09-12,22791.105466
2023-09-13,22609.213557
2023-09-14,23033.499964
2023-09-15,22826.828091
2023-09-18,22684.403069
2023-09-19,22648.507059
2023-09-20,22516.024241
2023-09-21,22172.068538
2023-09-22,22092.977894
2023-09-25,22202.412837
2023-09-26,21817.750693
2023-09-27,21980.584075
2023-09-28,22213.204184
2023-09-29,22180.319414
2023-10-02,21825.07689
2023-10-03,21378.079667
2023-10-04,21413.331436
2023-10-05,21399.031394
2023-10-06,21513.964123
2023-10-09,21695.659366
2023-10-10,21941.6712
2023-10-11,22008.464095
2023-10-12,21594.963302
2023-10-13,21393.650374
2023-10-16,21779.809827
2023-10-17,22080.035197
2023-10-18,21616.705396
2023-10-19,21286.692529
2023-10-20,21006.693344
2023-10-23,20801.796907
2023-10-24,20890.563914
2023-10-25,20614.763324
2023-10-26,20789.715931
2023-10-27,20505.418066
2023-10-30,20696.231596
2023-10-31,20859.18394
2023-11-01,20931.469318
2023-11-02,21576.435423
2023-11-03,22142.999098
2023-11-06,21854.829578
2023-11-07,21718.008447
2023-11-08,21537.712548
2023-11-09,21242.273123
2023-11-10,21461.701041
2023-11-13,21404.89018
2023-11-14,22510.378883
2023-11-15,22661.997245
2023-11-16,22318.048241
2023-11-17,22612.736445
2023-11-20,22695.198235
2023-11-21,22436.994409
2023-11-22,22565.555788
2023-11-23,22565.555788
2023-11-24,22677.415752
2023-11-27,22614.636551
2023-11-28,22536.987194
2023-11-29,22722.843201
2023-11-30,22776.287499
2023-12-01,23522.338863
2023-12-04,23760.84236
2023-12-05,23374.11459
2023-12-06,23337.746562
2023-12-07,23598.200992
2023-12-08,23736.957903
2023-12-11,23823.650846
2023-12-12,23698.866247
2023-12-13,24561.822924
2023-12-14,25388.925124
2023-12-15,25129.414049
2023-12-18,25124.045729
2023-12-19,25579.868072
2023-12-20,25126.211904
2023-12-21,25530.923323
2023-12-22,25650.815931
2023-12-25,25650.815931
2023-12-26,25931.743528
2023-12-27,25960.253549
2023-12-28,25966.190581
2023-12-29,25658.08009
2024-01-01,25658.08009
2024-01-02,25587.382093
2024-01-03,24897.093366
2024-01-04,24839.035697
2024-01-05,24882.381392
2024-01-08,25225.162039
2024-01-09,24950.319273
2024-01-10,25041.096382
2024-01-11,24858.951684
2024-01-12,24741.012664
2024-01-15,24741.012664
2024-01-16,24462.127219
2024-01-17,24227.69064
2024-01-18,24407.091113
2024-01-19,24636.864673
2024-01-22,25061.942706
2024-01-23,24939.297559
2024-01-24,24811.048315
2024-01-25,25020.540015
2024-01-26,25103.09855
2024-01-29,25370.53232
2024-01-30,25246.993571
2024-01-31,24588.923627
2024-02-01,24829.100073
2024-02-02,24709.881023
2024-02-05,24329.385778
2024-02-06,24461.147122
2024-02-07,24422.107578
2024-02-08,24714.94207
2024-02-09,24936.666967
2024-02-12,25406.924529
2024-02-13,24480.947328
2024-02-14,24902.501289
2024-02-15,25430.718522
2024-02-16,25175.391003
2024-02-19,25175.391003
2024-02-20,24957.204301
2024-02-21,24921.006709
2024-02-22,25029.0672
2024-02-23,25115.611949
2024-02-26,25055.535103
2024-02-27,25295.363267
2024-02-28,25186.35435
2024-02-29,25379.03019
2024-03-01,25507.708089
2024-03-04,25455.376247
2024-03-05,25436.809479
2024-03-06,25495.215998
2024-03-07,25688.320272
2024-03-08,25704.771273
2024-03-11,25616.21746
2024-03-12,25586.784737
2024-03-13,25648.52461
2024-03-14,25207.200791
2024-03-15,25301.361248
2024-03-18,25207.026447
2024-03-19,25398.960942
2024-03-20,25898.607555
2024-03-21,26185.267829
2024-03-22,25852.780416
2024-03-25,25871.418589
2024-03-26,25816.292337
2024-03-27,26444.511931
2024-03-28,26594.537209
2024-03-29,26594.537209
2024-04-01,26316.215914
2024-04-02,25880.584653
2024-04-03,26003.539617
2024-04-04,25711.601259
2024-04-05,25830.304219
2024-04-08,25996.417731
2024-04-09,26098.545295
2024-04-10,25384.33051
2024-04-11,25438.861073
2024-04-12,25002.175048
2024-04-15,24750.875481
2024-04-16,24579.998053
2024-04-17,24406.742919
2024-04-18,24433.729261
2024-04-19,24670.446364
2024-04-22,24908.841833
2024-04-23,25297.696336
2024-04-24,25289.084342
2024-04-25,25064.497033
2024-04-26,25176.343826
2024-04-29,25316.417304
2024-04-30,24842.370624
2024-05-01,24905.804784
2024-05-02,25303.057232
2024-05-03,25544.589454
2024-05-06,25846.424435
2024-05-07,25837.161716
2024-05-08,25828.280222
2024-05-09,26143.798303
2024-05-10,26067.477071
2024-05-13,26128.604139
2024-05-14,26438.419827
2024-05-15,26552.405064
2024-05-16,26397.227388
2024-05-17,26416.79763
2024-05-20,26355.076142
2024-05-21,26316.855503
2024-05-22,26131.534987
2024-05-23,25730.72694
2024-05-24,25945.928206
2024-05-27,25945.928206
2024-05-28,25834.033779
2024-05-29,25465.052262
2024-05-30,25793.07919
2024-05-31,26120.581404
2024-06-03,25982.106185
2024-06-04,25573.46237
2024-06-05,25804.005553
2024-06-06,25717.313694
2024-06-07,25495.109116
2024-06-10,25461.281944
2024-06-11,25305.843951
2024-06-12,25655.715014
2024-06-13,25373.159305
2024-06-14,24977.642095
2024-06-17,25203.647055
2024-06-18,25190.799401
2024-06-19,25190.799401
2024-06-20,25175.393713
2024-06-21,25218.337782
2024-06-24,25428.389029
2024-06-25,25125.237023
2024-06-26,25117.860396
2024-06-27,25181.49847
2024-06-28,25415.369811
2024-07-01,25160.400662
2024-07-02,25254.975153
2024-07-03,25268.703971
2024-07-04,25268.703971
2024-07-05,25011.711324
2024-07-08,25117.501972
2024-07-09,25003.872519
2024-07-10,25296.331579
2024-07-11,26165.777586
2024-07-12,26393.727831
2024-07-15,26679.028081
2024-07-16,27540.575046
2024-07-17,27454.331617
2024-07-18,27060.016154
2024-07-19,26883.082349
2024-07-22,27216.018826
2024-07-23,27383.050155
2024-07-24,26900.383701
2024-07-25,27312.298697
2024-07-26,27828.798583
2024-07-29,27686.980026
2024-07-30,27911.7132
2024-07-31,28068.045114
2024-08-01,27331.551295
2024-08-02,26413.390293
2024-08-05,25566.792638
2024-08-06,25947.863303
2024-08-07,25819.157458
2024-08-08,26264.494884
2024-08-09,26215.088924
2024-08-12,25880.431863
2024-08-13,26336.677053
2024-08-14,26312.084841
2024-08-15,26884.906082
2024-08-16,27025.90159
2024-08-19,27240.060227
2024-08-20,26941.703886
2024-08-21,27230.492923
2024-08-22,27061.780161
2024-08-23,27873.931321
2024-08-26,27838.052094
2024-08-27,27635.546201
2024-08-28,27567.079605
2024-08-29,27683.107374
2024-08-30,27845.25749
2024-09-02,27845.25749
2024-09-03,27154.733311
2024-09-04,27101.610542
2024-09-05,26953.097919
2024-09-06,26530.450615
2024-09-09,26523.885378
2024-09-10,26394.710804
2024-09-11,26424.100632
2024-09-12,26745.223176
2024-09-13,27391.958667
2024-09-16,27603.17525
2024-09-17,27817.864309
2024-09-18,27860.201967
2024-09-19,28397.871242
2024-09-20,28100.345007
2024-09-23,28165.107866
2024-09-24,28188.013452
2024-09-25,27832.967182
2024-09-26,28083.955824
2024-09-27,28255.855524
2024-09-30,28293.461447
2024-10-01,27948.299204
2024-10-02,27869.940009
2024-10-03,27727.393177
2024-10-04,28082.806643
2024-10-07,27813.503463
2024-10-08,27778.258253
2024-10-09,27938.370167
2024-10-10,27800.275932
2024-10-11,28283.899252
2024-10-14,28413.012025
2024-10-15,28445.516066
2024-10-16,28839.002773
2024-10-17,28877.841786
2024-10-18,28855.59619
2024-10-21,28306.980198
2024-10-22,28173.524598
2024-10-23,28022.798392
2024-10-24,28117.531688
2024-10-25,27892.928188
2024-10-28,28294.426828
2024-10-29,28219.504598
2024-10-30,28299.405483
2024-10-31,27867.942913
2024-11-01,27951.519864
2024-11-04,28049.852292
2024-11-05,28495.863232
2024-11-06,30181.079112
2024-11-07,29970.865524
2024-11-08,30062.075752
2024-11-11,30483.938577
2024-11-12,30018.54983
2024-11-13,29812.333344
2024-11-14,29566.434504
2024-11-15,29337.55425
2024-11-18,29312.582497
2024-11-19,29271.00506
2024-11-20,29320.345301
2024-11-21,29828.514269
2024-11-22,30339.171333
2024-11-25,30845.172258
2024-11-26,30555.175669
2024-11-27,30551.909493
2024-11-28,30551.909493
2024-11-29,30608.698427
2024-12-02,30667.384913
2024-12-03,30455.498071
2024-12-04,30471.081939
2024-12-05,30166.143989
2024-12-06,30124.929587
2024-12-09,30088.398126
2024-12-10,29914.982481
2024-12-11,30042.47544
2024-12-12,29792.64612
2024-12-13,29609.080068
2024-12-16,29526.24489
2024-12-17,29150.625933
2024-12-18,28003.853682
2024-12-19,27855.859773
2024-12-20,28073.303522
2024-12-23,28107.805258
2024-12-24,28357.421089
2024-12-25,28357.421089
2024-12-26,28487.009798
2024-12-27,28175.779514
2024-12-30,28006.271249
2024-12-31,28147.779048
2025-01-01,28147.779048
2025-01-02,28061.380753
2025-01-03,28352.115911
2025-01-06,28395.150091
2025-01-07,28258.819236
2025-01-08,28193.612419
2025-01-09,28193.612419
2025-01-10,27734.844164
2025-01-13,27975.411067
2025-01-14,28371.869979
2025-01-15,28829.438628
2025-01-16,28917.855951
2025-01-17,29058.562429
2025-01-20,29058.562429
2025-01-21,29467.077209
2025-01-22,29247.826802
2025-01-23,29375.395608
2025-01-24,29381.312173
2025-01-27,29287.248514
2025-01-28,29252.071651
2025-01-29,29186.937909
2025-01-30,29481.696756
2025-01-31,29150.372158
2025-02-03,28660.632758
2025-02-04,28994.607943
2025-02-05,29222.058038
2025-02-06,29215.805876
2025-02-07,28823.700059
2025-02-10,28881.401282
2025-02-11,28928.988017
2025-02-12,28615.446986
2025-02-13,28950.118897
2025-02-14,29002.121545
2025-02-17,29002.121545
2025-02-18,29171.62269
2025-02-19,29031.76489
2025-02-20,28795.20947
2025-02-21,28115.021141
2025-02-24,28049.751139
2025-02-25,28044.460332
2025-02-26,27993.999227
2025-02-27,27705.527295
2025-02-28,27935.989074
2025-03-03,27237.670307
2025-03-04,26758.363814
2025-03-05,27035.054189
2025-03-06,26773.420125
2025-03-07,26956.789167
2025-03-10,26329.437121
2025-03-11,26186.913425
2025-03-12,26155.292622
2025-03-13,25754.711511
2025-03-14,26386.951749
2025-03-17,26741.930565
2025-03-18,26596.262174
2025-03-19,26932.249856
2025-03-20,26783.911411
2025-03-21,26607.56
2025-03-24,27198.905766
2025-03-25,27050.977048
2025-03-26,26974.20809
2025-03-27,26848.409996
2025-03-28,26315.541102
2025-03-31,26349.198372
2025-04-01,26421.044924
2025-04-02,26821.325728
2025-04-03,24818.579742
2025-04-04,23665.119166
2025-04-07,23376.689789
2025-04-08,22740.930634
2025-04-09,24784.707889
2025-04-10,23589.816573
2025-04-11,23862.967288
2025-04-14,24144.969861
