Date,Value
1997-01-01,422.172073
1997-01-02,419.165624
1997-01-03,421.590504
1997-01-06,423.00708
1997-01-07,424.075608
1997-01-08,422.742448
1997-01-09,422.240323
1997-01-10,420.28665
1997-01-13,422.857999
1997-01-14,425.756644
1997-01-15,426.409125
1997-01-16,428.449063
1997-01-17,428.926511
1997-01-20,427.289174
1997-01-21,427.288726
1997-01-22,428.957239
1997-01-23,426.765196
1997-01-24,423.935571
1997-01-27,420.554324
1997-01-28,420.17314
1997-01-29,421.504713
1997-01-30,423.794706
1997-01-31,426.649283
1997-02-03,426.486926
1997-02-04,427.307043
1997-02-05,424.521395
1997-02-06,424.721858
1997-02-07,425.669744
1997-02-10,427.218245
1997-02-11,427.34574
1997-02-12,430.589663
1997-02-13,433.213066
1997-02-14,433.525298
1997-02-17,433.273384
1997-02-18,434.142539
1997-02-19,433.823848
1997-02-20,433.609495
1997-02-21,434.149375
1997-02-24,437.011052
1997-02-25,438.662271
1997-02-26,435.719506
1997-02-27,433.403171
1997-02-28,430.983876
1997-03-03,430.640826
1997-03-04,430.670107
1997-03-05,432.471018
1997-03-06,432.039412
1997-03-07,433.663739
1997-03-10,436.786477
1997-03-11,437.083053
1997-03-12,433.631703
1997-03-13,428.969268
1997-03-14,429.512518
1997-03-17,428.507058
1997-03-18,427.710897
1997-03-19,426.554118
1997-03-20,423.771822
1997-03-21,425.765125
1997-03-24,425.476376
1997-03-25,426.895315
1997-03-26,428.799384
1997-03-27,425.86721
1997-03-28,425.635687
1997-03-31,421.234063
1997-04-01,418.299124
1997-04-02,416.836405
1997-04-03,415.810868
1997-04-04,416.88277
1997-04-07,416.939124
1997-04-08,418.038129
1997-04-09,416.594992
1997-04-10,414.822194
1997-04-11,409.983409
1997-04-14,409.20118
1997-04-15,412.987565
1997-04-16,415.885201
1997-04-17,416.624006
1997-04-18,418.639621
1997-04-21,418.988075
1997-04-22,421.08592
1997-04-23,422.615377
1997-04-24,422.115383
1997-04-25,419.052209
1997-04-28,419.926435
1997-04-29,425.529424
1997-04-30,429.117095
1997-05-01,430.84635
1997-05-02,435.092768
1997-05-05,439.889134
1997-05-06,443.736947
1997-05-07,441.663313
1997-05-08,443.357848
1997-05-09,446.166892
1997-05-12,451.922196
1997-05-13,451.964155
1997-05-14,453.745042
1997-05-15,455.557287
1997-05-16,455.463153
1997-05-19,455.225808
1997-05-20,458.607848
1997-05-21,458.316578
1997-05-22,456.220967
1997-05-23,460.258227
1997-05-26,460.367977
1997-05-27,459.737581
1997-05-28,460.724819
1997-05-29,459.785997
1997-05-30,458.577828
1997-06-02,459.70215
1997-06-03,460.413719
1997-06-04,459.865894
1997-06-05,461.651683
1997-06-06,465.294702
1997-06-09,469.176953
1997-06-10,469.982725
1997-06-11,471.799929
1997-06-12,474.290607
1997-06-13,476.589453
1997-06-16,478.840511
1997-06-17,477.773439
1997-06-18,477.189871
1997-06-19,479.648585
1997-06-20,479.595668
1997-06-23,475.95244
1997-06-24,479.851348
1997-06-25,481.885767
1997-06-26,481.194096
1997-06-27,480.248897
1997-06-30,479.84304
1997-07-01,481.799735
1997-07-02,484.983456
1997-07-03,490.417902
1997-07-04,490.047898
1997-07-07,490.239276
1997-07-08,491.182165
1997-07-09,488.923411
1997-07-10,490.059479
1997-07-11,491.003402
1997-07-14,491.972782
1997-07-15,490.818513
1997-07-16,496.231823
1997-07-17,495.317519
1997-07-18,490.115013
1997-07-21,487.315276
1997-07-22,492.776982
1997-07-23,495.140124
1997-07-24,495.268979
1997-07-25,494.567851
1997-07-28,493.693415
1997-07-29,494.982772
1997-07-30,497.573001
1997-07-31,498.662788
1997-08-01,494.558691
1997-08-04,492.881217
1997-08-05,492.168443
1997-08-06,496.214933
1997-08-07,495.006638
1997-08-08,492.08573
1997-08-11,489.392032
1997-08-12,487.77995
1997-08-13,486.661746
1997-08-14,485.282977
1997-08-15,481.052713
1997-08-18,479.617781
1997-08-19,483.199336
1997-08-20,487.50686
1997-08-21,485.474659
1997-08-22,481.75184
1997-08-25,480.573756
1997-08-26,479.453897
1997-08-27,478.154939
1997-08-28,473.802899
1997-08-29,469.434072
1997-09-01,467.260979
1997-09-02,474.180296
1997-09-03,478.211507
1997-09-04,478.583545
1997-09-05,480.970166
1997-09-08,482.040159
1997-09-09,484.038741
1997-09-10,479.683166
1997-09-11,474.689674
1997-09-12,477.031635
1997-09-15,477.827352
1997-09-16,483.042516
1997-09-17,484.158122
1997-09-18,485.5665
1997-09-19,486.536009
1997-09-22,488.217339
1997-09-23,487.74321
1997-09-24,490.016161
1997-09-25,488.611179
1997-09-26,489.7171
1997-09-29,491.570039
1997-09-30,491.880228
1997-10-01,493.741568
1997-10-02,494.951024
1997-10-03,496.935053
1997-10-06,498.892031
1997-10-07,500.727979
1997-10-08,499.759169
1997-10-09,497.150661
1997-10-10,496.223638
1997-10-13,496.53903
1997-10-14,496.047497
1997-10-15,494.840313
1997-10-16,494.108081
1997-10-17,488.014293
1997-10-20,488.228817
1997-10-21,492.970368
1997-10-22,491.829178
1997-10-23,480.166432
1997-10-24,478.066023
1997-10-27,456.467403
1997-10-28,458.368365
1997-10-29,466.075371
1997-10-30,458.706442
1997-10-31,463.041202
1997-11-03,471.685202
1997-11-04,472.563576
1997-11-05,473.110438
1997-11-06,470.876707
1997-11-07,462.279771
1997-11-10,459.906048
1997-11-11,460.180129
1997-11-12,451.02676
1997-11-13,452.593612
1997-11-14,454.027204
1997-11-17,465.213716
1997-11-18,464.648068
1997-11-19,461.327358
1997-11-20,466.923582
1997-11-21,471.33607
1997-11-24,465.09701
1997-11-25,460.915154
1997-11-26,461.456858
1997-11-27,463.513903
1997-11-28,464.555455
1997-12-01,470.407664
1997-12-02,471.238847
1997-12-03,472.149909
1997-12-04,472.114296
1997-12-05,474.271614
1997-12-08,474.722817
1997-12-09,473.162508
1997-12-10,470.514255
1997-12-11,461.855191
1997-12-12,460.585478
1997-12-15,461.774732
1997-12-16,464.281576
1997-12-17,469.095787
1997-12-18,465.452005
1997-12-19,458.528381
1997-12-22,457.436093
1997-12-23,455.873627
1997-12-24,454.586757
1997-12-25,454.6586
1997-12-26,456.101891
1997-12-29,462.658457
1997-12-30,468.685829
1997-12-31,468.996357
1998-01-01,469.004789
1998-01-02,469.437273
1998-01-05,469.773817
1998-01-06,465.26066
1998-01-07,463.710541
1998-01-08,459.815679
1998-01-09,449.924359
1998-01-12,445.243746
1998-01-13,452.079638
1998-01-14,456.57166
1998-01-15,454.857971
1998-01-16,463.137546
1998-01-19,466.329303
1998-01-20,469.97311
1998-01-21,469.66488
1998-01-22,467.76784
1998-01-23,468.42221
1998-01-26,470.160492
1998-01-27,474.272698
1998-01-28,477.60276
1998-01-29,478.924216
1998-01-30,477.452623
1998-02-02,486.012688
1998-02-03,489.267389
1998-02-04,490.687437
1998-02-05,493.368789
1998-02-06,495.737796
1998-02-09,494.848864
1998-02-10,498.048031
1998-02-11,499.060738
1998-02-12,498.908028
1998-02-13,495.400263
1998-02-16,495.26409
1998-02-17,497.176389
1998-02-18,500.171424
1998-02-19,499.110012
1998-02-20,500.17971
1998-02-23,502.782761
1998-02-24,499.707607
1998-02-25,504.402789
1998-02-26,508.462299
1998-02-27,511.277045
1998-03-02,514.947271
1998-03-03,515.275541
1998-03-04,511.449951
1998-03-05,504.958946
1998-03-06,512.44615
1998-03-09,512.706662
1998-03-10,516.267869
1998-03-11,517.047555
1998-03-12,517.654394
1998-03-13,521.856608
1998-03-16,523.275097
1998-03-17,525.693227
1998-03-18,524.763694
1998-03-19,526.997664
1998-03-20,529.645238
1998-03-23,530.505593
1998-03-24,533.244932
1998-03-25,535.062005
1998-03-26,535.553486
1998-03-27,534.57508
1998-03-30,530.24126
1998-03-31,532.515903
1998-04-01,534.681432
1998-04-02,535.748124
1998-04-03,536.093834
1998-04-06,538.308226
1998-04-07,536.023625
1998-04-08,535.85207
1998-04-09,541.033773
1998-04-10,541.107415
1998-04-13,540.52467
1998-04-14,545.033282
1998-04-15,547.071323
1998-04-16,540.290104
1998-04-17,542.386301
1998-04-20,544.39214
1998-04-21,546.21098
1998-04-22,546.362731
1998-04-23,541.414957
1998-04-24,537.532366
1998-04-27,525.329532
1998-04-28,526.895199
1998-04-29,529.534552
1998-04-30,537.220388
1998-05-01,540.64056
1998-05-04,543.589468
1998-05-05,541.389182
1998-05-06,537.928617
1998-05-07,532.8875
1998-05-08,536.400583
1998-05-11,538.02389
1998-05-12,537.43953
1998-05-13,537.411113
1998-05-14,536.256466
1998-05-15,534.065802
1998-05-18,528.521446
1998-05-19,532.301222
1998-05-20,536.505868
1998-05-21,537.959198
1998-05-22,537.024859
1998-05-25,536.329421
1998-05-26,532.001248
1998-05-27,525.855278
1998-05-28,527.03627
1998-05-29,526.336685
1998-06-01,522.620974
1998-06-02,524.95833
1998-06-03,524.693573
1998-06-04,527.152957
1998-06-05,531.049769
1998-06-08,532.591325
1998-06-09,532.61721
1998-06-10,526.582122
1998-06-11,518.650615
1998-06-12,515.283993
1998-06-15,504.409636
1998-06-16,509.281046
1998-06-17,520.862192
1998-06-18,522.441816
1998-06-19,521.687533
1998-06-22,518.352103
1998-06-23,522.208348
1998-06-24,525.95247
1998-06-25,527.489049
1998-06-26,526.448324
1998-06-29,529.424552
1998-06-30,531.759398
1998-07-01,537.663007
1998-07-02,537.127637
1998-07-03,538.819186
1998-07-06,541.463403
1998-07-07,542.673723
1998-07-08,545.217127
1998-07-09,541.375484
1998-07-10,541.019428
1998-07-13,543.873799
1998-07-14,549.909442
1998-07-15,550.743411
1998-07-16,554.182942
1998-07-17,556.885918
1998-07-20,558.300927
1998-07-21,551.512088
1998-07-22,546.222175
1998-07-23,538.615838
1998-07-24,538.79249
1998-07-27,534.619367
1998-07-28,531.210517
1998-07-29,528.829973
1998-07-30,534.692704
1998-07-31,528.016819
1998-08-03,520.981702
1998-08-04,511.033032
1998-08-05,509.617582
1998-08-06,509.472606
1998-08-07,511.421955
1998-08-10,505.428657
1998-08-11,494.096999
1998-08-12,500.371825
1998-08-13,496.082539
1998-08-14,494.197409
1998-08-17,496.602916
1998-08-18,505.479875
1998-08-19,506.57584
1998-08-20,503.928097
1998-08-21,493.176318
1998-08-24,493.970509
1998-08-25,497.073172
1998-08-26,488.989265
1998-08-27,471.607012
1998-08-28,465.671176
1998-08-31,450.436175
1998-09-01,458.180228
1998-09-02,462.220988
1998-09-03,458.865026
1998-09-04,456.927418
1998-09-07,463.934072
1998-09-08,476.496879
1998-09-09,468.205194
1998-09-10,458.912191
1998-09-11,463.683114
1998-09-14,471.49859
1998-09-15,474.33127
1998-09-16,476.958024
1998-09-17,466.568507
1998-09-18,464.550575
1998-09-21,459.321502
1998-09-22,463.618294
1998-09-23,474.766211
1998-09-24,471.470527
1998-09-25,469.018972
1998-09-28,471.431063
1998-09-29,471.647334
1998-09-30,460.119161
1998-10-01,445.949256
1998-10-02,445.757973
1998-10-05,437.648114
1998-10-06,442.061376
1998-10-07,445.019193
1998-10-08,437.565382
1998-10-09,444.932298
1998-10-12,455.561305
1998-10-13,454.168694
1998-10-14,458.648655
1998-10-15,471.962604
1998-10-16,480.140109
1998-10-19,482.587242
1998-10-20,486.627432
1998-10-21,487.661629
1998-10-22,490.089078
1998-10-23,488.180931
1998-10-26,488.699606
1998-10-27,488.981617
1998-10-28,487.213105
1998-10-29,493.511685
1998-10-30,499.599187
1998-11-02,509.372891
1998-11-03,508.064446
1998-11-04,514.623062
1998-11-05,516.517046
1998-11-06,517.455061
1998-11-09,510.317659
1998-11-10,506.842897
1998-11-11,508.105653
1998-11-12,503.508438
1998-11-13,506.722334
1998-11-16,514.784038
1998-11-17,514.475605
1998-11-18,516.209926
1998-11-19,520.904614
1998-11-20,526.165098
1998-11-23,533.390204
1998-11-24,532.83323
1998-11-25,532.442617
1998-11-26,535.490069
1998-11-27,536.639272
1998-11-30,527.608369
1998-12-01,525.183472
1998-12-02,524.95776
1998-12-03,521.216784
1998-12-04,526.615502
1998-12-07,529.386349
1998-12-08,529.002895
1998-12-09,531.65648
1998-12-10,527.77709
1998-12-11,524.760829
1998-12-14,518.147875
1998-12-15,522.006875
1998-12-16,523.541042
1998-12-17,528.957416
1998-12-18,531.741798
1998-12-21,538.536792
1998-12-22,537.348782
1998-12-23,545.485458
1998-12-24,544.429294
1998-12-25,544.91095
1998-12-28,546.53264
1998-12-29,551.690855
1998-12-30,549.850688
1998-12-31,552.561598
1999-01-01,552.582648
1999-01-04,556.991447
1999-01-05,561.664406
1999-01-06,571.689756
1999-01-07,570.817492
1999-01-08,570.609204
1999-01-11,567.693025
1999-01-12,558.287828
1999-01-13,550.168021
1999-01-14,546.387255
1999-01-15,554.295725
1999-01-18,558.52529
1999-01-19,560.698368
1999-01-20,563.411148
1999-01-21,557.003498
1999-01-22,549.716753
1999-01-25,551.399892
1999-01-26,556.498977
1999-01-27,554.356742
1999-01-28,558.602398
1999-01-29,562.576184
1999-02-01,564.277395
1999-02-02,562.549037
1999-02-03,562.654253
1999-02-04,556.492496
1999-02-05,552.48229
1999-02-08,551.539639
1999-02-09,541.848024
1999-02-10,541.306345
1999-02-11,550.501268
1999-02-12,546.928705
1999-02-15,546.771111
1999-02-16,547.613632
1999-02-17,542.363014
1999-02-18,544.364345
1999-02-19,543.854414
1999-02-22,552.572406
1999-02-23,553.553107
1999-02-24,550.768566
1999-02-25,548.702563
1999-02-26,546.576088
1999-03-01,543.504001
1999-03-02,540.845769
1999-03-03,539.824638
1999-03-04,543.118167
1999-03-05,555.335825
1999-03-08,558.040713
1999-03-09,559.473376
1999-03-10,563.983449
1999-03-11,567.05682
1999-03-12,568.741568
1999-03-15,572.492106
1999-03-16,573.689251
1999-03-17,573.223893
1999-03-18,575.11261
1999-03-19,575.062278
1999-03-22,572.825933
1999-03-23,562.170729
1999-03-24,561.033801
1999-03-25,569.062148
1999-03-26,565.368663
1999-03-29,572.965718
1999-03-30,571.15702
1999-03-31,571.391263
1999-04-01,574.553904
1999-04-02,574.210322
1999-04-05,578.729618
1999-04-06,581.747964
1999-04-07,585.041564
1999-04-08,591.42641
1999-04-09,592.946943
1999-04-12,595.442612
1999-04-13,596.25322
1999-04-14,593.873159
1999-04-15,590.798201
1999-04-16,591.504142
1999-04-19,585.792397
1999-04-20,585.624416
1999-04-21,591.058465
1999-04-22,597.557729
1999-04-23,600.005785
1999-04-26,602.625394
1999-04-27,606.124783
1999-04-28,603.799377
1999-04-29,600.978779
1999-04-30,600.193466
1999-05-03,604.403301
1999-05-04,600.821735
1999-05-05,602.558677
1999-05-06,603.274103
1999-05-07,604.329058
1999-05-10,605.321443
1999-05-11,606.904107
1999-05-12,607.3781
1999-05-13,608.18506
1999-05-14,599.373604
1999-05-17,594.132207
1999-05-18,594.764348
1999-05-19,596.541421
1999-05-20,596.460055
1999-05-21,593.852062
1999-05-24,587.812384
1999-05-25,580.637713
1999-05-26,583.218136
1999-05-27,576.91527
1999-05-28,581.746889
1999-05-31,582.051849
1999-06-01,582.079209
1999-06-02,582.506687
1999-06-03,583.709946
1999-06-04,590.566394
1999-06-07,595.952435
1999-06-08,595.405757
1999-06-09,597.092129
1999-06-10,594.573825
1999-06-11,594.944666
1999-06-14,590.598671
1999-06-15,591.730796
1999-06-16,599.311468
1999-06-17,603.927183
1999-06-18,605.7958
1999-06-21,609.334317
1999-06-22,606.77038
1999-06-23,603.623992
1999-06-24,598.369781
1999-06-25,599.663557
1999-06-28,603.011378
1999-06-29,607.694828
1999-06-30,611.786155
1999-07-01,618.576321
1999-07-02,622.49717
1999-07-05,626.599024
1999-07-06,625.770023
1999-07-07,624.618831
1999-07-08,622.703496
1999-07-09,625.00492
1999-07-12,624.82234
1999-07-13,622.156075
1999-07-14,625.645248
1999-07-15,632.024496
1999-07-16,631.876254
1999-07-19,630.071707
1999-07-20,623.591846
1999-07-21,622.871602
1999-07-22,615.963609
1999-07-23,611.449123
1999-07-26,608.63037
1999-07-27,612.487957
1999-07-28,615.182325
1999-07-29,610.034862
1999-07-30,611.061366
1999-08-02,608.894848
1999-08-03,607.034533
1999-08-04,603.150347
1999-08-05,599.96972
1999-08-06,595.69178
1999-08-09,594.335787
1999-08-10,589.16602
1999-08-11,592.945349
1999-08-12,596.757445
1999-08-13,604.626183
1999-08-16,608.79969
1999-08-17,611.433576
1999-08-18,611.782782
1999-08-19,609.690453
1999-08-20,615.736976
1999-08-23,623.617938
1999-08-24,622.672541
1999-08-25,627.310816
1999-08-26,622.040881
1999-08-27,619.322586
1999-08-30,614.954663
1999-08-31,612.424158
1999-09-01,618.599694
1999-09-02,615.381641
1999-09-03,624.967207
1999-09-06,628.050095
1999-09-07,625.489056
1999-09-08,623.571913
1999-09-09,628.245992
1999-09-10,629.146497
1999-09-13,628.537846
1999-09-14,626.23786
1999-09-15,621.634601
1999-09-16,617.327821
1999-09-17,620.167701
1999-09-20,622.080952
1999-09-21,617.381351
1999-09-22,614.899858
1999-09-23,608.136414
1999-09-24,602.629193
1999-09-27,603.931794
1999-09-28,605.000912
1999-09-29,602.57983
1999-09-30,608.856629
1999-10-01,610.358979
1999-10-04,616.372019
1999-10-05,616.132432
1999-10-06,622.721749
1999-10-07,624.317236
1999-10-08,626.950241
1999-10-11,628.809368
1999-10-12,624.684292
1999-10-13,614.747721
1999-10-14,614.384615
1999-10-15,604.032467
1999-10-18,598.347573
1999-10-19,603.171555
1999-10-20,611.477054
1999-10-21,610.342989
1999-10-22,616.844595
1999-10-25,616.235172
1999-10-26,614.501311
1999-10-27,614.982537
1999-10-28,627.39243
1999-10-29,638.173278
1999-11-01,637.134847
1999-11-02,637.245551
1999-11-03,639.512703
1999-11-04,644.930355
1999-11-05,646.066367
1999-11-08,646.66206
1999-11-09,646.594769
1999-11-10,651.801787
1999-11-11,654.972328
1999-11-12,657.943759
1999-11-15,659.943003
1999-11-16,665.253257
1999-11-17,665.08138
1999-11-18,670.557348
1999-11-19,670.813368
1999-11-22,672.085303
1999-11-23,669.075636
1999-11-24,670.270526
1999-11-25,673.123724
1999-11-26,676.557994
1999-11-29,674.790364
1999-11-30,665.938123
1999-12-01,667.20646
1999-12-02,670.095814
1999-12-03,679.860512
1999-12-06,683.446337
1999-12-07,683.480938
1999-12-08,681.945956
1999-12-09,682.845727
1999-12-10,685.99164
1999-12-13,685.576224
1999-12-14,679.507223
1999-12-15,678.831469
1999-12-16,685.192883
1999-12-17,687.209711
1999-12-20,688.521364
1999-12-21,693.006539
1999-12-22,698.673549
1999-12-23,707.389702
1999-12-24,710.166961
1999-12-27,709.287675
1999-12-28,712.366628
1999-12-29,716.623789
1999-12-30,719.960768
1999-12-31,722.023544
2000-01-03,723.083572
2000-01-04,703.025236
2000-01-05,692.191989
2000-01-06,683.900074
2000-01-07,697.884107
2000-01-10,708.073609
2000-01-11,705.778999
2000-01-12,701.626128
2000-01-13,708.995004
2000-01-14,714.129556
2000-01-17,718.970961
2000-01-18,713.710109
2000-01-19,710.516385
2000-01-20,709.718056
2000-01-21,709.075146
2000-01-24,700.504289
2000-01-25,697.817877
2000-01-26,699.669226
2000-01-27,700.791412
2000-01-28,689.317765
2000-01-31,688.676986
2000-02-01,693.585463
2000-02-02,697.595945
2000-02-03,709.629834
2000-02-04,711.412586
2000-02-07,711.566447
2000-02-08,720.090855
2000-02-09,716.255506
2000-02-10,716.651899
2000-02-11,711.023484
2000-02-14,708.428204
2000-02-15,706.746207
2000-02-16,706.270108
2000-02-17,711.472059
2000-02-18,701.022027
2000-02-21,696.040219
2000-02-22,696.562371
2000-02-23,703.206189
2000-02-24,703.889916
2000-02-25,702.377873
2000-02-28,701.991163
2000-02-29,708.247643
2000-03-01,720.101301
2000-03-02,723.387353
2000-03-03,730.810662
2000-03-06,728.078865
2000-03-07,719.644084
2000-03-08,719.409528
2000-03-09,731.097355
2000-03-10,730.054989
2000-03-13,715.010104
2000-03-14,707.899722
2000-03-15,707.877888
2000-03-16,728.441303
2000-03-17,733.225679
2000-03-20,728.50615
2000-03-21,735.536659
2000-03-22,738.289
2000-03-23,743.854501
2000-03-24,749.125837
2000-03-27,748.970673
2000-03-28,746.244007
2000-03-29,742.719474
2000-03-30,729.41644
2000-03-31,736.31998
2000-04-03,726.063714
2000-04-04,717.675514
2000-04-05,714.531317
2000-04-06,722.292898
2000-04-07,731.451352
2000-04-10,726.359507
2000-04-11,717.800772
2000-04-12,706.895776
2000-04-13,696.296641
2000-04-14,667.722112
2000-04-17,664.838749
2000-04-18,681.62164
2000-04-19,681.122441
2000-04-20,683.185153
2000-04-21,683.942191
2000-04-24,681.315012
2000-04-25,693.881134
2000-04-26,691.248521
2000-04-27,688.463494
2000-04-28,691.078185
2000-05-01,697.18946
2000-05-02,694.605499
2000-05-03,680.58948
2000-05-04,681.054051
2000-05-05,687.053749
2000-05-08,681.804783
2000-05-09,674.371946
2000-05-10,662.697541
2000-05-11,666.563642
2000-05-12,674.657831
2000-05-15,681.113262
2000-05-16,688.34251
2000-05-17,677.658828
2000-05-18,672.84067
2000-05-19,659.013065
2000-05-22,650.589392
2000-05-23,644.050693
2000-05-24,645.039965
2000-05-25,645.92166
2000-05-26,647.099882
2000-05-29,649.823386
2000-05-30,666.932284
2000-05-31,666.503631
2000-06-01,678.576217
2000-06-02,698.508515
2000-06-05,699.47285
2000-06-06,699.539051
2000-06-07,701.397414
2000-06-08,698.574401
2000-06-09,698.139797
2000-06-12,695.218887
2000-06-13,699.299398
2000-06-14,699.839199
2000-06-15,697.096204
2000-06-16,695.669715
2000-06-19,702.455745
2000-06-20,703.961513
2000-06-21,703.30176
2000-06-22,695.438702
2000-06-23,689.76888
2000-06-26,691.342979
2000-06-27,691.568123
2000-06-28,695.42929
2000-06-29,691.550702
2000-06-30,696.566271
2000-07-03,702.136646
2000-07-04,701.77276
2000-07-05,696.000671
2000-07-06,697.61391
2000-07-07,704.701379
2000-07-10,706.387683
2000-07-11,706.273724
2000-07-12,709.876672
2000-07-13,709.383483
2000-07-14,714.663967
2000-07-17,715.335776
2000-07-18,706.418718
2000-07-19,700.254311
2000-07-20,706.230862
2000-07-21,699.856073
2000-07-24,693.493362
2000-07-25,695.459441
2000-07-26,691.064963
2000-07-27,683.059915
2000-07-28,669.363777
2000-07-31,673.594115
2000-08-01,676.091918
2000-08-02,674.989371
2000-08-03,674.07965
2000-08-04,678.980338
2000-08-07,685.249301
2000-08-08,684.5925
2000-08-09,685.242507
2000-08-10,683.566422
2000-08-11,686.650805
2000-08-14,692.297871
2000-08-15,693.271601
2000-08-16,693.931472
2000-08-17,696.929099
2000-08-18,695.339944
2000-08-21,694.932802
2000-08-22,695.661872
2000-08-23,697.29307
2000-08-24,700.195765
2000-08-25,702.430818
2000-08-28,704.386126
2000-08-29,703.223361
2000-08-30,700.475441
2000-08-31,704.742459
2000-09-01,712.202807
2000-09-04,714.173633
2000-09-05,705.976296
2000-09-06,698.443486
2000-09-07,699.732208
2000-09-08,693.67444
2000-09-11,688.562801
2000-09-12,683.980093
2000-09-13,684.632138
2000-09-14,685.742063
2000-09-15,679.828662
2000-09-18,668.369193
2000-09-19,672.261016
2000-09-20,670.079406
2000-09-21,665.888276
2000-09-22,667.517442
2000-09-25,668.178051
2000-09-26,664.297671
2000-09-27,663.112134
2000-09-28,670.418794
2000-09-29,667.715762
2000-10-02,666.356358
2000-10-03,662.852976
2000-10-04,663.458985
2000-10-05,663.335978
2000-10-06,654.69137
2000-10-09,648.97959
2000-10-10,643.751547
2000-10-11,633.237077
2000-10-12,621.690675
2000-10-13,632.872457
2000-10-16,633.385974
2000-10-17,623.864434
2000-10-18,616.799477
2000-10-19,630.48119
2000-10-20,637.130872
2000-10-23,637.43116
2000-10-24,640.699913
2000-10-25,627.943116
2000-10-26,626.107767
2000-10-27,632.856384
2000-10-30,634.938396
2000-10-31,645.975741
2000-11-01,649.847848
2000-11-02,654.198383
2000-11-03,656.093303
2000-11-06,657.9641
2000-11-07,657.509922
2000-11-08,649.389392
2000-11-09,643.230233
2000-11-10,631.993046
2000-11-13,621.996771
2000-11-14,633.7886
2000-11-15,637.118692
2000-11-16,628.024296
2000-11-17,625.463341
2000-11-20,612.904374
2000-11-21,611.824283
2000-11-22,600.058941
2000-11-23,600.365857
2000-11-24,608.116822
2000-11-27,614.069024
2000-11-28,607.332239
2000-11-29,605.786831
2000-11-30,598.406919
2000-12-01,603.916882
2000-12-04,605.948833
2000-12-05,623.309723
2000-12-06,619.47544
2000-12-07,616.458561
2000-12-08,626.584635
2000-12-11,633.55661
2000-12-12,628.924713
2000-12-13,623.623057
2000-12-14,616.413994
2000-12-15,607.229219
2000-12-18,609.164956
2000-12-19,603.252809
2000-12-20,588.181251
2000-12-21,587.273045
2000-12-22,598.746714
2000-12-25,600.75096
2000-12-26,602.717651
2000-12-27,609.194348
2000-12-28,612.161881
2000-12-29,611.114433
2001-01-01,611.087938
2001-01-02,599.395653
2001-01-03,612.925338
2001-01-04,612.940628
2001-01-05,604.947677
2001-01-08,602.540077
2001-01-09,599.969236
2001-01-10,602.440688
2001-01-11,608.149535
2001-01-12,608.605269
2001-01-15,608.230381
2001-01-16,609.77727
2001-01-17,614.199519
2001-01-18,621.752706
2001-01-19,620.293083
2001-01-22,620.702948
2001-01-23,625.738473
2001-01-24,624.555882
2001-01-25,622.894611
2001-01-26,621.759416
2001-01-29,624.687523
2001-01-30,628.356126
2001-01-31,628.635353
2001-02-01,630.668089
2001-02-02,621.647553
2001-02-05,621.423122
2001-02-06,620.72911
2001-02-07,615.444133
2001-02-08,610.27848
2001-02-09,604.738415
2001-02-12,610.211115
2001-02-13,606.062291
2001-02-14,603.567764
2001-02-15,606.519884
2001-02-16,598.312719
2001-02-19,597.247591
2001-02-20,589.29755
2001-02-21,580.891122
2001-02-22,577.599823
2001-02-23,574.752043
2001-02-26,582.358939
2001-02-27,580.355855
2001-02-28,574.487559
2001-03-01,573.561813
2001-03-02,570.36248
2001-03-05,572.333744
2001-03-06,579.97391
2001-03-07,581.719465
2001-03-08,581.337295
2001-03-09,571.879354
2001-03-12,552.204271
2001-03-13,550.27389
2001-03-14,538.753982
2001-03-15,541.629819
2001-03-16,530.799704
2001-03-19,535.101783
2001-03-20,531.183802
2001-03-21,525.560409
2001-03-22,514.195486
2001-03-23,526.091539
2001-03-26,537.099785
2001-03-27,546.257062
2001-03-28,536.820262
2001-03-29,530.847278
2001-03-30,533.345565
2001-04-02,526.960323
2001-04-03,514.26955
2001-04-04,516.538785
2001-04-05,532.123383
2001-04-06,527.695097
2001-04-09,529.793343
2001-04-10,538.585472
2001-04-11,539.813584
2001-04-12,546.862341
2001-04-13,546.785239
2001-04-16,543.169071
2001-04-17,544.79771
2001-04-18,561.486879
2001-04-19,570.431252
2001-04-20,567.688707
2001-04-23,561.147943
2001-04-24,557.633823
2001-04-25,563.376196
2001-04-26,567.609613
2001-04-27,572.120573
2001-04-30,573.519169
2001-05-01,580.808417
2001-05-02,582.561325
2001-05-03,576.223466
2001-05-04,581.153508
2001-05-07,581.477452
2001-05-08,578.365096
2001-05-09,574.949812
2001-05-10,576.383325
2001-05-11,572.203083
2001-05-14,568.279974
2001-05-15,571.44734
2001-05-16,579.541425
2001-05-17,584.70204
2001-05-18,585.173833
2001-05-21,592.483364
2001-05-22,591.857966
2001-05-23,585.643606
2001-05-24,586.143193
2001-05-25,581.356846
2001-05-28,581.225999
2001-05-29,576.96581
2001-05-30,568.485942
2001-05-31,569.19303
2001-06-01,570.215665
2001-06-04,572.375265
2001-06-05,577.503286
2001-06-06,573.598693
2001-06-07,576.187504
2001-06-08,573.032091
2001-06-11,566.572239
2001-06-12,563.157301
2001-06-13,561.672094
2001-06-14,555.352336
2001-06-15,552.239792
2001-06-18,547.633522
2001-06-19,547.657936
2001-06-20,548.614757
2001-06-21,553.025791
2001-06-22,551.808054
2001-06-25,550.669566
2001-06-26,548.585298
2001-06-27,547.268732
2001-06-28,549.689322
2001-06-29,553.614875
2001-07-02,556.638219
2001-07-03,554.771114
2001-07-04,552.671189
2001-07-05,545.607223
2001-07-06,535.734069
2001-07-09,537.071975
2001-07-10,533.675053
2001-07-11,530.933376
2001-07-12,539.403285
2001-07-13,540.713526
2001-07-16,536.579832
2001-07-17,537.078611
2001-07-18,535.633696
2001-07-19,538.896153
2001-07-20,537.723451
2001-07-23,531.123982
2001-07-24,526.251019
2001-07-25,529.680411
2001-07-26,533.664853
2001-07-27,536.169499
2001-07-30,536.201334
2001-07-31,540.399317
2001-08-01,544.331269
2001-08-02,548.14597
2001-08-03,545.561615
2001-08-06,541.099382
2001-08-07,541.275785
2001-08-08,534.743481
2001-08-09,531.981777
2001-08-10,533.760385
2001-08-13,534.459451
2001-08-14,537.164464
2001-08-15,537.414341
2001-08-16,535.58726
2001-08-17,529.124399
2001-08-20,528.902985
2001-08-21,527.741219
2001-08-22,530.987195
2001-08-23,528.228549
2001-08-24,535.287368
2001-08-27,534.688841
2001-08-28,528.477262
2001-08-29,525.111849
2001-08-30,516.960727
2001-08-31,517.532563
2001-09-03,513.963823
2001-09-04,514.590109
2001-09-05,509.904602
2001-09-06,501.046817
2001-09-07,494.602533
2001-09-10,491.56303
2001-09-11,484.946227
2001-09-12,480.842207
2001-09-13,482.785984
2001-09-14,479.507578
2001-09-17,465.326369
2001-09-18,463.311164
2001-09-19,459.515307
2001-09-20,446.04481
2001-09-21,434.650557
2001-09-24,448.860534
2001-09-25,454.123244
2001-09-26,453.215346
2001-09-27,456.642516
2001-09-28,466.454858
2001-10-01,464.315349
2001-10-02,468.567082
2001-10-03,474.148313
2001-10-04,478.944561
2001-10-05,479.484839
2001-10-08,477.153133
2001-10-09,474.827352
2001-10-10,481.920936
2001-10-11,489.11955
2001-10-12,488.526545
2001-10-15,485.629963
2001-10-16,489.579195
2001-10-17,487.823555
2001-10-18,481.88464
2001-10-19,480.534279
2001-10-22,485.114674
2001-10-23,487.439475
2001-10-24,489.034801
2001-10-25,491.485976
2001-10-26,494.546602
2001-10-29,487.278012
2001-10-30,479.270737
2001-10-31,479.923301
2001-11-01,486.919962
2001-11-02,487.640452
2001-11-05,493.661258
2001-11-06,498.395929
2001-11-07,498.059021
2001-11-08,500.656808
2001-11-09,499.467202
2001-11-12,496.440763
2001-11-13,503.077163
2001-11-14,505.205678
2001-11-15,506.726359
2001-11-16,508.046247
2001-11-19,512.903695
2001-11-20,509.034224
2001-11-21,506.389936
2001-11-22,507.894302
2001-11-23,510.272612
2001-11-26,514.681114
2001-11-27,511.889306
2001-11-28,504.42317
2001-11-29,506.751998
2001-11-30,508.688842
2001-12-03,504.083718
2001-12-04,509.954399
2001-12-05,521.463946
2001-12-06,523.049686
2001-12-07,519.253964
2001-12-10,511.319513
2001-12-11,510.227181
2001-12-12,511.636183
2001-12-13,503.750565
2001-12-14,503.361068
2001-12-17,508.387421
2001-12-18,510.059065
2001-12-19,509.559185
2001-12-20,506.6184
2001-12-21,507.742145
2001-12-24,507.057192
2001-12-25,507.148216
2001-12-26,508.348463
2001-12-27,514.017367
2001-12-28,516.775754
2001-12-31,515.489706
2002-01-01,515.49072
2002-01-02,517.131248
2002-01-03,522.315005
2002-01-04,525.848372
2002-01-07,523.141922
2002-01-08,519.616984
2002-01-09,517.79203
2002-01-10,516.164969
2002-01-11,513.346591
2002-01-14,508.985762
2002-01-15,510.019688
2002-01-16,502.954823
2002-01-17,506.54084
2002-01-18,504.412973
2002-01-21,504.106444
2002-01-22,500.612062
2002-01-23,503.498999
2002-01-24,505.684191
2002-01-25,504.116038
2002-01-28,505.54876
2002-01-29,496.135141
2002-01-30,496.235563
2002-01-31,501.861383
2002-02-01,499.564687
2002-02-04,492.092576
2002-02-05,488.037681
2002-02-06,485.003799
2002-02-07,485.438548
2002-02-08,490.093096
2002-02-11,496.094701
2002-02-12,496.193808
2002-02-13,499.575061
2002-02-14,500.835828
2002-02-15,497.283593
2002-02-18,496.254371
2002-02-19,487.816773
2002-02-20,489.402527
2002-02-21,487.763849
2002-02-22,489.392806
2002-02-25,494.403151
2002-02-26,495.173942
2002-02-27,498.217337
2002-02-28,497.842098
2002-03-01,506.25154
2002-03-04,518.754335
2002-03-05,517.004434
2002-03-06,522.753595
2002-03-07,526.221758
2002-03-08,528.354159
2002-03-11,529.592578
2002-03-12,525.323779
2002-03-13,521.778982
2002-03-14,523.698854
2002-03-15,528.245372
2002-03-18,528.118519
2002-03-19,530.785287
2002-03-20,525.635067
2002-03-21,525.532275
2002-03-22,523.508202
2002-03-25,517.710069
2002-03-26,519.262114
2002-03-27,521.430715
2002-03-28,523.973769
2002-03-29,522.98486
2002-04-01,523.320212
2002-04-02,521.3545
2002-04-03,519.198374
2002-04-04,519.042562
2002-04-05,518.287004
2002-04-08,516.742994
2002-04-09,514.755444
2002-04-10,519.766559
2002-04-11,511.978784
2002-04-12,513.582464
2002-04-15,513.720099
2002-04-16,523.026871
2002-04-17,524.908006
2002-04-18,524.779616
2002-04-19,524.695293
2002-04-22,520.419082
2002-04-23,518.576664
2002-04-24,516.666845
2002-04-25,515.930335
2002-04-26,511.416926
2002-04-29,508.342164
2002-04-30,511.626087
2002-05-01,514.808728
2002-05-02,513.537024
2002-05-03,512.242229
2002-05-06,506.759637
2002-05-07,503.078716
2002-05-08,514.679066
2002-05-09,510.729386
2002-05-10,505.912743
2002-05-13,510.646329
2002-05-14,516.018251
2002-05-15,518.25911
2002-05-16,519.958405
2002-05-17,524.493694
2002-05-20,520.730696
2002-05-21,517.133382
2002-05-22,518.421173
2002-05-23,520.173063
2002-05-24,518.028228
2002-05-27,517.384251
2002-05-28,515.702344
2002-05-29,513.553825
2002-05-30,512.248513
2002-05-31,512.604354
2002-06-03,505.486971
2002-06-04,502.915342
2002-06-05,503.14772
2002-06-06,497.818412
2002-06-07,495.397035
2002-06-10,495.955778
2002-06-11,491.744156
2002-06-12,490.724819
2002-06-13,485.698687
2002-06-14,481.474968
2002-06-17,491.251352
2002-06-18,492.034895
2002-06-19,485.002426
2002-06-20,480.264219
2002-06-21,475.856749
2002-06-24,474.715434
2002-06-25,471.815542
2002-06-26,469.523561
2002-06-27,475.207929
2002-06-28,481.403057
2002-07-01,475.496197
2002-07-02,465.437532
2002-07-03,463.271986
2002-07-04,465.16429
2002-07-05,479.13335
2002-07-08,477.494276
2002-07-09,471.709324
2002-07-10,458.421501
2002-07-11,454.604033
2002-07-12,453.834819
2002-07-15,447.929264
2002-07-16,443.580606
2002-07-17,448.078228
2002-07-18,443.931963
2002-07-19,430.013138
2002-07-22,415.204018
2002-07-23,404.694071
2002-07-24,414.284273
2002-07-25,417.141836
2002-07-26,418.172286
2002-07-29,436.015447
2002-07-30,439.226321
2002-07-31,440.528221
2002-08-01,429.129998
2002-08-02,423.420165
2002-08-05,411.449828
2002-08-06,418.399252
2002-08-07,424.194678
2002-08-08,435.376959
2002-08-09,439.262513
2002-08-12,436.092373
2002-08-13,431.663227
2002-08-14,440.219438
2002-08-15,445.942444
2002-08-16,447.079634
2002-08-19,453.929814
2002-08-20,448.985168
2002-08-21,454.492436
2002-08-22,459.638058
2002-08-23,452.224711
2002-08-26,454.378777
2002-08-27,453.051253
2002-08-28,443.673477
2002-08-29,441.837105
2002-08-30,441.93256
2002-09-02,440.157473
2002-09-03,425.995011
2002-09-04,429.232508
2002-09-05,425.028958
2002-09-06,431.07084
2002-09-09,432.308523
2002-09-10,435.934613
2002-09-11,438.022171
2002-09-12,428.9752
2002-09-13,426.913277
2002-09-16,425.358835
2002-09-17,420.537365
2002-09-18,416.032521
2002-09-19,408.169834
2002-09-20,407.370396
2002-09-23,400.117301
2002-09-24,394.063186
2002-09-25,400.345314
2002-09-26,409.220512
2002-09-27,402.693879
2002-09-30,396.056349
2002-10-01,404.368407
2002-10-02,400.912794
2002-10-03,396.798899
2002-10-04,389.242761
2002-10-07,381.4832
2002-10-08,382.957734
2002-10-09,375.89169
2002-10-10,384.603445
2002-10-11,398.333515
2002-10-14,399.392679
2002-10-15,417.104471
2002-10-16,410.091664
2002-10-17,418.613051
2002-10-18,419.878082
2002-10-21,424.193662
2002-10-22,419.645503
2002-10-23,419.300001
2002-10-24,417.802163
2002-10-25,422.205392
2002-10-28,422.438962
2002-10-29,415.890024
2002-10-30,420.864013
2002-10-31,421.979287
2002-11-01,425.878076
2002-11-04,431.882507
2002-11-05,435.261633
2002-11-06,436.606547
2002-11-07,430.303817
2002-11-08,426.894784
2002-11-11,419.488921
2002-11-12,422.702473
2002-11-13,421.138545
2002-11-14,428.201523
2002-11-15,431.713574
2002-11-18,429.810702
2002-11-19,427.925254
2002-11-20,431.994979
2002-11-21,441.533008
2002-11-22,441.583752
2002-11-25,441.688142
2002-11-26,434.017134
2002-11-27,443.114831
2002-11-28,445.587232
2002-11-29,444.745439
2002-12-02,444.219568
2002-12-03,438.360699
2002-12-04,435.973183
2002-12-05,431.636794
2002-12-06,433.526452
2002-12-09,425.554059
2002-12-10,429.401237
2002-12-11,430.440605
2002-12-12,429.265077
2002-12-13,425.227983
2002-12-16,432.712126
2002-12-17,430.661565
2002-12-18,424.227854
2002-12-19,422.516622
2002-12-20,426.796178
2002-12-23,427.754397
2002-12-24,427.109501
2002-12-25,426.988125
2002-12-26,427.257092
2002-12-27,421.134272
2002-12-30,423.358816
2002-12-31,424.853455
2003-01-01,424.85647
2003-01-02,434.458981
2003-01-03,435.884563
2003-01-06,443.740564
2003-01-07,439.777198
2003-01-08,433.785352
2003-01-09,440.118704
2003-01-10,441.250975
2003-01-13,441.634242
2003-01-14,444.369075
2003-01-15,439.921661
2003-01-16,438.779203
2003-01-17,433.611033
2003-01-20,431.810914
2003-01-21,427.095366
2003-01-22,422.71753
2003-01-23,425.843164
2003-01-24,418.19441
2003-01-27,409.598781
2003-01-28,412.324187
2003-01-29,413.943299
2003-01-30,409.99821
2003-01-31,412.681774
2003-02-03,415.964351
2003-02-04,411.404338
2003-02-05,411.653556
2003-02-06,407.435599
2003-02-07,403.689704
2003-02-10,403.947431
2003-02-11,403.812312
2003-02-12,399.932194
2003-02-13,399.418286
2003-02-14,404.968058
2003-02-17,407.106275
2003-02-18,412.355478
2003-02-19,409.068775
2003-02-20,407.240757
2003-02-21,410.583248
2003-02-24,405.446277
2003-02-25,402.85313
2003-02-26,399.930759
2003-02-27,402.668329
2003-02-28,405.420258
2003-03-03,405.516702
2003-03-04,400.422241
2003-03-05,401.713376
2003-03-06,398.383172
2003-03-07,397.878225
2003-03-10,389.519066
2003-03-11,386.67527
2003-03-12,384.310693
2003-03-13,395.038638
2003-03-14,398.692815
2003-03-17,408.264315
2003-03-18,410.130038
2003-03-19,413.002843
2003-03-20,414.497956
2003-03-21,421.996562
2003-03-24,411.519722
2003-03-25,415.050758
2003-03-26,414.412228
2003-03-27,412.948467
2003-03-28,411.413252
2003-03-31,404.357817
2003-04-01,408.386611
2003-04-02,416.906506
2003-04-03,415.968114
2003-04-04,417.450275
2003-04-07,421.602273
2003-04-08,419.515154
2003-04-09,416.181246
2003-04-10,417.0633
2003-04-11,415.924225
2003-04-14,421.592057
2003-04-15,425.772485
2003-04-16,422.967237
2003-04-17,428.15763
2003-04-18,428.392223
2003-04-21,427.577037
2003-04-22,434.111328
2003-04-23,437.616665
2003-04-24,434.699184
2003-04-25,429.108077
2003-04-28,435.401082
2003-04-29,436.704298
2003-04-30,439.506666
2003-05-01,440.487856
2003-05-02,444.889747
2003-05-05,446.144238
2003-05-06,451.440684
2003-05-07,449.745895
2003-05-08,445.232357
2003-05-09,450.459822
2003-05-12,455.233415
2003-05-13,454.727873
2003-05-14,454.613259
2003-05-15,457.149578
2003-05-16,457.686258
2003-05-19,448.658408
2003-05-20,448.557655
2003-05-21,448.912239
2003-05-22,453.070646
2003-05-23,455.103077
2003-05-26,455.752137
2003-05-27,460.902012
2003-05-28,462.507497
2003-05-29,463.683265
2003-05-30,467.142365
2003-06-02,471.329069
2003-06-03,471.35755
2003-06-04,476.863322
2003-06-05,480.485663
2003-06-06,481.131698
2003-06-09,476.998077
2003-06-10,479.180629
2003-06-11,485.766621
2003-06-12,487.159729
2003-06-13,483.746492
2003-06-16,491.823076
2003-06-17,494.02721
2003-06-18,493.005788
2003-06-19,486.901947
2003-06-20,487.278912
2003-06-23,480.257158
2003-06-24,478.707963
2003-06-25,478.548914
2003-06-26,479.521571
2003-06-27,477.897929
2003-06-30,476.40209
2003-07-01,478.607948
2003-07-02,485.195621
2003-07-03,484.851926
2003-07-04,484.002501
2003-07-07,491.455107
2003-07-08,492.350805
2003-07-09,490.74696
2003-07-10,485.540301
2003-07-11,487.814127
2003-07-14,492.451871
2003-07-15,489.741825
2003-07-16,486.522161
2003-07-17,479.8243
2003-07-18,483.241331
2003-07-21,479.593079
2003-07-22,482.636296
2003-07-23,484.690577
2003-07-24,485.818452
2003-07-25,490.298826
2003-07-28,491.746933
2003-07-29,489.499569
2003-07-30,487.049082
2003-07-31,487.622097
2003-08-01,484.189548
2003-08-04,483.960956
2003-08-05,479.638432
2003-08-06,477.951539
2003-08-07,480.758507
2003-08-08,482.07264
2003-08-11,484.70592
2003-08-12,488.357802
2003-08-13,488.414277
2003-08-14,492.082443
2003-08-15,492.495275
2003-08-18,496.074852
2003-08-19,497.274436
2003-08-20,498.003698
2003-08-21,499.438406
2003-08-22,495.65172
2003-08-25,494.825366
2003-08-26,494.247335
2003-08-27,495.578988
2003-08-28,498.037116
2003-08-29,500.617839
2003-09-01,503.41334
2003-09-02,506.818347
2003-09-03,510.260082
2003-09-04,511.154893
2003-09-05,510.324132
2003-09-08,515.052857
2003-09-09,513.16503
2003-09-10,507.658353
2003-09-11,508.587238
2003-09-12,510.639895
2003-09-15,509.796862
2003-09-16,515.379153
2003-09-17,516.275668
2003-09-18,521.764073
2003-09-19,521.369939
2003-09-22,516.224188
2003-09-23,518.047291
2003-09-24,512.75771
2003-09-25,508.804387
2003-09-26,504.824827
2003-09-29,507.573335
2003-09-30,504.137008
2003-10-01,514.123743
2003-10-02,517.234926
2003-10-03,523.132089
2003-10-06,524.902522
2003-10-07,527.693944
2003-10-08,525.716986
2003-10-09,529.429591
2003-10-10,531.069844
2003-10-13,534.181277
2003-10-14,535.650587
2003-10-15,534.950144
2003-10-16,537.359549
2003-10-17,533.058197
2003-10-20,534.892038
2003-10-21,536.051584
2003-10-22,529.862522
2003-10-23,525.72331
2003-10-24,525.300715
2003-10-27,527.820795
2003-10-28,533.731789
2003-10-29,536.056951
2003-10-30,536.523716
2003-10-31,535.44494
2003-11-03,538.191516
2003-11-04,538.841704
2003-11-05,537.391586
2003-11-06,537.404798
2003-11-07,539.130846
2003-11-10,536.387092
2003-11-11,533.456116
2003-11-12,539.310849
2003-11-13,542.052963
2003-11-14,540.27759
2003-11-17,533.302583
2003-11-18,532.377273
2003-11-19,532.444872
2003-11-20,530.654232
2003-11-21,531.866598
2003-11-24,537.088224
2003-11-25,539.112568
2003-11-26,542.949284
2003-11-27,543.408636
2003-11-28,544.064152
2003-12-01,551.030674
2003-12-02,551.718001
2003-12-03,551.901681
2003-12-04,552.31971
2003-12-05,549.899798
2003-12-08,551.394172
2003-12-09,549.546498
2003-12-10,546.735156
2003-12-11,550.744293
2003-12-12,554.055883
2003-12-15,553.939284
2003-12-16,554.172274
2003-12-17,554.476118
2003-12-18,559.521431
2003-12-19,560.2194
2003-12-22,562.452154
2003-12-23,564.452922
2003-12-24,564.990092
2003-12-25,565.050299
2003-12-26,566.032274
2003-12-29,571.706299
2003-12-30,574.306387
2003-12-31,575.866683
2004-01-01,575.886279
2004-01-02,577.400188
2004-01-05,585.367042
2004-01-06,586.641645
2004-01-07,585.958772
2004-01-08,589.881085
2004-01-09,589.157545
2004-01-12,590.064885
2004-01-13,588.430598
2004-01-14,590.888541
2004-01-15,589.192692
2004-01-16,590.958762
2004-01-19,591.696992
2004-01-20,594.821342
2004-01-21,598.321253
2004-01-22,598.812026
2004-01-23,598.260419
2004-01-26,599.603745
2004-01-27,597.518565
2004-01-28,592.676908
2004-01-29,587.992101
2004-01-30,587.593412
2004-02-02,589.340198
2004-02-03,590.419989
2004-02-04,584.877061
2004-02-05,586.583456
2004-02-06,594.157477
2004-02-09,595.802677
2004-02-10,598.113491
2004-02-11,601.835993
2004-02-12,603.011983
2004-02-13,601.269233
2004-02-16,601.90621
2004-02-17,607.718197
2004-02-18,606.070215
2004-02-19,603.679672
2004-02-20,598.972737
2004-02-23,598.221189
2004-02-24,596.862992
2004-02-25,597.333044
2004-02-26,597.082262
2004-02-27,599.208409
2004-03-01,606.606117
2004-03-02,603.511334
2004-03-03,600.561428
2004-03-04,603.607735
2004-03-05,608.034839
2004-03-08,604.322688
2004-03-09,601.840901
2004-03-10,592.697277
2004-03-11,583.308485
2004-03-12,586.211024
2004-03-15,579.639993
2004-03-16,584.345553
2004-03-17,590.514547
2004-03-18,591.524815
2004-03-19,588.166128
2004-03-22,580.2289
2004-03-23,579.452413
2004-03-24,577.869111
2004-03-25,585.372591
2004-03-26,586.0944
2004-03-29,593.488004
2004-03-30,595.829285
2004-03-31,598.393089
2004-04-01,603.650881
2004-04-02,606.413739
2004-04-05,608.46948
2004-04-06,607.581688
2004-04-07,607.601905
2004-04-08,606.704431
2004-04-09,605.67955
2004-04-12,608.029454
2004-04-13,601.557504
2004-04-14,596.617042
2004-04-15,595.23451
2004-04-16,599.452082
2004-04-19,599.669531
2004-04-20,595.157752
2004-04-21,593.859594
2004-04-22,598.83931
2004-04-23,599.96525
2004-04-26,599.860094
2004-04-27,599.834686
2004-04-28,591.143034
2004-04-29,586.968039
2004-04-30,582.558486
2004-05-03,585.799486
2004-05-04,590.212076
2004-05-05,592.686492
2004-05-06,585.579668
2004-05-07,575.885067
2004-05-10,561.420744
2004-05-11,565.715846
2004-05-12,568.217296
2004-05-13,566.267355
2004-05-14,564.513413
2004-05-17,558.036736
2004-05-18,562.408769
2004-05-19,568.966195
2004-05-20,565.972162
2004-05-21,570.685656
2004-05-24,572.191171
2004-05-25,578.062378
2004-05-26,581.253233
2004-05-27,587.172294
2004-05-28,586.938578
2004-05-31,587.117466
2004-06-01,587.091458
2004-06-02,588.709012
2004-06-03,583.796105
2004-06-04,587.101986
2004-06-07,597.594996
2004-06-08,598.036271
2004-06-09,591.979593
2004-06-10,593.799639
2004-06-11,591.559619
2004-06-14,585.777431
2004-06-15,589.466365
2004-06-16,591.686783
2004-06-17,592.43643
2004-06-18,594.049701
2004-06-21,593.417274
2004-06-22,592.672176
2004-06-23,596.430569
2004-06-24,599.656337
2004-06-25,597.921385
2004-06-28,599.624701
2004-06-29,598.513474
2004-06-30,600.054893
2004-07-01,596.902092
2004-07-02,595.905875
2004-07-05,594.221167
2004-07-06,590.240715
2004-07-07,592.210503
2004-07-08,589.369624
2004-07-09,591.258978
2004-07-12,591.915517
2004-07-13,590.938821
2004-07-14,589.360791
2004-07-15,586.199101
2004-07-16,586.891147
2004-07-19,586.225993
2004-07-20,587.190423
2004-07-21,581.720751
2004-07-22,579.980586
2004-07-23,574.024658
2004-07-26,571.321112
2004-07-27,573.493154
2004-07-28,574.038382
2004-07-29,577.664045
2004-07-30,579.49254
2004-08-02,580.606748
2004-08-03,579.17662
2004-08-04,576.311992
2004-08-05,571.433775
2004-08-06,566.240673
2004-08-09,564.571463
2004-08-10,570.384864
2004-08-11,567.336488
2004-08-12,563.300521
2004-08-13,564.146974
2004-08-16,569.23466
2004-08-17,570.758299
2004-08-18,575.059844
2004-08-19,576.676017
2004-08-20,578.762649
2004-08-23,578.326213
2004-08-24,577.313217
2004-08-25,580.507615
2004-08-26,582.0606
2004-08-27,584.062833
2004-08-30,580.943836
2004-08-31,582.6081
2004-09-01,585.650483
2004-09-02,589.690989
2004-09-03,586.615821
2004-09-06,588.722418
2004-09-07,591.605103
2004-09-08,590.7448
2004-09-09,590.520964
2004-09-10,594.642007
2004-09-13,596.69368
2004-09-14,598.114722
2004-09-15,592.585017
2004-09-16,594.882167
2004-09-17,596.699557
2004-09-20,594.694671
2004-09-21,599.335316
2004-09-22,593.389895
2004-09-23,592.044002
2004-09-24,591.642805
2004-09-27,588.315182
2004-09-28,591.275644
2004-09-29,593.793099
2004-09-30,595.933953
2004-10-01,604.264024
2004-10-04,606.697962
2004-10-05,607.4237
2004-10-06,610.013847
2004-10-07,606.120251
2004-10-08,605.590718
2004-10-11,605.863556
2004-10-12,601.355972
2004-10-13,598.017477
2004-10-14,595.411462
2004-10-15,597.965161
2004-10-18,599.160847
2004-10-19,598.61312
2004-10-20,597.847339
2004-10-21,600.308998
2004-10-22,597.717128
2004-10-25,596.375006
2004-10-26,601.485833
2004-10-27,608.125717
2004-10-28,610.341127
2004-10-29,610.408903
2004-11-01,612.007376
2004-11-02,613.827656
2004-11-03,620.588454
2004-11-04,626.847317
2004-11-05,630.539228
2004-11-08,629.859768
2004-11-09,629.294086
2004-11-10,629.321014
2004-11-11,633.403827
2004-11-12,639.545536
2004-11-15,640.865172
2004-11-16,638.018491
2004-11-17,643.269359
2004-11-18,642.575737
2004-11-19,639.279711
2004-11-22,638.936373
2004-11-23,640.247655
2004-11-24,643.714734
2004-11-25,646.808588
2004-11-26,646.964366
2004-11-29,647.293873
2004-11-30,644.949298
2004-12-01,651.551744
2004-12-02,652.433036
2004-12-03,654.297252
2004-12-06,653.521015
2004-12-07,648.902461
2004-12-08,646.078133
2004-12-09,645.24974
2004-12-10,644.58928
2004-12-13,650.899346
2004-12-14,653.172852
2004-12-15,657.942979
2004-12-16,655.614978
2004-12-17,652.575732
2004-12-20,656.079522
2004-12-21,658.638167
2004-12-22,661.604553
2004-12-23,663.914946
2004-12-24,665.754569
2004-12-27,665.553866
2004-12-28,668.696837
2004-12-29,667.964754
2004-12-30,670.516255
2004-12-31,670.447442
2005-01-03,665.704901
2005-01-04,657.871965
2005-01-05,653.435394
2005-01-06,653.089676
2005-01-07,651.832472
2005-01-10,654.411893
2005-01-11,652.916939
2005-01-12,655.611413
2005-01-13,652.358742
2005-01-14,654.041485
2005-01-17,655.491588
2005-01-18,657.308889
2005-01-19,654.709593
2005-01-20,648.90133
2005-01-21,647.645246
2005-01-24,647.41502
2005-01-25,647.528767
2005-01-26,653.192001
2005-01-27,653.465196
2005-01-28,651.282169
2005-01-31,657.004659
2005-02-01,660.013199
2005-02-02,662.916215
2005-02-03,660.307218
2005-02-04,666.521737
2005-02-07,665.734476
2005-02-08,664.529351
2005-02-09,661.720868
2005-02-10,665.266948
2005-02-11,669.602269
2005-02-14,672.905799
2005-02-15,674.831536
2005-02-16,673.804656
2005-02-17,672.571394
2005-02-18,673.48751
2005-02-21,673.744945
2005-02-22,670.07391
2005-02-23,669.173555
2005-02-24,672.50175
2005-02-25,679.267155
2005-02-28,679.629157
2005-03-01,681.474857
2005-03-02,680.183609
2005-03-03,680.781519
2005-03-04,688.35141
2005-03-07,688.470714
2005-03-08,688.534847
2005-03-09,684.686235
2005-03-10,683.015608
2005-03-11,682.738846
2005-03-14,682.001809
2005-03-15,679.754418
2005-03-16,676.82741
2005-03-17,676.190416
2005-03-18,675.207567
2005-03-21,671.290554
2005-03-22,668.60419
2005-03-23,662.286676
2005-03-24,661.757754
2005-03-25,662.203554
2005-03-28,661.334854
2005-03-29,657.287733
2005-03-30,662.091609
2005-03-31,664.719556
2005-04-01,663.760988
2005-04-04,660.568112
2005-04-05,664.04229
2005-04-06,666.148509
2005-04-07,669.975623
2005-04-08,666.675547
2005-04-11,667.520772
2005-04-12,666.803976
2005-04-13,664.112528
2005-04-14,656.561245
2005-04-15,648.488717
2005-04-18,644.387808
2005-04-19,650.552347
2005-04-20,646.242391
2005-04-21,652.61743
2005-04-22,652.701099
2005-04-25,655.516696
2005-04-26,651.226458
2005-04-27,649.43649
2005-04-28,644.133418
2005-04-29,648.777891
2005-05-02,650.328534
2005-05-03,651.120802
2005-05-04,658.669995
2005-05-05,659.297976
2005-05-06,659.760928
2005-05-09,660.795603
2005-05-10,656.466682
2005-05-11,655.950591
2005-05-12,650.81958
2005-05-13,647.168497
2005-05-16,648.635842
2005-05-17,650.745108
2005-05-18,657.126181
2005-05-19,661.051975
2005-05-20,659.157889
2005-05-23,662.924928
2005-05-24,663.39576
2005-05-25,660.95802
2005-05-26,663.577834
2005-05-27,665.607504
2005-05-30,666.539918
2005-05-31,662.743858
2005-06-01,667.193991
2005-06-02,668.6116
2005-06-03,666.850278
2005-06-06,667.630174
2005-06-07,669.222129
2005-06-08,669.574809
2005-06-09,668.281539
2005-06-10,668.132136
2005-06-13,667.992639
2005-06-14,669.75258
2005-06-15,672.032566
2005-06-16,675.094173
2005-06-17,680.367911
2005-06-20,678.456546
2005-06-21,678.788131
2005-06-22,679.761943
2005-06-23,675.462622
2005-06-24,671.310175
2005-06-27,669.823992
2005-06-28,673.950281
2005-06-29,673.955342
2005-06-30,671.442504
2005-07-01,671.395581
2005-07-04,671.121937
2005-07-05,673.667366
2005-07-06,672.790191
2005-07-07,670.214102
2005-07-08,676.805291
2005-07-11,684.014588
2005-07-12,687.523218
2005-07-13,686.23121
2005-07-14,688.212664
2005-07-15,687.059048
2005-07-18,685.494534
2005-07-19,687.384023
2005-07-20,689.59325
2005-07-21,691.037781
2005-07-22,693.365468
2005-07-25,691.39988
2005-07-26,690.73943
2005-07-27,693.915544
2005-07-28,698.506063
2005-07-29,697.589836
2005-08-01,700.069226
2005-08-02,705.446554
2005-08-03,707.473481
2005-08-04,703.662813
2005-08-05,697.567031
2005-08-08,698.477071
2005-08-09,701.951681
2005-08-10,706.596784
2005-08-11,711.377471
2005-08-12,709.233522
2005-08-15,709.063401
2005-08-16,703.807574
2005-08-17,702.423585
2005-08-18,697.733381
2005-08-19,699.046346
2005-08-22,703.94553
2005-08-23,701.081264
2005-08-24,698.653228
2005-08-25,698.928074
2005-08-26,696.404284
2005-08-29,696.294919
2005-08-30,694.577666
2005-08-31,702.594161
2005-09-01,709.686475
2005-09-02,710.453031
2005-09-05,711.848835
2005-09-06,716.891605
2005-09-07,718.194402
2005-09-08,715.517782
2005-09-09,721.329665
2005-09-12,720.042217
2005-09-13,715.440241
2005-09-14,715.963839
2005-09-15,715.311306
2005-09-16,719.062524
2005-09-19,717.066417
2005-09-20,716.373428
2005-09-21,712.516173
2005-09-22,710.647663
2005-09-23,709.810074
2005-09-26,714.064263
2005-09-27,712.3239
2005-09-28,715.698043
2005-09-29,720.937169
2005-09-30,722.761994
2005-10-03,721.189298
2005-10-04,718.847114
2005-10-05,709.048398
2005-10-06,703.717361
2005-10-07,704.182231
2005-10-10,701.21879
2005-10-11,701.462178
2005-10-12,697.275978
2005-10-13,691.489203
2005-10-14,696.963239
2005-10-17,697.119983
2005-10-18,690.011737
2005-10-19,691.302319
2005-10-20,686.98078
2005-10-21,687.823107
2005-10-24,695.505463
2005-10-25,697.70897
2005-10-26,696.81083
2005-10-27,691.692768
2005-10-28,695.748847
2005-10-31,703.371186
2005-11-01,704.582649
2005-11-02,711.432573
2005-11-03,715.420007
2005-11-04,712.226081
2005-11-07,713.619981
2005-11-08,712.128656
2005-11-09,712.172731
2005-11-10,714.651435
2005-11-11,718.197441
2005-11-14,716.670487
2005-11-15,713.273002
2005-11-16,713.421803
2005-11-17,721.462919
2005-11-18,724.794831
2005-11-21,728.896303
2005-11-22,730.001735
2005-11-23,734.79523
2005-11-24,734.544844
2005-11-25,734.808551
2005-11-28,732.014698
2005-11-29,731.672386
2005-11-30,729.133178
2005-12-01,736.845252
2005-12-02,740.166462
2005-12-05,740.562888
2005-12-06,742.435298
2005-12-07,740.123762
2005-12-08,740.230768
2005-12-09,742.491429
2005-12-12,747.119268
2005-12-13,749.412805
2005-12-14,752.903208
2005-12-15,749.293423
2005-12-16,750.867277
2005-12-19,748.468532
2005-12-20,747.880294
2005-12-21,750.327177
2005-12-22,753.35993
2005-12-23,754.385592
2005-12-26,754.940338
2005-12-27,750.536306
2005-12-28,752.85821
2005-12-29,752.536601
2005-12-30,747.843295
2006-01-02,748.635545
2006-01-03,761.836775
2006-01-04,770.516145
2006-01-05,771.115691
2006-01-06,778.73676
2006-01-09,780.448929
2006-01-10,777.773104
2006-01-11,782.004568
2006-01-12,780.317128
2006-01-13,779.993442
2006-01-16,780.902976
2006-01-17,773.364029
2006-01-18,766.565107
2006-01-19,774.656574
2006-01-20,766.688364
2006-01-23,768.742074
2006-01-24,771.572778
2006-01-25,773.267912
2006-01-26,779.378729
2006-01-27,785.431906
2006-01-30,785.387781
2006-01-31,786.865525
2006-02-01,787.749439
2006-02-02,781.963339
2006-02-03,776.707349
2006-02-06,778.94239
2006-02-07,773.713555
2006-02-08,772.269544
2006-02-09,775.354495
2006-02-10,774.000445
2006-02-13,769.755731
2006-02-14,774.124881
2006-02-15,775.631589
2006-02-16,780.067779
2006-02-17,780.088145
2006-02-20,780.596779
2006-02-21,780.739252
2006-02-22,783.996049
2006-02-23,786.43164
2006-02-24,787.700806
2006-02-27,791.250832
2006-02-28,785.440753
2006-03-01,790.017148
2006-03-02,789.304715
2006-03-03,787.307635
2006-03-06,785.241103
2006-03-07,777.2993
2006-03-08,775.403873
2006-03-09,777.428735
2006-03-10,780.4392
2006-03-13,786.250471
2006-03-14,793.378621
2006-03-15,797.260279
2006-03-16,799.839101
2006-03-17,802.496886
2006-03-20,803.550845
2006-03-21,798.331444
2006-03-22,801.22755
2006-03-23,797.808151
2006-03-24,801.048288
2006-03-27,800.848784
2006-03-28,798.256733
2006-03-29,800.851064
2006-03-30,807.389073
2006-03-31,803.918203
2006-04-03,809.155399
2006-04-04,813.776858
2006-04-05,817.201618
2006-04-06,819.139755
2006-04-07,812.018149
2006-04-10,812.112259
2006-04-11,806.25205
2006-04-12,804.28812
2006-04-13,805.308469
2006-04-14,805.752676
2006-04-17,808.543952
2006-04-18,818.055434
2006-04-19,824.454251
2006-04-20,824.395671
2006-04-21,828.068385
2006-04-24,825.211884
2006-04-25,824.42663
2006-04-26,827.674026
2006-04-27,829.736498
2006-04-28,829.688119
2006-05-01,831.037158
2006-05-02,837.574662
2006-05-03,833.980198
2006-05-04,838.231159
2006-05-05,847.580085
2006-05-08,850.13318
2006-05-09,852.217772
2006-05-10,850.408442
2006-05-11,843.458082
2006-05-12,832.031709
2006-05-15,823.484928
2006-05-16,821.279673
2006-05-17,808.196414
2006-05-18,799.909342
2006-05-19,797.957659
2006-05-22,787.244801
2006-05-23,791.451798
2006-05-24,786.138367
2006-05-25,793.953353
2006-05-26,802.547254
2006-05-29,804.245279
2006-05-30,794.722105
2006-05-31,796.487779
2006-06-01,802.062388
2006-06-02,809.153962
2006-06-05,798.93636
2006-06-06,786.400731
2006-06-07,780.745986
2006-06-08,766.212349
2006-06-09,771.209864
2006-06-12,762.154012
2006-06-13,745.47983
2006-06-14,749.912709
2006-06-15,766.401367
2006-06-16,768.224906
2006-06-19,762.671611
2006-06-20,762.331981
2006-06-21,768.352761
2006-06-22,768.575841
2006-06-23,767.326759
2006-06-26,769.735023
2006-06-27,766.341793
2006-06-28,765.901194
2006-06-29,781.610247
2006-06-30,795.177288
2006-07-03,800.629099
2006-07-04,802.497623
2006-07-05,791.910251
2006-07-06,795.433617
2006-07-07,794.721884
2006-07-10,795.283127
2006-07-11,794.262763
2006-07-12,787.334425
2006-07-13,776.921638
2006-07-14,767.67256
2006-07-17,761.619769
2006-07-18,758.777268
2006-07-19,773.08631
2006-07-20,775.170912
2006-07-21,769.781074
2006-07-24,778.880735
2006-07-25,784.140135
2006-07-26,784.224723
2006-07-27,790.22224
2006-07-28,798.439522
2006-07-31,798.368878
2006-08-01,793.073011
2006-08-02,800.515314
2006-08-03,799.050043
2006-08-04,804.055075
2006-08-07,797.485074
2006-08-08,797.388378
2006-08-09,799.39079
2006-08-10,796.899874
2006-08-11,794.79462
2006-08-14,797.179536
2006-08-15,806.298484
2006-08-16,814.897761
2006-08-17,816.759321
2006-08-18,816.447784
2006-08-21,815.527161
2006-08-22,815.842394
2006-08-23,812.097862
2006-08-24,811.576045
2006-08-25,809.917037
2006-08-28,812.892129
2006-08-29,815.364661
2006-08-30,818.888191
2006-08-31,818.989773
2006-09-01,822.852401
2006-09-04,828.102777
2006-09-05,827.218042
2006-09-06,818.080889
2006-09-07,810.227373
2006-09-08,810.956296
2006-09-11,805.902321
2006-09-12,812.889697
2006-09-13,816.044488
2006-09-14,817.786546
2006-09-15,817.224685
2006-09-18,819.436247
2006-09-19,817.900657
2006-09-20,820.31246
2006-09-21,820.293167
2006-09-22,816.243344
2006-09-25,817.8173
2006-09-26,822.40805
2006-09-27,828.149733
2006-09-28,829.570426
2006-09-29,827.933245
2006-10-02,829.136622
2006-10-03,827.34255
2006-10-04,831.799945
2006-10-05,838.322573
2006-10-06,834.422509
2006-10-09,835.375199
2006-10-10,836.816319
2006-10-11,835.105693
2006-10-12,841.324226
2006-10-13,844.459172
2006-10-16,849.192792
2006-10-17,844.688006
2006-10-18,846.873922
2006-10-19,849.803283
2006-10-20,851.168074
2006-10-23,853.491798
2006-10-24,854.088506
2006-10-25,858.084556
2006-10-26,863.492139
2006-10-27,860.304112
2006-10-30,857.692227
2006-10-31,859.556339
2006-11-01,857.991161
2006-11-02,856.651384
2006-11-03,855.823881
2006-11-06,863.513513
2006-11-07,868.84419
2006-11-08,867.52238
2006-11-09,865.313467
2006-11-10,867.649421
2006-11-13,866.648162
2006-11-14,871.366312
2006-11-15,873.88134
2006-11-16,874.635875
2006-11-17,872.799994
2006-11-20,870.590967
2006-11-21,873.398753
2006-11-22,879.873757
2006-11-23,880.415026
2006-11-24,879.885723
2006-11-27,871.201419
2006-11-28,871.004436
2006-11-29,881.539497
2006-11-30,885.269623
2006-12-01,884.41566
2006-12-04,890.132795
2006-12-05,893.804251
2006-12-06,895.208439
2006-12-07,894.828543
2006-12-08,894.793777
2006-12-11,894.179354
2006-12-12,894.537379
2006-12-13,896.437817
2006-12-14,902.237437
2006-12-15,902.603939
2006-12-18,900.325477
2006-12-19,899.268437
2006-12-20,902.498642
2006-12-21,900.071011
2006-12-22,896.74778
2006-12-25,896.290004
2006-12-26,898.071327
2006-12-27,905.574838
2006-12-28,906.142664
2006-12-29,904.513462
2007-01-01,904.525624
2007-01-02,911.334618
2007-01-03,907.746672
2007-01-04,904.187273
2007-01-05,895.023339
2007-01-08,895.72734
2007-01-09,895.760682
2007-01-10,890.976737
2007-01-11,897.067617
2007-01-12,904.765046
2007-01-15,909.022115
2007-01-16,907.05695
2007-01-17,907.249214
2007-01-18,905.637996
2007-01-19,909.046524
2007-01-22,907.708702
2007-01-23,911.677561
2007-01-24,917.78841
2007-01-25,911.66932
2007-01-26,906.849965
2007-01-29,907.482874
2007-01-30,912.149579
2007-01-31,914.43484
2007-02-01,923.346695
2007-02-02,924.939911
2007-02-05,923.389457
2007-02-06,927.006219
2007-02-07,929.931332
2007-02-08,926.725409
2007-02-09,924.835881
2007-02-12,919.793351
2007-02-13,926.239274
2007-02-14,936.306556
2007-02-15,939.800506
2007-02-16,939.027723
2007-02-19,940.723194
2007-02-20,941.459734
2007-02-21,938.844033
2007-02-22,940.436202
2007-02-23,941.825829
2007-02-26,943.391732
2007-02-27,919.353802
2007-02-28,911.220181
2007-03-01,905.33717
2007-03-02,898.267927
2007-03-05,882.007824
2007-03-06,895.525761
2007-03-07,897.702444
2007-03-08,906.625853
2007-03-09,908.358817
2007-03-12,912.033389
2007-03-13,899.720146
2007-03-14,891.395264
2007-03-15,900.801995
2007-03-16,899.792823
2007-03-19,909.909755
2007-03-20,916.145502
2007-03-21,925.79419
2007-03-22,933.779392
2007-03-23,935.14177
2007-03-26,934.522945
2007-03-27,930.928239
2007-03-28,926.191556
2007-03-29,929.99748
2007-03-30,929.88537
2007-04-02,931.978456
2007-04-03,940.466409
2007-04-04,944.548218
2007-04-05,947.424316
2007-04-06,947.24579
2007-04-09,947.057725
2007-04-10,952.487785
2007-04-11,949.764679
2007-04-12,952.686259
2007-04-13,955.75394
2007-04-16,966.69611
2007-04-17,967.725695
2007-04-18,968.456897
2007-04-19,963.956624
2007-04-20,972.730261
2007-04-23,971.383415
2007-04-24,969.687085
2007-04-25,976.378498
2007-04-26,975.572275
2007-04-27,974.243234
2007-04-30,970.1455
2007-05-01,968.987788
2007-05-02,975.487711
2007-05-03,978.604909
2007-05-04,983.9064
2007-05-07,988.62672
2007-05-08,983.183644
2007-05-09,987.543797
2007-05-10,977.307641
2007-05-11,982.422496
2007-05-14,982.35125
2007-05-15,982.210571
2007-05-16,985.403857
2007-05-17,983.970579
2007-05-18,989.348754
2007-05-21,991.529597
2007-05-22,993.238237
2007-05-23,996.220641
2007-05-24,986.255506
2007-05-25,988.049178
2007-05-28,989.448288
2007-05-29,992.324473
2007-05-30,993.572642
2007-05-31,1000
2007-06-01,1006.265733
2007-06-04,1009.259938
2007-06-05,1006.202182
2007-06-06,995.873784
2007-06-07,982.354748
2007-06-08,982.103984
2007-06-11,985.715928
2007-06-12,978.11306
2007-06-13,984.55062
2007-06-14,993.974947
2007-06-15,1004.253632
2007-06-18,1005.535885
2007-06-19,1005.796999
2007-06-20,1001.04246
2007-06-21,1000.929009
2007-06-22,994.152821
2007-06-25,990.620111
2007-06-26,986.991865
2007-06-27,987.16189
2007-06-28,993.027
2007-06-29,996.537513
2007-07-02,1006.269639
2007-07-03,1011.933919
2007-07-04,1014.282986
2007-07-05,1012.940059
2007-07-06,1017.780458
2007-07-09,1021.471655
2007-07-10,1013.92634
2007-07-11,1015.170592
2007-07-12,1028.469208
2007-07-13,1034.484808
2007-07-16,1033.087903
2007-07-17,1031.81064
2007-07-18,1026.984063
2007-07-19,1034.166582
2007-07-20,1027.61806
2007-07-23,1030.219429
2007-07-24,1016.31798
2007-07-25,1011.01536
2007-07-26,988.703375
2007-07-27,972.070943
2007-07-30,977.989126
2007-07-31,980.640955
2007-08-01,972.069858
2007-08-02,977.434912
2007-08-03,964.16864
2007-08-06,968.511646
2007-08-07,974.027367
2007-08-08,991.322566
2007-08-09,971.231951
2007-08-10,955.536969
2007-08-13,960.659895
2007-08-14,946.720239
2007-08-15,931.476013
2007-08-16,914.863042
2007-08-17,928.50851
2007-08-20,937.139851
2007-08-21,940.133219
2007-08-22,953.160554
2007-08-23,959.06551
2007-08-24,966.758092
2007-08-27,966.038971
2007-08-28,949.57975
2007-08-29,958.765237
2007-08-30,961.760452
2007-08-31,975.990696
2007-09-03,977.298876
2007-09-04,983.011477
2007-09-05,973.1102
2007-09-06,977.780294
2007-09-07,965.869565
2007-09-10,959.363413
2007-09-11,972.581152
2007-09-12,974.966377
2007-09-13,980.514381
2007-09-14,979.802863
2007-09-17,971.74958
2007-09-18,987.166322
2007-09-19,1007.237511
2007-09-20,1007.670052
2007-09-21,1010.686329
2007-09-24,1010.469346
2007-09-25,1009.100758
2007-09-26,1014.404399
2007-09-27,1024.542725
2007-09-28,1025.973378
2007-10-01,1036.085386
2007-10-02,1039.365591
2007-10-03,1037.423676
2007-10-04,1037.132166
2007-10-05,1047.830573
2007-10-08,1043.458735
2007-10-09,1051.175576
2007-10-10,1053.997746
2007-10-11,1057.868558
2007-10-12,1056.845619
2007-10-15,1052.200829
2007-10-16,1041.353765
2007-10-17,1044.764556
2007-10-18,1046.337043
2007-10-19,1028.916293
2007-10-22,1019.342415
2007-10-23,1033.201735
2007-10-24,1029.576473
2007-10-25,1035.121994
2007-10-26,1050.47342
2007-10-29,1060.227143
2007-10-30,1054.964062
2007-10-31,1066.722573
2007-11-01,1049.211007
2007-11-02,1044.479334
2007-11-05,1035.240198
2007-11-06,1046.509572
2007-11-07,1034.142123
2007-11-08,1027.40678
2007-11-09,1014.279187
2007-11-12,997.446952
2007-11-13,1012.257771
2007-11-14,1019.261371
2007-11-15,1005.260273
2007-11-16,1001.18212
2007-11-19,984.667269
2007-11-20,992.458918
2007-11-21,973.268815
2007-11-22,975.26614
2007-11-23,986.607566
2007-11-26,980.452396
2007-11-27,984.10625
2007-11-28,1003.112675
2007-11-29,1010.193125
2007-11-30,1017.418662
2007-12-03,1013.620042
2007-12-04,1007.498351
2007-12-05,1018.806008
2007-12-06,1028.13771
2007-12-07,1031.845058
2007-12-10,1037.429928
2007-12-11,1025.231878
2007-12-12,1026.393023
2007-12-13,1011.895881
2007-12-14,999.222966
2007-12-17,978.54209
2007-12-18,981.73737
2007-12-19,980.127399
2007-12-20,982.781298
2007-12-21,997.936791
2007-12-24,1005.059657
2007-12-25,1006.697701
2007-12-26,1010.556605
2007-12-27,1006.13246
2007-12-28,1008.712695
2007-12-31,1005.492084
2008-01-01,1005.555271
2008-01-02,998.880957
2008-01-03,996.575797
2008-01-04,977.336801
2008-01-07,971.751808
2008-01-08,966.612829
2008-01-09,968.202957
2008-01-10,967.886044
2008-01-11,959.118749
2008-01-14,967.528934
2008-01-15,945.378288
2008-01-16,927.448148
2008-01-17,915.358389
2008-01-18,908.853348
2008-01-21,879.756342
2008-01-22,874.718603
2008-01-23,880.144693
2008-01-24,905.68403
2008-01-25,908.325824
2008-01-28,909.153705
2008-01-29,919.102457
2008-01-30,912.942115
2008-01-31,922.740891
2008-02-01,938.079686
2008-02-04,938.649549
2008-02-05,910.731181
2008-02-06,902.187528
2008-02-07,897.115505
2008-02-08,896.05216
2008-02-11,895.005208
2008-02-12,909.308353
2008-02-13,914.871899
2008-02-14,917.215203
2008-02-15,913.558718
2008-02-18,917.726647
2008-02-19,923.201675
2008-02-20,916.716867
2008-02-21,920.184126
2008-02-22,920.659123
2008-02-25,934.743812
2008-02-26,944.414478
2008-02-27,952.159542
2008-02-28,945.105211
2008-02-29,926.473728
2008-03-03,916.657415
2008-03-04,910.949806
2008-03-05,918.47068
2008-03-06,909.923156
2008-03-07,897.230459
2008-03-10,882.933903
2008-03-11,902.082942
2008-03-12,908.899387
2008-03-13,905.297065
2008-03-14,892.964953
2008-03-17,871.893168
2008-03-18,899.118179
2008-03-19,885.61882
2008-03-20,886.326031
2008-03-21,888.437893
2008-03-24,896.567801
2008-03-25,916.905915
2008-03-26,917.22947
2008-03-27,915.576343
2008-03-28,911.664038
2008-03-31,912.295074
2008-04-01,929.933481
2008-04-02,939.523102
2008-04-03,942.316428
2008-04-04,946.436255
2008-04-07,951.089448
2008-04-08,944.025365
2008-04-09,937.861663
2008-04-10,940.416361
2008-04-11,930.476682
2008-04-14,923.569332
2008-04-15,927.495736
2008-04-16,948.587938
2008-04-17,947.510103
2008-04-18,956.863167
2008-04-21,962.187086
2008-04-22,956.928893
2008-04-23,958.040571
2008-04-24,955.924745
2008-04-25,964.128211
2008-04-28,967.023998
2008-04-29,961.203062
2008-04-30,961.955367
2008-05-01,966.220084
2008-05-02,975.453395
2008-05-05,975.639138
2008-05-06,980.653595
2008-05-07,972.187671
2008-05-08,974.100185
2008-05-09,966.413986
2008-05-12,974.366412
2008-05-13,975.548199
2008-05-14,978.463383
2008-05-15,988.169371
2008-05-16,995.5332
2008-05-19,999.482873
2008-05-20,991.457466
2008-05-21,983.159437
2008-05-22,983.408097
2008-05-23,973.084222
2008-05-26,968.63453
2008-05-27,969.635992
2008-05-28,971.422375
2008-05-29,975.188086
2008-05-30,979.427423
2008-06-02,973.886694
2008-06-03,968.689556
2008-06-04,965.348734
2008-06-05,974.691222
2008-06-06,962.000302
2008-06-09,955.844199
2008-06-10,941.810921
2008-06-11,932.049232
2008-06-12,927.922519
2008-06-13,934.949579
2008-06-16,940.859546
2008-06-17,942.525454
2008-06-18,935.337252
2008-06-19,930.872656
2008-06-20,918.404594
2008-06-23,913.418808
2008-06-24,910.083675
2008-06-25,915.971407
2008-06-26,901.465307
2008-06-27,896.760616
2008-06-30,898.662443
2008-07-01,891.620786
2008-07-02,880.124487
2008-07-03,875.612629
2008-07-04,872.255966
2008-07-07,871.460846
2008-07-08,871.108493
2008-07-09,869.837008
2008-07-10,869.097318
2008-07-11,862.355888
2008-07-14,859.810755
2008-07-15,847.839891
2008-07-16,855.997131
2008-07-17,870.103164
2008-07-18,870.455228
2008-07-21,876.357765
2008-07-22,881.146909
2008-07-23,886.982814
2008-07-24,874.124402
2008-07-25,870.711338
2008-07-28,862.339527
2008-07-29,866.014067
2008-07-30,880.1825
2008-07-31,876.144244
2008-08-01,867.290861
2008-08-04,857.396282
2008-08-05,868.698036
2008-08-06,875.223393
2008-08-07,865.179441
2008-08-08,867.196328
2008-08-11,874.414361
2008-08-12,866.374723
2008-08-13,857.547338
2008-08-14,861.842494
2008-08-15,858.543961
2008-08-18,853.008732
2008-08-19,839.539187
2008-08-20,845.821856
2008-08-21,848.173479
2008-08-22,853.776442
2008-08-25,845.557787
2008-08-26,843.206014
2008-08-27,849.698885
2008-08-28,859.719661
2008-08-29,858.647792
2008-09-01,851.470115
2008-09-02,846.770015
2008-09-03,839.813301
2008-09-04,817.628185
2008-09-05,808.651099
2008-09-08,827.216504
2008-09-09,805.026292
2008-09-10,804.16855
2008-09-11,801.331201
2008-09-12,814.05165
2008-09-15,785.198115
2008-09-16,776.895942
2008-09-17,754.673067
2008-09-18,769.98163
2008-09-19,815.660555
2008-09-22,803.615627
2008-09-23,792.723149
2008-09-24,789.183878
2008-09-25,799.366197
2008-09-26,791.679456
2008-09-29,738.478846
2008-09-30,749.788682
2008-10-01,750.348648
2008-10-02,722.950565
2008-10-03,718.557343
2008-10-06,674.794665
2008-10-07,654.057025
2008-10-08,628.624582
2008-10-09,603.748085
2008-10-10,576.128281
2008-10-13,628.384547
2008-10-14,645.53738
2008-10-15,600.03097
2008-10-16,588.960804
2008-10-17,595.316107
2008-10-20,618.769447
2008-10-21,607.965627
2008-10-22,568.898368
2008-10-23,566.021468
2008-10-24,540.254596
2008-10-27,516.531855
2008-10-28,551.433075
2008-10-29,571.808795
2008-10-30,593.288289
2008-10-31,598.112647
2008-11-03,602.202931
2008-11-04,629.262945
2008-11-05,615.147336
2008-11-06,579.248145
2008-11-07,587.631068
2008-11-10,589.773933
2008-11-11,568.063595
2008-11-12,545.489309
2008-11-13,558.677389
2008-11-14,550.046062
2008-11-17,537.89969
2008-11-18,536.986568
2008-11-19,513.113148
2008-11-20,482.519687
2008-11-21,496.205285
2008-11-24,528.2177
2008-11-25,537.537219
2008-11-26,547.277294
2008-11-27,552.924555
2008-11-28,557.665121
2008-12-01,520.506564
2008-12-02,528.939714
2008-12-03,536.924549
2008-12-04,527.86152
2008-12-05,530.361999
2008-12-08,559.928429
2008-12-09,555.635233
2008-12-10,564.988337
2008-12-11,561.131721
2008-12-12,556.52262
2008-12-15,560.432976
2008-12-16,576.332363
2008-12-17,584.234456
2008-12-18,579.765576
2008-12-19,572.358481
2008-12-22,562.823675
2008-12-23,559.17989
2008-12-24,559.006374
2008-12-25,559.643183
2008-12-26,562.276311
2008-12-29,566.782504
2008-12-30,576.532864
2008-12-31,579.721113
2009-01-01,579.853297
2009-01-02,595.348814
2009-01-05,596.655171
2009-01-06,600.465454
2009-01-07,593.489928
2009-01-08,591.499407
2009-01-09,581.559436
2009-01-12,568.394617
2009-01-13,560.989972
2009-01-14,544.85123
2009-01-15,538.882593
2009-01-16,547.19797
2009-01-19,543.400552
2009-01-20,520.295119
2009-01-21,529.659789
2009-01-22,524.766509
2009-01-23,521.24131
2009-01-26,531.147879
2009-01-27,538.62457
2009-01-28,553.971483
2009-01-29,541.777621
2009-01-30,530.866055
2009-02-02,524.451275
2009-02-03,533.262627
2009-02-04,536.786126
2009-02-05,539.717428
2009-02-06,552.119731
2009-02-09,556.11201
2009-02-10,538.517147
2009-02-11,537.206841
2009-02-12,532.293937
2009-02-13,533.140757
2009-02-16,529.321622
2009-02-17,507.322655
2009-02-18,503.654297
2009-02-19,503.130779
2009-02-20,491.665219
2009-02-23,483.265946
2009-02-24,488.747886
2009-02-25,486.576319
2009-02-26,486.267855
2009-02-27,478.88557
2009-03-02,455.464119
2009-03-03,450.544124
2009-03-04,462.124138
2009-03-05,448.968135
2009-03-06,447.267287
2009-03-09,441.689485
2009-03-10,464.126138
2009-03-11,468.445387
2009-03-12,477.597317
2009-03-13,484.92867
2009-03-16,490.754079
2009-03-17,498.888875
2009-03-18,505.443324
2009-03-19,514.948153
2009-03-20,506.639585
2009-03-23,532.389758
2009-03-24,528.824982
2009-03-25,532.918982
2009-03-26,542.161409
2009-03-27,531.706564
2009-03-30,510.766265
2009-03-31,518.654803
2009-04-01,526.927503
2009-04-02,550.479314
2009-04-03,552.673016
2009-04-06,549.494082
2009-04-07,539.641258
2009-04-08,541.000128
2009-04-09,558.94149
2009-04-10,559.621199
2009-04-13,562.710219
2009-04-14,560.473412
2009-04-15,561.712856
2009-04-16,569.466859
2009-04-17,572.401539
2009-04-20,552.597194
2009-04-21,556.869654
2009-04-22,558.167097
2009-04-23,562.953101
2009-04-24,574.571156
2009-04-27,569.500547
2009-04-28,562.983973
2009-04-29,577.21062
2009-04-30,582.994908
2009-05-01,584.764978
2009-05-04,603.70899
2009-05-05,604.806268
2009-05-06,612.59211
2009-05-07,612.1825
2009-05-08,625.011316
2009-05-11,619.055651
2009-05-12,617.660815
2009-05-13,603.417077
2009-05-14,603.637848
2009-05-15,604.588789
2009-05-18,616.128012
2009-05-19,624.601253
2009-05-20,629.232699
2009-05-21,618.921419
2009-05-22,621.490831
2009-05-25,622.574384
2009-05-26,631.268203
2009-05-27,629.147881
2009-05-28,631.396387
2009-05-29,641.33305
2009-06-01,658.818561
2009-06-02,661.830214
2009-06-03,651.415662
2009-06-04,653.324481
2009-06-05,651.639028
2009-06-08,645.789319
2009-06-09,650.195331
2009-06-10,654.723125
2009-06-11,660.441216
2009-06-12,658.900278
2009-06-15,641.901779
2009-06-16,636.178931
2009-06-17,630.421829
2009-06-18,633.204335
2009-06-19,637.478424
2009-06-22,621.095786
2009-06-23,619.066251
2009-06-24,628.506642
2009-06-25,633.630859
2009-06-26,638.894572
2009-06-29,642.951287
2009-06-30,638.896962
2009-07-01,645.547364
2009-07-02,630.330953
2009-07-03,629.810477
2009-07-06,624.677227
2009-07-07,618.29706
2009-07-08,611.843108
2009-07-09,615.222633
2009-07-10,611.874843
2009-07-13,618.059675
2009-07-14,626.282267
2009-07-15,644.570537
2009-07-16,650.224283
2009-07-17,652.056218
2009-07-20,662.300004
2009-07-21,667.799586
2009-07-22,668.062968
2009-07-23,681.036189
2009-07-24,683.020603
2009-07-27,686.840156
2009-07-28,684.903214
2009-07-29,680.722355
2009-07-30,690.758101
2009-07-31,695.484102
2009-08-03,710.033731
2009-08-04,710.64946
2009-08-05,707.462571
2009-08-06,705.958384
2009-08-07,708.395489
2009-08-10,707.037295
2009-08-11,699.890392
2009-08-12,705.111857
2009-08-13,714.209752
2009-08-14,709.74831
2009-08-17,688.892067
2009-08-18,695.960301
2009-08-19,699.090737
2009-08-20,707.988667
2009-08-21,719.07487
2009-08-24,724.99468
2009-08-25,726.51009
2009-08-26,723.723516
2009-08-27,722.487883
2009-08-28,728.216744
2009-08-31,721.95183
2009-09-01,710.971598
2009-09-02,705.269793
2009-09-03,709.913989
2009-09-04,717.799609
2009-09-07,724.733269
2009-09-08,734.329879
2009-09-09,739.238959
2009-09-10,745.170166
2009-09-11,748.586326
2009-09-14,747.307913
2009-09-15,749.635567
2009-09-16,762.61884
2009-09-17,765.387378
2009-09-18,763.69218
2009-09-21,757.900405
2009-09-22,766.521076
2009-09-23,762.708805
2009-09-24,752.611064
2009-09-25,748.708823
2009-09-28,755.725266
2009-09-29,755.480545
2009-09-30,756.44415
2009-10-01,741.211164
2009-10-02,732.388157
2009-10-05,739.490031
2009-10-06,754.499661
2009-10-07,755.838751
2009-10-08,765.681867
2009-10-09,767.89652
2009-10-12,771.770732
2009-10-13,769.744279
2009-10-14,783.906473
2009-10-15,786.473053
2009-10-16,779.340237
2009-10-19,788.804493
2009-10-20,785.420475
2009-10-21,783.287976
2009-10-22,782.778981
2009-10-23,777.313365
2009-10-26,769.073015
2009-10-27,761.573288
2009-10-28,744.543696
2009-10-29,756.248156
2009-10-30,743.029854
2009-11-02,744.174918
2009-11-03,740.965412
2009-11-04,749.737265
2009-11-05,758.233788
2009-11-06,761.026287
2009-11-09,778.300126
2009-11-10,777.8377
2009-11-11,782.214955
2009-11-12,774.852358
2009-11-13,779.003633
2009-11-16,791.465686
2009-11-17,787.643389
2009-11-18,789.007558
2009-11-19,775.84986
2009-11-20,771.976895
2009-11-23,784.816116
2009-11-24,780.882544
2009-11-25,787.49513
2009-11-26,776.467462
2009-11-27,768.451442
2009-11-30,772.268939
2009-12-01,787.936194
2009-12-02,790.438591
2009-12-03,788.843632
2009-12-04,788.103932
2009-12-07,785.998973
2009-12-08,776.937368
2009-12-09,774.818735
2009-12-10,777.730065
2009-12-11,779.631337
2009-12-14,786.091384
2009-12-15,781.741687
2009-12-16,786.278832
2009-12-17,772.837799
2009-12-18,771.914777
2009-12-21,778.372545
2009-12-22,781.340042
2009-12-23,786.860251
2009-12-24,791.20527
2009-12-25,790.926349
2009-12-28,794.386202
2009-12-29,795.437162
2009-12-30,791.761629
2009-12-31,790.820983
2010-01-01,790.820983
2010-01-04,805.110778
2010-01-05,808.377727
2010-01-06,809.7805
2010-01-07,809.037209
2010-01-08,812.573723
2010-01-11,818.962906
2010-01-12,813.2905
2010-01-13,814.110023
2010-01-14,818.094904
2010-01-15,810.780343
2010-01-18,812.369223
2010-01-19,815.578045
2010-01-20,803.140944
2010-01-21,791.196885
2010-01-22,779.341129
2010-01-25,778.424573
2010-01-26,772.683676
2010-01-27,770.016435
2010-01-28,764.365141
2010-01-29,758.356234
2010-02-01,764.219493
2010-02-02,774.164678
2010-02-03,772.012285
2010-02-04,750.18601
2010-02-05,740.887674
2010-02-08,738.442104
2010-02-09,745.080219
2010-02-10,745.966557
2010-02-11,751.530958
2010-02-12,751.394521
2010-02-15,751.704174
2010-02-16,762.736726
2010-02-17,769.436096
2010-02-18,772.295037
2010-02-19,768.757411
2010-02-22,773.099375
2010-02-23,766.13889
2010-02-24,768.287181
2010-02-25,762.125543
2010-02-26,768.758853
2010-03-01,774.871651
2010-03-02,781.660451
2010-03-03,787.201005
2010-03-04,785.906546
2010-03-05,796.275004
2010-03-08,799.985252
2010-03-09,799.760397
2010-03-10,804.499258
2010-03-11,805.730253
2010-03-12,808.858157
2010-03-15,804.724435
2010-03-16,812.51964
2010-03-17,819.429894
2010-03-18,815.554607
2010-03-19,811.426158
2010-03-22,812.677097
2010-03-23,817.718971
2010-03-24,811.205066
2010-03-25,811.530664
2010-03-26,812.962877
2010-03-29,818.958016
2010-03-30,819.96081
2010-03-31,819.583568
2010-04-01,828.38443
2010-04-02,828.858818
2010-04-05,833.127777
2010-04-06,834.312041
2010-04-07,832.225438
2010-04-08,830.373863
2010-04-09,838.310088
2010-04-12,841.688957
2010-04-13,838.983738
2010-04-14,848.707463
2010-04-15,850.45207
2010-04-16,837.648354
2010-04-19,832.251185
2010-04-20,840.187919
2010-04-21,839.807615
2010-04-22,836.091786
2010-04-23,840.907466
2010-04-26,843.965564
2010-04-27,826.924351
2010-04-28,820.329371
2010-04-29,830.10926
2010-04-30,824.636435
2010-05-03,826.371375
2010-05-04,805.943153
2010-05-05,795.570308
2010-05-06,773.949731
2010-05-07,755.665609
2010-05-10,792.439415
2010-05-11,787.25605
2010-05-12,797.387554
2010-05-13,794.74306
2010-05-14,776.124335
2010-05-17,769.144356
2010-05-18,766.19474
2010-05-19,753.322344
2010-05-20,730.543508
2010-05-21,737.00281
2010-05-24,731.978616
2010-05-25,718.817148
2010-05-26,724.901333
2010-05-27,746.647795
2010-05-28,745.381732
2010-05-31,746.216549
2010-06-01,737.38361
2010-06-02,743.867197
2010-06-03,752.821974
2010-06-04,732.7884
2010-06-07,718.491156
2010-06-08,720.803101
2010-06-09,724.35515
2010-06-10,740.851496
2010-06-11,745.569954
2010-06-14,753.603646
2010-06-15,764.847954
2010-06-16,766.784655
2010-06-17,768.045717
2010-06-18,770.28701
2010-06-21,775.569397
2010-06-22,765.195162
2010-06-23,759.021914
2010-06-24,750.23329
2010-06-25,748.744062
2010-06-28,750.839463
2010-06-29,727.130815
2010-06-30,722.392043
2010-07-01,718.221156
2010-07-02,718.870132
2010-07-05,717.302249
2010-07-06,728.882892
2010-07-07,741.197834
2010-07-08,750.297956
2010-07-09,755.706129
2010-07-12,755.309157
2010-07-13,766.769378
2010-07-14,769.509217
2010-07-15,768.961324
2010-07-16,753.949676
2010-07-19,753.150867
2010-07-20,756.84137
2010-07-21,754.839353
2010-07-22,769.143224
2010-07-23,775.040245
2010-07-26,783.452637
2010-07-27,784.315176
2010-07-28,782.978462
2010-07-29,782.8671
2010-07-30,780.743924
2010-08-02,799.03343
2010-08-03,798.982061
2010-08-04,799.402431
2010-08-05,799.507089
2010-08-06,799.120723
2010-08-09,803.469904
2010-08-10,793.757271
2010-08-11,772.096819
2010-08-12,767.29562
2010-08-13,766.216492
2010-08-16,768.624252
2010-08-17,777.500609
2010-08-18,778.32214
2010-08-19,770.56488
2010-08-20,762.203043
2010-08-23,761.38225
2010-08-24,751.675692
2010-08-25,747.928316
2010-08-26,750.247486
2010-08-27,758.300453
2010-08-30,754.954316
2010-08-31,752.949884
2010-09-01,773.692502
2010-09-02,779.282059
2010-09-03,787.822316
2010-09-06,791.636871
2010-09-07,783.236579
2010-09-08,786.264577
2010-09-09,791.516596
2010-09-10,793.359513
2010-09-13,805.329658
2010-09-14,807.638182
2010-09-15,808.568987
2010-09-16,806.465421
2010-09-17,806.844198
2010-09-20,817.312019
2010-09-21,816.000156
2010-09-22,816.770245
2010-09-23,812.222807
2010-09-24,825.161705
2010-09-27,824.875008
2010-09-28,827.85647
2010-09-29,829.109574
2010-09-30,826.965164
2010-10-01,831.162416
2010-10-04,826.065245
2010-10-05,841.049845
2010-10-06,845.723748
2010-10-07,846.007462
2010-10-08,848.235161
2010-10-11,849.50688
2010-10-12,847.082199
2010-10-13,857.973646
2010-10-14,861.312555
2010-10-15,858.959147
2010-10-18,860.717364
2010-10-19,847.521612
2010-10-20,855.862017
2010-10-21,858.019282
2010-10-22,857.222187
2010-10-25,862.654181
2010-10-26,859.255027
2010-10-27,851.546768
2010-10-28,856.075617
2010-10-29,857.258697
2010-11-01,859.329366
2010-11-02,866.371243
2010-11-03,867.334783
2010-11-04,887.138864
2010-11-05,888.668947
2010-11-08,886.906835
2010-11-09,885.172281
2010-11-10,879.983706
2010-11-11,877.711708
2010-11-12,868.445046
2010-11-15,867.260139
2010-11-16,851.923018
2010-11-17,852.782314
2010-11-18,866.479799
2010-11-19,867.544528
2010-11-22,866.072215
2010-11-23,851.373674
2010-11-24,859.285338
2010-11-25,860.758866
2010-11-26,851.058516
2010-11-29,845.555734
2010-11-30,840.857653
2010-12-01,857.169046
2010-12-02,871.558513
2010-12-03,878.609716
2010-12-06,878.221289
2010-12-07,881.582739
2010-12-08,878.215488
2010-12-09,881.097624
2010-12-10,884.467197
2010-12-13,890.505096
2010-12-14,892.571034
2010-12-15,887.044815
2010-12-16,886.582197
2010-12-17,886.075701
2010-12-20,886.791956
2010-12-21,895.237676
2010-12-22,896.983882
2010-12-23,897.048526
2010-12-24,897.451251
2010-12-27,896.572359
2010-12-28,898.145347
2010-12-29,901.808651
2010-12-30,901.721442
2010-12-31,904.265737
2011-01-03,910.657489
2011-01-04,910.925066
2011-01-05,908.316777
2011-01-06,906.778548
2011-01-07,904.507697
2011-01-10,900.359325
2011-01-11,905.208966
2011-01-12,916.919705
2011-01-13,920.983286
2011-01-14,922.930561
2011-01-17,921.516808
2011-01-18,927.163758
2011-01-19,922.401276
2011-01-20,911.574267
2011-01-21,914.803276
2011-01-24,920.592503
2011-01-25,919.795947
2011-01-26,925.682891
2011-01-27,927.469251
2011-01-28,914.204613
2011-01-31,917.021729
2011-02-01,931.943466
2011-02-02,933.884566
2011-02-03,932.176753
2011-02-04,933.121132
2011-02-07,938.127642
2011-02-08,942.853198
2011-02-09,938.142661
2011-02-10,933.37824
2011-02-11,935.760177
2011-02-14,940.050486
2011-02-15,939.267831
2011-02-16,944.550842
2011-02-17,949.59452
2011-02-18,952.408979
2011-02-21,949.566974
2011-02-22,934.809436
2011-02-23,928.645558
2011-02-24,926.050579
2011-02-25,936.88513
2011-02-28,943.985042
2011-03-01,937.934891
2011-03-02,936.610544
2011-03-03,947.129966
2011-03-04,946.422232
2011-03-07,939.755772
2011-03-08,941.738211
2011-03-09,941.075969
2011-03-10,922.775445
2011-03-11,922.96735
2011-03-14,915.054824
2011-03-15,894.386889
2011-03-16,888.555829
2011-03-17,899.470888
2011-03-18,905.53467
2011-03-21,919.631059
2011-03-22,922.873838
2011-03-23,923.564017
2011-03-24,932.329135
2011-03-25,934.777996
2011-03-28,931.675501
2011-03-29,934.484578
2011-03-30,944.056499
2011-03-31,945.128926
2011-04-01,950.508356
2011-04-04,954.343329
2011-04-05,953.641489
2011-04-06,957.651055
2011-04-07,955.085568
2011-04-08,958.962597
2011-04-11,956.317964
2011-04-12,944.586896
2011-04-13,948.702476
2011-04-14,947.734402
2011-04-15,948.962791
2011-04-18,934.156855
2011-04-19,939.202308
2011-04-20,958.088469
2011-04-21,966.219512
2011-04-22,966.301417
2011-04-25,964.023464
2011-04-26,969.630647
2011-04-27,972.55846
2011-04-28,980.674905
2011-04-29,983.508396
2011-05-02,985.338151
2011-05-03,977.338822
2011-05-04,968.84426
2011-05-05,958.834342
2011-05-06,961.614992
2011-05-09,958.990651
2011-05-10,967.584926
2011-05-11,962.047262
2011-05-12,956.643581
2011-05-13,951.400642
2011-05-16,946.157241
2011-05-17,941.164633
2011-05-18,950.446447
2011-05-19,952.457895
2011-05-20,947.238895
2011-05-23,930.347964
2011-05-24,932.641169
2011-05-25,934.952393
2011-05-26,941.263456
2011-05-27,950.061633
2011-05-30,950.239416
2011-05-31,962.333832
2011-06-01,950.644814
2011-06-02,943.902603
2011-06-03,939.979913
2011-06-06,932.6866
2011-06-07,934.618484
2011-06-08,927.147691
2011-06-09,930.448365
2011-06-10,917.183575
2011-06-13,916.432378
2011-06-14,928.492861
2011-06-15,914.5882
2011-06-16,905.887521
2011-06-17,909.603668
2011-06-20,909.553591
2011-06-21,923.979355
2011-06-22,923.112402
2011-06-23,911.359856
2011-06-24,908.831849
2011-06-27,912.054135
2011-06-28,922.319735
2011-06-29,934.373589
2011-06-30,946.364096
2011-07-01,955.521129
2011-07-04,959.764424
2011-07-05,958.3213
2011-07-06,955.904883
2011-07-07,963.355235
2011-07-08,957.407695
2011-07-11,937.479881
2011-07-12,930.544629
2011-07-13,940.643761
2011-07-14,934.100121
2011-07-15,935.694923
2011-07-18,924.204905
2011-07-19,937.20066
2011-07-20,942.497717
2011-07-21,954.820969
2011-07-22,959.251361
2011-07-25,953.71951
2011-07-26,955.3043
2011-07-27,939.752947
2011-07-28,935.351397
2011-07-29,930.687747
2011-08-01,926.568083
2011-08-02,906.708218
2011-08-03,900.390692
2011-08-04,862.623423
2011-08-05,849.116178
2011-08-08,804.272783
2011-08-09,822.696585
2011-08-10,803.864774
2011-08-11,827.469666
2011-08-12,836.199504
2011-08-15,854.136542
2011-08-16,849.250081
2011-08-17,852.161021
2011-08-18,816.162506
2011-08-19,803.276682
2011-08-22,802.345755
2011-08-23,821.242405
2011-08-24,827.090976
2011-08-25,817.789286
2011-08-26,824.012925
2011-08-29,845.368268
2011-08-30,849.965654
2011-08-31,861.050345
2011-09-01,855.977627
2011-09-02,837.038566
2011-09-05,820.82574
2011-09-06,813.292627
2011-09-07,835.628561
2011-09-08,833.363523
2011-09-09,809.865353
2011-09-12,800.311648
2011-09-13,807.424999
2011-09-14,812.427187
2011-09-15,828.322327
2011-09-16,833.947844
2011-09-19,818.899972
2011-09-20,821.195409
2011-09-21,804.52874
2011-09-22,768.703907
2011-09-23,769.900189
2011-09-26,776.780816
2011-09-27,800.36434
2011-09-28,789.325336
2011-09-29,794.277626
2011-09-30,777.051166
2011-10-03,754.97099
2011-10-04,753.829331
2011-10-05,767.459297
2011-10-06,787.622649
2011-10-07,790.499444
2011-10-10,811.000288
2011-10-11,814.28811
2011-10-12,826.271853
2011-10-13,823.47661
2011-10-14,834.545711
2011-10-17,825.894496
2011-10-18,828.16656
2011-10-19,826.997532
2011-10-20,819.393528
2011-10-21,837.470381
2011-10-24,852.565632
2011-10-25,842.874613
2011-10-26,846.690129
2011-10-27,881.641021
2011-10-28,885.252731
2011-10-31,861.207191
2011-11-01,832.040722
2011-11-02,842.473745
2011-11-03,853.283525
2011-11-04,853.094106
2011-11-07,854.159873
2011-11-08,860.863461
2011-11-09,837.772857
2011-11-10,834.020018
2011-11-11,852.361501
2011-11-14,846.288286
2011-11-15,843.810227
2011-11-16,835.283387
2011-11-17,824.436658
2011-11-18,819.40751
2011-11-21,800.439292
2011-11-22,797.872606
2011-11-23,779.909983
2011-11-24,778.474367
2011-11-25,775.662961
2011-11-28,799.971377
2011-11-29,805.318452
2011-11-30,835.366606
2011-12-01,838.182124
2011-12-02,840.547744
2011-12-05,848.715425
2011-12-06,843.630333
2011-12-07,846.502108
2011-12-08,830.815312
2011-12-09,837.645217
2011-12-12,825.276898
2011-12-13,817.960713
2011-12-14,803.913656
2011-12-15,805.657824
2011-12-16,809.106272
2011-12-19,799.979779
2011-12-20,819.536297
2011-12-21,821.599484
2011-12-22,827.579569
2011-12-23,833.74754
2011-12-26,834.092384
2011-12-27,834.353312
2011-12-28,823.43105
2011-12-29,829.569635
2011-12-30,832.920488
2012-01-02,835.026891
2012-01-03,849.783209
2012-01-04,847.920137
2012-01-05,843.761873
2012-01-06,840.176919
2012-01-09,841.365549
2012-01-10,852.706804
2012-01-11,851.163138
2012-01-12,853.787896
2012-01-13,849.80165
2012-01-16,850.613299
2012-01-17,858.338228
2012-01-18,866.293386
2012-01-19,874.172608
2012-01-20,876.289928
2012-01-23,881.000494
2012-01-24,877.645981
2012-01-25,882.149804
2012-01-26,888.249421
2012-01-27,886.4673
2012-01-30,880.779644
2012-01-31,883.630646
2012-02-01,895.85649
2012-02-02,899.186446
2012-02-03,908.555959
2012-02-06,908.308014
2012-02-07,911.13657
2012-02-08,914.531419
2012-02-09,916.462146
2012-02-10,905.358896
2012-02-13,912.790288
2012-02-14,908.691427
2012-02-15,910.62459
2012-02-16,913.327427
2012-02-17,919.499584
2012-02-20,925.125508
2012-02-21,923.618152
2012-02-22,920.210515
2012-02-23,923.537335
2012-02-24,928.117872
2012-02-27,925.653437
2012-02-28,929.740299
2012-02-29,928.072287
2012-03-01,931.299921
2012-03-02,927.674073
2012-03-05,922.137771
2012-03-06,902.814127
2012-03-07,906.382428
2012-03-08,920.384058
2012-03-09,922.773794
2012-03-12,920.078893
2012-03-13,933.813895
2012-03-14,931.657005
2012-03-15,937.002052
2012-03-16,940.670543
2012-03-19,943.506486
2012-03-20,936.403963
2012-03-21,933.734786
2012-03-22,927.695329
2012-03-23,930.693719
2012-03-26,940.680461
2012-03-27,941.102277
2012-03-28,934.553667
2012-03-29,929.020378
2012-03-30,933.996259
2012-04-02,942.267208
2012-04-03,938.818841
2012-04-04,921.153946
2012-04-05,920.059637
2012-04-06,919.457637
2012-04-09,912.398041
2012-04-10,898.056324
2012-04-11,903.05118
2012-04-12,915.409315
2012-04-13,906.082578
2012-04-16,904.474975
2012-04-17,916.908667
2012-04-18,915.49011
2012-04-19,911.792678
2012-04-20,914.251529
2012-04-23,901.895611
2012-04-24,906.794671
2012-04-25,915.995616
2012-04-26,921.661181
2012-04-27,925.800376
2012-04-30,923.691302
2012-05-01,925.343084
2012-05-02,923.185251
2012-05-03,917.76541
2012-05-04,904.521383
2012-05-07,900.700552
2012-05-08,893.483113
2012-05-09,886.048142
2012-05-10,889.494748
2012-05-11,886.907296
2012-05-14,873.420536
2012-05-15,866.473085
2012-05-16,858.119204
2012-05-17,849.280496
2012-05-18,839.346541
2012-05-21,848.887596
2012-05-22,854.791513
2012-05-23,845.079334
2012-05-24,848.099814
2012-05-25,846.459449
2012-05-28,848.347184
2012-05-29,857.293625
2012-05-30,843.118395
2012-05-31,840.919813
2012-06-01,823.579642
2012-06-04,820.696803
2012-06-05,826.095076
2012-06-06,844.159276
2012-06-07,849.473942
2012-06-08,847.590922
2012-06-11,845.117762
2012-06-12,849.613799
2012-06-13,848.861985
2012-06-14,851.966295
2012-06-15,861.244763
2012-06-18,864.606734
2012-06-19,875.252839
2012-06-20,877.524255
2012-06-21,861.590469
2012-06-22,859.392726
2012-06-25,847.068347
2012-06-26,848.602167
2012-06-27,856.657092
2012-06-28,855.037113
2012-06-29,880.928447
2012-07-02,884.84832
2012-07-03,893.768335
2012-07-04,893.232749
2012-07-05,888.59066
2012-07-06,879.414943
2012-07-09,874.906685
2012-07-10,871.147407
2012-07-11,870.617095
2012-07-12,861.718348
2012-07-13,874.354582
2012-07-16,874.219803
2012-07-17,877.122427
2012-07-18,882.839855
2012-07-19,889.403446
2012-07-20,878.833986
2012-07-23,863.619012
2012-07-24,857.44418
2012-07-25,856.429455
2012-07-26,873.491712
2012-07-27,890.066999
2012-07-30,892.986001
2012-07-31,891.2796
2012-08-01,889.362079
2012-08-02,880.440552
2012-08-03,896.546956
2012-08-06,903.630276
2012-08-07,909.192029
2012-08-08,909.752541
2012-08-09,912.145281
2012-08-10,912.525751
2012-08-13,910.511312
2012-08-14,911.694929
2012-08-15,911.613493
2012-08-16,918.680158
2012-08-17,920.234146
2012-08-20,919.720624
2012-08-21,923.003051
2012-08-22,918.913781
2012-08-23,917.912687
2012-08-24,917.211925
2012-08-27,917.152379
2012-08-28,915.525153
2012-08-29,914.822363
2012-08-30,906.861032
2012-08-31,911.775442
2012-09-03,913.488815
2012-09-04,910.000867
2012-09-05,908.312918
2012-09-06,924.697603
2012-09-07,935.992992
2012-09-10,932.915654
2012-09-11,936.566649
2012-09-12,940.633484
2012-09-13,948.902637
2012-09-14,964.100654
2012-09-17,960.342361
2012-09-18,956.427376
2012-09-19,959.486774
2012-09-20,953.704864
2012-09-21,957.074379
2012-09-24,952.891351
2012-09-25,949.498039
2012-09-26,937.939987
2012-09-27,945.801953
2012-09-28,941.234063
2012-10-01,945.754284
2012-10-02,946.396702
2012-10-03,945.344714
2012-10-04,952.233572
2012-10-05,956.226484
2012-10-08,949.835694
2012-10-09,941.549571
2012-10-10,935.944262
2012-10-11,938.775463
2012-10-12,936.983014
2012-10-15,940.922391
2012-10-16,952.065451
2012-10-17,959.762404
2012-10-18,959.844205
2012-10-19,948.247737
2012-10-22,947.534412
2012-10-23,934.001864
2012-10-24,933.060524
2012-10-25,936.077131
2012-10-26,933.282346
2012-10-29,931.138697
2012-10-30,934.535262
2012-10-31,934.942592
2012-11-01,943.179889
2012-11-02,938.771328
2012-11-05,937.157003
2012-11-06,942.864572
2012-11-07,929.525031
2012-11-08,920.349019
2012-11-09,919.53313
2012-11-12,918.110589
2012-11-13,915.539806
2012-11-14,906.123255
2012-11-15,903.177679
2012-11-16,902.677005
2012-11-19,920.831699
2012-11-20,921.384549
2012-11-21,923.528718
2012-11-22,927.948881
2012-11-23,938.038865
2012-11-26,936.851932
2012-11-27,935.149731
2012-11-28,937.374373
2012-11-29,945.856482
2012-11-30,946.646871
2012-12-03,946.10741
2012-12-04,946.123894
2012-12-05,948.069105
2012-12-06,950.920548
2012-12-07,952.201675
2012-12-10,953.766173
2012-12-11,959.409229
2012-12-12,961.636216
2012-12-13,958.938451
2012-12-14,957.830779
2012-12-17,963.716
2012-12-18,972.613615
2012-12-19,974.375132
2012-12-20,976.265875
2012-12-21,968.517443
2012-12-24,966.961649
2012-12-25,967.606238
2012-12-26,965.88696
2012-12-27,966.608822
2012-12-28,961.72834
2012-12-31,969.376558
2013-01-01,969.490541
2013-01-02,990.419125
2013-01-03,989.308407
2013-01-04,992.554935
2013-01-07,990.775503
2013-01-08,987.287664
2013-01-09,990.925779
2013-01-10,998.158919
2013-01-11,999.788914
2013-01-14,999.634011
2013-01-15,1000.680455
2013-01-16,997.999857
2013-01-17,1002.855707
2013-01-18,1005.128711
2013-01-21,1005.826133
2013-01-22,1008.766708
2013-01-23,1007.93547
2013-01-24,1009.475516
2013-01-25,1014.976686
2013-01-28,1012.71288
2013-01-29,1017.924935
2013-01-30,1016.800171
2013-01-31,1015.096491
2013-02-01,1022.83337
2013-02-04,1012.264783
2013-02-05,1015.050004
2013-02-06,1017.165129
2013-02-07,1013.002504
2013-02-08,1018.526031
2013-02-11,1015.296098
2013-02-12,1020.560513
2013-02-13,1021.762305
2013-02-14,1020.792493
2013-02-15,1018.083435
2013-02-18,1018.912933
2013-02-19,1026.212694
2013-02-20,1020.146785
2013-02-21,1007.141188
2013-02-22,1013.603562
2013-02-25,1006.51548
2013-02-26,1002.457052
2013-02-27,1011.485999
2013-02-28,1016.069098
2013-03-01,1013.72123
2013-03-04,1014.294877
2013-03-05,1025.119887
2013-03-06,1027.997474
2013-03-07,1029.677797
2013-03-08,1033.227954
2013-03-11,1036.698264
2013-03-12,1035.036232
2013-03-13,1032.468566
2013-03-14,1039.120504
2013-03-15,1041.532444
2013-03-18,1031.93764
2013-03-19,1028.656911
2013-03-20,1033.84775
2013-03-21,1028.950197
2013-03-22,1031.425206
2013-03-25,1029.004683
2013-03-26,1033.558299
2013-03-27,1032.514655
2013-03-28,1036.136634
2013-03-29,1036.300983
2013-04-01,1031.071007
2013-04-02,1034.589613
2013-04-03,1027.762234
2013-04-04,1024.963949
2013-04-05,1022.097353
2013-04-08,1026.948437
2013-04-09,1031.89431
2013-04-10,1045.294094
2013-04-11,1052.393245
2013-04-12,1047.498102
2013-04-15,1028.570462
2013-04-16,1034.369792
2013-04-17,1022.161677
2013-04-18,1017.380829
2013-04-19,1024.690334
2013-04-22,1028.039818
2013-04-23,1038.440788
2013-04-24,1044.253331
2013-04-25,1051.169027
2013-04-26,1049.703565
2013-04-29,1057.123269
2013-04-30,1063.811257
2013-05-01,1056.983776
2013-05-02,1059.391348
2013-05-03,1068.308771
2013-05-06,1068.8975
2013-05-07,1076.497567
2013-05-08,1085.215256
2013-05-09,1080.644176
2013-05-10,1079.741378
2013-05-13,1079.703726
2013-05-14,1086.0311
2013-05-15,1089.014583
2013-05-16,1087.330391
2013-05-17,1090.855493
2013-05-20,1094.884139
2013-05-21,1096.315794
2013-05-22,1090.692157
2013-05-23,1076.00454
2013-05-24,1075.878871
2013-05-27,1074.192619
2013-05-28,1079.637565
2013-05-29,1073.863535
2013-05-30,1075.188189
2013-05-31,1062.433588
2013-06-03,1061.514473
2013-06-04,1062.252602
2013-06-05,1046.904734
2013-06-06,1048.755579
2013-06-07,1057.557922
2013-06-10,1058.915929
2013-06-11,1050.248018
2013-06-12,1046.827733
2013-06-13,1050.11765
2013-06-14,1051.145663
2013-06-17,1059.875278
2013-06-18,1063.491442
2013-06-19,1057.624967
2013-06-20,1020.814403
2013-06-21,1018.064898
2013-06-24,1003.005125
2013-06-25,1010.709182
2013-06-26,1020.584692
2013-06-27,1030.180601
2013-06-28,1031.407477
2013-07-01,1039.166926
2013-07-02,1038.527931
2013-07-03,1033.725788
2013-07-04,1039.561584
2013-07-05,1040.190711
2013-07-08,1044.007547
2013-07-09,1051.939421
2013-07-10,1055.333706
2013-07-11,1073.491584
2013-07-12,1075.056157
2013-07-15,1077.71827
2013-07-16,1077.441553
2013-07-17,1080.145966
2013-07-18,1085.134726
2013-07-19,1085.711684
2013-07-22,1090.94196
2013-07-23,1092.280453
2013-07-24,1090.592809
2013-07-25,1090.064474
2013-07-26,1088.715225
2013-07-29,1082.866807
2013-07-30,1084.236174
2013-07-31,1082.168503
2013-08-01,1094.062048
2013-08-02,1099.784801
2013-08-05,1098.428441
2013-08-06,1095.253059
2013-08-07,1088.846506
2013-08-08,1095.704993
2013-08-09,1096.010351
2013-08-12,1095.283448
2013-08-13,1097.996811
2013-08-14,1098.520786
2013-08-15,1085.234234
2013-08-16,1085.450116
2013-08-19,1079.240982
2013-08-20,1077.895504
2013-08-21,1070.234871
2013-08-22,1075.362747
2013-08-23,1083.32712
2013-08-26,1081.030845
2013-08-27,1065.508482
2013-08-28,1062.029136
2013-08-29,1064.603394
2013-08-30,1059.642453
2013-09-02,1066.17274
2013-09-03,1069.004525
2013-09-04,1076.337554
2013-09-05,1078.499488
2013-09-06,1082.68475
2013-09-09,1094.162561
2013-09-10,1104.841886
2013-09-11,1109.016167
2013-09-12,1107.070607
2013-09-13,1107.376899
2013-09-16,1117.194267
2013-09-17,1118.128084
2013-09-18,1127.040026
2013-09-19,1136.948428
2013-09-20,1129.536742
2013-09-23,1126.616937
2013-09-24,1125.081882
2013-09-25,1123.816449
2013-09-26,1126.002992
2013-09-27,1124.729418
2013-09-30,1116.762164
2013-10-01,1124.537515
2013-10-02,1123.121431
2013-10-03,1118.600333
2013-10-04,1121.987962
2013-10-07,1114.117028
2013-10-08,1105.958918
2013-10-09,1103.201951
2013-10-10,1121.132027
2013-10-11,1129.916209
2013-10-14,1133.362376
2013-10-15,1131.048766
2013-10-16,1138.932071
2013-10-17,1150.056575
2013-10-18,1158.734214
2013-10-21,1160.006448
2013-10-22,1167.134049
2013-10-23,1160.098989
2013-10-24,1164.008789
2013-10-25,1163.528209
2013-10-28,1165.392025
2013-10-29,1168.133049
2013-10-30,1166.775157
2013-10-31,1160.3167
2013-11-01,1156.063958
2013-11-04,1160.264962
2013-11-05,1156.267927
2013-11-06,1161.33335
2013-11-07,1148.066632
2013-11-08,1151.73101
2013-11-11,1154.434281
2013-11-12,1152.846628
2013-11-13,1153.904821
2013-11-14,1162.435768
2013-11-15,1169.49746
2013-11-18,1172.303606
2013-11-19,1167.951631
2013-11-20,1164.320218
2013-11-21,1166.262775
2013-11-22,1171.254691
2013-11-25,1171.796045
2013-11-26,1170.751676
2013-11-27,1173.242151
2013-11-28,1176.179729
2013-11-29,1176.828112
2013-12-02,1171.498726
2013-12-03,1165.099168
2013-12-04,1159.126261
2013-12-05,1156.208754
2013-12-06,1165.188344
2013-12-09,1169.475552
2013-12-10,1167.272387
2013-12-11,1156.679285
2013-12-12,1148.500111
2013-12-13,1148.06008
2013-12-16,1154.810474
2013-12-17,1151.740873
2013-12-18,1165.060413
2013-12-19,1167.100589
2013-12-20,1172.892346
2013-12-23,1180.648599
2013-12-24,1182.638363
2013-12-25,1182.64086
2013-12-26,1186.564729
2013-12-27,1192.200894
2013-12-30,1194.435235
2013-12-31,1197.680695
2014-01-01,1197.701592
2014-01-02,1186.492987
2014-01-03,1186.327384
2014-01-06,1182.247514
2014-01-07,1186.490118
2014-01-08,1188.569057
2014-01-09,1185.11419
2014-01-10,1192.187958
2014-01-13,1186.799497
2014-01-14,1190.832937
2014-01-15,1196.495688
2014-01-16,1195.758714
2014-01-17,1194.245994
2014-01-20,1193.977897
2014-01-21,1195.641104
2014-01-22,1198.121582
2014-01-23,1189.386293
2014-01-24,1166.66864
2014-01-27,1155.076861
2014-01-28,1160.205917
2014-01-29,1155.844496
2014-01-30,1158.646773
2014-01-31,1153.066432
2014-02-03,1133.772147
2014-02-04,1131.550103
2014-02-05,1132.783365
2014-02-06,1147.617776
2014-02-07,1160.760172
2014-02-10,1163.911844
2014-02-11,1176.248401
2014-02-12,1180.081659
2014-02-13,1183.300644
2014-02-14,1189.041895
2014-02-17,1192.343179
2014-02-18,1196.684296
2014-02-19,1193.130791
2014-02-20,1193.154995
2014-02-21,1197.034228
2014-02-24,1202.590708
2014-02-25,1203.128418
2014-02-26,1200.898174
2014-02-27,1204.345797
2014-02-28,1209.281612
2014-03-03,1194.827805
2014-03-04,1210.680175
2014-03-05,1212.121597
2014-03-06,1218.111849
2014-03-07,1214.810607
2014-03-10,1210.125121
2014-03-11,1207.170097
2014-03-12,1202.08309
2014-03-13,1193.168213
2014-03-14,1186.130652
2014-03-17,1194.932212
2014-03-18,1204.141088
2014-03-19,1199.116088
2014-03-20,1195.044248
2014-03-21,1194.711235
2014-03-24,1190.473017
2014-03-25,1196.756723
2014-03-26,1196.242238
2014-03-27,1197.035636
2014-03-28,1203.609328
2014-03-31,1213.570917
2014-04-01,1221.238917
2014-04-02,1224.490901
2014-04-03,1221.933037
2014-04-04,1215.831826
2014-04-07,1204.559774
2014-04-08,1208.3178
2014-04-09,1216.801513
2014-04-10,1204.747879
2014-04-11,1192.030943
2014-04-14,1194.743165
2014-04-15,1194.84267
2014-04-16,1207.273083
2014-04-17,1211.734598
2014-04-18,1212.594553
2014-04-21,1213.718644
2014-04-22,1220.247367
2014-04-23,1217.910566
2014-04-24,1219.076866
2014-04-25,1210.433296
2014-04-28,1210.697583
2014-04-29,1217.743373
2014-04-30,1221.117153
2014-05-01,1223.067311
2014-05-02,1223.889087
2014-05-05,1224.157308
2014-05-06,1220.349031
2014-05-07,1220.397802
2014-05-08,1222.172917
2014-05-09,1220.141405
2014-05-12,1229.78999
2014-05-13,1231.953583
2014-05-14,1230.80007
2014-05-15,1222.19669
2014-05-16,1223.249412
2014-05-19,1225.726334
2014-05-20,1219.729617
2014-05-21,1225.528923
2014-05-22,1231.251433
2014-05-23,1235.685806
2014-05-26,1239.09753
2014-05-27,1241.669296
2014-05-28,1241.408822
2014-05-29,1246.101642
2014-05-30,1245.739978
2014-06-02,1247.425755
2014-06-03,1247.090907
2014-06-04,1248.324417
2014-06-05,1254.754166
2014-06-06,1262.315659
2014-06-09,1264.339469
2014-06-10,1264.638957
2014-06-11,1261.974222
2014-06-12,1258.534847
2014-06-13,1258.833279
2014-06-16,1258.491274
2014-06-17,1259.79061
2014-06-18,1265.809969
2014-06-19,1273.397755
2014-06-20,1272.223273
2014-06-23,1271.254429
2014-06-24,1266.135934
2014-06-25,1266.130506
2014-06-26,1266.675825
2014-06-27,1269.278157
2014-06-30,1272.268826
2014-07-01,1280.027656
2014-07-02,1282.332345
2014-07-03,1287.428631
2014-07-04,1287.22924
2014-07-07,1280.897696
2014-07-08,1272.115682
2014-07-09,1274.238901
2014-07-10,1266.620315
2014-07-11,1266.830967
2014-07-14,1274.567538
2014-07-15,1270.753451
2014-07-16,1276.910447
2014-07-17,1265.929181
2014-07-18,1272.1806
2014-07-21,1269.463248
2014-07-22,1277.880139
2014-07-23,1280.536666
2014-07-24,1282.139133
2014-07-25,1276.580829
2014-07-28,1276.17996
2014-07-29,1273.901218
2014-07-30,1271.334248
2014-07-31,1252.725043
2014-08-01,1246.420529
2014-08-04,1250.502754
2014-08-05,1242.410062
2014-08-06,1238.677426
2014-08-07,1232.932714
2014-08-08,1236.034428
2014-08-11,1245.851913
2014-08-12,1244.567297
2014-08-13,1252.014785
2014-08-14,1256.70691
2014-08-15,1256.180536
2014-08-18,1265.441711
2014-08-19,1271.542319
2014-08-20,1271.942739
2014-08-21,1275.425752
2014-08-22,1272.1488
2014-08-25,1278.350141
2014-08-26,1281.615773
2014-08-27,1283.535453
2014-08-28,1278.521314
2014-08-29,1281.747227
2014-09-01,1281.911374
2014-09-02,1280.938926
2014-09-03,1285.475283
2014-09-04,1282.836381
2014-09-05,1283.773925
2014-09-08,1279.731102
2014-09-09,1271.243105
2014-09-10,1271.432029
2014-09-11,1271.991993
2014-09-12,1265.827448
2014-09-15,1262.607412
2014-09-16,1265.734213
2014-09-17,1268.703714
2014-09-18,1272.518698
2014-09-19,1270.247376
2014-09-22,1258.952431
2014-09-23,1251.339402
2014-09-24,1256.346977
2014-09-25,1242.040981
2014-09-26,1245.338752
2014-09-29,1240.129133
2014-09-30,1236.286029
2014-10-01,1222.801742
2014-10-02,1215.660878
2014-10-03,1220.800082
2014-10-06,1224.944729
2014-10-07,1212.752405
2014-10-08,1219.108674
2014-10-09,1206.291246
2014-10-10,1186.569851
2014-10-13,1178.166581
2014-10-14,1177.124715
2014-10-15,1167.261934
2014-10-16,1165.080299
2014-10-17,1178.582393
2014-10-20,1187.805824
2014-10-21,1204.354567
2014-10-22,1202.31824
2014-10-23,1210.229704
2014-10-24,1215.283431
2014-10-27,1213.556815
2014-10-28,1227.814404
2014-10-29,1230.655153
2014-10-30,1232.649036
2014-10-31,1246.030884
2014-11-03,1239.792123
2014-11-04,1238.53666
2014-11-05,1242.368276
2014-11-06,1242.461666
2014-11-07,1242.0026
2014-11-10,1248.358016
2014-11-11,1249.17526
2014-11-12,1248.916227
2014-11-13,1248.624138
2014-11-14,1249.047807
2014-11-17,1246.454271
2014-11-18,1255.481366
2014-11-19,1252.78169
2014-11-20,1254.159372
2014-11-21,1263.315835
2014-11-24,1266.646916
2014-11-25,1268.289351
2014-11-26,1271.958346
2014-11-27,1269.811263
2014-11-28,1264.482773
2014-12-01,1255.024414
2014-12-02,1259.220754
2014-12-03,1262.571101
2014-12-04,1260.660203
2014-12-05,1261.854385
2014-12-08,1252.746552
2014-12-09,1249.654195
2014-12-10,1233.343213
2014-12-11,1232.231341
2014-12-12,1216.238531
2014-12-15,1201.262446
2014-12-16,1200.130209
2014-12-17,1212.985964
2014-12-18,1236.337467
2014-12-19,1244.519284
2014-12-22,1250.160715
2014-12-23,1250.074535
2014-12-24,1251.74704
2014-12-25,1251.374131
2014-12-26,1254.41043
2014-12-29,1257.261279
2014-12-30,1250.393088
2014-12-31,1243.628852
2015-01-01,1243.636505
2015-01-02,1240.153939
2015-01-05,1217.615492
2015-01-06,1205.415206
2015-01-07,1211.337658
2015-01-08,1233.819512
2015-01-09,1227.855567
2015-01-12,1222.533568
2015-01-13,1224.070505
2015-01-14,1215.734083
2015-01-15,1213.463353
2015-01-16,1221.386229
2015-01-19,1225.122625
2015-01-20,1227.256652
2015-01-21,1234.983501
2015-01-22,1246.671468
2015-01-23,1245.876845
2015-01-26,1249.422354
2015-01-27,1245.678398
2015-01-28,1234.585154
2015-01-29,1236.153792
2015-01-30,1224.333012
2015-02-02,1235.217365
2015-02-03,1250.732157
2015-02-04,1251.186558
2015-02-05,1260.142607
2015-02-06,1255.204625
2015-02-09,1250.193523
2015-02-10,1256.687536
2015-02-11,1253.356585
2015-02-12,1268.10769
2015-02-13,1277.312473
2015-02-16,1277.586206
2015-02-17,1278.758947
2015-02-18,1282.286498
2015-02-19,1283.708714
2015-02-20,1288.376934
2015-02-23,1289.629038
2015-02-24,1293.074272
2015-02-25,1295.545647
2015-02-26,1293.984594
2015-02-27,1292.797468
2015-03-02,1295.1583
2015-03-03,1289.836231
2015-03-04,1283.602036
2015-03-05,1285.703886
2015-03-06,1271.235831
2015-03-09,1269.566799
2015-03-10,1249.14589
2015-03-11,1248.553301
2015-03-12,1261.450042
2015-03-13,1254.742218
2015-03-16,1267.389609
2015-03-17,1266.436139
2015-03-18,1278.662386
2015-03-19,1278.437483
2015-03-20,1294.31162
2015-03-23,1297.573527
2015-03-24,1294.767997
2015-03-25,1283.789381
2015-03-26,1274.534851
2015-03-27,1275.035138
2015-03-30,1284.83147
2015-03-31,1275.718162
2015-04-01,1275.234287
2015-04-02,1284.243373
2015-04-03,1285.100246
2015-04-06,1296.038823
2015-04-07,1295.452869
2015-04-08,1299.715884
2015-04-09,1303.637105
2015-04-10,1309.433923
2015-04-13,1306.003939
2015-04-14,1310.585623
2015-04-15,1313.283545
2015-04-16,1317.18543
2015-04-17,1304.271187
2015-04-20,1309.603076
2015-04-21,1312.677086
2015-04-22,1316.293297
2015-04-23,1321.191615
2015-04-24,1326.631946
2015-04-27,1327.966834
2015-04-28,1329.670891
2015-04-29,1323.890716
2015-04-30,1310.749424
2015-05-01,1315.952311
2015-05-04,1318.9219
2015-05-05,1307.57491
2015-05-06,1306.680597
2015-05-07,1302.779971
2015-05-08,1320.726886
2015-05-11,1318.340414
2015-05-12,1315.040415
2015-05-13,1319.713978
2015-05-14,1329.142212
2015-05-15,1332.881528
2015-05-18,1334.408306
2015-05-19,1331.208221
2015-05-20,1330.99056
2015-05-21,1334.843866
2015-05-22,1330.928888
2015-05-25,1330.817863
2015-05-26,1315.043405
2015-05-27,1322.263397
2015-05-28,1319.727712
2015-05-29,1311.618822
2015-06-01,1311.195008
2015-06-02,1313.899734
2015-06-03,1318.655887
2015-06-04,1308.203999
2015-06-05,1298.274133
2015-06-08,1292.297771
2015-06-09,1290.723734
2015-06-10,1308.210752
2015-06-11,1310.051033
2015-06-12,1304.749902
2015-06-15,1295.023961
2015-06-16,1298.696297
2015-06-17,1298.254487
2015-06-18,1311.682326
2015-06-19,1308.033984
2015-06-22,1323.044336
2015-06-23,1323.75362
2015-06-24,1317.111447
2015-06-25,1314.054087
2015-06-26,1309.742165
2015-06-29,1281.419284
2015-06-30,1282.56
2015-07-01,1290.014815
2015-07-02,1289.530058
2015-07-03,1286.596931
2015-07-06,1273.701789
2015-07-07,1268.538809
2015-07-08,1252.674975
2015-07-09,1261.915524
2015-07-10,1280.352336
2015-07-13,1292.136491
2015-07-14,1298.901392
2015-07-15,1297.218697
2015-07-16,1306.661045
2015-07-17,1305.461751
2015-07-20,1305.154099
2015-07-21,1302.967745
2015-07-22,1295.122464
2015-07-23,1291.348827
2015-07-24,1278.287726
2015-07-27,1267.166618
2015-07-28,1275.743699
2015-07-29,1286.063237
2015-07-30,1284.613484
2015-07-31,1290.008989
2015-08-03,1285.547609
2015-08-04,1284.520102
2015-08-05,1286.863556
2015-08-06,1279.489236
2015-08-07,1275.877118
2015-08-10,1289.218618
2015-08-11,1277.095885
2015-08-12,1270.171595
2015-08-13,1270.601572
2015-08-14,1272.61054
2015-08-17,1275.273003
2015-08-18,1271.010988
2015-08-19,1257.8436
2015-08-20,1237.249123
2015-08-21,1205.472931
2015-08-24,1159.154784
2015-08-25,1157.946502
2015-08-26,1178.913969
2015-08-27,1204.58311
2015-08-28,1211.372954
2015-08-31,1203.4938
2015-09-01,1172.046017
2015-09-02,1180.922829
2015-09-03,1186.381136
2015-09-04,1167.303947
2015-09-07,1167.741564
2015-09-08,1187.929748
2015-09-09,1191.405138
2015-09-10,1189.275861
2015-09-11,1190.680377
2015-09-14,1186.97358
2015-09-15,1195.629498
2015-09-16,1210.602531
2015-09-17,1211.406192
2015-09-18,1197.887123
2015-09-21,1194.467698
2015-09-22,1175.14336
2015-09-23,1170.183052
2015-09-24,1163.302232
2015-09-25,1167.733978
2015-09-28,1144.816255
2015-09-29,1137.239582
2015-09-30,1159.522318
2015-10-01,1164.236968
2015-10-02,1177.882098
2015-10-05,1200.479353
2015-10-06,1203.571036
2015-10-07,1215.160928
2015-10-08,1221.453108
2015-10-09,1229.609045
2015-10-12,1230.769566
2015-10-13,1220.179701
2015-10-14,1214.179442
2015-10-15,1231.615543
2015-10-16,1235.978561
2015-10-19,1234.233345
2015-10-20,1232.615021
2015-10-21,1228.291111
2015-10-22,1238.000649
2015-10-23,1250.423174
2015-10-26,1249.05751
2015-10-27,1241.940771
2015-10-28,1254.265512
2015-10-29,1247.16059
2015-10-30,1247.264469
2015-11-02,1254.404172
2015-11-03,1257.273932
2015-11-04,1255.997646
2015-11-05,1253.954529
2015-11-06,1248.740885
2015-11-09,1239.132713
2015-11-10,1237.158826
2015-11-11,1237.833915
2015-11-12,1224.266696
2015-11-13,1211.758144
2015-11-16,1219.136669
2015-11-17,1226.064091
2015-11-18,1236.079208
2015-11-19,1243.964084
2015-11-20,1246.672348
2015-11-23,1243.285238
2015-11-24,1242.320143
2015-11-25,1243.945972
2015-11-26,1248.109402
2015-11-27,1244.688811
2015-11-30,1239.548195
2015-12-01,1251.236666
2015-12-02,1241.806194
2015-12-03,1229.945767
2015-12-04,1239.212265
2015-12-07,1232.541189
2015-12-08,1220.427889
2015-12-09,1215.977364
2015-12-10,1214.770568
2015-12-11,1195.572339
2015-12-14,1190.850396
2015-12-15,1201.387284
2015-12-16,1217.382265
2015-12-17,1210.124836
2015-12-18,1195.58699
2015-12-21,1199.280077
2015-12-22,1207.122706
2015-12-23,1222.212762
2015-12-24,1224.155124
2015-12-25,1223.760177
2015-12-28,1221.406703
2015-12-29,1231.779201
2015-12-30,1224.876267
2015-12-31,1216.435092
2016-01-01,1216.465787
2016-01-04,1191.80495
2016-01-05,1191.589779
2016-01-06,1176.970408
2016-01-07,1151.433289
2016-01-08,1141.708173
2016-01-11,1136.105965
2016-01-12,1137.909377
2016-01-13,1127.035059
2016-01-14,1128.578141
2016-01-15,1108.513159
2016-01-18,1102.790376
2016-01-19,1107.72157
2016-01-20,1086.611207
2016-01-21,1089.347962
2016-01-22,1118.365927
2016-01-25,1108.914765
2016-01-26,1117.781189
2016-01-27,1115.957005
2016-01-28,1117.567727
2016-01-29,1140.210294
2016-02-01,1143.53188
2016-02-02,1123.543546
2016-02-03,1124.039609
2016-02-04,1132.052402
2016-02-05,1115.170328
2016-02-08,1097.273008
2016-02-09,1089.701911
2016-02-10,1088.752796
2016-02-11,1075.052431
2016-02-12,1085.472957
2016-02-15,1099.33947
2016-02-16,1111.051052
2016-02-17,1127.813209
2016-02-18,1129.665121
2016-02-19,1125.857971
2016-02-22,1139.99646
2016-02-23,1128.483579
2016-02-24,1124.192069
2016-02-25,1136.749756
2016-02-26,1138.283255
2016-02-29,1134.260766
2016-03-01,1154.282884
2016-03-02,1165.49966
2016-03-03,1174.740566
2016-03-04,1183.27755
2016-03-07,1184.379881
2016-03-08,1173.154715
2016-03-09,1176.127204
2016-03-10,1175.710427
2016-03-11,1196.61701
2016-03-14,1197.915975
2016-03-15,1189.969347
2016-03-16,1192.102944
2016-03-17,1210.928693
2016-03-18,1214.582461
2016-03-21,1213.558433
2016-03-22,1213.930913
2016-03-23,1203.633638
2016-03-24,1197.151625
2016-03-25,1197.837632
2016-03-28,1200.587245
2016-03-29,1208.256485
2016-03-30,1222.22867
2016-03-31,1220.060638
2016-04-01,1213.370321
2016-04-04,1213.595269
2016-04-05,1197.056804
2016-04-06,1206.54524
2016-04-07,1199.157306
2016-04-08,1207.442067
2016-04-11,1208.851859
2016-04-12,1217.630016
2016-04-13,1234.429296
2016-04-14,1238.18728
2016-04-15,1237.622263
2016-04-18,1240.491583
2016-04-19,1253.335651
2016-04-20,1254.093709
2016-04-21,1251.470011
2016-04-22,1248.184868
2016-04-25,1244.925231
2016-04-26,1248.058458
2016-04-27,1248.972476
2016-04-28,1243.756548
2016-04-29,1239.340789
2016-05-02,1241.985679
2016-05-03,1228.41268
2016-05-04,1217.882134
2016-05-05,1215.65898
2016-05-06,1216.858403
2016-05-09,1215.914207
2016-05-10,1229.501001
2016-05-11,1224.142184
2016-05-12,1221.784291
2016-05-13,1211.121537
2016-05-16,1219.859044
2016-05-17,1216.228536
2016-05-18,1214.784431
2016-05-19,1204.296859
2016-05-20,1213.678879
2016-05-23,1212.177886
2016-05-24,1224.513033
2016-05-25,1235.709078
2016-05-26,1238.368818
2016-05-27,1242.204746
2016-05-30,1242.607603
2016-05-31,1241.865909
2016-06-01,1241.279976
2016-06-02,1242.817913
2016-06-03,1247.197958
2016-06-06,1253.886404
2016-06-07,1261.248792
2016-06-08,1266.101855
2016-06-09,1258.469432
2016-06-10,1240.404383
2016-06-13,1224.715402
2016-06-14,1213.43629
2016-06-15,1216.758622
2016-06-16,1210.975201
2016-06-17,1217.478082
2016-06-20,1239.169451
2016-06-21,1242.361158
2016-06-22,1242.13056
2016-06-23,1259.222145
2016-06-24,1199.229496
2016-06-27,1171.717335
2016-06-28,1191.957403
2016-06-29,1218.26824
2016-06-30,1232.954374
2016-07-01,1238.883338
2016-07-04,1239.960108
2016-07-05,1227.304979
2016-07-06,1222.713947
2016-07-07,1226.303689
2016-07-08,1239.234546
2016-07-11,1251.798815
2016-07-12,1262.840051
2016-07-13,1265.430561
2016-07-14,1272.318724
2016-07-15,1270.70191
2016-07-18,1273.401395
2016-07-19,1269.691714
2016-07-20,1276.013949
2016-07-21,1274.82141
2016-07-22,1275.713517
2016-07-25,1273.777817
2016-07-26,1275.965474
2016-07-27,1277.00607
2016-07-28,1278.378398
2016-07-29,1287.863802
2016-08-01,1286.293276
2016-08-02,1277.840832
2016-08-03,1274.819635
2016-08-04,1279.103961
2016-08-05,1286.629767
2016-08-08,1290.286245
2016-08-09,1296.642301
2016-08-10,1296.565118
2016-08-11,1303.035985
2016-08-12,1304.008899
2016-08-15,1307.675524
2016-08-16,1301.800493
2016-08-17,1300.922718
2016-08-18,1306.236716
2016-08-19,1302.132289
2016-08-22,1301.926352
2016-08-23,1306.636416
2016-08-24,1300.003219
2016-08-25,1298.029138
2016-08-26,1297.701762
2016-08-29,1296.56524
2016-08-30,1295.754911
2016-08-31,1292.181484
2016-09-01,1294.822243
2016-09-02,1303.691409
2016-09-05,1307.203317
2016-09-06,1315.350589
2016-09-07,1317.55491
2016-09-08,1315.887047
2016-09-09,1288.093665
2016-09-12,1290.032452
2016-09-13,1275.425958
2016-09-14,1273.78774
2016-09-15,1282.812363
2016-09-16,1277.041558
2016-09-19,1283.840213
2016-09-20,1283.69336
2016-09-21,1297.508842
2016-09-22,1312.95141
2016-09-23,1305.229488
2016-09-26,1293.790857
2016-09-27,1297.769754
2016-09-28,1303.15771
2016-09-29,1299.054613
2016-09-30,1301.612796
2016-10-03,1301.048213
2016-10-04,1297.975103
2016-10-05,1300.425641
2016-10-06,1298.684811
2016-10-07,1293.843668
2016-10-10,1299.271615
2016-10-11,1284.276467
2016-10-12,1280.677468
2016-10-13,1274.861463
2016-10-14,1278.168686
2016-10-17,1273.986478
2016-10-18,1285.051919
2016-10-19,1289.953722
2016-10-20,1287.965436
2016-10-21,1285.615758
2016-10-24,1290.044102
2016-10-25,1286.105347
2016-10-26,1283.591273
2016-10-27,1278.332637
2016-10-28,1275.869603
2016-10-31,1276.415877
2016-11-01,1271.269547
2016-11-02,1261.485237
2016-11-03,1257.341084
2016-11-04,1252.403254
2016-11-07,1271.440406
2016-11-08,1276.559048
2016-11-09,1277.057211
2016-11-10,1280.82762
2016-11-11,1275.082438
2016-11-14,1271.921584
2016-11-15,1278.554349
2016-11-16,1277.529173
2016-11-17,1283.231962
2016-11-18,1277.109543
2016-11-21,1286.009062
2016-11-22,1290.052712
2016-11-23,1287.885731
2016-11-24,1289.612277
2016-11-25,1295.14343
2016-11-28,1290.759046
2016-11-29,1291.630029
2016-11-30,1290.308247
2016-12-01,1287.205123
2016-12-02,1286.582007
2016-12-05,1293.552651
2016-12-06,1301.720453
2016-12-07,1316.726955
2016-12-08,1321.975815
2016-12-09,1325.901446
2016-12-12,1324.36956
2016-12-13,1333.803644
2016-12-14,1325.804768
2016-12-15,1317.464903
2016-12-16,1317.424266
2016-12-19,1319.755219
2016-12-20,1321.778168
2016-12-21,1320.791581
2016-12-22,1317.495352
2016-12-23,1318.721861
2016-12-26,1318.425338
2016-12-27,1320.441434
2016-12-28,1315.222239
2016-12-29,1318.456858
2016-12-30,1318.109928
2017-01-02,1319.398661
2017-01-03,1323.462235
2017-01-04,1335.789246
2017-01-05,1342.615732
2017-01-06,1342.413325
2017-01-09,1337.416811
2017-01-10,1341.111996
2017-01-11,1340.198105
2017-01-12,1345.011691
2017-01-13,1348.416181
2017-01-16,1344.398958
2017-01-17,1344.09315
2017-01-18,1346.788453
2017-01-19,1339.310118
2017-01-20,1343.752102
2017-01-23,1344.589901
2017-01-24,1352.570888
2017-01-25,1363.244542
2017-01-26,1362.203613
2017-01-27,1361.613808
2017-01-30,1353.297022
2017-01-31,1353.805584
2017-02-01,1355.212481
2017-02-02,1356.799878
2017-02-03,1365.010606
2017-02-06,1360.442005
2017-02-07,1359.183706
2017-02-08,1362.989591
2017-02-09,1367.74503
2017-02-10,1373.695339
2017-02-13,1380.215857
2017-02-14,1380.589852
2017-02-15,1388.320547
2017-02-16,1391.168831
2017-02-17,1389.968059
2017-02-20,1390.957446
2017-02-21,1395.71307
2017-02-22,1395.708163
2017-02-23,1397.783122
2017-02-24,1393.4983
2017-02-27,1394.373509
2017-02-28,1391.120078
2017-03-01,1403.535225
2017-03-02,1397.690726
2017-03-03,1396.780328
2017-03-06,1394.882918
2017-03-07,1391.519112
2017-03-08,1387.101121
2017-03-09,1385.609976
2017-03-10,1392.882785
2017-03-13,1397.998969
2017-03-14,1393.351957
2017-03-15,1402.094156
2017-03-16,1412.495714
2017-03-17,1412.735982
2017-03-20,1411.98866
2017-03-21,1401.660577
2017-03-22,1397.925641
2017-03-23,1400.325446
2017-03-24,1401.277802
2017-03-27,1400.343686
2017-03-28,1410.435061
2017-03-29,1410.425321
2017-03-30,1412.760712
2017-03-31,1407.597135
2017-04-03,1404.969951
2017-04-04,1405.571305
2017-04-05,1403.097601
2017-04-06,1403.493209
2017-04-07,1402.687576
2017-04-10,1403.442145
2017-04-11,1404.447962
2017-04-12,1401.071515
2017-04-13,1395.163276
2017-04-14,1394.017867
2017-04-17,1404.111792
2017-04-18,1398.059118
2017-04-19,1396.572913
2017-04-20,1405.453215
2017-04-21,1402.972518
2017-04-24,1423.972034
2017-04-25,1433.030112
2017-04-26,1433.821583
2017-04-27,1432.907448
2017-04-28,1430.213052
2017-05-01,1433.497525
2017-05-02,1437.240935
2017-05-03,1434.325589
2017-05-04,1435.451157
2017-05-05,1442.338849
2017-05-08,1443.975822
2017-05-09,1442.37936
2017-05-10,1445.501749
2017-05-11,1443.232542
2017-05-12,1444.221548
2017-05-15,1451.746465
2017-05-16,1456.012278
2017-05-17,1438.853349
2017-05-18,1434.766953
2017-05-19,1445.402525
2017-05-22,1453.796605
2017-05-23,1455.223232
2017-05-24,1456.159922
2017-05-25,1461.934321
2017-05-26,1460.768204
2017-05-29,1460.103245
2017-05-30,1458.196725
2017-05-31,1458.757227
2017-06-01,1468.164528
2017-06-02,1477.513817
2017-06-05,1475.378401
2017-06-06,1471.411249
2017-06-07,1472.212337
2017-06-08,1471.787664
2017-06-09,1470.908813
2017-06-12,1466.657164
2017-06-13,1474.249245
2017-06-14,1475.958621
2017-06-15,1464.403785
2017-06-16,1468.784004
2017-06-19,1479.12615
2017-06-20,1468.749126
2017-06-21,1466.503808
2017-06-22,1468.347104
2017-06-23,1471.78286
2017-06-26,1474.942008
2017-06-27,1467.641197
2017-06-28,1477.062939
2017-06-29,1469.660838
2017-06-30,1467.367926
2017-07-03,1470.88727
2017-07-04,1468.468138
2017-07-05,1469.594016
2017-07-06,1461.398868
2017-07-07,1463.940618
2017-07-10,1467.146649
2017-07-11,1467.860171
2017-07-12,1481.335992
2017-07-13,1485.994412
2017-07-14,1494.604782
2017-07-17,1496.091524
2017-07-18,1497.149841
2017-07-19,1504.963365
2017-07-20,1508.00985
2017-07-21,1504.992907
2017-07-24,1503.464785
2017-07-25,1507.274227
2017-07-26,1507.699017
2017-07-27,1509.768552
2017-07-28,1506.594194
2017-07-31,1507.615028
2017-08-01,1514.193581
2017-08-02,1513.611102
2017-08-03,1511.578251
2017-08-04,1511.675093
2017-08-07,1515.709581
2017-08-08,1512.804164
2017-08-09,1507.40884
2017-08-10,1491.370297
2017-08-11,1487.716212
2017-08-14,1499.637659
2017-08-15,1496.617305
2017-08-16,1501.495173
2017-08-17,1490.429806
2017-08-18,1486.064824
2017-08-21,1487.959957
2017-08-22,1497.978422
2017-08-23,1496.799555
2017-08-24,1496.487783
2017-08-25,1500.575737
2017-08-28,1502.034102
2017-08-29,1500.685879
2017-08-30,1503.886204
2017-08-31,1512.946995
2017-09-01,1518.236039
2017-09-04,1515.194994
2017-09-05,1509.607945
2017-09-06,1512.3718
2017-09-07,1517.513985
2017-09-08,1517.854584
2017-09-11,1530.709209
2017-09-12,1535.689329
2017-09-13,1534.251512
2017-09-14,1532.50065
2017-09-15,1536.216738
2017-09-18,1540.162546
2017-09-19,1543.257515
2017-09-20,1545.808982
2017-09-21,1539.463066
2017-09-22,1541.627402
2017-09-25,1535.875512
2017-09-26,1530.833039
2017-09-27,1535.364021
2017-09-28,1538.234148
2017-09-29,1545.377411
2017-10-02,1549.002714
2017-10-03,1554.509857
2017-10-04,1556.049505
2017-10-05,1559.571113
2017-10-06,1558.246603
2017-10-09,1557.031227
2017-10-10,1564.920536
2017-10-11,1567.538058
2017-10-12,1568.059911
2017-10-13,1571.728545
2017-10-16,1573.822527
2017-10-17,1570.438918
2017-10-18,1572.919563
2017-10-19,1572.940171
2017-10-20,1575.006614
2017-10-23,1570.470132
2017-10-24,1571.144904
2017-10-25,1566.118787
2017-10-26,1566.793352
2017-10-27,1572.918043
2017-10-30,1573.644656
2017-10-31,1576.629354
2017-11-01,1580.605193
2017-11-02,1581.866655
2017-11-03,1583.046893
2017-11-06,1585.022326
2017-11-07,1584.455548
2017-11-08,1587.126951
2017-11-09,1581.16247
2017-11-10,1579.37317
2017-11-13,1575.263823
2017-11-14,1572.225981
2017-11-15,1563.591478
2017-11-16,1577.052102
2017-11-17,1577.722776
2017-11-20,1580.101578
2017-11-21,1590.683094
2017-11-22,1593.825644
2017-11-23,1595.595625
2017-11-24,1600.016562
2017-11-27,1595.617129
2017-11-28,1603.380697
2017-11-29,1602.942977
2017-11-30,1607.578599
2017-12-01,1601.192413
2017-12-04,1602.292692
2017-12-05,1596.760508
2017-12-06,1589.613476
2017-12-07,1593.76442
2017-12-08,1601.82653
2017-12-11,1608.1661
2017-12-12,1607.845303
2017-12-13,1610.038617
2017-12-14,1605.745202
2017-12-15,1611.290953
2017-12-18,1626.530707
2017-12-19,1621.492813
2017-12-20,1621.719516
2017-12-21,1625.780204
2017-12-22,1626.286781
2017-12-25,1626.517939
2017-12-26,1626.067919
2017-12-27,1630.543408
2017-12-28,1635.188617
2017-12-29,1633.79427
2018-01-01,1633.690954
2018-01-02,1645.768609
2018-01-03,1652.929456
2018-01-04,1665.532177
2018-01-05,1675.896079
2018-01-08,1677.913382
2018-01-09,1680.118604
2018-01-10,1679.137413
2018-01-11,1686.451524
2018-01-12,1697.10325
2018-01-15,1703.557921
2018-01-16,1700.098407
2018-01-17,1708.406094
2018-01-18,1706.412385
2018-01-19,1715.347663
2018-01-22,1725.497981
2018-01-23,1734.126357
2018-01-24,1736.764043
2018-01-25,1739.037629
2018-01-26,1749.582756
2018-01-29,1738.703374
2018-01-30,1721.641227
2018-01-31,1721.893508
2018-02-01,1721.330196
2018-02-02,1690.475281
2018-02-05,1640.917937
2018-02-06,1630.90834
2018-02-07,1632.666847
2018-02-08,1594.006787
2018-02-09,1594.153586
2018-02-12,1612.56248
2018-02-13,1617.643303
2018-02-14,1638.820622
2018-02-15,1658.870504
2018-02-16,1663.780573
2018-02-19,1663.103369
2018-02-20,1655.405895
2018-02-21,1653.063881
2018-02-22,1650.942246
2018-02-23,1669.429806
2018-02-26,1682.359066
2018-02-27,1667.854186
2018-02-28,1650.007553
2018-03-01,1631.525178
2018-03-02,1630.952822
2018-03-05,1640.878335
2018-03-06,1652.752368
2018-03-07,1651.409598
2018-03-08,1658.571804
2018-03-09,1676.689093
2018-03-12,1682.969023
2018-03-13,1677.046559
2018-03-14,1669.684231
2018-03-15,1668.429999
2018-03-16,1668.504631
2018-03-19,1651.511578
2018-03-20,1652.669647
2018-03-21,1652.318033
2018-03-22,1626.148132
2018-03-23,1597.466299
2018-03-26,1620.807329
2018-03-27,1612.46132
2018-03-28,1604.587175
2018-03-29,1617.889157
2018-03-30,1619.173992
2018-04-02,1599.685008
2018-04-03,1606.884354
2018-04-04,1612.999126
2018-04-05,1627.951389
2018-04-06,1609.11759
2018-04-09,1614.873986
2018-04-10,1636.681101
2018-04-11,1632.480845
2018-04-12,1638.299006
2018-04-13,1636.193652
2018-04-16,1643.025794
2018-04-17,1654.340137
2018-04-18,1661.587115
2018-04-19,1657.830025
2018-04-20,1644.312354
2018-04-23,1640.724869
2018-04-24,1629.844949
2018-04-25,1624.102807
2018-04-26,1635.104222
2018-04-27,1639.43425
2018-04-30,1634.295017
2018-05-01,1632.233413
2018-05-02,1626.861117
2018-05-03,1621.492251
2018-05-04,1633.615961
2018-05-07,1640.016976
2018-05-08,1639.677154
2018-05-09,1649.783016
2018-05-10,1661.230002
2018-05-11,1668.86984
2018-05-14,1672.106295
2018-05-15,1658.620548
2018-05-16,1662.004547
2018-05-17,1663.056062
2018-05-18,1659.452891
2018-05-21,1666.163692
2018-05-22,1665.589156
2018-05-23,1660.163743
2018-05-24,1657.609423
2018-05-25,1653.418962
2018-05-28,1651.181269
2018-05-29,1633.876555
2018-05-30,1644.086511
2018-05-31,1640.738056
2018-06-01,1652.92384
2018-06-04,1664.590617
2018-06-05,1663.127207
2018-06-06,1675.917583
2018-06-07,1676.55645
2018-06-08,1674.527497
2018-06-11,1679.683403
2018-06-12,1681.142492
2018-06-13,1676.711441
2018-06-14,1676.61361
2018-06-15,1668.657717
2018-06-18,1662.412011
2018-06-19,1649.121579
2018-06-20,1655.513819
2018-06-21,1644.908312
2018-06-22,1652.082257
2018-06-25,1629.274724
2018-06-26,1630.924932
2018-06-27,1619.244506
2018-06-28,1620.319596
2018-06-29,1630.889669
2018-07-02,1623.952229
2018-07-03,1624.339851
2018-07-04,1624.157045
2018-07-05,1633.498006
2018-07-06,1646.802393
2018-07-09,1661.721465
2018-07-10,1664.504376
2018-07-11,1649.775675
2018-07-12,1659.483611
2018-07-13,1662.740221
2018-07-16,1660.310369
2018-07-17,1664.386795
2018-07-18,1666.836662
2018-07-19,1661.127228
2018-07-20,1665.279831
2018-07-23,1665.083368
2018-07-24,1673.440941
2018-07-25,1681.812012
2018-07-26,1683.232855
2018-07-27,1678.858104
2018-07-30,1672.920657
2018-07-31,1676.072107
2018-08-01,1673.878007
2018-08-02,1669.939272
2018-08-03,1675.589627
2018-08-06,1676.718496
2018-08-07,1684.484569
2018-08-08,1683.874045
2018-08-09,1683.147264
2018-08-10,1664.747458
2018-08-13,1652.223908
2018-08-14,1659.58019
2018-08-15,1641.380966
2018-08-16,1651.683124
2018-08-17,1657.106302
2018-08-20,1663.820939
2018-08-21,1671.447757
2018-08-22,1675.835923
2018-08-23,1670.98462
2018-08-24,1679.772137
2018-08-27,1695.243391
2018-08-28,1697.334095
2018-08-29,1702.774368
2018-08-30,1694.975393
2018-08-31,1691.470694
2018-09-03,1688.230354
2018-09-04,1679.70848
2018-09-05,1669.964505
2018-09-06,1663.419969
2018-09-07,1659.695734
2018-09-10,1661.166598
2018-09-11,1663.119734
2018-09-12,1666.723458
2018-09-13,1675.246865
2018-09-14,1680.441396
2018-09-17,1673.85762
2018-09-18,1682.431077
2018-09-19,1687.302261
2018-09-20,1700.442539
2018-09-21,1705.23846
2018-09-24,1698.885303
2018-09-25,1699.980267
2018-09-26,1697.472977
2018-09-27,1697.341495
2018-09-28,1694.159346
2018-10-01,1695.232239
2018-10-02,1688.956059
2018-10-03,1689.766187
2018-10-04,1672.602448
2018-10-05,1660.687127
2018-10-08,1653.949134
2018-10-09,1649.524073
2018-10-10,1614.823523
2018-10-11,1579.425192
2018-10-12,1595.612179
2018-10-15,1589.240988
2018-10-16,1616.927614
2018-10-17,1615.558428
2018-10-18,1596.06688
2018-10-19,1593.13645
2018-10-22,1588.876415
2018-10-23,1570.714486
2018-10-24,1538.274005
2018-10-25,1548.960944
2018-10-26,1531.12254
2018-10-29,1526.021871
2018-10-30,1541.515289
2018-10-31,1561.631437
2018-11-01,1578.847781
2018-11-02,1581.421442
2018-11-05,1582.693635
2018-11-06,1589.429413
2018-11-07,1613.340257
2018-11-08,1611.705159
2018-11-09,1594.997756
2018-11-12,1569.261965
2018-11-13,1567.486627
2018-11-14,1560.12829
2018-11-15,1570.297185
2018-11-16,1574.989874
2018-11-19,1559.872515
2018-11-20,1534.698012
2018-11-21,1541.308468
2018-11-22,1541.402687
2018-11-23,1534.732483
2018-11-26,1552.123875
2018-11-27,1552.214401
2018-11-28,1574.834176
2018-11-29,1579.878301
2018-11-30,1583.696662
2018-12-03,1604.793703
2018-12-04,1569.174274
2018-12-05,1561.397588
2018-12-06,1545.406244
2018-12-07,1528.812106
2018-12-10,1515.676539
2018-12-11,1516.870835
2018-12-12,1534.424473
2018-12-13,1533.370288
2018-12-14,1509.55508
2018-12-17,1488.985871
2018-12-18,1484.015992
2018-12-19,1474.151133
2018-12-20,1451.909292
2018-12-21,1432.068426
2018-12-24,1410.078677
2018-12-25,1404.068912
2018-12-26,1442.060425
2018-12-27,1450.835293
2018-12-28,1459.183502
2018-12-31,1469.115175
2019-01-01,1469.19797
2019-01-02,1465.740809
2019-01-03,1446.563621
2019-01-04,1483.936631
2019-01-07,1498.531335
2019-01-08,1509.83363
2019-01-09,1524.27089
2019-01-10,1529.806896
2019-01-11,1530.046757
2019-01-14,1522.245715
2019-01-15,1534.568895
2019-01-16,1537.879805
2019-01-17,1544.227607
2019-01-18,1562.838516
2019-01-21,1563.032568
2019-01-22,1546.554786
2019-01-23,1547.283346
2019-01-24,1551.579352
2019-01-25,1567.057857
2019-01-28,1558.134817
2019-01-29,1558.83001
2019-01-30,1573.942427
2019-01-31,1588.662698
2019-02-01,1589.532234
2019-02-04,1595.450103
2019-02-05,1604.894169
2019-02-06,1601.702047
2019-02-07,1586.81832
2019-02-08,1581.322461
2019-02-11,1582.513073
2019-02-12,1599.958572
2019-02-13,1605.535133
2019-02-14,1602.426922
2019-02-15,1614.214527
2019-02-18,1619.755539
2019-02-19,1622.270733
2019-02-20,1629.993979
2019-02-21,1626.343338
2019-02-22,1634.581539
2019-02-25,1639.531277
2019-02-26,1638.511796
2019-02-27,1638.698722
2019-02-28,1632.864868
2019-03-01,1640.633681
2019-03-04,1636.994099
2019-03-05,1634.925175
2019-03-06,1627.770236
2019-03-07,1614.186688
2019-03-08,1604.672341
2019-03-11,1622.943093
2019-03-12,1630.873252
2019-03-13,1638.972922
2019-03-14,1639.074534
2019-03-15,1648.930633
2019-03-18,1657.555645
2019-03-19,1659.166413
2019-03-20,1652.619904
2019-03-21,1663.987665
2019-03-22,1638.358999
2019-03-25,1631.004096
2019-03-26,1642.86329
2019-03-27,1637.144745
2019-03-28,1638.760704
2019-03-29,1649.719339
2019-04-01,1668.649619
2019-04-02,1668.55872
2019-04-03,1678.406577
2019-04-04,1678.691428
2019-04-05,1684.837819
2019-04-08,1687.277936
2019-04-09,1681.038352
2019-04-10,1685.91554
2019-04-11,1684.350962
2019-04-12,1692.831986
2019-04-15,1693.985044
2019-04-16,1696.48908
2019-04-17,1694.659902
2019-04-18,1693.001208
2019-04-19,1693.26624
2019-04-22,1692.994239
2019-04-23,1702.639325
2019-04-24,1698.549192
2019-04-25,1694.294133
2019-04-26,1700.776085
2019-04-29,1703.080971
2019-04-30,1704.279174
2019-05-01,1698.313629
2019-05-02,1692.623804
2019-05-03,1705.73935
2019-05-06,1695.322425
2019-05-07,1672.958533
2019-05-08,1668.950942
2019-05-09,1656.693799
2019-05-10,1662.71539
2019-05-13,1631.43344
2019-05-14,1640.124969
2019-05-15,1648.297866
2019-05-16,1658.497042
2019-05-17,1648.863779
2019-05-20,1640.26247
2019-05-21,1650.788897
2019-05-22,1646.167561
2019-05-23,1626.810916
2019-05-24,1633.128015
2019-05-27,1634.682317
2019-05-28,1626.800566
2019-05-29,1612.553429
2019-05-30,1615.118423
2019-05-31,1602.230498
2019-06-03,1603.406927
2019-06-04,1625.90486
2019-06-05,1637.919005
2019-06-06,1642.645974
2019-06-07,1658.765979
2019-06-10,1667.277228
2019-06-11,1672.045446
2019-06-12,1667.749738
2019-06-13,1669.416516
2019-06-14,1663.381946
2019-06-17,1662.693714
2019-06-18,1678.556286
2019-06-19,1688.621302
2019-06-20,1706.48905
2019-06-21,1702.198176
2019-06-24,1701.43148
2019-06-25,1690.657267
2019-06-26,1687.402962
2019-06-27,1696.086352
2019-06-28,1705.268978
2019-07-01,1716.439963
2019-07-02,1720.181475
2019-07-03,1729.901629
2019-07-04,1732.394417
2019-07-05,1725.345501
2019-07-08,1714.772252
2019-07-09,1713.225204
2019-07-10,1719.46358
2019-07-11,1723.328258
2019-07-12,1728.131846
2019-07-15,1730.031517
2019-07-16,1726.443357
2019-07-17,1718.548821
2019-07-18,1718.034639
2019-07-19,1717.059754
2019-07-22,1718.160584
2019-07-23,1726.55812
2019-07-24,1733.411875
2019-07-25,1725.673983
2019-07-26,1730.810894
2019-07-29,1727.405766
2019-07-30,1722.035859
2019-07-31,1710.41506
2019-08-01,1697.563486
2019-08-02,1677.645899
2019-08-05,1635.778208
2019-08-06,1643.790771
2019-08-07,1647.105322
2019-08-08,1672.77857
2019-08-09,1663.937182
2019-08-12,1650.303028
2019-08-13,1660.092079
2019-08-14,1626.816736
2019-08-15,1623.816193
2019-08-16,1643.367971
2019-08-19,1660.774608
2019-08-20,1653.230379
2019-08-21,1664.715173
2019-08-22,1660.977372
2019-08-23,1635.357716
2019-08-26,1639.647214
2019-08-27,1639.564083
2019-08-28,1644.80433
2019-08-29,1660.468754
2019-08-30,1667.283099
2019-09-02,1665.717676
2019-09-03,1656.70911
2019-09-04,1675.537671
2019-09-05,1695.389202
2019-09-06,1699.094353
2019-09-09,1700.243959
2019-09-10,1701.076922
2019-09-11,1714.218008
2019-09-12,1720.033544
2019-09-13,1724.242902
2019-09-16,1718.421497
2019-09-17,1720.341845
2019-09-18,1719.891137
2019-09-19,1721.47192
2019-09-20,1718.040007
2019-09-23,1714.481514
2019-09-24,1705.400923
2019-09-25,1706.057755
2019-09-26,1705.411902
2019-09-27,1699.377719
2019-09-30,1702.251567
2019-10-01,1686.724258
2019-10-02,1660.664485
2019-10-03,1667.863504
2019-10-04,1683.742408
2019-10-07,1682.056897
2019-10-08,1663.16129
2019-10-09,1672.003198
2019-10-10,1680.953755
2019-10-11,1704.584052
2019-10-14,1702.757612
2019-10-15,1717.851303
2019-10-16,1718.111336
2019-10-17,1724.428238
2019-10-18,1719.414369
2019-10-21,1730.094888
2019-10-22,1727.775135
2019-10-23,1729.864745
2019-10-24,1735.834816
2019-10-25,1740.524499
2019-10-28,1747.907704
2019-10-29,1749.208116
2019-10-30,1751.635619
2019-10-31,1749.11447
2019-11-01,1763.923269
2019-11-04,1773.272542
2019-11-05,1773.159729
2019-11-06,1773.466819
2019-11-07,1778.337967
2019-11-08,1778.36251
2019-11-11,1774.787729
2019-11-12,1777.649533
2019-11-13,1773.896029
2019-11-14,1772.172358
2019-11-15,1785.604744
2019-11-18,1788.102028
2019-11-19,1788.830587
2019-11-20,1781.25787
2019-11-21,1776.258157
2019-11-22,1779.459312
2019-11-25,1792.984284
2019-11-26,1795.230371
2019-11-27,1802.061725
2019-11-28,1801.152395
2019-11-29,1792.688447
2019-12-02,1781.9509
2019-12-03,1772.633184
2019-12-04,1781.468646
2019-12-05,1785.094035
2019-12-06,1798.607164
2019-12-09,1796.545815
2019-12-10,1794.348355
2019-12-11,1799.263645
2019-12-12,1811.488151
2019-12-13,1821.714526
2019-12-16,1834.271191
2019-12-17,1836.769435
2019-12-18,1835.997431
2019-12-19,1840.726121
2019-12-20,1847.139483
2019-12-23,1848.627709
2019-12-24,1849.455343
2019-12-25,1849.028686
2019-12-26,1855.500948
2019-12-27,1860.462757
2019-12-30,1853.277649
2019-12-31,1856.269017
2020-01-01,1856.297678
2020-01-02,1870.029681
2020-01-03,1860.744886
2020-01-06,1858.732234
2020-01-07,1858.241409
2020-01-08,1859.559387
2020-01-09,1871.774105
2020-01-10,1871.070426
2020-01-13,1880.436715
2020-01-14,1881.187028
2020-01-15,1882.764974
2020-01-16,1893.325492
2020-01-17,1900.154172
2020-01-20,1899.799693
2020-01-21,1891.804781
2020-01-22,1893.710634
2020-01-23,1888.514588
2020-01-24,1880.24844
2020-01-27,1850.277409
2020-01-28,1860.81245
2020-01-29,1860.376763
2020-01-30,1853.730076
2020-01-31,1831.707333
2020-02-03,1837.158876
2020-02-04,1863.866949
2020-02-05,1879.977846
2020-02-06,1889.68938
2020-02-07,1878.788736
2020-02-10,1883.451907
2020-02-11,1892.31571
2020-02-12,1903.947351
2020-02-13,1900.821565
2020-02-14,1901.756316
2020-02-17,1901.396119
2020-02-18,1892.5403
2020-02-19,1901.00406
2020-02-20,1892.64973
2020-02-21,1878.674063
2020-02-24,1823.830534
2020-02-25,1781.33535
2020-02-26,1769.894277
2020-02-27,1712.363451
2020-02-28,1681.80009
2020-03-02,1731.234447
2020-03-03,1712.420023
2020-03-04,1756.135869
2020-03-05,1721.923843
2020-03-06,1686.525763
2020-03-09,1565.982687
2020-03-10,1606.35623
2020-03-11,1546.266642
2020-03-12,1397.910889
2020-03-13,1468.01134
2020-03-16,1332.360521
2020-03-17,1376.683346
2020-03-18,1302.973214
2020-03-19,1309.509258
2020-03-20,1288.537091
2020-03-23,1246.756077
2020-03-24,1351.316655
2020-03-25,1389.286496
2020-03-26,1453.690134
2020-03-27,1419.857614
2020-03-30,1447.209042
2020-03-31,1439.761697
2020-04-01,1385.540356
2020-04-02,1400.919443
2020-04-03,1380.468066
2020-04-06,1456.539541
2020-04-07,1472.400228
2020-04-08,1503.974402
2020-04-09,1530.296101
2020-04-10,1531.485094
2020-04-13,1518.773364
2020-04-14,1554.919164
2020-04-15,1519.599778
2020-04-16,1521.390054
2020-04-17,1561.95364
2020-04-20,1546.324864
2020-04-21,1500.613179
2020-04-22,1526.224312
2020-04-23,1532.981628
2020-04-24,1539.482877
2020-04-27,1568.872585
2020-04-28,1572.789817
2020-04-29,1610.668463
2020-04-30,1598.331202
2020-05-01,1563.25532
2020-05-04,1552.404102
2020-05-05,1567.869637
2020-05-06,1561.416735
2020-05-07,1574.807751
2020-05-08,1604.060298
2020-05-11,1603.476234
2020-05-12,1582.737304
2020-05-13,1556.992937
2020-05-14,1555.594789
2020-05-15,1562.757856
2020-05-18,1608.744263
2020-05-19,1606.358964
2020-05-20,1629.702631
2020-05-21,1618.576138
2020-05-22,1612.72628
2020-05-25,1621.308779
2020-05-26,1648.557268
2020-05-27,1665.133184
2020-05-28,1671.22296
2020-05-29,1671.828057
2020-06-01,1688.405635
2020-06-02,1708.053296
2020-06-03,1737.933892
2020-06-04,1736.425637
2020-06-05,1773.360415
2020-06-08,1790.549076
2020-06-09,1780.375754
2020-06-10,1773.036867
2020-06-11,1690.18091
2020-06-12,1696.551974
2020-06-15,1697.846897
2020-06-16,1736.222535
2020-06-17,1735.132737
2020-06-18,1733.78886
2020-06-19,1730.435497
2020-06-22,1736.571233
2020-06-23,1752.102798
2020-06-24,1712.15382
2020-06-25,1719.743499
2020-06-26,1694.218178
2020-06-29,1707.63213
2020-06-30,1725.280144
2020-07-01,1732.08701
2020-07-02,1747.98537
2020-07-03,1749.412984
2020-07-06,1780.374984
2020-07-07,1763.900033
2020-07-08,1773.64735
2020-07-09,1766.51213
2020-07-10,1777.293056
2020-07-13,1773.829569
2020-07-14,1782.786187
2020-07-15,1806.255304
2020-07-16,1795.145312
2020-07-17,1800.561114
2020-07-20,1814.557623
2020-07-21,1826.39587
2020-07-22,1829.33231
2020-07-23,1817.551389
2020-07-24,1802.276428
2020-07-27,1818.88768
2020-07-28,1812.381266
2020-07-29,1827.653056
2020-07-30,1816.105915
2020-07-31,1814.917343
2020-08-03,1828.613473
2020-08-04,1840.44903
2020-08-05,1858.124072
2020-08-06,1861.045338
2020-08-07,1856.160592
2020-08-10,1859.500611
2020-08-11,1859.914685
2020-08-12,1881.147667
2020-08-13,1881.417234
2020-08-14,1876.795522
2020-08-17,1884.818016
2020-08-18,1888.472639
2020-08-19,1884.549944
2020-08-20,1876.209993
2020-08-21,1879.818755
2020-08-24,1900.568183
2020-08-25,1905.800292
2020-08-26,1921.140883
2020-08-27,1918.770677
2020-08-28,1930.03315
2020-08-31,1924.780133
2020-09-01,1936.561782
2020-09-02,1954.122679
2020-09-03,1906.428699
2020-09-04,1886.828397
2020-09-07,1891.917091
2020-09-08,1854.971535
2020-09-09,1880.342107
2020-09-10,1863.331973
2020-09-11,1864.199733
2020-09-14,1888.197235
2020-09-15,1897.493533
2020-09-16,1897.223776
2020-09-17,1882.19048
2020-09-18,1872.624315
2020-09-21,1839.951299
2020-09-22,1847.496371
2020-09-23,1820.289204
2020-09-24,1811.674675
2020-09-25,1830.276902
2020-09-28,1860.959847
2020-09-29,1857.434869
2020-09-30,1865.117819
2020-10-01,1875.717959
2020-10-02,1864.624103
2020-10-05,1896.148639
2020-10-06,1885.595369
2020-10-07,1905.033389
2020-10-08,1920.391826
2020-10-09,1935.365402
2020-10-12,1957.802521
2020-10-13,1947.678732
2020-10-14,1940.672051
2020-10-15,1926.364016
2020-10-16,1929.278572
2020-10-19,1915.625377
2020-10-20,1920.0967
2020-10-21,1917.354156
2020-10-22,1920.178116
2020-10-23,1926.995141
2020-10-26,1897.166315
2020-10-27,1891.18671
2020-10-28,1837.445203
2020-10-29,1845.223246
2020-10-30,1824.740379
2020-11-02,1847.302723
2020-11-03,1882.166222
2020-11-04,1915.711242
2020-11-05,1957.84589
2020-11-06,1961.561595
2020-11-09,1989.77023
2020-11-10,1992.241323
2020-11-11,2005.819589
2020-11-12,1993.098416
2020-11-13,2009.116547
2020-11-16,2036.144653
2020-11-17,2034.723102
2020-11-18,2025.831113
2020-11-19,2026.910355
2020-11-20,2025.691036
2020-11-23,2034.543181
2020-11-24,2063.59834
2020-11-25,2063.164031
2020-11-26,2066.141745
2020-11-27,2075.105636
2020-11-30,2055.758656
2020-12-01,2078.239657
2020-12-02,2082.403359
2020-12-03,2091.405372
2020-12-04,2108.181428
2020-12-07,2105.532298
2020-12-08,2110.689192
2020-12-09,2102.042692
2020-12-10,2103.347024
2020-12-11,2098.970922
2020-12-14,2096.691437
2020-12-15,2114.924525
2020-12-16,2125.066561
2020-12-17,2142.054491
2020-12-18,2135.008913
2020-12-21,2118.110818
2020-12-22,2115.726068
2020-12-23,2125.50809
2020-12-24,2129.968612
2020-12-25,2130.617003
2020-12-28,2140.597431
2020-12-29,2146.752217
2020-12-30,2155.541888
2020-12-31,2157.944075
2021-01-01,2158.093235
2021-01-04,2147.264454
2021-01-05,2161.58515
2021-01-06,2175.200835
2021-01-07,2201.22825
2021-01-08,2219.757721
2021-01-11,2203.294096
2021-01-12,2209.576879
2021-01-13,2214.523201
2021-01-14,2217.920619
2021-01-15,2197.534158
2021-01-18,2196.989164
2021-01-19,2215.341399
2021-01-20,2238.796455
2021-01-21,2241.779474
2021-01-22,2233.317007
2021-01-25,2236.420012
2021-01-26,2229.812693
2021-01-27,2185.373944
2021-01-28,2191.418571
2021-01-29,2154.133523
2021-02-01,2186.8214
2021-02-02,2214.790231
2021-02-03,2222.326052
2021-02-04,2235.835498
2021-02-05,2250.07055
2021-02-08,2269.331232
2021-02-09,2273.777839
2021-02-10,2277.588175
2021-02-11,2283.422053
2021-02-12,2291.47886
2021-02-15,2301.173225
2021-02-16,2300.880266
2021-02-17,2291.675388
2021-02-18,2276.606216
2021-02-19,2283.543611
2021-02-22,2265.433876
2021-02-23,2265.430122
2021-02-24,2272.05397
2021-02-25,2243.663912
2021-02-26,2211.434609
2021-03-01,2257.057851
2021-03-02,2244.399863
2021-03-03,2231.027671
2021-03-04,2199.008057
2021-03-05,2212.849544
2021-03-08,2203.735319
2021-03-09,2233.041169
2021-03-10,2245.344686
2021-03-11,2275.843663
2021-03-12,2276.201759
2021-03-15,2285.292451
2021-03-16,2286.938318
2021-03-17,2288.263568
2021-03-18,2271.137918
2021-03-19,2265.833901
2021-03-22,2273.026978
2021-03-23,2251.054568
2021-03-24,2229.70023
2021-03-25,2235.500309
2021-03-26,2268.1539
2021-03-29,2262.824615
2021-03-30,2264.232559
2021-03-31,2268.760129
2021-04-01,2293.747434
2021-04-02,2295.53377
2021-04-05,2316.232812
2021-04-06,2320.828631
2021-04-07,2321.310948
2021-04-08,2332.77151
2021-04-09,2339.451794
2021-04-12,2335.431795
2021-04-13,2342.781226
2021-04-14,2344.235954
2021-04-15,2364.229016
2021-04-16,2374.434118
2021-04-19,2367.926856
2021-04-20,2346.433082
2021-04-21,2357.395898
2021-04-22,2353.306109
2021-04-23,2372.087159
2021-04-26,2382.720884
2021-04-27,2380.624275
2021-04-28,2381.476197
2021-04-29,2388.454334
2021-04-30,2367.240156
2021-05-03,2372.681268
2021-05-04,2352.943695
2021-05-05,2359.542807
2021-05-06,2373.849573
2021-05-07,2396.654275
2021-05-10,2383.241755
2021-05-11,2356.117148
2021-05-12,2314.786575
2021-05-13,2321.482036
2021-05-14,2357.974654
2021-05-17,2356.069399
2021-05-18,2357.950092
2021-05-19,2343.550263
2021-05-20,2365.203195
2021-05-21,2366.683352
2021-05-24,2382.147458
2021-05-25,2384.658296
2021-05-26,2390.932869
2021-05-27,2393.83835
2021-05-28,2401.278498
2021-05-31,2402.547056
2021-06-01,2412.014295
2021-06-02,2414.322867
2021-06-03,2403.941461
2021-06-04,2420.013746
2021-06-07,2424.233782
2021-06-08,2426.119386
2021-06-09,2420.459131
2021-06-10,2427.995209
2021-06-11,2433.385586
2021-06-14,2437.598953
2021-06-15,2434.244165
2021-06-16,2426.459186
2021-06-17,2413.537525
2021-06-18,2382.817642
2021-06-21,2400.897378
2021-06-22,2413.324393
2021-06-23,2414.913134
2021-06-24,2427.947534
2021-06-25,2439.497533
2021-06-28,2438.307806
2021-06-29,2436.600504
2021-06-30,2431.552643
2021-07-01,2438.227107
2021-07-02,2446.515424
2021-07-05,2449.668609
2021-07-06,2441.025766
2021-07-07,2443.034705
2021-07-08,2418.71836
2021-07-09,2442.148536
2021-07-12,2454.60894
2021-07-13,2448.895572
2021-07-14,2446.197619
2021-07-15,2437.3774
2021-07-16,2421.757187
2021-07-19,2381.90958
2021-07-20,2403.222876
2021-07-21,2426.781715
2021-07-22,2435.226517
2021-07-23,2449.278684
2021-07-26,2449.266296
2021-07-27,2435.077625
2021-07-28,2440.384718
2021-07-29,2461.498839
2021-07-30,2443.829673
2021-08-02,2452.734059
2021-08-03,2462.769931
2021-08-04,2458.961874
2021-08-05,2471.060196
2021-08-06,2466.811272
2021-08-09,2465.449776
2021-08-10,2468.87952
2021-08-11,2476.311453
2021-08-12,2479.160148
2021-08-13,2482.358045
2021-08-16,2476.516389
2021-08-17,2456.329184
2021-08-18,2443.80645
2021-08-19,2425.180776
2021-08-20,2434.941047
2021-08-23,2462.962341
2021-08-24,2478.519404
2021-08-25,2483.342172
2021-08-26,2470.335832
2021-08-27,2490.922455
2021-08-30,2502.19913
2021-08-31,2504.311322
2021-09-01,2513.253798
2021-09-02,2521.658663
2021-09-03,2524.112503
2021-09-06,2529.750199
2021-09-07,2521.552549
2021-09-08,2508.876968
2021-09-09,2499.789607
2021-09-10,2492.145446
2021-09-13,2494.207037
2021-09-14,2485.795021
2021-09-15,2492.441006
2021-09-16,2486.466296
2021-09-17,2470.270408
2021-09-20,2429.665121
2021-09-21,2432.605268
2021-09-22,2450.93411
2021-09-23,2476.77925
2021-09-24,2472.40858
2021-09-27,2469.537583
2021-09-28,2423.783084
2021-09-29,2419.03597
2021-09-30,2404.475479
2021-10-01,2414.938804
2021-10-04,2392.75238
2021-10-05,2407.758269
2021-10-06,2403.545588
2021-10-07,2431.892841
2021-10-08,2430.174264
2021-10-11,2423.468162
2021-10-12,2417.434782
2021-10-13,2429.305218
2021-10-14,2462.816158
2021-10-15,2482.752229
2021-10-18,2485.513581
2021-10-19,2502.977524
2021-10-20,2512.50412
2021-10-21,2513.927367
2021-10-22,2513.212922
2021-10-25,2520.516231
2021-10-26,2524.309135
2021-10-27,2508.689953
2021-10-28,2527.748209
2021-10-29,2521.443033
2021-11-01,2536.493876
2021-11-02,2538.731909
2021-11-03,2551.603946
2021-11-04,2560.998836
2021-11-05,2567.019515
2021-11-08,2572.403787
2021-11-09,2566.551129
2021-11-10,2547.132995
2021-11-11,2549.8347
2021-11-12,2565.191108
2021-11-15,2567.289588
2021-11-16,2570.964984
2021-11-17,2561.108963
2021-11-18,2560.772385
2021-11-19,2554.271361
2021-11-22,2540.053645
2021-11-23,2534.34466
2021-11-24,2534.124946
2021-11-25,2537.883073
2021-11-26,2479.728779
2021-11-29,2492.855503
2021-11-30,2453.757316
2021-12-01,2446.388563
2021-12-02,2466.012163
2021-12-03,2445.469609
2021-12-06,2465.531864
2021-12-07,2517.358362
2021-12-08,2527.768241
2021-12-09,2511.104612
2021-12-10,2517.969978
2021-12-13,2497.182834
2021-12-14,2478.521244
2021-12-15,2501.65052
2021-12-16,2498.091207
2021-12-17,2479.590033
2021-12-20,2445.003853
2021-12-21,2485.981889
2021-12-22,2509.636065
2021-12-23,2528.12283
2021-12-24,2529.100274
2021-12-27,2550.310068
2021-12-28,2552.568341
2021-12-29,2555.146497
2021-12-30,2552.190709
2021-12-31,2551.17105
2022-01-03,2558.605562
2022-01-04,2564.358856
2022-01-05,2529.198261
2022-01-06,2515.368151
2022-01-07,2511.530168
2022-01-10,2503.902949
2022-01-11,2525.232442
2022-01-12,2544.635121
2022-01-13,2523.364715
2022-01-14,2515.001538
2022-01-17,2516.408541
2022-01-18,2475.780051
2022-01-19,2456.755979
2022-01-20,2448.04165
2022-01-21,2405.237512
2022-01-24,2387.695096
2022-01-25,2364.014158
2022-01-26,2366.231291
2022-01-27,2342.301662
2022-01-28,2376.401751
2022-01-31,2418.795929
2022-02-01,2440.210502
2022-02-02,2457.445804
2022-02-03,2415.410462
2022-02-04,2423.410465
2022-02-07,2422.654597
2022-02-08,2435.994772
2022-02-09,2474.89601
2022-02-10,2452.498573
2022-02-11,2417.390995
2022-02-14,2392.492513
2022-02-15,2426.076941
2022-02-16,2434.721387
2022-02-17,2398.572532
2022-02-18,2378.460472
2022-02-21,2370.018363
2022-02-22,2347.953722
2022-02-23,2320.589024
2022-02-24,2306.564109
2022-02-25,2363.375717
2022-02-28,2363.447833
2022-03-01,2331.379009
2022-03-02,2353.404082
2022-03-03,2338.672155
2022-03-04,2298.720543
2022-03-07,2236.051916
2022-03-08,2220.32266
2022-03-09,2278.78125
2022-03-10,2276.52465
2022-03-11,2251.383194
2022-03-14,2234.384327
2022-03-15,2253.817672
2022-03-16,2316.224194
2022-03-17,2357.613206
2022-03-18,2378.268959
2022-03-21,2375.767197
2022-03-22,2399.907144
2022-03-23,2382.362228
2022-03-24,2400.627601
2022-03-25,2403.712489
2022-03-28,2410.522418
2022-03-29,2449.757995
2022-03-30,2442.865053
2022-03-31,2411.664458
2022-04-01,2416.234652
2022-04-04,2435.950161
2022-04-05,2411.826845
2022-04-06,2381.747265
2022-04-07,2378.141666
2022-04-08,2377.412581
2022-04-11,2347.780491
2022-04-12,2339.601216
2022-04-13,2360.476644
2022-04-14,2344.459888
2022-04-15,2342.642366
2022-04-18,2336.501208
2022-04-19,2356.380057
2022-04-20,2364.459847
2022-04-21,2338.037278
2022-04-22,2281.394072
2022-04-25,2270.744959
2022-04-26,2224.802506
2022-04-27,2220.108854
2022-04-28,2259.183472
2022-04-29,2220.174154
2022-05-02,2219.685407
2022-05-03,2228.960934
2022-05-04,2264.994248
2022-05-05,2207.976071
2022-05-06,2185.259196
2022-05-09,2116.261674
2022-05-10,2117.544822
2022-05-11,2101.171742
2022-05-12,2088.378038
2022-05-13,2136.615162
2022-05-16,2132.523477
2022-05-17,2176.59738
2022-05-18,2121.252581
2022-05-19,2109.161035
2022-05-20,2116.653524
2022-05-23,2148.673266
2022-05-24,2128.674115
2022-05-25,2143.925825
2022-05-26,2175.989594
2022-05-27,2221.727785
2022-05-30,2235.995354
2022-05-31,2221.430324
2022-06-01,2205.324159
2022-06-02,2235.040885
2022-06-03,2211.656142
2022-06-06,2221.544795
2022-06-07,2230.183837
2022-06-08,2217.218105
2022-06-09,2172.911597
2022-06-10,2113.715062
2022-06-13,2034.926676
2022-06-14,2021.444796
2022-06-15,2043.232209
2022-06-16,1992.711817
2022-06-17,1989.705103
2022-06-20,1994.589673
2022-06-21,2031.271382
2022-06-22,2021.087791
2022-06-23,2029.671403
2022-06-24,2082.756584
2022-06-27,2090.618444
2022-06-28,2064.673827
2022-06-29,2052.532314
2022-06-30,2029.799243
2022-07-01,2037.3893
2022-07-04,2043.044879
2022-07-05,2033.338478
2022-07-06,2034.67076
2022-07-07,2068.23082
2022-07-08,2070.896576
2022-07-11,2044.050262
2022-07-12,2028.690708
2022-07-13,2023.393823
2022-07-14,2004.637592
2022-07-15,2037.246473
2022-07-18,2042.595575
2022-07-19,2085.859328
2022-07-20,2099.789374
2022-07-21,2114.516392
2022-07-22,2105.581408
2022-07-25,2105.550664
2022-07-26,2087.792143
2022-07-27,2122.516321
2022-07-28,2149.947639
2022-07-29,2174.797663
2022-08-01,2177.954206
2022-08-02,2160.402799
2022-08-03,2178.853171
2022-08-04,2185.566743
2022-08-05,2182.048776
2022-08-08,2188.38801
2022-08-09,2176.332722
2022-08-10,2218.914919
2022-08-11,2223.651473
2022-08-12,2247.48557
2022-08-15,2252.222213
2022-08-16,2253.379542
2022-08-17,2237.231949
2022-08-18,2239.550665
2022-08-19,2208.959768
2022-08-22,2170.149952
2022-08-23,2166.646499
2022-08-24,2170.609185
2022-08-25,2197.728465
2022-08-26,2147.091717
2022-08-29,2124.907295
2022-08-30,2108.971618
2022-08-31,2097.584669
2022-09-01,2079.428059
2022-09-02,2075.673909
2022-09-05,2068.358442
2022-09-06,2059.011148
2022-09-07,2077.657963
2022-09-08,2094.407158
2022-09-09,2131.189509
2022-09-12,2159.033484
2022-09-13,2089.909324
2022-09-14,2084.530356
2022-09-15,2066.277053
2022-09-16,2045.809486
2022-09-19,2052.389075
2022-09-20,2034.9194
2022-09-21,2006.008212
2022-09-22,1982.840713
2022-09-23,1941.710459
2022-09-26,1914.573559
2022-09-27,1912.69402
2022-09-28,1934.182569
2022-09-29,1908.511474
2022-09-30,1895.118092
2022-10-03,1931.357185
2022-10-04,1994.68084
2022-10-05,1989.114578
2022-10-06,1975.540182
2022-10-07,1929.862682
2022-10-10,1911.249321
2022-10-11,1893.48757
2022-10-12,1887.259795
2022-10-13,1915.128
2022-10-14,1892.850656
2022-10-17,1932.465739
2022-10-18,1954.322797
2022-10-19,1936.439724
2022-10-20,1928.603947
2022-10-21,1951.04996
2022-10-24,1967.04434
2022-10-25,2000.329264
2022-10-26,2002.705016
2022-10-27,1997.268524
2022-10-28,2019.26562
2022-10-31,2011.715558
2022-11-01,2016.604753
2022-11-02,1984.57495
2022-11-03,1959.993927
2022-11-04,1993.222807
2022-11-07,2015.059844
2022-11-08,2030.458454
2022-11-09,1998.657194
2022-11-10,2086.410116
2022-11-11,2124.231685
2022-11-14,2110.541379
2022-11-15,2133.273306
2022-11-16,2115.690883
2022-11-17,2101.867454
2022-11-18,2113.859992
2022-11-21,2098.198171
2022-11-22,2122.428223
2022-11-23,2138.948406
2022-11-24,2148.876185
2022-11-25,2146.6218
2022-11-28,2118.619654
2022-11-29,2120.778616
2022-11-30,2164.816284
2022-12-01,2181.695548
2022-12-02,2175.980002
2022-12-05,2151.275505
2022-12-06,2124.184408
2022-12-07,2115.265104
2022-12-08,2128.911433
2022-12-09,2125.758232
2022-12-12,2136.205485
2022-12-13,2159.707058
2022-12-14,2155.194666
2022-12-15,2104.217641
2022-12-16,2082.046671
2022-12-19,2067.253614
2022-12-20,2071.042189
2022-12-21,2095.7956
2022-12-22,2076.581602
2022-12-23,2081.217558
2022-12-26,2082.049336
2022-12-27,2079.845812
2022-12-28,2061.479938
2022-12-29,2088.010738
2022-12-30,2081.668192
2023-01-02,2084.91816
2023-01-03,2081.814013
2023-01-04,2101.500184
2023-01-05,2082.948996
2023-01-06,2122.962976
2023-01-09,2139.432246
2023-01-10,2145.80425
2023-01-11,2167.311521
2023-01-12,2183.131353
2023-01-13,2197.248094
2023-01-16,2197.729062
2023-01-17,2197.287193
2023-01-18,2182.471226
2023-01-19,2161.579219
2023-01-20,2191.584939
2023-01-23,2213.542331
2023-01-24,2214.176965
2023-01-25,2215.371593
2023-01-26,2232.205701
2023-01-27,2238.29161
2023-01-30,2218.075662
2023-01-31,2235.001467
2023-02-01,2256.2961
2023-02-02,2285.025801
2023-02-03,2263.840889
2023-02-06,2237.635144
2023-02-07,2256.075225
2023-02-08,2244.288485
2023-02-09,2236.54333
2023-02-10,2228.847343
2023-02-13,2246.988627
2023-02-14,2249.441373
2023-02-15,2250.057297
2023-02-16,2235.34234
2023-02-17,2225.541589
2023-02-20,2229.514375
2023-02-21,2195.826338
2023-02-22,2186.000316
2023-02-23,2192.732867
2023-02-24,2168.129249
2023-02-27,2177.596395
2023-02-28,2172.889686
2023-03-01,2173.037237
2023-03-02,2180.579019
2023-03-03,2209.320532
2023-03-06,2213.763575
2023-03-07,2184.637829
2023-03-08,2182.665639
2023-03-09,2156.095765
2023-03-10,2127.18356
2023-03-13,2116.279315
2023-03-14,2133.726813
2023-03-15,2107.727388
2023-03-16,2133.71865
2023-03-17,2119.44849
2023-03-20,2132.948766
2023-03-21,2159.520395
2023-03-22,2142.447206
2023-03-23,2153.470858
2023-03-24,2149.179205
2023-03-27,2155.245274
2023-03-28,2158.885332
2023-03-29,2185.419162
2023-03-30,2202.466333
2023-03-31,2226.338279
2023-04-03,2234.669995
2023-04-04,2228.52012
2023-04-05,2218.21954
2023-04-06,2221.371329
2023-04-07,2222.31864
2023-04-10,2220.950766
2023-04-11,2232.096148
2023-04-12,2230.36265
2023-04-13,2255.052625
2023-04-14,2253.025666
2023-04-17,2255.50348
2023-04-18,2260.477851
2023-04-19,2256.321082
2023-04-20,2248.549111
2023-04-21,2246.508582
2023-04-24,2248.791806
2023-04-25,2218.87445
2023-04-26,2212.236489
2023-04-27,2238.162206
2023-04-28,2254.68303
2023-05-01,2253.075463
2023-05-02,2230.315468
2023-05-03,2225.791234
2023-05-04,2215.341018
2023-05-05,2247.598134
2023-05-08,2253.356243
2023-05-09,2243.398931
2023-05-10,2248.013238
2023-05-11,2241.608793
2023-05-12,2236.855646
2023-05-15,2246.556007
2023-05-16,2234.060394
2023-05-17,2247.244424
2023-05-18,2261.061987
2023-05-19,2262.250047
2023-05-22,2267.279846
2023-05-23,2246.83585
2023-05-24,2224.230157
2023-05-25,2226.421194
2023-05-26,2249.57682
2023-05-29,2251.405162
2023-05-30,2248.079499
2023-05-31,2227.482424
2023-06-01,2250.664929
2023-06-02,2288.148614
2023-06-05,2285.61003
2023-06-06,2294.254613
2023-06-07,2291.083084
2023-06-08,2300.354307
2023-06-09,2304.137765
2023-06-12,2318.260712
2023-06-13,2338.542974
2023-06-14,2344.99346
2023-06-15,2365.445466
2023-06-16,2364.023874
2023-06-19,2357.191473
2023-06-20,2343.650325
2023-06-21,2333.719501
2023-06-22,2332.975364
2023-06-23,2309.531785
2023-06-26,2304.773756
2023-06-27,2324.796253
2023-06-28,2327.543157
2023-06-29,2334.263629
2023-06-30,2357.401447
2023-07-03,2365.90365
2023-07-04,2366.976185
2023-07-05,2356.516598
2023-07-06,2326.56426
2023-07-07,2328.07441
2023-07-10,2334.983462
2023-07-11,2354.733759
2023-07-12,2382.225832
2023-07-13,2408.766361
2023-07-14,2408.17778
2023-07-17,2411.112161
2023-07-18,2425.256224
2023-07-19,2429.280259
2023-07-20,2415.77725
2023-07-21,2413.280101
2023-07-24,2419.143828
2023-07-25,2429.139435
2023-07-26,2429.51082
2023-07-27,2421.871543
2023-07-28,2440.673546
2023-07-31,2447.539069
2023-08-01,2435.278141
2023-08-02,2395.523274
2023-08-03,2387.324687
2023-08-04,2386.543302
2023-08-07,2397.386095
2023-08-08,2382.584781
2023-08-09,2375.826307
2023-08-10,2381.748679
2023-08-11,2371.264326
2023-08-14,2370.243164
2023-08-15,2349.296067
2023-08-16,2331.407317
2023-08-17,2313.862724
2023-08-18,2308.884653
2023-08-21,2315.834792
2023-08-22,2317.14194
2023-08-23,2338.300031
2023-08-24,2319.53826
2023-08-25,2320.391261
2023-08-28,2339.336844
2023-08-29,2369.950614
2023-08-30,2382.145747
2023-08-31,2377.266666
2023-09-01,2382.171628
2023-09-04,2385.126146
2023-09-05,2368.666329
2023-09-06,2355.666394
2023-09-07,2346.856768
2023-09-08,2347.626365
2023-09-11,2362.555224
2023-09-12,2353.015836
2023-09-13,2352.17069
2023-09-14,2373.538438
2023-09-15,2359.303788
2023-09-18,2352.724435
2023-09-19,2348.679911
2023-09-20,2337.877655
2023-09-21,2298.625747
2023-09-22,2296.161328
2023-09-25,2294.283261
2023-09-26,2267.137341
2023-09-27,2265.595047
2023-09-28,2276.633119
2023-09-29,2277.19258
2023-10-02,2264.289462
2023-10-03,2232.653891
2023-10-04,2236.263964
2023-10-05,2241.637084
2023-10-06,2263.262958
2023-10-09,2271.854477
2023-10-10,2295.825205
2023-10-11,2306.378189
2023-10-12,2295.167934
2023-10-13,2276.035042
2023-10-16,2291.367181
2023-10-17,2296.482283
2023-10-18,2267.396838
2023-10-19,2244.388684
2023-10-20,2219.726992
2023-10-23,2213.234534
2023-10-24,2225.044079
2023-10-25,2203.444183
2023-10-26,2180.8697
2023-10-27,2176.765057
2023-10-30,2194.724076
2023-10-31,2201.337629
2023-11-01,2221.17965
2023-11-02,2264.928615
2023-11-03,2294.021029
2023-11-06,2301.589127
2023-11-07,2297.092135
2023-11-08,2295.949891
2023-11-09,2288.932179
2023-11-10,2301.499264
2023-11-13,2305.048971
2023-11-14,2352.939786
2023-11-15,2368.170155
2023-11-16,2364.36183
2023-11-17,2373.424412
2023-11-20,2389.646416
2023-11-21,2385.79809
2023-11-22,2388.346098
2023-11-23,2392.467905
2023-11-24,2395.988104
2023-11-27,2390.346349
2023-11-28,2395.382057
2023-11-29,2397.17582
2023-11-30,2404.814452
2023-12-01,2418.895973
2023-12-04,2410.660947
2023-12-05,2404.360807
2023-12-06,2404.373077
2023-12-07,2414.958188
2023-12-08,2423.009482
2023-12-11,2428.609143
2023-12-12,2436.106273
2023-12-13,2461.589168
2023-12-14,2491.826241
2023-12-15,2490.711524
2023-12-18,2492.593578
2023-12-19,2510.276991
2023-12-20,2487.629829
2023-12-21,2505.315695
2023-12-22,2510.266213
2023-12-25,2510.554329
2023-12-26,2519.944451
2023-12-27,2532.973421
2023-12-28,2538.315057
2023-12-29,2530.946763
2024-01-01,2531.372837
2024-01-02,2512.119708
2024-01-03,2484.490446
2024-01-04,2484.250411
2024-01-05,2487.99915
2024-01-08,2510.360913
2024-01-09,2504.206137
2024-01-10,2512.776112
2024-01-11,2510.495352
2024-01-12,2518.440465
2024-01-15,2515.76147
2024-01-16,2496.940172
2024-01-17,2472.462311
2024-01-18,2488.990037
2024-01-19,2513.401987
2024-01-22,2524.019976
2024-01-23,2525.448363
2024-01-24,2536.594246
2024-01-25,2544.515965
2024-01-26,2546.635687
2024-01-29,2562.866514
2024-01-30,2560.078124
2024-01-31,2536.666909
2024-02-01,2552.99379
2024-02-02,2567.022102
2024-02-05,2553.728083
2024-02-06,2566.632498
2024-02-07,2580.684733
2024-02-08,2581.898199
2024-02-09,2592.844447
2024-02-12,2595.039005
2024-02-13,2563.527433
2024-02-14,2583.293572
2024-02-15,2605.108711
2024-02-16,2604.20313
2024-02-19,2605.661358
2024-02-20,2596.711036
2024-02-21,2595.213413
2024-02-22,2636.372531
2024-02-23,2639.235542
2024-02-26,2633.528116
2024-02-27,2640.11744
2024-02-28,2631.127936
2024-02-29,2642.655285
2024-03-01,2662.810728
2024-03-04,2662.817725
2024-03-05,2643.635158
2024-03-06,2659.728616
2024-03-07,2684.901405
2024-03-08,2679.960262
2024-03-11,2670.168257
2024-03-12,2692.114775
2024-03-13,2690.876438
2024-03-14,2680.682096
2024-03-15,2665.237979
2024-03-18,2677.352574
2024-03-19,2683.75378
2024-03-20,2701.261115
2024-03-21,2721.085162
2024-03-22,2713.035188
2024-03-25,2707.200294
2024-03-26,2704.326717
2024-03-27,2721.921225
2024-03-28,2724.54867
2024-03-29,2726.21942
2024-04-01,2715.659513
2024-04-02,2700.984127
2024-04-03,2704.602786
2024-04-04,2690.640881
2024-04-05,2700.296301
2024-04-08,2707.060484
2024-04-09,2711.762596
2024-04-10,2687.296725
2024-04-11,2693.930321
2024-04-12,2662.0441
2024-04-15,2635.257149
2024-04-16,2614.181403
2024-04-17,2603.384274
2024-04-18,2605.068882
2024-04-19,2585.643728
2024-04-22,2606.831742
2024-04-23,2638.153605
2024-04-24,2642.571229
2024-04-25,2628.804608
2024-04-26,2651.984996
2024-04-29,2664.584632
2024-04-30,2633.682562
2024-05-01,2626.399044
2024-05-02,2649.523435
2024-05-03,2679.664106
2024-05-06,2702.207188
2024-05-07,2710.278291
2024-05-08,2705.071032
2024-05-09,2716.724975
2024-05-10,2724.408667
2024-05-13,2727.450994
2024-05-14,2739.385866
2024-05-15,2766.24667
2024-05-16,2767.594939
2024-05-17,2770.849255
2024-05-20,2775.423546
2024-05-21,2774.493873
2024-05-22,2764.21095
2024-05-23,2748.28087
2024-05-24,2757.995529
2024-05-27,2764.555625
2024-05-28,2761.299787
2024-05-29,2731.766435
2024-05-30,2724.243989
2024-05-31,2740.392952
2024-06-03,2750.891046
2024-06-04,2743.615789
2024-06-05,2766.874149
2024-06-06,2773.552025
2024-06-07,2764.54978
2024-06-10,2766.783608
2024-06-11,2762.762447
2024-06-12,2790.934897
2024-06-13,2782.1574
2024-06-14,2772.041004
2024-06-17,2782.662938
2024-06-18,2794.976432
2024-06-19,2798.861966
2024-06-20,2796.253134
2024-06-21,2786.45096
2024-06-24,2788.266259
2024-06-25,2794.624035
2024-06-26,2793.764799
2024-06-27,2795.202013
2024-06-28,2791.136891
2024-07-01,2795.500209
2024-07-02,2805.244264
2024-07-03,2826.019571
2024-07-04,2834.625832
2024-07-05,2841.601503
2024-07-08,2844.322343
2024-07-09,2842.08487
2024-07-10,2866.104225
2024-07-11,2871.39439
2024-07-12,2887.236806
2024-07-15,2889.430067
2024-07-16,2901.912991
2024-07-17,2876.757952
2024-07-18,2854.593194
2024-07-19,2831.544213
2024-07-22,2852.566052
2024-07-23,2851.601478
2024-07-24,2805.575064
2024-07-25,2787.70624
2024-07-26,2812.095068
2024-07-29,2814.23765
2024-07-30,2805.604716
2024-07-31,2848.562402
2024-08-01,2809.633005
2024-08-02,2750.763766
2024-08-05,2661.446016
2024-08-06,2693.149609
2024-08-07,2692.278043
2024-08-08,2730.244704
2024-08-09,2748.549686
2024-08-12,2748.187771
2024-08-13,2787.812198
2024-08-14,2803.35997
2024-08-15,2836.781281
2024-08-16,2853.595159
2024-08-19,2881.05445
2024-08-20,2878.840882
2024-08-21,2890.080379
2024-08-22,2874.186985
2024-08-23,2906.700699
2024-08-26,2902.782561
2024-08-27,2904.798734
2024-08-28,2892.520156
2024-08-29,2893.255768
2024-08-30,2915.078011
2024-09-02,2912.386075
2024-09-03,2864.911522
2024-09-04,2849.824359
2024-09-05,2841.840624
2024-09-06,2807.228371
2024-09-09,2822.258578
2024-09-10,2825.702366
2024-09-11,2841.699419
2024-09-12,2870.457187
2024-09-13,2892.543228
2024-09-16,2898.63774
2024-09-17,2900.844436
2024-09-18,2893.155638
2024-09-19,2939.269786
2024-09-20,2930.750255
2024-09-23,2939.850354
2024-09-24,2955.050987
2024-09-25,2950.254561
2024-09-26,2976.023205
2024-09-27,2986.229798
2024-09-30,2982.189201
2024-10-01,2961.20424
2024-10-02,2958.913848
2024-10-03,2946.814021
2024-10-04,2964.923838
2024-10-07,2952.111797
2024-10-08,2954.166095
2024-10-09,2967.137418
2024-10-10,2965.2001
2024-10-11,2982.842464
2024-10-14,2997.635567
2024-10-15,2979.709206
2024-10-16,2984.263638
2024-10-17,2983.31289
2024-10-18,2998.19602
2024-10-21,2985.060432
2024-10-22,2975.688264
2024-10-23,2951.669826
2024-10-24,2956.428853
2024-10-25,2954.4421
2024-10-28,2964.432454
2024-10-29,2964.544217
2024-10-30,2955.038936
2024-10-31,2913.124348
2024-11-01,2922.356823
2024-11-04,2922.430697
2024-11-05,2951.456834
2024-11-06,2995.115696
2024-11-07,3021.671932
2024-11-08,3023.528434
2024-11-11,3025.145899
2024-11-12,3001.345592
2024-11-13,2992.578311
2024-11-14,2979.033482
2024-11-15,2950.198257
2024-11-18,2960.204036
2024-11-19,2973.438543
2024-11-20,2968.850325
2024-11-21,2983.687738
2024-11-22,2995.564042
2024-11-25,3010.94794
2024-11-26,3013.536977
2024-11-27,3011.605276
2024-11-28,3012.139035
2024-11-29,3026.702681
2024-12-02,3033.149101
2024-12-03,3044.64105
2024-12-04,3058.786639
2024-12-05,3057.00832
2024-12-06,3062.290208
2024-12-09,3052.329141
2024-12-10,3036.302059
2024-12-11,3053.338994
2024-12-12,3042.244453
2024-12-13,3033.319289
2024-12-16,3038.817366
2024-12-17,3024.097066
2024-12-18,2958.309074
2024-12-19,2936.361655
2024-12-20,2952.977908
2024-12-23,2969.749626
2024-12-24,2993.250295
2024-12-25,2993.925534
2024-12-26,2994.967862
2024-12-27,2978.471996
2024-12-30,2952.343195
2024-12-31,2945.289891
2025-01-01,2945.682254
2025-01-02,2941.218291
2025-01-03,2966.567998
2025-01-06,2984.931828
2025-01-07,2965.310053
2025-01-08,2960.204048
2025-01-09,2958.526435
2025-01-10,2917.653817
2025-01-13,2910.123475
2025-01-14,2921.080344
2025-01-15,2965.959979
2025-01-16,2971.938488
2025-01-17,2993.801416
2025-01-20,3004.431388
2025-01-21,3026.521211
2025-01-22,3039.556124
2025-01-23,3051.423125
2025-01-24,3054.492393
2025-01-27,3023.357749
2025-01-28,3038.532006
2025-01-29,3034.702364
2025-01-30,3054.990839
2025-01-31,3041.721125
2025-02-03,3006.5742
2025-02-04,3033.433739
2025-02-05,3051.918098
2025-02-06,3063.779911
2025-02-07,3043.205162
2025-02-10,3057.365902
2025-02-11,3055.617489
2025-02-12,3051.235506
2025-02-13,3085.051522
2025-02-14,3091.905463
2025-02-17,3095.623246
2025-02-18,3104.604806
2025-02-19,3100.171605
2025-02-20,3089.695448
2025-02-21,3056.236154
2025-02-24,3042.71291
2025-02-25,3029.32309
2025-02-26,3037.687141
2025-02-27,2997.262956
2025-02-28,3014.952793
2025-03-03,2989.215587
2025-03-04,2955.600169
2025-03-05,3000.111529
2025-03-06,2973.12107
2025-03-07,2979.325327
2025-03-10,2913.031823
2025-03-11,2893.133263
2025-03-12,2907.27311
2025-03-13,2875.308331
2025-03-14,2926.848962
2025-03-17,2954.015747
2025-03-18,2941.180646
2025-03-19,2961.840953
2025-03-20,2955.048082
2025-03-21,2949.126545
2025-03-24,2983.436704
2025-03-25,2988.655715
2025-03-26,2963.410544
2025-03-27,2954.177604
2025-03-28,2909.642321
2025-03-31,2898.002693
2025-04-01,2915.310939
2025-04-02,2930.489369
2025-04-03,2830.161241
2025-04-04,2680.906841
2025-04-07,2612.523053
2025-04-08,2603.733456
2025-04-09,2747.694484
2025-04-10,2729.308873
2025-04-11,2768.906579
2025-04-14,2804.959355
2025-04-15,2814.865307
2025-04-16,2775.582162
2025-04-17,2783.529838
2025-04-18,2785.716098
