Date,Value
1997-11-28,199.989615
1997-12-01,202.438023
1997-12-02,204.158843
1997-12-03,203.82765
1997-12-04,204.022403
1997-12-05,204.767349
1997-12-08,206.949058
1997-12-09,206.330904
1997-12-10,205.084236
1997-12-11,198.383386
1997-12-12,197.227498
1997-12-15,196.462728
1997-12-16,195.684468
1997-12-17,199.269457
1997-12-18,198.14149
1997-12-19,194.116461
1997-12-22,192.122153
1997-12-23,191.811653
1997-12-24,191.199019
1997-12-25,191.200374
1997-12-26,191.473977
1997-12-29,193.613776
1997-12-30,197.121462
1997-12-31,197.889202
1998-01-01,197.889202
1998-01-02,197.188301
1998-01-05,195.785286
1998-01-06,193.156643
1998-01-07,190.363906
1998-01-08,186.97781
1998-01-09,183.080423
1998-01-12,177.938357
1998-01-13,182.10445
1998-01-14,186.099779
1998-01-15,184.485309
1998-01-16,188.293851
1998-01-19,193.056045
1998-01-20,193.385735
1998-01-21,194.685145
1998-01-22,193.42708
1998-01-23,193.849915
1998-01-26,196.646365
1998-01-27,198.79399
1998-01-28,200.10814
1998-01-29,199.083038
1998-01-30,198.354745
1998-02-02,205.296593
1998-02-03,209.588801
1998-02-04,209.836989
1998-02-05,212.923321
1998-02-06,214.808801
1998-02-09,216.853782
1998-02-10,220.760936
1998-02-11,221.043953
1998-02-12,218.335231
1998-02-13,213.809413
1998-02-16,211.305343
1998-02-17,213.657956
1998-02-18,215.797201
1998-02-19,215.701557
1998-02-20,215.886892
1998-02-23,216.300809
1998-02-24,216.181898
1998-02-25,216.963907
1998-02-26,220.114423
1998-02-27,223.488291
1998-03-02,226.336724
1998-03-03,225.465596
1998-03-04,223.045759
1998-03-05,219.171851
1998-03-06,222.193445
1998-03-09,221.941341
1998-03-10,224.191968
1998-03-11,223.570855
1998-03-12,223.11694
1998-03-13,226.968789
1998-03-16,227.927989
1998-03-17,228.619805
1998-03-18,228.164565
1998-03-19,229.757711
1998-03-20,231.113968
1998-03-23,231.717084
1998-03-24,232.177513
1998-03-25,234.53249
1998-03-26,234.389809
1998-03-27,234.406098
1998-03-30,231.173385
1998-03-31,231.301908
1998-04-01,230.149612
1998-04-02,228.647405
1998-04-03,227.244402
1998-04-06,229.316255
1998-04-07,229.072292
1998-04-08,230.774674
1998-04-09,233.103771
1998-04-10,233.005621
1998-04-13,232.241806
1998-04-14,234.772053
1998-04-15,235.287279
1998-04-16,230.56672
1998-04-17,229.96492
1998-04-20,231.091313
1998-04-21,231.912755
1998-04-22,230.818206
1998-04-23,228.647224
1998-04-24,227.261145
1998-04-27,221.042944
1998-04-28,222.174812
1998-04-29,222.30157
1998-04-30,225.183599
1998-05-01,227.513585
1998-05-04,228.97449
1998-05-05,227.592381
1998-05-06,227.088549
1998-05-07,226.745226
1998-05-08,227.743287
1998-05-11,229.650294
1998-05-12,227.214619
1998-05-13,224.984325
1998-05-14,224.531527
1998-05-15,224.035357
1998-05-18,220.499263
1998-05-19,221.566095
1998-05-20,223.988456
1998-05-21,226.315646
1998-05-22,225.288337
1998-05-25,224.865748
1998-05-26,223.4555
1998-05-27,218.987293
1998-05-28,218.562134
1998-05-29,217.938634
1998-06-01,214.309698
1998-06-02,215.193653
1998-06-03,217.037093
1998-06-04,215.461166
1998-06-05,214.833106
1998-06-08,213.670592
1998-06-09,213.162218
1998-06-10,208.726289
1998-06-11,205.571355
1998-06-12,204.087027
1998-06-15,198.384476
1998-06-16,200.141332
1998-06-17,207.254901
1998-06-18,210.860745
1998-06-19,211.389545
1998-06-22,207.307403
1998-06-23,207.358082
1998-06-24,207.184996
1998-06-25,208.789773
1998-06-26,207.460587
1998-06-29,208.4879
1998-06-30,210.397664
1998-07-01,213.603292
1998-07-02,214.852082
1998-07-03,213.988238
1998-07-06,213.504627
1998-07-07,213.093071
1998-07-08,214.023091
1998-07-09,211.690507
1998-07-10,209.363602
1998-07-13,209.704748
1998-07-14,212.116813
1998-07-15,213.225098
1998-07-16,213.663168
1998-07-17,215.321117
1998-07-20,215.007044
1998-07-21,212.755843
1998-07-22,210.576191
1998-07-23,208.053506
1998-07-24,208.349591
1998-07-27,204.799527
1998-07-28,204.136704
1998-07-29,202.323084
1998-07-30,203.399751
1998-07-31,201.97547
1998-08-03,197.421772
1998-08-04,196.415118
1998-08-05,196.013548
1998-08-06,193.767246
1998-08-07,193.042149
1998-08-10,191.110002
1998-08-11,185.74857
1998-08-12,187.439305
1998-08-13,184.911309
1998-08-14,186.701077
1998-08-17,186.609236
1998-08-18,188.936613
1998-08-19,191.388376
1998-08-20,191.038642
1998-08-21,186.496533
1998-08-24,186.063057
1998-08-25,187.503224
1998-08-26,184.731958
1998-08-27,178.917769
1998-08-28,177.329401
1998-08-31,173.912318
1998-09-01,175.176299
1998-09-02,177.478279
1998-09-03,176.704224
1998-09-04,177.420922
1998-09-07,185.902621
1998-09-08,186.279642
1998-09-09,183.268039
1998-09-10,181.195936
1998-09-11,179.744234
1998-09-14,183.644032
1998-09-15,183.963252
1998-09-16,184.769468
1998-09-17,181.579418
1998-09-18,180.085349
1998-09-21,176.921676
1998-09-22,178.292428
1998-09-23,179.485
1998-09-24,181.284656
1998-09-25,180.121541
1998-09-28,181.978249
1998-09-29,181.472413
1998-09-30,175.181312
1998-10-01,171.736682
1998-10-02,172.662747
1998-10-05,169.536365
1998-10-06,171.174343
1998-10-07,175.988419
1998-10-08,175.461481
1998-10-09,180.05436
1998-10-12,184.861735
1998-10-13,184.146885
1998-10-14,183.560147
1998-10-15,187.177207
1998-10-16,196.204402
1998-10-19,197.205312
1998-10-20,199.36266
1998-10-21,199.642797
1998-10-22,199.632591
1998-10-23,199.572323
1998-10-26,199.096032
1998-10-27,201.017384
1998-10-28,200.068504
1998-10-29,202.889822
1998-10-30,207.805666
1998-11-02,212.844331
1998-11-03,213.094211
1998-11-04,217.445452
1998-11-05,215.998838
1998-11-06,213.924387
1998-11-09,208.526952
1998-11-10,206.211467
1998-11-11,211.497769
1998-11-12,207.982804
1998-11-13,209.795757
1998-11-16,214.974309
1998-11-17,213.528642
1998-11-18,214.588377
1998-11-19,216.583631
1998-11-20,217.885294
1998-11-23,220.458884
1998-11-24,224.316099
1998-11-25,223.327774
1998-11-26,224.023944
1998-11-27,223.736276
1998-11-30,218.078511
1998-12-01,216.214956
1998-12-02,218.07664
1998-12-03,217.634378
1998-12-04,218.209574
1998-12-07,219.909124
1998-12-08,219.625316
1998-12-09,220.350105
1998-12-10,219.567709
1998-12-11,216.225459
1998-12-14,213.09521
1998-12-15,213.371943
1998-12-16,215.072872
1998-12-17,217.31635
1998-12-18,218.536401
1998-12-21,220.33071
1998-12-22,219.52429
1998-12-23,221.40773
1998-12-24,221.398272
1998-12-25,221.817007
1998-12-28,221.61124
1998-12-29,222.974566
1998-12-30,223.228288
1998-12-31,223.401922
1999-01-01,223.401988
1999-01-04,225.767949
1999-01-05,228.377215
1999-01-06,234.433562
1999-01-07,236.227759
1999-01-08,236.38056
1999-01-11,236.502864
1999-01-12,233.769189
1999-01-13,228.633363
1999-01-14,227.437996
1999-01-15,229.105687
1999-01-18,231.090109
1999-01-19,231.129072
1999-01-20,231.16012
1999-01-21,228.774513
1999-01-22,224.199642
1999-01-25,223.143479
1999-01-26,223.764646
1999-01-27,224.423011
1999-01-28,224.417345
1999-01-29,226.630939
1999-02-01,228.003439
1999-02-02,226.170129
1999-02-03,225.322105
1999-02-04,223.989813
1999-02-05,221.510618
1999-02-08,220.902631
1999-02-09,217.751196
1999-02-10,216.371091
1999-02-11,219.058217
1999-02-12,219.1995
1999-02-15,219.004996
1999-02-16,218.715755
1999-02-17,216.421828
1999-02-18,216.85589
1999-02-19,215.44671
1999-02-22,217.661006
1999-02-23,218.237087
1999-02-24,218.462739
1999-02-25,218.463186
1999-02-26,217.763331
1999-03-01,218.068841
1999-03-02,218.0409
1999-03-03,217.227101
1999-03-04,217.136397
1999-03-05,222.324497
1999-03-08,222.34153
1999-03-09,223.263459
1999-03-10,226.654597
1999-03-11,227.003568
1999-03-12,229.181151
1999-03-15,231.131252
1999-03-16,232.844506
1999-03-17,232.929638
1999-03-18,231.538722
1999-03-19,233.597089
1999-03-22,233.608265
1999-03-23,231.425686
1999-03-24,229.522754
1999-03-25,232.412313
1999-03-26,230.687921
1999-03-29,230.870265
1999-03-30,231.322074
1999-03-31,232.636531
1999-04-01,233.677173
1999-04-02,233.07098
1999-04-05,233.449083
1999-04-06,235.694771
1999-04-07,238.146731
1999-04-08,239.040187
1999-04-09,240.288185
1999-04-12,240.868147
1999-04-13,242.835705
1999-04-14,244.260544
1999-04-15,244.137902
1999-04-16,248.856816
1999-04-19,251.526474
1999-04-20,249.05572
1999-04-21,249.586554
1999-04-22,251.942043
1999-04-23,252.177632
1999-04-26,252.869741
1999-04-27,255.748208
1999-04-28,254.604675
1999-04-29,254.058246
1999-04-30,254.633321
1999-05-03,258.190208
1999-05-04,259.829392
1999-05-05,261.468623
1999-05-06,264.293921
1999-05-07,261.504916
1999-05-10,262.31354
1999-05-11,260.69467
1999-05-12,260.49856
1999-05-13,259.631417
1999-05-14,256.209246
1999-05-17,251.568982
1999-05-18,251.643805
1999-05-19,250.614957
1999-05-20,251.585474
1999-05-21,251.621178
1999-05-24,251.447871
1999-05-25,249.460934
1999-05-26,249.136701
1999-05-27,247.195671
1999-05-28,247.483084
1999-05-31,248.300055
1999-06-01,251.371738
1999-06-02,251.757927
1999-06-03,251.419675
1999-06-04,252.193197
1999-06-07,255.898989
1999-06-08,257.223029
1999-06-09,257.64456
1999-06-10,258.84854
1999-06-11,261.450419
1999-06-14,260.023587
1999-06-15,259.803992
1999-06-16,260.46151
1999-06-17,262.023232
1999-06-18,261.966608
1999-06-21,263.451473
1999-06-22,262.80697
1999-06-23,261.37312
1999-06-24,260.446472
1999-06-25,260.576849
1999-06-28,261.574473
1999-06-29,262.756561
1999-06-30,261.603635
1999-07-01,264.018585
1999-07-02,267.055002
1999-07-05,269.296909
1999-07-06,268.001455
1999-07-07,267.411155
1999-07-08,266.758913
1999-07-09,268.183329
1999-07-12,267.905591
1999-07-13,266.300588
1999-07-14,266.655336
1999-07-15,270.389599
1999-07-16,268.983139
1999-07-19,269.690841
1999-07-20,269.767256
1999-07-21,267.841111
1999-07-22,265.231107
1999-07-23,263.373559
1999-07-26,263.54143
1999-07-27,263.69849
1999-07-28,265.110255
1999-07-29,265.646926
1999-07-30,266.804006
1999-08-02,266.223072
1999-08-03,265.860946
1999-08-04,265.204128
1999-08-05,262.916883
1999-08-06,260.626862
1999-08-09,260.041992
1999-08-10,257.357278
1999-08-11,256.403154
1999-08-12,260.104716
1999-08-13,260.453457
1999-08-16,263.529246
1999-08-17,263.228782
1999-08-18,264.799576
1999-08-19,265.789825
1999-08-20,268.998313
1999-08-23,272.082815
1999-08-24,270.790588
1999-08-25,271.259759
1999-08-26,270.007191
1999-08-27,269.854587
1999-08-30,269.998669
1999-08-31,267.846297
1999-09-01,271.659055
1999-09-02,272.020108
1999-09-03,272.705161
1999-09-06,274.749605
1999-09-07,272.865166
1999-09-08,271.700947
1999-09-09,276.074492
1999-09-10,275.317125
1999-09-13,276.582126
1999-09-14,275.439048
1999-09-15,273.875546
1999-09-16,270.91049
1999-09-17,270.138851
1999-09-20,271.438383
1999-09-21,271.768254
1999-09-22,268.422211
1999-09-23,267.404562
1999-09-24,263.2153
1999-09-27,261.483046
1999-09-28,262.255225
1999-09-29,261.384672
1999-09-30,263.618608
1999-10-01,264.915029
1999-10-04,266.370089
1999-10-05,266.643979
1999-10-06,267.366061
1999-10-07,267.786919
1999-10-08,267.602126
1999-10-11,267.537237
1999-10-12,267.723627
1999-10-13,264.006177
1999-10-14,266.226861
1999-10-15,263.222262
1999-10-18,259.21995
1999-10-19,259.426249
1999-10-20,261.305559
1999-10-21,260.257108
1999-10-22,262.298491
1999-10-25,264.539332
1999-10-26,265.12408
1999-10-27,265.120099
1999-10-28,267.538314
1999-10-29,274.125511
1999-11-01,273.138755
1999-11-02,275.322109
1999-11-03,274.979958
1999-11-04,279.375999
1999-11-05,278.477126
1999-11-08,278.379248
1999-11-09,278.178553
1999-11-10,281.785223
1999-11-11,282.253199
1999-11-12,281.892295
1999-11-15,280.386895
1999-11-16,281.335217
1999-11-17,282.961529
1999-11-18,284.533103
1999-11-19,287.251241
1999-11-22,291.687366
1999-11-23,291.3548
1999-11-24,289.232852
1999-11-25,288.809013
1999-11-26,290.881063
1999-11-29,289.859042
1999-11-30,286.631823
1999-12-01,288.043405
1999-12-02,290.709565
1999-12-03,296.258678
1999-12-06,298.430392
1999-12-07,297.288793
1999-12-08,296.602817
1999-12-09,296.500644
1999-12-10,296.364019
1999-12-13,295.870009
1999-12-14,294.107393
1999-12-15,292.6685
1999-12-16,295.607827
1999-12-17,295.648069
1999-12-20,297.14816
1999-12-21,297.038054
1999-12-22,300.759008
1999-12-23,303.984203
1999-12-24,305.977345
1999-12-27,304.520685
1999-12-28,306.907805
1999-12-29,308.567335
1999-12-30,311.801106
1999-12-31,311.852664
2000-01-03,314.11627
2000-01-04,307.559766
2000-01-05,301.916489
2000-01-06,297.902846
2000-01-07,302.592693
2000-01-10,304.660927
2000-01-11,305.077508
2000-01-12,303.260206
2000-01-13,305.893849
2000-01-14,305.479239
2000-01-17,306.940919
2000-01-18,305.63393
2000-01-19,303.305259
2000-01-20,302.821501
2000-01-21,300.900723
2000-01-24,299.727308
2000-01-25,296.137821
2000-01-26,296.764428
2000-01-27,298.024017
2000-01-28,293.493611
2000-01-31,290.840679
2000-02-01,291.952995
2000-02-02,293.673108
2000-02-03,298.807032
2000-02-04,300.690667
2000-02-07,300.163123
2000-02-08,298.10196
2000-02-09,296.722461
2000-02-10,294.611548
2000-02-11,293.928691
2000-02-14,293.306667
2000-02-15,290.473401
2000-02-16,291.487908
2000-02-17,293.210406
2000-02-18,287.813336
2000-02-21,284.921373
2000-02-22,286.698159
2000-02-23,285.331923
2000-02-24,285.333608
2000-02-25,285.783494
2000-02-28,285.369719
2000-02-29,284.700582
2000-03-01,289.879909
2000-03-02,289.5103
2000-03-03,291.938972
2000-03-06,291.359634
2000-03-07,287.26325
2000-03-08,287.21072
2000-03-09,291.04792
2000-03-10,290.335848
2000-03-13,285.509075
2000-03-14,283.463667
2000-03-15,282.513322
2000-03-16,290.161082
2000-03-17,290.04215
2000-03-20,290.907331
2000-03-21,292.320504
2000-03-22,291.656232
2000-03-23,293.99784
2000-03-24,297.235783
2000-03-27,298.534427
2000-03-28,298.576667
2000-03-29,296.082036
2000-03-30,294.122694
2000-03-31,296.094898
2000-04-03,295.303995
2000-04-04,294.700941
2000-04-05,294.861207
2000-04-06,298.563355
2000-04-07,299.613345
2000-04-10,299.859443
2000-04-11,298.414266
2000-04-12,298.814568
2000-04-13,296.757513
2000-04-14,288.553875
2000-04-17,287.513377
2000-04-18,292.167904
2000-04-19,292.587426
2000-04-20,294.845632
2000-04-21,294.730584
2000-04-24,296.458211
2000-04-25,299.550308
2000-04-26,299.02709
2000-04-27,295.640158
2000-04-28,295.583582
2000-05-01,297.1839
2000-05-02,298.00787
2000-05-03,294.06939
2000-05-04,293.929569
2000-05-05,296.06094
2000-05-08,295.3032
2000-05-09,293.29866
2000-05-10,290.190631
2000-05-11,290.810063
2000-05-12,295.459791
2000-05-15,297.099892
2000-05-16,300.828023
2000-05-17,295.200839
2000-05-18,294.413198
2000-05-19,290.172032
2000-05-22,287.354696
2000-05-23,286.527021
2000-05-24,285.816582
2000-05-25,285.332319
2000-05-26,285.699168
2000-05-29,288.254024
2000-05-30,292.121571
2000-05-31,291.048038
2000-06-01,296.203081
2000-06-02,300.726996
2000-06-05,303.647249
2000-06-06,303.788324
2000-06-07,305.213397
2000-06-08,303.222541
2000-06-09,303.161536
2000-06-12,303.753562
2000-06-13,303.817811
2000-06-14,302.385404
2000-06-15,300.730899
2000-06-16,297.929961
2000-06-19,299.631092
2000-06-20,299.325713
2000-06-21,299.260926
2000-06-22,297.807981
2000-06-23,296.913795
2000-06-26,297.394405
2000-06-27,298.295571
2000-06-28,300.007341
2000-06-29,299.985968
2000-06-30,298.448427
2000-07-03,302.810713
2000-07-04,302.921113
2000-07-05,300.931803
2000-07-06,300.863144
2000-07-07,303.809468
2000-07-10,305.541679
2000-07-11,305.638557
2000-07-12,307.099042
2000-07-13,306.342411
2000-07-14,306.480079
2000-07-17,305.067037
2000-07-18,302.799247
2000-07-19,302.319432
2000-07-20,302.678237
2000-07-21,301.478179
2000-07-24,298.933371
2000-07-25,299.027621
2000-07-26,296.396763
2000-07-27,295.225908
2000-07-28,291.362696
2000-07-31,292.482623
2000-08-01,294.631492
2000-08-02,294.989968
2000-08-03,295.472005
2000-08-04,297.016263
2000-08-07,300.267565
2000-08-08,298.590301
2000-08-09,298.641022
2000-08-10,300.060455
2000-08-11,302.384589
2000-08-14,304.700804
2000-08-15,305.665402
2000-08-16,306.71225
2000-08-17,306.123799
2000-08-18,305.791053
2000-08-21,305.894416
2000-08-22,306.219338
2000-08-23,305.696231
2000-08-24,308.095529
2000-08-25,308.212767
2000-08-28,309.606246
2000-08-29,308.409046
2000-08-30,306.62024
2000-08-31,305.942238
2000-09-01,308.262188
2000-09-04,310.126252
2000-09-05,308.17657
2000-09-06,306.336154
2000-09-07,306.351084
2000-09-08,305.153337
2000-09-11,303.511906
2000-09-12,301.2264
2000-09-13,301.773429
2000-09-14,301.259736
2000-09-15,299.434216
2000-09-18,294.960648
2000-09-19,295.931839
2000-09-20,294.005951
2000-09-21,292.177424
2000-09-22,292.803815
2000-09-25,292.710767
2000-09-26,292.260206
2000-09-27,292.794951
2000-09-28,297.103512
2000-09-29,295.021186
2000-10-02,296.887407
2000-10-03,295.521783
2000-10-04,297.529634
2000-10-05,297.052721
2000-10-06,294.468952
2000-10-09,292.896857
2000-10-10,291.447316
2000-10-11,287.04791
2000-10-12,282.696458
2000-10-13,284.464285
2000-10-16,284.841051
2000-10-17,281.941727
2000-10-18,279.346492
2000-10-19,281.378514
2000-10-20,284.262528
2000-10-23,286.186464
2000-10-24,287.5749
2000-10-25,284.459074
2000-10-26,284.681168
2000-10-27,287.819206
2000-10-30,293.518278
2000-10-31,295.627667
2000-11-01,296.251852
2000-11-02,296.862239
2000-11-03,296.687585
2000-11-06,298.57351
2000-11-07,298.778757
2000-11-08,298.724738
2000-11-09,297.074902
2000-11-10,294.829514
2000-11-13,291.898121
2000-11-14,294.426419
2000-11-15,294.846367
2000-11-16,293.716723
2000-11-17,292.172208
2000-11-20,289.626198
2000-11-21,288.022996
2000-11-22,284.891163
2000-11-23,284.91712
2000-11-24,288.042228
2000-11-27,290.244794
2000-11-28,289.901519
2000-11-29,290.719095
2000-11-30,288.290821
2000-12-01,290.03122
2000-12-04,291.412349
2000-12-05,296.256902
2000-12-06,295.742926
2000-12-07,294.212812
2000-12-08,297.427972
2000-12-11,300.51553
2000-12-12,299.975135
2000-12-13,298.980766
2000-12-14,297.129752
2000-12-15,292.966321
2000-12-18,296.106876
2000-12-19,294.747229
2000-12-20,292.065714
2000-12-21,292.153497
2000-12-22,295.577926
2000-12-25,296.891368
2000-12-26,299.471533
2000-12-27,302.787473
2000-12-28,303.30117
2000-12-29,303.701949
2001-01-01,303.701949
2001-01-02,302.79104
2001-01-03,307.453412
2001-01-04,307.572557
2001-01-05,306.13236
2001-01-08,307.122184
2001-01-09,306.386206
2001-01-10,308.299812
2001-01-11,306.245084
2001-01-12,305.052007
2001-01-15,304.43752
2001-01-16,305.052307
2001-01-17,305.535125
2001-01-18,309.53865
2001-01-19,309.539592
2001-01-22,312.055766
2001-01-23,313.642752
2001-01-24,313.459776
2001-01-25,313.157695
2001-01-26,312.787218
2001-01-29,315.289608
2001-01-30,317.575833
2001-01-31,317.212064
2001-02-01,320.287339
2001-02-02,317.719392
2001-02-05,318.024192
2001-02-06,317.524253
2001-02-07,316.021506
2001-02-08,315.035792
2001-02-09,312.414704
2001-02-12,315.430526
2001-02-13,315.374688
2001-02-14,314.03421
2001-02-15,313.94552
2001-02-16,312.420438
2001-02-19,312.429218
2001-02-20,310.122589
2001-02-21,307.384462
2001-02-22,307.118851
2001-02-23,305.786201
2001-02-26,309.677205
2001-02-27,311.356345
2001-02-28,308.687922
2001-03-01,307.02219
2001-03-02,308.68584
2001-03-05,309.883112
2001-03-06,314.088195
2001-03-07,315.422929
2001-03-08,317.030362
2001-03-09,313.930111
2001-03-12,305.955348
2001-03-13,303.062543
2001-03-14,295.861407
2001-03-15,297.969948
2001-03-16,292.678825
2001-03-19,295.70743
2001-03-20,292.10919
2001-03-21,289.218058
2001-03-22,283.196014
2001-03-23,289.432215
2001-03-26,296.224755
2001-03-27,298.934085
2001-03-28,295.061968
2001-03-29,294.799757
2001-03-30,296.069084
2001-04-02,292.791624
2001-04-03,287.29278
2001-04-04,289.267621
2001-04-05,295.062836
2001-04-06,291.907453
2001-04-09,292.669094
2001-04-10,295.748326
2001-04-11,294.626981
2001-04-12,298.011554
2001-04-13,298.022749
2001-04-16,297.056548
2001-04-17,297.392331
2001-04-18,304.185089
2001-04-19,308.847466
2001-04-20,307.83786
2001-04-23,305.355645
2001-04-24,304.314956
2001-04-25,306.472066
2001-04-26,308.930963
2001-04-27,311.287877
2001-04-30,310.909257
2001-05-01,314.671029
2001-05-02,313.228486
2001-05-03,310.548924
2001-05-04,311.831796
2001-05-07,311.309814
2001-05-08,309.034251
2001-05-09,308.199198
2001-05-10,309.187044
2001-05-11,308.91535
2001-05-14,306.975989
2001-05-15,308.344231
2001-05-16,312.835198
2001-05-17,314.810291
2001-05-18,314.911815
2001-05-21,316.43926
2001-05-22,315.998142
2001-05-23,313.513405
2001-05-24,313.855666
2001-05-25,311.912815
2001-05-28,311.869056
2001-05-29,311.354553
2001-05-30,307.694587
2001-05-31,308.673769
2001-06-01,308.822607
2001-06-04,310.031695
2001-06-05,312.252269
2001-06-06,311.099928
2001-06-07,311.974726
2001-06-08,311.324073
2001-06-11,308.139241
2001-06-12,307.068951
2001-06-13,307.409141
2001-06-14,303.907944
2001-06-15,302.06735
2001-06-18,301.237135
2001-06-19,301.680908
2001-06-20,301.301069
2001-06-21,304.074621
2001-06-22,303.789628
2001-06-25,303.572321
2001-06-26,302.01551
2001-06-27,301.667419
2001-06-28,302.636202
2001-06-29,305.808716
2001-07-02,307.201736
2001-07-03,307.103522
2001-07-04,306.595624
2001-07-05,303.624222
2001-07-06,298.946179
2001-07-09,299.526796
2001-07-10,300.02707
2001-07-11,301.026367
2001-07-12,305.319355
2001-07-13,306.863452
2001-07-16,305.341024
2001-07-17,305.758633
2001-07-18,305.528104
2001-07-19,306.860346
2001-07-20,306.087014
2001-07-23,303.26085
2001-07-24,301.608427
2001-07-25,302.760386
2001-07-26,303.441948
2001-07-27,304.393014
2001-07-30,304.784086
2001-07-31,307.861539
2001-08-01,308.891143
2001-08-02,310.585973
2001-08-03,308.750962
2001-08-06,307.019804
2001-08-07,307.674557
2001-08-08,304.133785
2001-08-09,302.668242
2001-08-10,304.954857
2001-08-13,305.092077
2001-08-14,306.353852
2001-08-15,306.373269
2001-08-16,306.097331
2001-08-17,302.448077
2001-08-20,301.765099
2001-08-21,302.292938
2001-08-22,304.939498
2001-08-23,304.302956
2001-08-24,305.765974
2001-08-27,305.36097
2001-08-28,303.869692
2001-08-29,301.821918
2001-08-30,299.130939
2001-08-31,299.142278
2001-09-03,297.187439
2001-09-04,298.415318
2001-09-05,296.046171
2001-09-06,291.238178
2001-09-07,287.332193
2001-09-10,285.490678
2001-09-11,283.296526
2001-09-12,279.583111
2001-09-13,280.699254
2001-09-14,279.478152
2001-09-17,269.715419
2001-09-18,269.146795
2001-09-19,266.896757
2001-09-20,259.313935
2001-09-21,253.497051
2001-09-24,259.462143
2001-09-25,262.174533
2001-09-26,261.946843
2001-09-27,264.232672
2001-09-28,268.694269
2001-10-01,269.028437
2001-10-02,271.266992
2001-10-03,273.254675
2001-10-04,274.679953
2001-10-05,274.391447
2001-10-08,273.033128
2001-10-09,271.85366
2001-10-10,274.211797
2001-10-11,276.573219
2001-10-12,275.377994
2001-10-15,275.103282
2001-10-16,276.742053
2001-10-17,275.358026
2001-10-18,270.671833
2001-10-19,269.718869
2001-10-22,271.21034
2001-10-23,272.106855
2001-10-24,271.884144
2001-10-25,272.2222
2001-10-26,273.169342
2001-10-29,270.374423
2001-10-30,266.42554
2001-10-31,265.943282
2001-11-01,268.444077
2001-11-02,269.720296
2001-11-05,272.650378
2001-11-06,275.08313
2001-11-07,274.048104
2001-11-08,274.329007
2001-11-09,274.48636
2001-11-12,273.53145
2001-11-13,275.980832
2001-11-14,277.737137
2001-11-15,279.125823
2001-11-16,280.437062
2001-11-19,283.049576
2001-11-20,282.730939
2001-11-21,281.520095
2001-11-22,282.398278
2001-11-23,284.518055
2001-11-26,286.391918
2001-11-27,284.531048
2001-11-28,281.244966
2001-11-29,283.343302
2001-11-30,285.349647
2001-12-03,282.859563
2001-12-04,285.769886
2001-12-05,290.867819
2001-12-06,291.61552
2001-12-07,290.468777
2001-12-10,286.953229
2001-12-11,286.001675
2001-12-12,286.182174
2001-12-13,282.391866
2001-12-14,282.524022
2001-12-17,284.348714
2001-12-18,285.291961
2001-12-19,285.015549
2001-12-20,284.525091
2001-12-21,283.273626
2001-12-24,283.037927
2001-12-25,282.944403
2001-12-26,283.198584
2001-12-27,287.35832
2001-12-28,288.635186
2001-12-31,288.635108
2002-01-01,288.635108
2002-01-02,289.603923
2002-01-03,291.813362
2002-01-04,295.341754
2002-01-07,294.375838
2002-01-08,292.410104
2002-01-09,292.140865
2002-01-10,291.167183
2002-01-11,290.373574
2002-01-14,288.648418
2002-01-15,289.358782
2002-01-16,285.840204
2002-01-17,287.490775
2002-01-18,286.700967
2002-01-21,286.626116
2002-01-22,284.392917
2002-01-23,286.674763
2002-01-24,287.920336
2002-01-25,286.460141
2002-01-28,287.43255
2002-01-29,283.234464
2002-01-30,282.443529
2002-01-31,286.185437
2002-02-01,285.435163
2002-02-04,282.130468
2002-02-05,279.585649
2002-02-06,276.26434
2002-02-07,277.15191
2002-02-08,279.094043
2002-02-11,281.92246
2002-02-12,282.759999
2002-02-13,284.723671
2002-02-14,285.12555
2002-02-15,284.113808
2002-02-18,283.315585
2002-02-19,278.815505
2002-02-20,278.699284
2002-02-21,278.924149
2002-02-22,279.347363
2002-02-25,282.125168
2002-02-26,283.553016
2002-02-27,284.530359
2002-02-28,284.630909
2002-03-01,288.995298
2002-03-04,294.707419
2002-03-05,294.413799
2002-03-06,297.195943
2002-03-07,300.390312
2002-03-08,300.528636
2002-03-11,302.174192
2002-03-12,300.24847
2002-03-13,299.875785
2002-03-14,300.955918
2002-03-15,303.292569
2002-03-18,302.892642
2002-03-19,304.724245
2002-03-20,302.410431
2002-03-21,302.740823
2002-03-22,302.102566
2002-03-25,298.981175
2002-03-26,299.970385
2002-03-27,301.179031
2002-03-28,303.115392
2002-03-29,302.35087
2002-04-01,302.603957
2002-04-02,302.221506
2002-04-03,301.840609
2002-04-04,301.51217
2002-04-05,301.684428
2002-04-08,300.471177
2002-04-09,299.810915
2002-04-10,303.719346
2002-04-11,301.828524
2002-04-12,301.953549
2002-04-15,301.983685
2002-04-16,307.092535
2002-04-17,309.120719
2002-04-18,309.850222
2002-04-19,311.069721
2002-04-22,309.450402
2002-04-23,309.262377
2002-04-24,308.975929
2002-04-25,310.105519
2002-04-26,308.077287
2002-04-29,306.390154
2002-04-30,309.088441
2002-05-01,311.928801
2002-05-02,312.626582
2002-05-03,312.830351
2002-05-06,310.747873
2002-05-07,308.023515
2002-05-08,312.833953
2002-05-09,311.109707
2002-05-10,309.647516
2002-05-13,311.570792
2002-05-14,313.068733
2002-05-15,314.250896
2002-05-16,315.741657
2002-05-17,317.861792
2002-05-20,315.906482
2002-05-21,314.74192
2002-05-22,315.470044
2002-05-23,316.473773
2002-05-24,316.097777
2002-05-27,315.798081
2002-05-28,316.563747
2002-05-29,315.687106
2002-05-30,316.089042
2002-05-31,315.661066
2002-06-03,312.1079
2002-06-04,310.082743
2002-06-05,309.146514
2002-06-06,306.730649
2002-06-07,304.578726
2002-06-10,304.763058
2002-06-11,303.913695
2002-06-12,302.518742
2002-06-13,300.55794
2002-06-14,296.073046
2002-06-17,299.946305
2002-06-18,301.819151
2002-06-19,298.756271
2002-06-20,296.150491
2002-06-21,293.741788
2002-06-24,291.158239
2002-06-25,288.533371
2002-06-26,285.207921
2002-06-27,287.044922
2002-06-28,291.804952
2002-07-01,288.645828
2002-07-02,282.945705
2002-07-03,282.749497
2002-07-04,283.06763
2002-07-05,290.08908
2002-07-08,290.375776
2002-07-09,288.188666
2002-07-10,281.456538
2002-07-11,279.219922
2002-07-12,277.091938
2002-07-15,274.361397
2002-07-16,271.563013
2002-07-17,272.913989
2002-07-18,271.919605
2002-07-19,265.655062
2002-07-22,256.717759
2002-07-23,250.060274
2002-07-24,253.013534
2002-07-25,253.185467
2002-07-26,252.147701
2002-07-29,260.647054
2002-07-30,264.641862
2002-07-31,266.391437
2002-08-01,261.351749
2002-08-02,258.301819
2002-08-05,252.290984
2002-08-06,253.473064
2002-08-07,256.59029
2002-08-08,261.754818
2002-08-09,264.007846
2002-08-12,262.348833
2002-08-13,260.585459
2002-08-14,265.807664
2002-08-15,268.218458
2002-08-16,269.305878
2002-08-19,272.089131
2002-08-20,270.201561
2002-08-21,273.51036
2002-08-22,276.841848
2002-08-23,272.281402
2002-08-26,273.961395
2002-08-27,272.869815
2002-08-28,268.382101
2002-08-29,267.318476
2002-08-30,267.277136
2002-09-02,266.566038
2002-09-03,259.719356
2002-09-04,259.85448
2002-09-05,258.586052
2002-09-06,260.519366
2002-09-09,261.958362
2002-09-10,263.483992
2002-09-11,265.427121
2002-09-12,260.635446
2002-09-13,259.05889
2002-09-16,257.379814
2002-09-17,254.799485
2002-09-18,252.428386
2002-09-19,246.87434
2002-09-20,245.592266
2002-09-23,241.124423
2002-09-24,235.342743
2002-09-25,237.755899
2002-09-26,242.655061
2002-09-27,239.74307
2002-09-30,236.917745
2002-10-01,239.199858
2002-10-02,237.035817
2002-10-03,234.003761
2002-10-04,229.210535
2002-10-07,224.06661
2002-10-08,222.879214
2002-10-09,218.460338
2002-10-10,222.832826
2002-10-11,229.878031
2002-10-14,229.611816
2002-10-15,239.065909
2002-10-16,236.727317
2002-10-17,239.864299
2002-10-18,241.344387
2002-10-21,244.920729
2002-10-22,242.874546
2002-10-23,242.460851
2002-10-24,242.173497
2002-10-25,241.77631
2002-10-28,241.578499
2002-10-29,237.260015
2002-10-30,240.122031
2002-10-31,240.120865
2002-11-01,242.346492
2002-11-04,247.06479
2002-11-05,247.485652
2002-11-06,248.804687
2002-11-07,246.216589
2002-11-08,241.83872
2002-11-11,237.174813
2002-11-12,237.963951
2002-11-13,236.642748
2002-11-14,238.801854
2002-11-15,240.766077
2002-11-18,240.814151
2002-11-19,239.257161
2002-11-20,240.483694
2002-11-21,247.110294
2002-11-22,248.002109
2002-11-25,247.438414
2002-11-26,244.516423
2002-11-27,249.396833
2002-11-28,251.155296
2002-11-29,251.603075
2002-12-02,251.075463
2002-12-03,246.903874
2002-12-04,245.533749
2002-12-05,243.540315
2002-12-06,244.430911
2002-12-09,239.961454
2002-12-10,242.38016
2002-12-11,243.23491
2002-12-12,242.871357
2002-12-13,241.434165
2002-12-16,244.33369
2002-12-17,244.485892
2002-12-18,240.458775
2002-12-19,240.207563
2002-12-20,241.669022
2002-12-23,242.163193
2002-12-24,242.483962
2002-12-25,242.323153
2002-12-26,243.06299
2002-12-27,240.436189
2002-12-30,242.141215
2002-12-31,243.679859
2003-01-01,243.679859
2003-01-02,248.386806
2003-01-03,249.843395
2003-01-06,254.183789
2003-01-07,251.81195
2003-01-08,248.263738
2003-01-09,251.539451
2003-01-10,253.122241
2003-01-13,253.744588
2003-01-14,255.890119
2003-01-15,255.731099
2003-01-16,256.347658
2003-01-17,254.687181
2003-01-20,253.781832
2003-01-21,251.962127
2003-01-22,249.835853
2003-01-23,252.437262
2003-01-24,250.106389
2003-01-27,243.825498
2003-01-28,243.490745
2003-01-29,243.590464
2003-01-30,241.806258
2003-01-31,242.212565
2003-02-03,244.069362
2003-02-04,241.678069
2003-02-05,241.637994
2003-02-06,238.738035
2003-02-07,236.807502
2003-02-10,236.891258
2003-02-11,237.344129
2003-02-12,235.72569
2003-02-13,235.258468
2003-02-14,237.796311
2003-02-17,239.24992
2003-02-18,241.395757
2003-02-19,238.924872
2003-02-20,237.678996
2003-02-21,238.361427
2003-02-24,235.103248
2003-02-25,231.759294
2003-02-26,229.149595
2003-02-27,230.746296
2003-02-28,233.384187
2003-03-03,233.919741
2003-03-04,231.667135
2003-03-05,232.764291
2003-03-06,231.122746
2003-03-07,229.85911
2003-03-10,225.276705
2003-03-11,223.257873
2003-03-12,220.826046
2003-03-13,224.517067
2003-03-14,225.565664
2003-03-17,229.739995
2003-03-18,230.560045
2003-03-19,231.722919
2003-03-20,232.405627
2003-03-21,235.546108
2003-03-24,232.897375
2003-03-25,234.771206
2003-03-26,233.92037
2003-03-27,233.70473
2003-03-28,232.824989
2003-03-31,229.27788
2003-04-01,229.573432
2003-04-02,232.365267
2003-04-03,231.934592
2003-04-04,233.215181
2003-04-07,237.038251
2003-04-08,234.755449
2003-04-09,233.700005
2003-04-10,234.278324
2003-04-11,233.292367
2003-04-14,235.851301
2003-04-15,237.56104
2003-04-16,236.252968
2003-04-17,238.253401
2003-04-18,238.378414
2003-04-21,237.712928
2003-04-22,240.671671
2003-04-23,243.290779
2003-04-24,242.944752
2003-04-25,240.010363
2003-04-28,242.706221
2003-04-29,244.374824
2003-04-30,248.334184
2003-05-01,249.285094
2003-05-02,250.48984
2003-05-05,252.884778
2003-05-06,257.687417
2003-05-07,256.727123
2003-05-08,254.332346
2003-05-09,257.514284
2003-05-12,259.483065
2003-05-13,259.648208
2003-05-14,261.238491
2003-05-15,261.446435
2003-05-16,264.460108
2003-05-19,259.008084
2003-05-20,260.477977
2003-05-21,261.189323
2003-05-22,264.866682
2003-05-23,266.594826
2003-05-26,266.962652
2003-05-27,268.130946
2003-05-28,269.051909
2003-05-29,270.031695
2003-05-30,271.60132
2003-06-02,275.654167
2003-06-03,274.35539
2003-06-04,278.008543
2003-06-05,280.799201
2003-06-06,282.685057
2003-06-09,281.224402
2003-06-10,282.04767
2003-06-11,287.335822
2003-06-12,288.96515
2003-06-13,286.956028
2003-06-16,291.026104
2003-06-17,293.573935
2003-06-18,293.530179
2003-06-19,289.684784
2003-06-20,289.613428
2003-06-23,284.999045
2003-06-24,283.019875
2003-06-25,283.585333
2003-06-26,282.874336
2003-06-27,283.598522
2003-06-30,283.160935
2003-07-01,284.725241
2003-07-02,290.473546
2003-07-03,291.792015
2003-07-04,290.448085
2003-07-07,295.732223
2003-07-08,296.5383
2003-07-09,296.538065
2003-07-10,292.698484
2003-07-11,292.878249
2003-07-14,296.41729
2003-07-15,295.112792
2003-07-16,293.108022
2003-07-17,288.395567
2003-07-18,291.0543
2003-07-21,289.895407
2003-07-22,290.207177
2003-07-23,292.136574
2003-07-24,295.09288
2003-07-25,297.554906
2003-07-28,299.442506
2003-07-29,299.147582
2003-07-30,296.87475
2003-07-31,296.492847
2003-08-01,296.714339
2003-08-04,295.234278
2003-08-05,293.773779
2003-08-06,290.557111
2003-08-07,291.453532
2003-08-08,292.479209
2003-08-11,294.082736
2003-08-12,296.770011
2003-08-13,299.042884
2003-08-14,302.108588
2003-08-15,302.758489
2003-08-18,305.525904
2003-08-19,307.414283
2003-08-20,307.387978
2003-08-21,308.711036
2003-08-22,307.167921
2003-08-25,306.130971
2003-08-26,305.407772
2003-08-27,306.65686
2003-08-28,308.562996
2003-08-29,311.39198
2003-09-01,315.710323
2003-09-02,317.647509
2003-09-03,322.057433
2003-09-04,321.094955
2003-09-05,320.757299
2003-09-08,323.509334
2003-09-09,322.694925
2003-09-10,319.350276
2003-09-11,318.727781
2003-09-12,320.85193
2003-09-15,321.098685
2003-09-16,326.195664
2003-09-17,329.034426
2003-09-18,333.44527
2003-09-19,334.524963
2003-09-22,332.131714
2003-09-23,332.009029
2003-09-24,329.521401
2003-09-25,324.155282
2003-09-26,322.540173
2003-09-29,323.317393
2003-09-30,323.36246
2003-10-01,331.213317
2003-10-02,335.233094
2003-10-03,340.902138
2003-10-06,342.771888
2003-10-07,342.715239
2003-10-08,341.182222
2003-10-09,345.461255
2003-10-10,348.867924
2003-10-13,350.540654
2003-10-14,352.89425
2003-10-15,352.415675
2003-10-16,353.464548
2003-10-17,350.980376
2003-10-20,351.32418
2003-10-21,351.444082
2003-10-22,345.895503
2003-10-23,338.254212
2003-10-24,339.892773
2003-10-27,344.180949
2003-10-28,348.179655
2003-10-29,350.479855
2003-10-30,350.956776
2003-10-31,349.042167
2003-11-03,349.442164
2003-11-04,351.850762
2003-11-05,350.214919
2003-11-06,347.581325
2003-11-07,350.594956
2003-11-10,347.877237
2003-11-11,343.747288
2003-11-12,346.939356
2003-11-13,350.605755
2003-11-14,350.296853
2003-11-17,341.562907
2003-11-18,343.662234
2003-11-19,342.194148
2003-11-20,342.959137
2003-11-21,344.190687
2003-11-24,346.258527
2003-11-25,348.835022
2003-11-26,352.387934
2003-11-27,354.092187
2003-11-28,354.12462
2003-12-01,358.937572
2003-12-02,361.484207
2003-12-03,362.658036
2003-12-04,363.645719
2003-12-05,362.599914
2003-12-08,361.813408
2003-12-09,361.395704
2003-12-10,358.530897
2003-12-11,360.151304
2003-12-12,363.153665
2003-12-15,364.658904
2003-12-16,363.378417
2003-12-17,363.254233
2003-12-18,365.729416
2003-12-19,367.052619
2003-12-22,369.101803
2003-12-23,370.752197
2003-12-24,371.372789
2003-12-25,371.416372
2003-12-26,372.221851
2003-12-29,375.591007
2003-12-30,378.683661
2003-12-31,380.295125
2004-01-01,380.295125
2004-01-02,382.222623
2004-01-05,387.072154
2004-01-06,387.341239
2004-01-07,385.436465
2004-01-08,388.113875
2004-01-09,389.736348
2004-01-12,389.988599
2004-01-13,389.614489
2004-01-14,392.869523
2004-01-15,390.998626
2004-01-16,392.131336
2004-01-19,393.507811
2004-01-20,396.819801
2004-01-21,400.014393
2004-01-22,402.299946
2004-01-23,401.112422
2004-01-26,399.345019
2004-01-27,399.904295
2004-01-28,397.086722
2004-01-29,391.522515
2004-01-30,391.019862
2004-02-02,392.765783
2004-02-03,392.778743
2004-02-04,388.72622
2004-02-05,389.238907
2004-02-06,393.512973
2004-02-09,394.264022
2004-02-10,395.545578
2004-02-11,396.582798
2004-02-12,399.944835
2004-02-13,399.908303
2004-02-16,400.420678
2004-02-17,404.720445
2004-02-18,404.160562
2004-02-19,403.79102
2004-02-20,398.881134
2004-02-23,399.88912
2004-02-24,397.085802
2004-02-25,396.35522
2004-02-26,396.300107
2004-02-27,399.913251
2004-03-01,405.878347
2004-03-02,404.22937
2004-03-03,402.192656
2004-03-04,403.511029
2004-03-05,408.447492
2004-03-08,406.987154
2004-03-09,405.537036
2004-03-10,399.282383
2004-03-11,392.336804
2004-03-12,392.308114
2004-03-15,389.785101
2004-03-16,394.309803
2004-03-17,399.555557
2004-03-18,401.950478
2004-03-19,399.279146
2004-03-22,394.446185
2004-03-23,394.802728
2004-03-24,395.210983
2004-03-25,399.748685
2004-03-26,401.287792
2004-03-29,405.925803
2004-03-30,406.544068
2004-03-31,410.103507
2004-04-01,413.927393
2004-04-02,414.714407
2004-04-05,416.77526
2004-04-06,417.895338
2004-04-07,419.018556
2004-04-08,418.597927
2004-04-09,416.951524
2004-04-12,418.419119
2004-04-13,416.209865
2004-04-14,410.804812
2004-04-15,407.540455
2004-04-16,410.549651
2004-04-19,409.292822
2004-04-20,409.931856
2004-04-21,407.288864
2004-04-22,409.713126
2004-04-23,411.819516
2004-04-26,413.164137
2004-04-27,412.747687
2004-04-28,409.286881
2004-04-29,405.50349
2004-04-30,402.342961
2004-05-03,403.631142
2004-05-04,407.02128
2004-05-05,409.793381
2004-05-06,402.497627
2004-05-07,393.874755
2004-05-10,379.199488
2004-05-11,381.506634
2004-05-12,385.128284
2004-05-13,382.454806
2004-05-14,381.313756
2004-05-17,376.284112
2004-05-18,379.948127
2004-05-19,388.168195
2004-05-20,384.641722
2004-05-21,390.076738
2004-05-24,391.217686
2004-05-25,393.372488
2004-05-26,397.53258
2004-05-27,402.487342
2004-05-28,403.791032
2004-05-31,404.147187
2004-06-01,403.273384
2004-06-02,404.896469
2004-06-03,402.581341
2004-06-04,405.758125
2004-06-07,413.933866
2004-06-08,414.618844
2004-06-09,410.968824
2004-06-10,412.516613
2004-06-11,410.305183
2004-06-14,406.380583
2004-06-15,408.86978
2004-06-16,411.314107
2004-06-17,411.616966
2004-06-18,412.35204
2004-06-21,413.066929
2004-06-22,411.787319
2004-06-23,413.986062
2004-06-24,418.453122
2004-06-25,417.913567
2004-06-28,420.164868
2004-06-29,418.737963
2004-06-30,419.896699
2004-07-01,418.654573
2004-07-02,417.520133
2004-07-05,415.388102
2004-07-06,413.133965
2004-07-07,414.45243
2004-07-08,413.16591
2004-07-09,414.950289
2004-07-12,415.924743
2004-07-13,415.304919
2004-07-14,413.419934
2004-07-15,411.557058
2004-07-16,413.875485
2004-07-19,413.598204
2004-07-20,412.453755
2004-07-21,410.291279
2004-07-22,407.746928
2004-07-23,402.958819
2004-07-26,401.724576
2004-07-27,401.115697
2004-07-28,401.797496
2004-07-29,404.506428
2004-07-30,406.898362
2004-08-02,406.957866
2004-08-03,407.170027
2004-08-04,403.804962
2004-08-05,403.338197
2004-08-06,401.066306
2004-08-09,398.51324
2004-08-10,401.098262
2004-08-11,398.668963
2004-08-12,395.674188
2004-08-13,395.513809
2004-08-16,398.33991
2004-08-17,399.343348
2004-08-18,401.436836
2004-08-19,403.63752
2004-08-20,403.943695
2004-08-23,404.100341
2004-08-24,403.303196
2004-08-25,405.219544
2004-08-26,406.974803
2004-08-27,407.932441
2004-08-30,406.298132
2004-08-31,406.921822
2004-09-01,408.980043
2004-09-02,411.354119
2004-09-03,408.85148
2004-09-06,412.022192
2004-09-07,414.569044
2004-09-08,414.23796
2004-09-09,413.03525
2004-09-10,416.296987
2004-09-13,418.729748
2004-09-14,419.236477
2004-09-15,415.130948
2004-09-16,416.527458
2004-09-17,416.747461
2004-09-20,415.841662
2004-09-21,419.504125
2004-09-22,416.058897
2004-09-23,415.39187
2004-09-24,414.132211
2004-09-27,412.97011
2004-09-28,414.429787
2004-09-29,415.998536
2004-09-30,419.6091
2004-10-01,425.10275
2004-10-04,427.436559
2004-10-05,428.287619
2004-10-06,429.337912
2004-10-07,427.876784
2004-10-08,429.215465
2004-10-11,429.074877
2004-10-12,424.346957
2004-10-13,422.656285
2004-10-14,420.074173
2004-10-15,419.91003
2004-10-18,419.246559
2004-10-19,418.765262
2004-10-20,418.429696
2004-10-21,419.638904
2004-10-22,420.554576
2004-10-25,419.130026
2004-10-26,422.683615
2004-10-27,426.531901
2004-10-28,429.212779
2004-10-29,429.398246
2004-11-01,430.77597
2004-11-02,432.996608
2004-11-03,436.942174
2004-11-04,440.859616
2004-11-05,445.133248
2004-11-08,445.190643
2004-11-09,445.409815
2004-11-10,445.538159
2004-11-11,447.173257
2004-11-12,451.289316
2004-11-15,453.271454
2004-11-16,451.482124
2004-11-17,456.395762
2004-11-18,455.605723
2004-11-19,456.547157
2004-11-22,454.839425
2004-11-23,456.813928
2004-11-24,459.711861
2004-11-25,463.11064
2004-11-26,463.527419
2004-11-29,464.558662
2004-11-30,463.932819
2004-12-01,466.971079
2004-12-02,468.356992
2004-12-03,471.381588
2004-12-06,471.350023
2004-12-07,469.012495
2004-12-08,465.425004
2004-12-09,462.565894
2004-12-10,462.401142
2004-12-13,467.836815
2004-12-14,468.970411
2004-12-15,474.64067
2004-12-16,472.747661
2004-12-17,471.671912
2004-12-20,474.893642
2004-12-21,475.156696
2004-12-22,477.664681
2004-12-23,480.15419
2004-12-24,482.420791
2004-12-27,482.895085
2004-12-28,484.29162
2004-12-29,483.075348
2004-12-30,486.887084
2004-12-31,487.054808
2005-01-03,484.681855
2005-01-04,479.780273
2005-01-05,477.066981
2005-01-06,475.937107
2005-01-07,475.186077
2005-01-10,477.64452
2005-01-11,477.599592
2005-01-12,480.005804
2005-01-13,477.422143
2005-01-14,478.17975
2005-01-17,479.818168
2005-01-18,479.382225
2005-01-19,479.119032
2005-01-20,473.386062
2005-01-21,473.351407
2005-01-24,474.150287
2005-01-25,473.668537
2005-01-26,478.59886
2005-01-27,477.693361
2005-01-28,475.400211
2005-01-31,479.845199
2005-02-01,481.655215
2005-02-02,483.921383
2005-02-03,481.398859
2005-02-04,485.190793
2005-02-07,484.207425
2005-02-08,481.444564
2005-02-09,481.501297
2005-02-10,483.756138
2005-02-11,486.52173
2005-02-14,490.263198
2005-02-15,493.589559
2005-02-16,491.909645
2005-02-17,493.376914
2005-02-18,495.016851
2005-02-21,495.076418
2005-02-22,494.22183
2005-02-23,491.833463
2005-02-24,494.025761
2005-02-25,499.788948
2005-02-28,502.649318
2005-03-01,503.188221
2005-03-02,501.721584
2005-03-03,502.840679
2005-03-04,508.148934
2005-03-07,507.632406
2005-03-08,508.740703
2005-03-09,507.575789
2005-03-10,505.023695
2005-03-11,506.451843
2005-03-14,503.29159
2005-03-15,502.849538
2005-03-16,502.544051
2005-03-17,500.890691
2005-03-18,500.080307
2005-03-21,497.715625
2005-03-22,497.159567
2005-03-23,491.023291
2005-03-24,490.908622
2005-03-25,491.487961
2005-03-28,490.0139
2005-03-29,487.95424
2005-03-30,490.12249
2005-03-31,492.833917
2005-04-01,492.930579
2005-04-04,489.641768
2005-04-05,492.437015
2005-04-06,494.886961
2005-04-07,497.626398
2005-04-08,495.442027
2005-04-11,496.793583
2005-04-12,493.888941
2005-04-13,494.777058
2005-04-14,488.41189
2005-04-15,481.868394
2005-04-18,474.183079
2005-04-19,479.503375
2005-04-20,478.073331
2005-04-21,479.746669
2005-04-22,482.300533
2005-04-25,484.148651
2005-04-26,479.986057
2005-04-27,477.680387
2005-04-28,475.453668
2005-04-29,479.395617
2005-05-02,480.525878
2005-05-03,481.47289
2005-05-04,487.796084
2005-05-05,488.706171
2005-05-06,490.556896
2005-05-09,489.861442
2005-05-10,486.896046
2005-05-11,485.496517
2005-05-12,481.385438
2005-05-13,477.991345
2005-05-16,477.186801
2005-05-17,478.279708
2005-05-18,481.902128
2005-05-19,485.197994
2005-05-20,483.768896
2005-05-23,487.938674
2005-05-24,487.699398
2005-05-25,486.662901
2005-05-26,488.730508
2005-05-27,490.709776
2005-05-30,492.242732
2005-05-31,489.18552
2005-06-01,491.230918
2005-06-02,491.55421
2005-06-03,491.120998
2005-06-06,491.933673
2005-06-07,492.951728
2005-06-08,494.292427
2005-06-09,490.657384
2005-06-10,492.05394
2005-06-13,490.324976
2005-06-14,492.918293
2005-06-15,494.912788
2005-06-16,497.533997
2005-06-17,502.920634
2005-06-20,500.285367
2005-06-21,502.332198
2005-06-22,503.078993
2005-06-23,501.569527
2005-06-24,498.68612
2005-06-27,497.06286
2005-06-28,498.80801
2005-06-29,499.747303
2005-06-30,498.714063
2005-07-01,497.891454
2005-07-04,497.874971
2005-07-05,498.625799
2005-07-06,500.039965
2005-07-07,495.720346
2005-07-08,498.889311
2005-07-11,505.2229
2005-07-12,508.927684
2005-07-13,506.445345
2005-07-14,508.353418
2005-07-15,507.711485
2005-07-18,507.903399
2005-07-19,507.18787
2005-07-20,507.188381
2005-07-21,512.354499
2005-07-22,512.958985
2005-07-25,511.69213
2005-07-26,510.735958
2005-07-27,513.861028
2005-07-28,516.672299
2005-07-29,518.221228
2005-08-01,520.358518
2005-08-02,524.501005
2005-08-03,528.227301
2005-08-04,525.366913
2005-08-05,519.658862
2005-08-08,522.171508
2005-08-09,524.610287
2005-08-10,532.274613
2005-08-11,535.514345
2005-08-12,535.016947
2005-08-15,533.938758
2005-08-16,531.326328
2005-08-17,530.775151
2005-08-18,525.585603
2005-08-19,527.815154
2005-08-22,533.228253
2005-08-23,531.634547
2005-08-24,531.089213
2005-08-25,530.830953
2005-08-26,530.768811
2005-08-29,527.756383
2005-08-30,526.847461
2005-08-31,533.065479
2005-09-01,540.894274
2005-09-02,542.541237
2005-09-05,544.582908
2005-09-06,545.667895
2005-09-07,546.639973
2005-09-08,544.013587
2005-09-09,549.856664
2005-09-12,548.071752
2005-09-13,543.981416
2005-09-14,546.038091
2005-09-15,546.407442
2005-09-16,547.791913
2005-09-19,546.849997
2005-09-20,548.520977
2005-09-21,547.248678
2005-09-22,544.120639
2005-09-23,543.945283
2005-09-26,549.335603
2005-09-27,546.576598
2005-09-28,552.277138
2005-09-29,555.799211
2005-09-30,557.037708
2005-10-03,554.558647
2005-10-04,556.475924
2005-10-05,549.179794
2005-10-06,543.24819
2005-10-07,542.425587
2005-10-10,539.191992
2005-10-11,541.518716
2005-10-12,537.638755
2005-10-13,531.83149
2005-10-14,536.862438
2005-10-17,535.797206
2005-10-18,530.055604
2005-10-19,528.270487
2005-10-20,526.789934
2005-10-21,526.981833
2005-10-24,531.061016
2005-10-25,534.207414
2005-10-26,533.606553
2005-10-27,531.263125
2005-10-28,530.775954
2005-10-31,537.587586
2005-11-01,540.369321
2005-11-02,543.638034
2005-11-03,546.701329
2005-11-04,541.825702
2005-11-07,541.737459
2005-11-08,541.184068
2005-11-09,539.879507
2005-11-10,539.116848
2005-11-11,542.554017
2005-11-14,540.068976
2005-11-15,536.941981
2005-11-16,537.763917
2005-11-17,543.905823
2005-11-18,546.513233
2005-11-21,549.456954
2005-11-22,549.425766
2005-11-23,553.803241
2005-11-24,553.674979
2005-11-25,552.1592
2005-11-28,553.520765
2005-11-29,554.049802
2005-11-30,551.903287
2005-12-01,558.241643
2005-12-02,561.160765
2005-12-05,561.867664
2005-12-06,563.066188
2005-12-07,562.93549
2005-12-08,563.310977
2005-12-09,564.483728
2005-12-12,569.342094
2005-12-13,569.092814
2005-12-14,573.296495
2005-12-15,569.405663
2005-12-16,571.210295
2005-12-19,570.937854
2005-12-20,569.796398
2005-12-21,571.931806
2005-12-22,574.101034
2005-12-23,574.338113
2005-12-26,574.167006
2005-12-27,571.954387
2005-12-28,573.887668
2005-12-29,573.113228
2005-12-30,568.679594
2006-01-02,569.866393
2006-01-03,580.896329
2006-01-04,590.153106
2006-01-05,591.830878
2006-01-06,598.752533
2006-01-09,598.923964
2006-01-10,596.078646
2006-01-11,600.819892
2006-01-12,599.860274
2006-01-13,598.550014
2006-01-16,597.847071
2006-01-17,590.792779
2006-01-18,585.965434
2006-01-19,590.920217
2006-01-20,586.499581
2006-01-23,590.551921
2006-01-24,590.769561
2006-01-25,591.821401
2006-01-26,596.851564
2006-01-27,603.159061
2006-01-30,603.761164
2006-01-31,604.662286
2006-02-01,605.148188
2006-02-02,601.018275
2006-02-03,594.950054
2006-02-06,595.691775
2006-02-07,593.464194
2006-02-08,591.7534
2006-02-09,594.245227
2006-02-10,593.022179
2006-02-13,592.061427
2006-02-14,594.097776
2006-02-15,594.114792
2006-02-16,599.200138
2006-02-17,599.197474
2006-02-20,600.965472
2006-02-21,599.201867
2006-02-22,601.382706
2006-02-23,604.462257
2006-02-24,605.10721
2006-02-27,608.31617
2006-02-28,604.473585
2006-03-01,607.88388
2006-03-02,606.507058
2006-03-03,606.061892
2006-03-06,605.603441
2006-03-07,600.261189
2006-03-08,597.034449
2006-03-09,600.005777
2006-03-10,600.393016
2006-03-13,606.334516
2006-03-14,612.392404
2006-03-15,616.236446
2006-03-16,620.631618
2006-03-17,624.698713
2006-03-20,625.795106
2006-03-21,622.971471
2006-03-22,624.183847
2006-03-23,620.083325
2006-03-24,623.07085
2006-03-27,623.75508
2006-03-28,621.430327
2006-03-29,622.161697
2006-03-30,627.547639
2006-03-31,622.255244
2006-04-03,627.915859
2006-04-04,632.421572
2006-04-05,636.434011
2006-04-06,637.493217
2006-04-07,631.288897
2006-04-10,631.224205
2006-04-11,625.560738
2006-04-12,623.275136
2006-04-13,624.905582
2006-04-14,625.073604
2006-04-17,629.164465
2006-04-18,634.773384
2006-04-19,641.105653
2006-04-20,644.18967
2006-04-21,649.756867
2006-04-24,646.789376
2006-04-25,646.694323
2006-04-26,649.995654
2006-04-27,652.474691
2006-04-28,651.447855
2006-05-01,654.333023
2006-05-02,660.594436
2006-05-03,656.212943
2006-05-04,659.311954
2006-05-05,668.111169
2006-05-08,669.984211
2006-05-09,673.096087
2006-05-10,672.322515
2006-05-11,667.851926
2006-05-12,658.402963
2006-05-15,652.073065
2006-05-16,648.825429
2006-05-17,637.471968
2006-05-18,631.266549
2006-05-19,629.338714
2006-05-22,620.02411
2006-05-23,626.653367
2006-05-24,620.075811
2006-05-25,626.708554
2006-05-26,632.860969
2006-05-29,634.041853
2006-05-30,628.270163
2006-05-31,629.621897
2006-06-01,633.639839
2006-06-02,640.303757
2006-06-05,632.422094
2006-06-06,618.869756
2006-06-07,616.048092
2006-06-08,599.955507
2006-06-09,605.798473
2006-06-12,598.891225
2006-06-13,585.432621
2006-06-14,587.100975
2006-06-15,600.115038
2006-06-16,601.396792
2006-06-19,599.607814
2006-06-20,601.270021
2006-06-21,604.631625
2006-06-22,605.436989
2006-06-23,604.188276
2006-06-26,606.568922
2006-06-27,603.439597
2006-06-28,601.81929
2006-06-29,613.290077
2006-06-30,628.005443
2006-07-03,630.962135
2006-07-04,632.4945
2006-07-05,623.518059
2006-07-06,627.835343
2006-07-07,630.405235
2006-07-10,630.878023
2006-07-11,628.55122
2006-07-12,623.933136
2006-07-13,616.632688
2006-07-14,607.378022
2006-07-17,601.679991
2006-07-18,597.801996
2006-07-19,611.469818
2006-07-20,616.527269
2006-07-21,612.05588
2006-07-24,619.389328
2006-07-25,623.541185
2006-07-26,625.212663
2006-07-27,634.939353
2006-07-28,640.794059
2006-07-31,639.783704
2006-08-01,635.651088
2006-08-02,642.222536
2006-08-03,639.198483
2006-08-04,645.901583
2006-08-07,639.372131
2006-08-08,641.200032
2006-08-09,644.639241
2006-08-10,639.225923
2006-08-11,636.609891
2006-08-14,640.634773
2006-08-15,647.138335
2006-08-16,654.185005
2006-08-17,655.918797
2006-08-18,655.577597
2006-08-21,654.926971
2006-08-22,654.694287
2006-08-23,652.051253
2006-08-24,652.803948
2006-08-25,651.370359
2006-08-28,654.472825
2006-08-29,656.221535
2006-08-30,659.903258
2006-08-31,660.272064
2006-09-01,663.23132
2006-09-04,668.780683
2006-09-05,666.589548
2006-09-06,659.66272
2006-09-07,652.099111
2006-09-08,653.505012
2006-09-11,650.231239
2006-09-12,656.419359
2006-09-13,658.259471
2006-09-14,661.0337
2006-09-15,659.232988
2006-09-18,660.014081
2006-09-19,658.364161
2006-09-20,661.55715
2006-09-21,662.237585
2006-09-22,658.790378
2006-09-25,659.339448
2006-09-26,662.947729
2006-09-27,668.555356
2006-09-28,669.077973
2006-09-29,669.406193
2006-10-02,672.574462
2006-10-03,671.230403
2006-10-04,673.895793
2006-10-05,679.513512
2006-10-06,674.650284
2006-10-09,674.880486
2006-10-10,676.350187
2006-10-11,676.188941
2006-10-12,680.408387
2006-10-13,681.072484
2006-10-16,684.886014
2006-10-17,680.611403
2006-10-18,684.202832
2006-10-19,686.899832
2006-10-20,687.701681
2006-10-23,688.858253
2006-10-24,689.615607
2006-10-25,692.90206
2006-10-26,697.982031
2006-10-27,696.992158
2006-10-30,693.253442
2006-10-31,695.014137
2006-11-01,696.089554
2006-11-02,694.56309
2006-11-03,692.845656
2006-11-06,699.743832
2006-11-07,704.362021
2006-11-08,701.599413
2006-11-09,700.855457
2006-11-10,704.153135
2006-11-13,703.856431
2006-11-14,705.392612
2006-11-15,707.805281
2006-11-16,708.266276
2006-11-17,707.421632
2006-11-20,705.114791
2006-11-21,706.843589
2006-11-22,712.653151
2006-11-23,712.159445
2006-11-24,711.851244
2006-11-27,705.438918
2006-11-28,704.89378
2006-11-29,714.535708
2006-11-30,718.091439
2006-12-01,717.543882
2006-12-04,717.821375
2006-12-05,722.15558
2006-12-06,724.138413
2006-12-07,725.65929
2006-12-08,726.050532
2006-12-11,727.224284
2006-12-12,728.976229
2006-12-13,731.959969
2006-12-14,735.767913
2006-12-15,735.885236
2006-12-18,734.710477
2006-12-19,735.355122
2006-12-20,740.061583
2006-12-21,738.422183
2006-12-22,734.848905
2006-12-25,734.626851
2006-12-26,735.357818
2006-12-27,742.778218
2006-12-28,743.155249
2006-12-29,741.507018
2007-01-01,741.507018
2007-01-02,749.448878
2007-01-03,745.992449
2007-01-04,742.061954
2007-01-05,734.026415
2007-01-08,735.431705
2007-01-09,736.59458
2007-01-10,729.99165
2007-01-11,734.298739
2007-01-12,740.909636
2007-01-15,744.469268
2007-01-16,741.647653
2007-01-17,741.650554
2007-01-18,740.998445
2007-01-19,744.949306
2007-01-22,744.074947
2007-01-23,747.783644
2007-01-24,753.340526
2007-01-25,748.037064
2007-01-26,743.850016
2007-01-29,746.262162
2007-01-30,751.387529
2007-01-31,751.596965
2007-02-01,760.056727
2007-02-02,761.960968
2007-02-05,760.130884
2007-02-06,763.861349
2007-02-07,767.634598
2007-02-08,765.085625
2007-02-09,764.999132
2007-02-12,760.614621
2007-02-13,766.407377
2007-02-14,775.813391
2007-02-15,778.500512
2007-02-16,777.384898
2007-02-19,780.49613
2007-02-20,781.374635
2007-02-21,776.654468
2007-02-22,777.193215
2007-02-23,780.140492
2007-02-26,783.265465
2007-02-27,766.854584
2007-02-28,756.494608
2007-03-01,752.759498
2007-03-02,746.981234
2007-03-05,734.815154
2007-03-06,745.30302
2007-03-07,748.950812
2007-03-08,756.386972
2007-03-09,757.30271
2007-03-12,759.346996
2007-03-13,749.763651
2007-03-14,738.924643
2007-03-15,749.049155
2007-03-16,749.016342
2007-03-19,758.167637
2007-03-20,763.351392
2007-03-21,769.41682
2007-03-22,778.935555
2007-03-23,781.287464
2007-03-26,779.533385
2007-03-27,778.522356
2007-03-28,774.432196
2007-03-29,778.322653
2007-03-30,776.02712
2007-04-02,779.032866
2007-04-03,786.683569
2007-04-04,790.717308
2007-04-05,793.5531
2007-04-06,793.158121
2007-04-09,792.325851
2007-04-10,796.549841
2007-04-11,795.193392
2007-04-12,797.990329
2007-04-13,800.170697
2007-04-16,810.629247
2007-04-17,811.47446
2007-04-18,812.328247
2007-04-19,808.421746
2007-04-20,816.000696
2007-04-23,814.101767
2007-04-24,813.229846
2007-04-25,820.798577
2007-04-26,821.351667
2007-04-27,821.033395
2007-04-30,819.905196
2007-05-01,818.354321
2007-05-02,824.068662
2007-05-03,826.139376
2007-05-04,831.462901
2007-05-07,836.462409
2007-05-08,829.273092
2007-05-09,833.10071
2007-05-10,824.500471
2007-05-11,829.434225
2007-05-14,830.46867
2007-05-15,832.310576
2007-05-16,833.459819
2007-05-17,831.538616
2007-05-18,836.512289
2007-05-21,837.916031
2007-05-22,840.429083
2007-05-23,844.281545
2007-05-24,836.095733
2007-05-25,836.815471
2007-05-28,838.589877
2007-05-29,841.087452
2007-05-30,840.059037
2007-05-31,847.111177
2007-06-01,853.61127
2007-06-04,856.780257
2007-06-05,855.012205
2007-06-06,844.845602
2007-06-07,835.139385
2007-06-08,833.121818
2007-06-11,836.941191
2007-06-12,829.968904
2007-06-13,833.826231
2007-06-14,842.637407
2007-06-15,851.570913
2007-06-18,852.62233
2007-06-19,853.040001
2007-06-20,851.091991
2007-06-21,849.600971
2007-06-22,844.313907
2007-06-25,842.949652
2007-06-26,838.437013
2007-06-27,836.473315
2007-06-28,841.811555
2007-06-29,846.217163
2007-07-02,853.298346
2007-07-03,858.021334
2007-07-04,859.784161
2007-07-05,856.082863
2007-07-06,861.551876
2007-07-09,865.082511
2007-07-10,858.500795
2007-07-11,858.278991
2007-07-12,869.312177
2007-07-13,873.398759
2007-07-16,872.808374
2007-07-17,870.542834
2007-07-18,863.165537
2007-07-19,868.509546
2007-07-20,862.654541
2007-07-23,863.595155
2007-07-24,851.193228
2007-07-25,844.306177
2007-07-26,824.455881
2007-07-27,813.071986
2007-07-30,814.971933
2007-07-31,819.220042
2007-08-01,811.105854
2007-08-02,816.711589
2007-08-03,805.963314
2007-08-06,808.571261
2007-08-07,812.618301
2007-08-08,822.499701
2007-08-09,800.778351
2007-08-10,787.636353
2007-08-13,798.455098
2007-08-14,789.578032
2007-08-15,778.518778
2007-08-16,765.330693
2007-08-17,777.656495
2007-08-20,781.844776
2007-08-21,785.891918
2007-08-22,797.244584
2007-08-23,802.24269
2007-08-24,808.408983
2007-08-27,806.801577
2007-08-28,793.379597
2007-08-29,799.708822
2007-08-30,803.509963
2007-08-31,815.928958
2007-09-03,817.408706
2007-09-04,821.943464
2007-09-05,812.347725
2007-09-06,816.065639
2007-09-07,804.891571
2007-09-10,799.176699
2007-09-11,809.770616
2007-09-12,810.960932
2007-09-13,816.394895
2007-09-14,814.798851
2007-09-17,807.899246
2007-09-18,820.231901
2007-09-19,838.300978
2007-09-20,839.895205
2007-09-21,842.389541
2007-09-24,839.782834
2007-09-25,838.793804
2007-09-26,841.202531
2007-09-27,850.480609
2007-09-28,851.503586
2007-10-01,860.076617
2007-10-02,860.074281
2007-10-03,858.735818
2007-10-04,858.59232
2007-10-05,865.166029
2007-10-08,860.625303
2007-10-09,867.07045
2007-10-10,869.705496
2007-10-11,874.676645
2007-10-12,872.142801
2007-10-15,866.967845
2007-10-16,857.35478
2007-10-17,861.393183
2007-10-18,861.170576
2007-10-19,849.171271
2007-10-22,838.699596
2007-10-23,846.581955
2007-10-24,844.727103
2007-10-25,852.193252
2007-10-26,864.706822
2007-10-29,871.841372
2007-10-30,866.392798
2007-10-31,875.565149
2007-11-01,859.482261
2007-11-02,853.1537
2007-11-05,845.889762
2007-11-06,854.40771
2007-11-07,845.73221
2007-11-08,839.874354
2007-11-09,828.539444
2007-11-12,819.191248
2007-11-13,829.838112
2007-11-14,833.903534
2007-11-15,820.741229
2007-11-16,816.089004
2007-11-19,800.79116
2007-11-20,810.209008
2007-11-21,795.76498
2007-11-22,798.086186
2007-11-23,808.362194
2007-11-26,802.037012
2007-11-27,803.076726
2007-11-28,817.063148
2007-11-29,823.241863
2007-11-30,829.459112
2007-12-03,825.10679
2007-12-04,817.401129
2007-12-05,827.767614
2007-12-06,834.858711
2007-12-07,840.556558
2007-12-10,847.484759
2007-12-11,837.276857
2007-12-12,838.104934
2007-12-13,821.472168
2007-12-14,811.10239
2007-12-17,796.014523
2007-12-18,797.912568
2007-12-19,794.417326
2007-12-20,795.570701
2007-12-21,806.627903
2007-12-24,810.835914
2007-12-25,812.803816
2007-12-26,815.784675
2007-12-27,813.049477
2007-12-28,815.367458
2007-12-31,813.873434
2008-01-01,813.873434
2008-01-02,809.662786
2008-01-03,806.443079
2008-01-04,788.342649
2008-01-07,783.622046
2008-01-08,777.676543
2008-01-09,774.989784
2008-01-10,773.528519
2008-01-11,770.899778
2008-01-14,778.483243
2008-01-15,758.519937
2008-01-16,747.351688
2008-01-17,738.662568
2008-01-18,728.536209
2008-01-21,700.622787
2008-01-22,703.1356
2008-01-23,702.491645
2008-01-24,729.877282
2008-01-25,729.951882
2008-01-28,732.329224
2008-01-29,745.033669
2008-01-30,740.292392
2008-01-31,746.403492
2008-02-01,758.877718
2008-02-04,759.664019
2008-02-05,733.705419
2008-02-06,729.121285
2008-02-07,721.051905
2008-02-08,717.492291
2008-02-11,715.079216
2008-02-12,731.848618
2008-02-13,733.920356
2008-02-14,735.179671
2008-02-15,733.768582
2008-02-18,738.244421
2008-02-19,745.888444
2008-02-20,738.669654
2008-02-21,745.664006
2008-02-22,744.654084
2008-02-25,757.081648
2008-02-26,765.995882
2008-02-27,772.331023
2008-02-28,762.279667
2008-02-29,747.55551
2008-03-03,739.541222
2008-03-04,734.636997
2008-03-05,742.447731
2008-03-06,735.401811
2008-03-07,725.677141
2008-03-10,714.950772
2008-03-11,725.785577
2008-03-12,734.316422
2008-03-13,729.445034
2008-03-14,719.383179
2008-03-17,703.324921
2008-03-18,724.098625
2008-03-19,713.115681
2008-03-20,715.596511
2008-03-21,716.687472
2008-03-24,717.525399
2008-03-25,739.229282
2008-03-26,742.215731
2008-03-27,742.307592
2008-03-28,739.877503
2008-03-31,741.238283
2008-04-01,754.628441
2008-04-02,763.235984
2008-04-03,763.565351
2008-04-04,767.951544
2008-04-07,773.562208
2008-04-08,765.218419
2008-04-09,760.71388
2008-04-10,760.613849
2008-04-11,754.204457
2008-04-14,747.088918
2008-04-15,749.224334
2008-04-16,767.666793
2008-04-17,767.286376
2008-04-18,774.241321
2008-04-21,777.033574
2008-04-22,771.992858
2008-04-23,772.091386
2008-04-24,769.528567
2008-04-25,777.824115
2008-04-28,780.165414
2008-04-29,778.446323
2008-04-30,777.449155
2008-05-01,778.73335
2008-05-02,788.119984
2008-05-05,789.29941
2008-05-06,793.134398
2008-05-07,787.785245
2008-05-08,789.570643
2008-05-09,780.496934
2008-05-12,787.854644
2008-05-13,787.835739
2008-05-14,792.898975
2008-05-15,799.857262
2008-05-16,808.331432
2008-05-19,811.548482
2008-05-20,805.336757
2008-05-21,799.077036
2008-05-22,799.390516
2008-05-23,789.769205
2008-05-26,786.519917
2008-05-27,784.933287
2008-05-28,785.877965
2008-05-29,785.974739
2008-05-30,789.549642
2008-06-02,784.428133
2008-06-03,782.206809
2008-06-04,777.937617
2008-06-05,783.269822
2008-06-06,774.10691
2008-06-09,767.086366
2008-06-10,753.612505
2008-06-11,744.886501
2008-06-12,741.273123
2008-06-13,746.627522
2008-06-16,751.551325
2008-06-17,753.328188
2008-06-18,745.566597
2008-06-19,738.429916
2008-06-20,729.894186
2008-06-23,723.041328
2008-06-24,724.779603
2008-06-25,731.009545
2008-06-26,719.568178
2008-06-27,715.963352
2008-06-30,718.434246
2008-07-01,711.138249
2008-07-02,705.206995
2008-07-03,702.607873
2008-07-04,697.519268
2008-07-07,697.463762
2008-07-08,694.840047
2008-07-09,698.279144
2008-07-10,693.05065
2008-07-11,682.00952
2008-07-14,680.479421
2008-07-15,668.783192
2008-07-16,671.934525
2008-07-17,686.156244
2008-07-18,689.223167
2008-07-21,692.755561
2008-07-22,696.343614
2008-07-23,704.724858
2008-07-24,693.973789
2008-07-25,690.066912
2008-07-28,684.635414
2008-07-29,685.468247
2008-07-30,698.327808
2008-07-31,696.674482
2008-08-01,690.539773
2008-08-04,684.567667
2008-08-05,698.819395
2008-08-06,704.39442
2008-08-07,695.404492
2008-08-08,696.548955
2008-08-11,703.923097
2008-08-12,697.09504
2008-08-13,684.54026
2008-08-14,687.508638
2008-08-15,684.951023
2008-08-18,681.35821
2008-08-19,666.551848
2008-08-20,670.096142
2008-08-21,672.022011
2008-08-22,678.294296
2008-08-25,673.266071
2008-08-26,669.590261
2008-08-27,673.455762
2008-08-28,683.531756
2008-08-29,686.511654
2008-09-01,681.174365
2008-09-02,679.717828
2008-09-03,674.375878
2008-09-04,653.786443
2008-09-05,643.119163
2008-09-08,660.239882
2008-09-09,645.426587
2008-09-10,643.026203
2008-09-11,637.950346
2008-09-12,649.021751
2008-09-15,624.671225
2008-09-16,611.387738
2008-09-17,595.597197
2008-09-18,604.872978
2008-09-19,645.354867
2008-09-22,638.793356
2008-09-23,631.935044
2008-09-24,625.92196
2008-09-25,637.340104
2008-09-26,626.728398
2008-09-29,582.603921
2008-09-30,583.960379
2008-10-01,587.175458
2008-10-02,570.672926
2008-10-03,574.571513
2008-10-06,536.260258
2008-10-07,516.784767
2008-10-08,490.827803
2008-10-09,473.484938
2008-10-10,440.113964
2008-10-13,479.96379
2008-10-14,499.690885
2008-10-15,469.926502
2008-10-16,451.497716
2008-10-17,462.5672
2008-10-20,476.622717
2008-10-21,472.60179
2008-10-22,441.9635
2008-10-23,440.934473
2008-10-24,421.263699
2008-10-27,404.752785
2008-10-28,431.957269
2008-10-29,448.697776
2008-10-30,462.798973
2008-10-31,462.037899
2008-11-03,464.155665
2008-11-04,488.738553
2008-11-05,482.852485
2008-11-06,450.650614
2008-11-07,456.220541
2008-11-10,459.339812
2008-11-11,441.276277
2008-11-12,425.338592
2008-11-13,431.050092
2008-11-14,430.971157
2008-11-17,419.930861
2008-11-18,420.647838
2008-11-19,402.801168
2008-11-20,379.866788
2008-11-21,386.21211
2008-11-24,414.002567
2008-11-25,421.460674
2008-11-26,426.207287
2008-11-27,433.421635
2008-11-28,436.528818
2008-12-01,407.72636
2008-12-02,413.867828
2008-12-03,418.800307
2008-12-04,411.516086
2008-12-05,410.954169
2008-12-08,439.625904
2008-12-09,441.764653
2008-12-10,451.161039
2008-12-11,451.514572
2008-12-12,442.877117
2008-12-15,447.93652
2008-12-16,458.246794
2008-12-17,466.329809
2008-12-18,464.495928
2008-12-19,455.693807
2008-12-22,447.135641
2008-12-23,445.386044
2008-12-24,442.818281
2008-12-25,444.195752
2008-12-26,447.526518
2008-12-29,454.188358
2008-12-30,463.205509
2008-12-31,463.597202
2009-01-01,463.597202
2009-01-02,480.377248
2009-01-05,481.11909
2009-01-06,487.09314
2009-01-07,487.782784
2009-01-08,485.404025
2009-01-09,478.672107
2009-01-12,468.718401
2009-01-13,456.532008
2009-01-14,440.483709
2009-01-15,429.313665
2009-01-16,437.734153
2009-01-19,430.887374
2009-01-20,411.521009
2009-01-21,417.915252
2009-01-22,412.139405
2009-01-23,408.24876
2009-01-26,420.16027
2009-01-27,428.081608
2009-01-28,442.358648
2009-01-29,430.742722
2009-01-30,417.729088
2009-02-02,410.560743
2009-02-03,419.196402
2009-02-04,426.181084
2009-02-05,427.074735
2009-02-06,437.564994
2009-02-09,442.817445
2009-02-10,425.171166
2009-02-11,425.552787
2009-02-12,418.595364
2009-02-13,420.752807
2009-02-16,415.462302
2009-02-17,396.599637
2009-02-18,391.730585
2009-02-19,392.225218
2009-02-20,379.203856
2009-02-23,371.928681
2009-02-24,373.413659
2009-02-25,372.634526
2009-02-26,372.981591
2009-02-27,365.648421
2009-03-02,345.987479
2009-03-03,339.736963
2009-03-04,350.870676
2009-03-05,339.670463
2009-03-06,336.4236
2009-03-09,332.603568
2009-03-10,350.938483
2009-03-11,355.605912
2009-03-12,362.093695
2009-03-13,368.698402
2009-03-16,376.386495
2009-03-17,380.240452
2009-03-18,386.386559
2009-03-19,397.025425
2009-03-20,390.168388
2009-03-23,410.128461
2009-03-24,409.323622
2009-03-25,412.475432
2009-03-26,419.258096
2009-03-27,411.883198
2009-03-30,390.121503
2009-03-31,397.441509
2009-04-01,406.771329
2009-04-02,430.449432
2009-04-03,433.859836
2009-04-06,429.811971
2009-04-07,421.606694
2009-04-08,423.071735
2009-04-09,438.530227
2009-04-10,440.443913
2009-04-13,444.813874
2009-04-14,445.69965
2009-04-15,444.552594
2009-04-16,452.323281
2009-04-17,460.034005
2009-04-20,439.545925
2009-04-21,440.457313
2009-04-22,444.878588
2009-04-23,447.338287
2009-04-24,458.565045
2009-04-27,454.922196
2009-04-28,445.251286
2009-04-29,457.991155
2009-04-30,464.765776
2009-05-01,469.90579
2009-05-04,484.411435
2009-05-05,488.038243
2009-05-06,496.281537
2009-05-07,499.57919
2009-05-08,511.705511
2009-05-11,504.458721
2009-05-12,501.129192
2009-05-13,486.347113
2009-05-14,486.616228
2009-05-15,488.016461
2009-05-18,496.742028
2009-05-19,507.21023
2009-05-20,514.681933
2009-05-21,505.016629
2009-05-22,509.064983
2009-05-25,509.128091
2009-05-26,514.877372
2009-05-27,515.400001
2009-05-28,515.057083
2009-05-29,523.913852
2009-06-01,540.452579
2009-06-02,544.09766
2009-06-03,531.137947
2009-06-04,533.672961
2009-06-05,532.549318
2009-06-08,526.635017
2009-06-09,531.282261
2009-06-10,535.761532
2009-06-11,542.700838
2009-06-12,541.325171
2009-06-15,523.840114
2009-06-16,519.593776
2009-06-17,513.608319
2009-06-18,519.655551
2009-06-19,524.405048
2009-06-22,506.440388
2009-06-23,505.785437
2009-06-24,514.614283
2009-06-25,515.297148
2009-06-26,518.428303
2009-06-29,523.656898
2009-06-30,520.837916
2009-07-01,527.29824
2009-07-02,511.307263
2009-07-03,510.23184
2009-07-06,503.99868
2009-07-07,499.730252
2009-07-08,492.459749
2009-07-09,496.612731
2009-07-10,492.583964
2009-07-13,501.104625
2009-07-14,507.873088
2009-07-15,524.412783
2009-07-16,530.044008
2009-07-17,530.135878
2009-07-20,538.004224
2009-07-21,544.368909
2009-07-22,544.773638
2009-07-23,557.25019
2009-07-24,560.19504
2009-07-27,563.939412
2009-07-28,559.02775
2009-07-29,555.665156
2009-07-30,565.239907
2009-07-31,569.937093
2009-08-03,584.706081
2009-08-04,586.901704
2009-08-05,587.049564
2009-08-06,587.319434
2009-08-07,589.866235
2009-08-10,589.855494
2009-08-11,581.112544
2009-08-12,588.360467
2009-08-13,598.023999
2009-08-14,594.085145
2009-08-17,576.637
2009-08-18,583.470926
2009-08-19,587.247249
2009-08-20,594.363462
2009-08-21,606.501412
2009-08-24,613.745
2009-08-25,616.507402
2009-08-26,614.128252
2009-08-27,613.173604
2009-08-28,620.708662
2009-08-31,614.270371
2009-09-01,601.346856
2009-09-02,595.05054
2009-09-03,599.542987
2009-09-04,606.39748
2009-09-07,614.212193
2009-09-08,621.221967
2009-09-09,628.663483
2009-09-10,633.969944
2009-09-11,637.067942
2009-09-14,636.065209
2009-09-15,635.715563
2009-09-16,647.655525
2009-09-17,651.299733
2009-09-18,648.850429
2009-09-21,642.726011
2009-09-22,650.494414
2009-09-23,648.097429
2009-09-24,637.413784
2009-09-25,633.724541
2009-09-28,642.025133
2009-09-29,640.97061
2009-09-30,641.688675
2009-10-01,628.284389
2009-10-02,619.214776
2009-10-05,626.189976
2009-10-06,640.595029
2009-10-07,641.028804
2009-10-08,650.973183
2009-10-09,651.540238
2009-10-12,656.674569
2009-10-13,652.45825
2009-10-14,666.166386
2009-10-15,669.02201
2009-10-16,661.125103
2009-10-19,670.083636
2009-10-20,666.250354
2009-10-21,664.669783
2009-10-22,662.225787
2009-10-23,656.664248
2009-10-26,644.029947
2009-10-27,636.166316
2009-10-28,619.564346
2009-10-29,634.197235
2009-10-30,619.045574
2009-11-02,620.03239
2009-11-03,615.263879
2009-11-04,626.412246
2009-11-05,632.720058
2009-11-06,633.678579
2009-11-09,650.225761
2009-11-10,648.004305
2009-11-11,652.204947
2009-11-12,645.809914
2009-11-13,649.152291
2009-11-16,660.0489
2009-11-17,654.933068
2009-11-18,657.55134
2009-11-19,644.706321
2009-11-20,640.866573
2009-11-23,654.150419
2009-11-24,649.043132
2009-11-25,655.810117
2009-11-26,642.349977
2009-11-27,638.774322
2009-11-30,638.037953
2009-12-01,653.913119
2009-12-02,655.218668
2009-12-03,654.252509
2009-12-04,654.177709
2009-12-07,651.525705
2009-12-08,641.381609
2009-12-09,639.13789
2009-12-10,643.744485
2009-12-11,644.311423
2009-12-14,650.896472
2009-12-15,647.327736
2009-12-16,654.861846
2009-12-17,642.426194
2009-12-18,637.849489
2009-12-21,646.637947
2009-12-22,648.028223
2009-12-23,652.279149
2009-12-24,655.24184
2009-12-25,654.910323
2009-12-28,658.563839
2009-12-29,660.234333
2009-12-30,655.421316
2009-12-31,654.099138
2010-01-01,654.099138
2010-01-04,667.862747
2010-01-05,671.116217
2010-01-06,672.244027
2010-01-07,671.772626
2010-01-08,674.984677
2010-01-11,681.673645
2010-01-12,676.646335
2010-01-13,678.08055
2010-01-14,682.594909
2010-01-15,675.074359
2010-01-18,676.848797
2010-01-19,679.960956
2010-01-20,667.320528
2010-01-21,656.123741
2010-01-22,646.805876
2010-01-25,646.004623
2010-01-26,642.569004
2010-01-27,638.637882
2010-01-28,629.487339
2010-01-29,627.676314
2010-02-01,633.101493
2010-02-02,644.199992
2010-02-03,639.201906
2010-02-04,619.964562
2010-02-05,609.400734
2010-02-08,609.379554
2010-02-09,613.771777
2010-02-10,614.230241
2010-02-11,615.719407
2010-02-12,614.879945
2010-02-15,615.16773
2010-02-16,625.574219
2010-02-17,631.728006
2010-02-18,634.629043
2010-02-19,632.335379
2010-02-22,635.395873
2010-02-23,627.533771
2010-02-24,630.114968
2010-02-25,623.99117
2010-02-26,631.551508
2010-03-01,636.077433
2010-03-02,641.828508
2010-03-03,648.721741
2010-03-04,647.324838
2010-03-05,656.690274
2010-03-08,659.778975
2010-03-09,657.701833
2010-03-10,662.298998
2010-03-11,663.556745
2010-03-12,666.719296
2010-03-15,661.600429
2010-03-16,669.250019
2010-03-17,674.501357
2010-03-18,670.151453
2010-03-19,665.872381
2010-03-22,667.092038
2010-03-23,671.526973
2010-03-24,665.504892
2010-03-25,666.692416
2010-03-26,668.313224
2010-03-29,674.170355
2010-03-30,673.827707
2010-03-31,675.062682
2010-04-01,682.969646
2010-04-02,683.456018
2010-04-05,685.652656
2010-04-06,685.131987
2010-04-07,681.831494
2010-04-08,678.706684
2010-04-09,687.337351
2010-04-12,693.187805
2010-04-13,689.678889
2010-04-14,697.975782
2010-04-15,699.086865
2010-04-16,687.66879
2010-04-19,682.845449
2010-04-20,689.346225
2010-04-21,686.296888
2010-04-22,680.419618
2010-04-23,686.728218
2010-04-26,689.298812
2010-04-27,670.300856
2010-04-28,664.380082
2010-04-29,671.817836
2010-04-30,665.772521
2010-05-03,666.754078
2010-05-04,646.764267
2010-05-05,638.494324
2010-05-06,618.798491
2010-05-07,600.832257
2010-05-10,636.945265
2010-05-11,630.330139
2010-05-12,639.586883
2010-05-13,635.74786
2010-05-14,616.656623
2010-05-17,611.515146
2010-05-18,611.962489
2010-05-19,600.526858
2010-05-20,584.67346
2010-05-21,590.779292
2010-05-24,584.693344
2010-05-25,572.60836
2010-05-26,578.298811
2010-05-27,598.135159
2010-05-28,596.646836
2010-05-31,596.345044
2010-06-01,589.313368
2010-06-02,591.103597
2010-06-03,598.529368
2010-06-04,580.600529
2010-06-07,568.631363
2010-06-08,567.91435
2010-06-09,573.687683
2010-06-10,587.411295
2010-06-11,591.181081
2010-06-14,600.802096
2010-06-15,610.113609
2010-06-16,611.168498
2010-06-17,613.704262
2010-06-18,614.880133
2010-06-21,618.959884
2010-06-22,609.266023
2010-06-23,602.868861
2010-06-24,594.546608
2010-06-25,591.334541
2010-06-28,594.575869
2010-06-29,572.784127
2010-06-30,570.019616
2010-07-01,566.561374
2010-07-02,568.194503
2010-07-05,565.662254
2010-07-06,578.201164
2010-07-07,589.500938
2010-07-08,598.09604
2010-07-09,601.339399
2010-07-12,601.31927
2010-07-13,613.247137
2010-07-14,615.461488
2010-07-15,614.637455
2010-07-16,602.61324
2010-07-19,602.560995
2010-07-20,601.410099
2010-07-21,600.307312
2010-07-22,614.153481
2010-07-23,616.306045
2010-07-26,624.875021
2010-07-27,628.6597
2010-07-28,628.666165
2010-07-29,628.83388
2010-07-30,625.436235
2010-08-02,644.009925
2010-08-03,646.591146
2010-08-04,645.175072
2010-08-05,646.366357
2010-08-06,646.568034
2010-08-09,649.143696
2010-08-10,640.077066
2010-08-11,619.273414
2010-08-12,614.61032
2010-08-13,612.863472
2010-08-16,614.210602
2010-08-17,621.792039
2010-08-18,622.035425
2010-08-19,614.533857
2010-08-20,604.085671
2010-08-23,604.856364
2010-08-24,596.150767
2010-08-25,591.569032
2010-08-26,595.24806
2010-08-27,601.076662
2010-08-30,598.803144
2010-08-31,597.047969
2010-09-01,616.335817
2010-09-02,620.371418
2010-09-03,628.660533
2010-09-06,631.856757
2010-09-07,621.950404
2010-09-08,625.050619
2010-09-09,630.932353
2010-09-10,632.157986
2010-09-13,642.250032
2010-09-14,645.567602
2010-09-15,644.822869
2010-09-16,643.044832
2010-09-17,641.264967
2010-09-20,650.485507
2010-09-21,649.838471
2010-09-22,651.369091
2010-09-23,647.280805
2010-09-24,659.20231
2010-09-27,658.650392
2010-09-28,661.639313
2010-09-29,662.57163
2010-09-30,659.428639
2010-10-01,661.131061
2010-10-04,654.151253
2010-10-05,668.935327
2010-10-06,673.74907
2010-10-07,676.248224
2010-10-08,678.402898
2010-10-11,678.921416
2010-10-12,675.490439
2010-10-13,687.046405
2010-10-14,691.404911
2010-10-15,690.458895
2010-10-18,693.048395
2010-10-19,680.980254
2010-10-20,689.575848
2010-10-21,690.699584
2010-10-22,689.186926
2010-10-25,693.666991
2010-10-26,689.475005
2010-10-27,682.745106
2010-10-28,688.884237
2010-10-29,687.684131
2010-11-01,687.946172
2010-11-02,694.45025
2010-11-03,693.225338
2010-11-04,710.478562
2010-11-05,709.527456
2010-11-08,707.487438
2010-11-09,708.290364
2010-11-10,700.344704
2010-11-11,698.065547
2010-11-12,692.698032
2010-11-15,691.319571
2010-11-16,676.874248
2010-11-17,678.89354
2010-11-18,690.545172
2010-11-19,690.991809
2010-11-22,687.765558
2010-11-23,674.043454
2010-11-24,678.045108
2010-11-25,679.540357
2010-11-26,670.512009
2010-11-29,660.579461
2010-11-30,654.784647
2010-12-01,669.801547
2010-12-02,683.662144
2010-12-03,690.993369
2010-12-06,689.198985
2010-12-07,693.812708
2010-12-08,693.029003
2010-12-09,696.111191
2010-12-10,698.646043
2010-12-13,705.586301
2010-12-14,706.971192
2010-12-15,700.935148
2010-12-16,699.634292
2010-12-17,695.828565
2010-12-20,697.638966
2010-12-21,705.851182
2010-12-22,706.625319
2010-12-23,706.364717
2010-12-24,706.991651
2010-12-27,705.236528
2010-12-28,706.403189
2010-12-29,708.830559
2010-12-30,707.537124
2010-12-31,710.281281
2011-01-03,715.465784
2011-01-04,720.49033
2011-01-05,716.582476
2011-01-06,717.470055
2011-01-07,715.736767
2011-01-10,710.758391
2011-01-11,715.578299
2011-01-12,728.551943
2011-01-13,737.030282
2011-01-14,739.067014
2011-01-17,737.136923
2011-01-18,745.873251
2011-01-19,743.602587
2011-01-20,736.098941
2011-01-21,743.28647
2011-01-24,749.547711
2011-01-25,747.378267
2011-01-26,750.31515
2011-01-27,754.737585
2011-01-28,743.829815
2011-01-31,745.787565
2011-02-01,761.582496
2011-02-02,765.156666
2011-02-03,760.2756
2011-02-04,761.592116
2011-02-07,767.331259
2011-02-08,773.69762
2011-02-09,770.920247
2011-02-10,764.903274
2011-02-11,765.435874
2011-02-14,765.124667
2011-02-15,767.499501
2011-02-16,774.67478
2011-02-17,779.810682
2011-02-18,782.408303
2011-02-21,777.499585
2011-02-22,768.17597
2011-02-23,760.852003
2011-02-24,757.23184
2011-02-25,764.575498
2011-02-28,772.591135
2011-03-01,767.647706
2011-03-02,764.338343
2011-03-03,772.298508
2011-03-04,770.479675
2011-03-07,765.286772
2011-03-08,764.959824
2011-03-09,764.222841
2011-03-10,748.449886
2011-03-11,747.75
2011-03-14,738.582439
2011-03-15,718.267622
2011-03-16,713.694019
2011-03-17,728.176553
2011-03-18,732.692167
2011-03-21,744.907365
2011-03-22,748.861737
2011-03-23,748.667798
2011-03-24,758.22344
2011-03-25,757.774208
2011-03-28,754.482888
2011-03-29,753.599345
2011-03-30,759.864349
2011-03-31,757.712856
2011-04-01,762.437419
2011-04-04,765.162731
2011-04-05,763.021752
2011-04-06,767.659749
2011-04-07,765.561255
2011-04-08,772.19994
2011-04-11,771.496096
2011-04-12,762.610162
2011-04-13,765.448146
2011-04-14,762.12692
2011-04-15,761.022471
2011-04-18,744.006704
2011-04-19,748.303183
2011-04-20,765.773387
2011-04-21,772.746699
2011-04-22,772.85238
2011-04-25,770.753373
2011-04-26,776.766521
2011-04-27,781.279294
2011-04-28,792.190879
2011-04-29,794.508302
2011-05-02,798.08247
2011-05-03,791.807579
2011-05-04,786.301299
2011-05-05,776.141309
2011-05-06,777.771955
2011-05-09,769.530275
2011-05-10,779.792131
2011-05-11,776.458352
2011-05-12,770.375293
2011-05-13,765.781539
2011-05-16,762.436865
2011-05-17,754.605027
2011-05-18,762.334932
2011-05-19,764.073063
2011-05-20,757.872373
2011-05-23,742.775327
2011-05-24,744.104751
2011-05-25,747.540829
2011-05-26,750.930735
2011-05-27,760.40901
2011-05-30,759.177056
2011-05-31,770.624237
2011-06-01,762.293974
2011-06-02,753.424351
2011-06-03,752.508869
2011-06-06,746.405267
2011-06-07,749.041221
2011-06-08,743.493973
2011-06-09,745.452018
2011-06-10,733.403708
2011-06-13,733.824936
2011-06-14,743.841689
2011-06-15,730.098279
2011-06-16,723.240736
2011-06-17,729.950757
2011-06-20,728.73548
2011-06-21,741.600882
2011-06-22,743.185751
2011-06-23,728.017484
2011-06-24,725.51188
2011-06-27,727.304557
2011-06-28,735.613324
2011-06-29,747.933057
2011-06-30,759.483591
2011-07-01,767.323993
2011-07-04,770.713584
2011-07-05,766.966178
2011-07-06,761.227775
2011-07-07,765.320847
2011-07-08,757.441228
2011-07-11,736.525709
2011-07-12,732.464818
2011-07-13,742.101733
2011-07-14,736.590222
2011-07-15,734.987521
2011-07-18,722.014868
2011-07-19,733.32823
2011-07-20,740.925632
2011-07-21,755.21657
2011-07-22,759.376827
2011-07-25,751.609439
2011-07-26,754.712218
2011-07-27,740.282854
2011-07-28,736.325223
2011-07-29,733.71716
2011-08-01,724.244444
2011-08-02,709.145002
2011-08-03,701.313305
2011-08-04,670.352539
2011-08-05,660.418626
2011-08-08,629.506652
2011-08-09,640.347763
2011-08-10,618.157299
2011-08-11,635.15443
2011-08-12,646.169241
2011-08-15,660.070217
2011-08-16,656.705999
2011-08-17,657.310177
2011-08-18,626.799769
2011-08-19,615.049779
2011-08-22,612.794178
2011-08-23,621.513978
2011-08-24,628.348467
2011-08-25,621.608726
2011-08-26,623.658234
2011-08-29,640.020855
2011-08-30,642.748671
2011-08-31,654.118044
2011-09-01,650.093994
2011-09-02,631.797162
2011-09-05,613.447153
2011-09-06,605.286053
2011-09-07,623.611596
2011-09-08,623.960525
2011-09-09,602.399778
2011-09-12,591.841618
2011-09-13,601.165724
2011-09-14,606.776026
2011-09-15,623.012699
2011-09-16,626.440913
2011-09-19,612.825056
2011-09-20,616.283063
2011-09-21,605.31706
2011-09-22,576.9902
2011-09-23,581.328458
2011-09-26,585.23074
2011-09-27,608.594464
2011-09-28,602.717088
2011-09-29,608.843196
2011-09-30,594.451727
2011-10-03,577.936385
2011-10-04,571.435255
2011-10-05,585.621519
2011-10-06,602.700807
2011-10-07,606.877571
2011-10-10,623.116224
2011-10-11,625.500809
2011-10-12,636.927746
2011-10-13,631.035734
2011-10-14,638.359478
2011-10-17,631.535777
2011-10-18,630.391008
2011-10-19,633.478532
2011-10-20,624.207494
2011-10-21,642.054391
2011-10-24,653.204537
2011-10-25,645.859758
2011-10-26,647.412898
2011-10-27,681.449845
2011-10-28,682.649514
2011-10-31,656.513589
2011-11-01,627.855432
2011-11-02,635.179438
2011-11-03,645.52277
2011-11-04,642.718302
2011-11-07,644.229946
2011-11-08,648.485258
2011-11-09,631.188418
2011-11-10,629.408026
2011-11-11,646.509103
2011-11-14,640.577643
2011-11-15,634.78005
2011-11-16,630.571115
2011-11-17,622.621444
2011-11-18,619.022296
2011-11-21,602.841522
2011-11-22,598.229395
2011-11-23,585.49306
2011-11-24,583.063066
2011-11-25,582.428058
2011-11-28,603.074518
2011-11-29,608.924358
2011-11-30,632.659268
2011-12-01,633.410203
2011-12-02,637.761216
2011-12-05,646.243802
2011-12-06,641.598638
2011-12-07,644.128105
2011-12-08,628.642
2011-12-09,637.454138
2011-12-12,624.063691
2011-12-13,618.817756
2011-12-14,605.122475
2011-12-15,608.039357
2011-12-16,607.639704
2011-12-19,600.520872
2011-12-20,616.869102
2011-12-21,616.416062
2011-12-22,623.55916
2011-12-23,626.958883
2011-12-26,627.994
2011-12-27,627.207492
2011-12-28,616.894535
2011-12-29,622.320446
2011-12-30,628.136672
2012-01-02,632.415297
2012-01-03,644.28284
2012-01-04,641.62062
2012-01-05,634.487117
2012-01-06,630.922709
2012-01-09,630.590257
2012-01-10,641.55876
2012-01-11,641.313491
2012-01-12,643.338369
2012-01-13,639.287508
2012-01-16,640.475584
2012-01-17,646.667156
2012-01-18,652.955187
2012-01-19,662.754799
2012-01-20,666.903544
2012-01-23,673.898569
2012-01-24,669.799664
2012-01-25,669.365389
2012-01-26,677.152866
2012-01-27,673.896894
2012-01-30,667.616124
2012-01-31,669.232163
2012-02-01,683.744097
2012-02-02,685.823485
2012-02-03,693.883118
2012-02-06,693.784732
2012-02-07,697.140736
2012-02-08,701.881064
2012-02-09,702.815373
2012-02-10,690.841582
2012-02-13,696.164849
2012-02-14,690.909858
2012-02-15,693.225702
2012-02-16,695.176479
2012-02-17,703.479527
2012-02-20,710.867585
2012-02-21,708.443718
2012-02-22,702.200588
2012-02-23,702.773881
2012-02-24,708.253961
2012-02-27,706.870597
2012-02-28,709.247476
2012-02-29,704.861226
2012-03-01,708.424096
2012-03-02,705.077041
2012-03-05,700.628556
2012-03-06,682.893889
2012-03-07,686.078636
2012-03-08,698.728275
2012-03-09,697.836185
2012-03-12,695.764014
2012-03-13,705.188923
2012-03-14,705.09422
2012-03-15,711.136124
2012-03-16,717.117261
2012-03-19,719.392701
2012-03-20,712.56557
2012-03-21,708.064427
2012-03-22,703.882063
2012-03-23,706.772571
2012-03-26,712.817675
2012-03-27,712.869617
2012-03-28,707.144939
2012-03-29,700.487586
2012-03-30,704.546756
2012-04-02,710.969128
2012-04-03,703.039117
2012-04-04,684.193301
2012-04-05,682.244496
2012-04-06,680.623656
2012-04-09,677.091018
2012-04-10,664.650515
2012-04-11,668.543091
2012-04-12,678.165247
2012-04-13,667.627897
2012-04-16,665.992541
2012-04-17,677.958747
2012-04-18,675.171423
2012-04-19,669.624214
2012-04-20,672.072348
2012-04-23,661.349645
2012-04-24,666.595338
2012-04-25,673.707497
2012-04-26,678.320229
2012-04-27,681.319426
2012-04-30,678.187032
2012-05-01,678.707314
2012-05-02,673.761134
2012-05-03,669.052479
2012-05-04,659.973676
2012-05-07,657.657216
2012-05-08,651.024753
2012-05-09,645.593961
2012-05-10,649.881254
2012-05-11,647.122231
2012-05-14,635.057855
2012-05-15,625.982402
2012-05-16,619.971247
2012-05-17,615.856643
2012-05-18,608.165359
2012-05-21,612.514288
2012-05-22,619.64499
2012-05-23,606.882302
2012-05-24,610.09095
2012-05-25,608.877929
2012-05-28,608.98846
2012-05-29,615.059857
2012-05-30,604.278334
2012-05-31,602.002784
2012-06-01,590.296143
2012-06-04,588.722195
2012-06-05,593.931992
2012-06-06,608.834307
2012-06-07,613.120982
2012-06-08,608.786507
2012-06-11,608.227763
2012-06-12,609.710785
2012-06-13,610.289824
2012-06-14,613.042947
2012-06-15,621.780383
2012-06-18,620.806443
2012-06-19,630.085397
2012-06-20,635.92749
2012-06-21,625.559229
2012-06-22,623.277045
2012-06-25,611.472166
2012-06-26,609.951336
2012-06-27,617.371656
2012-06-28,617.861325
2012-06-29,639.869488
2012-07-02,642.427071
2012-07-03,648.583992
2012-07-04,646.882738
2012-07-05,640.047633
2012-07-06,631.15789
2012-07-09,626.70839
2012-07-10,624.795427
2012-07-11,625.809654
2012-07-12,617.778038
2012-07-13,625.498793
2012-07-16,626.136998
2012-07-17,625.6109
2012-07-18,630.582262
2012-07-19,632.934419
2012-07-20,619.360948
2012-07-23,606.404421
2012-07-24,600.644558
2012-07-25,598.786151
2012-07-26,615.660181
2012-07-27,629.018827
2012-07-30,633.667948
2012-07-31,633.261715
2012-08-01,631.310259
2012-08-02,621.004497
2012-08-03,636.56619
2012-08-06,645.91334
2012-08-07,653.646421
2012-08-08,655.652167
2012-08-09,656.585028
2012-08-10,657.297313
2012-08-13,656.389906
2012-08-14,655.974908
2012-08-15,654.309477
2012-08-16,662.571688
2012-08-17,665.09608
2012-08-20,665.272885
2012-08-21,670.715595
2012-08-22,665.210747
2012-08-23,663.746976
2012-08-24,659.537199
2012-08-27,660.156902
2012-08-28,657.490658
2012-08-29,656.146887
2012-08-30,648.955206
2012-08-31,653.137514
2012-09-03,654.120245
2012-09-04,649.891689
2012-09-05,649.045552
2012-09-06,663.262399
2012-09-07,678.305718
2012-09-10,676.566644
2012-09-11,682.443818
2012-09-12,687.413149
2012-09-13,690.55491
2012-09-14,706.017104
2012-09-17,700.969593
2012-09-18,694.823207
2012-09-19,698.543835
2012-09-20,691.42477
2012-09-21,695.108039
2012-09-24,690.282748
2012-09-25,689.912321
2012-09-26,675.549607
2012-09-27,680.449609
2012-09-28,671.989439
2012-10-01,677.557728
2012-10-02,678.548741
2012-10-03,674.512203
2012-10-04,680.744406
2012-10-05,686.175375
2012-10-08,680.769215
2012-10-09,673.727999
2012-10-10,668.62946
2012-10-11,673.366108
2012-10-12,671.417088
2012-10-15,674.933969
2012-10-16,687.435169
2012-10-17,696.956712
2012-10-18,700.016551
2012-10-19,691.033008
2012-10-22,690.367412
2012-10-23,677.673634
2012-10-24,676.762602
2012-10-25,678.172992
2012-10-26,676.004913
2012-10-29,671.745369
2012-10-30,677.101047
2012-10-31,676.87583
2012-11-01,683.155635
2012-11-02,681.192651
2012-11-05,677.074156
2012-11-06,681.746155
2012-11-07,669.314816
2012-11-08,663.780651
2012-11-09,662.642955
2012-11-12,659.980923
2012-11-13,659.115032
2012-11-14,650.97328
2012-11-15,651.159959
2012-11-16,647.622508
2012-11-19,664.444394
2012-11-20,662.488628
2012-11-21,665.147837
2012-11-22,670.224771
2012-11-23,677.195006
2012-11-26,675.87413
2012-11-27,674.084726
2012-11-28,674.563286
2012-11-29,683.979809
2012-11-30,684.240439
2012-12-03,685.608588
2012-12-04,688.819584
2012-12-05,692.03572
2012-12-06,694.700709
2012-12-07,694.914581
2012-12-10,695.086895
2012-12-11,700.524431
2012-12-12,703.979714
2012-12-13,703.831983
2012-12-14,704.571985
2012-12-17,708.981002
2012-12-18,717.879898
2012-12-19,723.660366
2012-12-20,724.181282
2012-12-21,718.065325
2012-12-24,715.861633
2012-12-25,716.434358
2012-12-26,717.072683
2012-12-27,718.328382
2012-12-28,713.838035
2012-12-31,717.820837
2013-01-01,717.847647
2013-01-02,733.892905
2013-01-03,731.681502
2013-01-04,736.012213
2013-01-07,735.970553
2013-01-08,733.069833
2013-01-09,736.975225
2013-01-10,745.646384
2013-01-11,748.055662
2013-01-14,749.676704
2013-01-15,751.633869
2013-01-16,746.607451
2013-01-17,750.003788
2013-01-18,750.280184
2013-01-21,751.772971
2013-01-22,754.060292
2013-01-23,749.384561
2013-01-24,753.478353
2013-01-25,760.594962
2013-01-28,760.241618
2013-01-29,763.705707
2013-01-30,763.187819
2013-01-31,760.638843
2013-02-01,764.807451
2013-02-04,753.500411
2013-02-05,754.705857
2013-02-06,758.017211
2013-02-07,753.800537
2013-02-08,757.996221
2013-02-11,756.57004
2013-02-12,764.450636
2013-02-13,761.582319
2013-02-14,758.471012
2013-02-15,752.399735
2013-02-18,754.943747
2013-02-19,762.247702
2013-02-20,755.755426
2013-02-21,742.862654
2013-02-22,747.273746
2013-02-25,746.508172
2013-02-26,739.154985
2013-02-27,745.697739
2013-02-28,749.80051
2013-03-01,744.257605
2013-03-04,745.545759
2013-03-05,754.876727
2013-03-06,759.469573
2013-03-07,760.909616
2013-03-08,764.309062
2013-03-11,769.439568
2013-03-12,769.69433
2013-03-13,766.361132
2013-03-14,772.433957
2013-03-15,778.03247
2013-03-18,768.469249
2013-03-19,766.550204
2013-03-20,771.144
2013-03-21,768.153908
2013-03-22,768.765768
2013-03-25,763.468204
2013-03-26,765.081619
2013-03-27,762.163073
2013-03-28,762.930382
2013-03-29,762.591118
2013-04-01,757.191456
2013-04-02,758.9639
2013-04-03,753.7718
2013-04-04,751.747328
2013-04-05,752.34186
2013-04-08,756.547321
2013-04-09,763.03589
2013-04-10,777.657613
2013-04-11,784.140132
2013-04-12,778.914995
2013-04-15,767.618484
2013-04-16,769.216153
2013-04-17,760.159704
2013-04-18,754.84864
2013-04-19,757.718965
2013-04-22,762.9822
2013-04-23,774.807806
2013-04-24,782.905591
2013-04-25,788.48213
2013-04-26,787.813777
2013-04-29,793.798822
2013-04-30,796.934261
2013-05-01,792.780133
2013-05-02,792.503599
2013-05-03,799.734457
2013-05-06,798.762426
2013-05-07,809.229756
2013-05-08,817.952925
2013-05-09,812.159795
2013-05-10,811.492585
2013-05-13,813.968387
2013-05-14,818.074958
2013-05-15,822.689199
2013-05-16,823.174994
2013-05-17,825.651996
2013-05-20,832.550204
2013-05-21,835.261304
2013-05-22,833.912982
2013-05-23,820.462525
2013-05-24,819.329732
2013-05-27,815.313484
2013-05-28,821.509788
2013-05-29,822.927175
2013-05-30,822.56286
2013-05-31,811.833998
2013-06-03,812.431263
2013-06-04,814.591818
2013-06-05,802.922658
2013-06-06,802.610691
2013-06-07,810.781198
2013-06-10,813.765228
2013-06-11,809.382885
2013-06-12,807.115543
2013-06-13,807.921242
2013-06-14,808.450644
2013-06-17,816.699718
2013-06-18,818.78102
2013-06-19,818.792939
2013-06-20,787.886106
2013-06-21,783.441176
2013-06-24,769.87635
2013-06-25,775.294645
2013-06-26,780.836118
2013-06-27,787.620307
2013-06-28,786.614522
2013-07-01,793.287316
2013-07-02,793.122614
2013-07-03,789.739114
2013-07-04,795.443863
2013-07-05,793.113338
2013-07-08,798.694263
2013-07-09,805.867195
2013-07-10,809.58171
2013-07-11,822.984692
2013-07-12,823.811761
2013-07-15,825.658752
2013-07-16,826.746065
2013-07-17,828.182748
2013-07-18,835.595085
2013-07-19,836.153823
2013-07-22,842.326751
2013-07-23,844.206224
2013-07-24,847.22037
2013-07-25,845.456996
2013-07-26,843.064856
2013-07-29,837.359862
2013-07-30,838.979774
2013-07-31,838.145442
2013-08-01,847.876948
2013-08-02,854.507072
2013-08-05,853.02668
2013-08-06,851.757588
2013-08-07,847.965737
2013-08-08,854.946662
2013-08-09,856.841812
2013-08-12,856.12044
2013-08-13,858.889401
2013-08-14,861.500798
2013-08-15,850.606608
2013-08-16,853.536201
2013-08-19,848.19775
2013-08-20,845.340974
2013-08-21,838.646599
2013-08-22,842.276579
2013-08-23,850.051186
2013-08-26,846.550872
2013-08-27,833.7749
2013-08-28,830.295841
2013-08-29,830.050259
2013-08-30,823.450145
2013-09-02,828.949294
2013-09-03,832.264773
2013-09-04,838.583681
2013-09-05,840.722438
2013-09-06,844.826017
2013-09-09,852.871326
2013-09-10,862.446042
2013-09-11,865.682276
2013-09-12,865.345419
2013-09-13,865.200213
2013-09-16,872.127407
2013-09-17,870.472597
2013-09-18,876.074546
2013-09-19,883.324733
2013-09-20,878.069255
2013-09-23,875.606427
2013-09-24,876.886395
2013-09-25,878.264526
2013-09-26,878.37205
2013-09-27,878.272123
2013-09-30,869.456785
2013-10-01,876.294445
2013-10-02,876.008368
2013-10-03,871.989201
2013-10-04,875.324513
2013-10-07,870.237565
2013-10-08,864.256356
2013-10-09,865.025171
2013-10-10,880.50381
2013-10-11,886.328837
2013-10-14,890.217543
2013-10-15,889.605487
2013-10-16,895.911634
2013-10-17,905.389078
2013-10-18,909.083317
2013-10-21,908.502036
2013-10-22,914.501734
2013-10-23,907.598308
2013-10-24,912.474689
2013-10-25,910.112166
2013-10-28,910.037019
2013-10-29,912.928911
2013-10-30,913.72673
2013-10-31,906.507695
2013-11-01,900.804174
2013-11-04,905.228518
2013-11-05,902.225586
2013-11-06,909.167145
2013-11-07,899.45428
2013-11-08,902.274838
2013-11-11,906.474715
2013-11-12,906.688813
2013-11-13,907.895758
2013-11-14,913.417113
2013-11-15,917.268567
2013-11-18,921.277002
2013-11-19,916.858715
2013-11-20,915.321055
2013-11-21,919.238662
2013-11-22,923.015513
2013-11-25,924.145829
2013-11-26,922.292609
2013-11-27,925.400575
2013-11-28,929.212135
2013-11-29,930.081593
2013-12-02,925.039517
2013-12-03,919.290858
2013-12-04,914.083897
2013-12-05,908.831873
2013-12-06,915.412759
2013-12-09,919.755429
2013-12-10,919.406445
2013-12-11,912.467366
2013-12-12,904.951195
2013-12-13,901.840283
2013-12-16,909.486949
2013-12-17,906.38302
2013-12-18,917.041943
2013-12-19,920.596294
2013-12-20,924.026584
2013-12-23,931.368393
2013-12-24,931.473005
2013-12-25,931.556356
2013-12-26,935.587869
2013-12-27,943.206375
2013-12-30,944.740141
2013-12-31,946.93792
2014-01-01,946.994769
2014-01-02,937.248167
2014-01-03,939.337084
2014-01-06,937.987055
2014-01-07,941.521265
2014-01-08,945.999579
2014-01-09,943.441978
2014-01-10,949.227453
2014-01-13,949.897684
2014-01-14,952.498079
2014-01-15,959.97538
2014-01-16,958.186109
2014-01-17,957.597261
2014-01-20,956.908743
2014-01-21,955.570602
2014-01-22,957.473396
2014-01-23,953.83763
2014-01-24,934.471865
2014-01-27,925.606745
2014-01-28,927.333417
2014-01-29,926.393776
2014-01-30,925.92458
2014-01-31,919.603084
2014-02-03,905.175209
2014-02-04,898.873525
2014-02-05,903.702782
2014-02-06,915.543667
2014-02-07,927.374596
2014-02-10,929.930394
2014-02-11,939.366993
2014-02-12,943.78385
2014-02-13,946.422211
2014-02-14,950.597424
2014-02-17,953.170205
2014-02-18,959.504211
2014-02-19,957.226056
2014-02-20,955.265254
2014-02-21,960.061469
2014-02-24,964.302718
2014-02-25,964.114766
2014-02-26,959.454109
2014-02-27,959.827931
2014-02-28,963.935492
2014-03-03,950.273173
2014-03-04,963.301339
2014-03-05,966.913816
2014-03-06,973.215231
2014-03-07,968.28409
2014-03-10,965.209666
2014-03-11,962.635473
2014-03-12,957.270888
2014-03-13,948.258298
2014-03-14,939.846243
2014-03-17,946.998377
2014-03-18,954.937031
2014-03-19,953.7274
2014-03-20,950.198451
2014-03-21,950.105808
2014-03-24,944.719597
2014-03-25,953.282296
2014-03-26,957.319293
2014-03-27,956.266396
2014-03-28,963.353165
2014-03-31,972.017429
2014-04-01,977.331763
2014-04-02,979.885744
2014-04-03,979.275227
2014-04-04,977.607576
2014-04-07,967.375059
2014-04-08,966.77477
2014-04-09,970.790502
2014-04-10,963.332369
2014-04-11,952.520629
2014-04-14,955.037833
2014-04-15,952.65654
2014-04-16,963.606403
2014-04-17,967.555376
2014-04-18,967.965363
2014-04-21,967.375065
2014-04-22,973.940645
2014-04-23,974.335365
2014-04-24,976.656724
2014-04-25,971.055772
2014-04-28,972.793069
2014-04-29,980.189705
2014-04-30,983.544847
2014-05-01,985.121668
2014-05-02,985.327122
2014-05-05,984.336132
2014-05-06,980.884155
2014-05-07,979.572825
2014-05-08,985.989611
2014-05-09,981.130285
2014-05-12,986.480156
2014-05-13,988.262058
2014-05-14,988.618079
2014-05-15,980.589515
2014-05-16,979.289028
2014-05-19,980.72847
2014-05-20,977.345189
2014-05-21,981.459835
2014-05-22,984.376594
2014-05-23,989.909469
2014-05-26,995.805209
2014-05-27,996.372428
2014-05-28,996.339704
2014-05-29,1000.473705
2014-05-30,1000
2014-06-02,1003.173466
2014-06-03,1004.053127
2014-06-04,1004.785906
2014-06-05,1008.404394
2014-06-06,1013.831947
2014-06-09,1014.333724
2014-06-10,1014.02118
2014-06-11,1014.502199
2014-06-12,1012.82255
2014-06-13,1015.705633
2014-06-16,1013.221596
2014-06-17,1013.854433
2014-06-18,1019.325697
2014-06-19,1029.490262
2014-06-20,1026.755354
2014-06-23,1027.299529
2014-06-24,1022.865666
2014-06-25,1021.252399
2014-06-26,1020.591426
2014-06-27,1020.787495
2014-06-30,1023.635023
2014-07-01,1032.10155
2014-07-02,1034.551716
2014-07-03,1037.27553
2014-07-04,1038.637922
2014-07-07,1032.448639
2014-07-08,1024.734046
2014-07-09,1025.264671
2014-07-10,1018.609714
2014-07-11,1018.31092
2014-07-14,1026.252576
2014-07-15,1027.122362
2014-07-16,1036.104465
2014-07-17,1027.945986
2014-07-18,1028.494588
2014-07-21,1026.694544
2014-07-22,1033.677923
2014-07-23,1034.219987
2014-07-24,1035.602695
2014-07-25,1033.557728
2014-07-28,1034.484789
2014-07-29,1031.821757
2014-07-30,1026.613304
2014-07-31,1015.716287
2014-08-01,1009.835939
2014-08-04,1011.534319
2014-08-05,1001.842929
2014-08-06,998.246187
2014-08-07,994.015502
2014-08-08,991.697549
2014-08-11,1000.502271
2014-08-12,999.786014
2014-08-13,1005.087066
2014-08-14,1009.014925
2014-08-15,1007.457741
2014-08-18,1012.702605
2014-08-19,1016.634205
2014-08-20,1014.680676
2014-08-21,1020.722171
2014-08-22,1015.165713
2014-08-25,1021.199129
2014-08-26,1023.554061
2014-08-27,1025.708184
2014-08-28,1020.628252
2014-08-29,1020.493211
2014-09-01,1019.364569
2014-09-02,1018.988037
2014-09-03,1025.035488
2014-09-04,1022.113718
2014-09-05,1022.555787
2014-09-08,1019.973053
2014-09-09,1013.214029
2014-09-10,1014.472195
2014-09-11,1016.461296
2014-09-12,1013.383043
2014-09-15,1012.85799
2014-09-16,1014.472312
2014-09-17,1015.67181
2014-09-18,1020.206202
2014-09-19,1019.503754
2014-09-22,1012.657864
2014-09-23,1006.936636
2014-09-24,1010.225257
2014-09-25,1003.094994
2014-09-26,1001.156615
2014-09-29,998.277069
2014-09-30,992.752495
2014-10-01,982.15363
2014-10-02,969.893019
2014-10-03,969.905187
2014-10-06,976.260781
2014-10-07,969.542892
2014-10-08,970.283645
2014-10-09,959.184815
2014-10-10,941.590855
2014-10-13,939.18422
2014-10-14,933.152321
2014-10-15,924.635701
2014-10-16,917.92951
2014-10-17,924.218992
2014-10-20,935.225898
2014-10-21,945.482974
2014-10-22,948.372513
2014-10-23,950.293655
2014-10-24,954.59063
2014-10-27,956.050409
2014-10-28,962.614354
2014-10-29,967.987461
2014-10-30,966.096891
2014-10-31,978.977516
2014-11-03,971.061184
2014-11-04,977.666117
2014-11-05,981.342228
2014-11-06,978.455838
2014-11-07,977.43885
2014-11-10,981.679407
2014-11-11,982.480307
2014-11-12,981.210559
2014-11-13,982.156356
2014-11-14,984.539261
2014-11-17,981.291009
2014-11-18,991.821501
2014-11-19,987.866691
2014-11-20,988.001065
2014-11-21,995.63343
2014-11-24,996.069482
2014-11-25,1001.1846
2014-11-26,1005.202877
2014-11-27,999.248018
2014-11-28,998.643811
2014-12-01,997.116755
2014-12-02,1002.020318
2014-12-03,1003.676984
2014-12-04,1000.902947
2014-12-05,1003.293295
2014-12-08,997.897451
2014-12-09,994.824475
2014-12-10,980.101483
2014-12-11,977.754394
2014-12-12,965.867692
2014-12-15,950.22099
2014-12-16,952.07705
2014-12-17,958.039639
2014-12-18,975.764936
2014-12-19,985.900965
2014-12-22,988.589646
2014-12-23,990.049079
2014-12-24,993.166487
2014-12-25,992.092009
2014-12-26,994.049007
2014-12-29,994.995389
2014-12-30,990.096046
2014-12-31,984.665345
2015-01-01,984.697726
2015-01-02,981.374716
2015-01-05,959.921624
2015-01-06,948.251525
2015-01-07,949.470095
2015-01-08,970.448148
2015-01-09,966.194559
2015-01-12,963.486609
2015-01-13,964.557599
2015-01-14,955.694231
2015-01-15,956.772247
2015-01-16,959.246797
2015-01-19,965.041753
2015-01-20,969.407641
2015-01-21,975.554277
2015-01-22,984.156897
2015-01-23,983.405778
2015-01-26,983.168086
2015-01-27,984.620165
2015-01-28,975.598978
2015-01-29,973.085304
2015-01-30,964.069825
2015-02-02,973.60768
2015-02-03,984.860229
2015-02-04,988.695836
2015-02-05,993.478085
2015-02-06,988.401611
2015-02-09,987.413702
2015-02-10,992.241414
2015-02-11,988.676799
2015-02-12,1006.275205
2015-02-13,1012.508111
2015-02-16,1015.601274
2015-02-17,1016.220249
2015-02-18,1020.574301
2015-02-19,1023.365567
2015-02-20,1027.951448
2015-02-23,1029.189124
2015-02-24,1032.146385
2015-02-25,1030.600301
2015-02-26,1028.658984
2015-02-27,1028.047343
2015-03-02,1028.673823
2015-03-03,1024.294216
2015-03-04,1020.221127
2015-03-05,1020.812679
2015-03-06,1011.23455
2015-03-09,1010.178795
2015-03-10,993.767787
2015-03-11,994.637506
2015-03-12,1003.281074
2015-03-13,1000.072326
2015-03-16,1009.260138
2015-03-17,1008.112786
2015-03-18,1016.833191
2015-03-19,1015.13773
2015-03-20,1030.289469
2015-03-23,1036.507709
2015-03-24,1032.002647
2015-03-25,1028.723647
2015-03-26,1020.388088
2015-03-27,1019.103909
2015-03-30,1024.893263
2015-03-31,1014.691637
2015-04-01,1012.450047
2015-04-02,1021.853167
2015-04-03,1023.257399
2015-04-06,1030.708602
2015-04-07,1033.020907
2015-04-08,1033.389408
2015-04-09,1035.961738
2015-04-10,1039.298519
2015-04-13,1036.91531
2015-04-14,1044.576821
2015-04-15,1047.40859
2015-04-16,1050.55867
2015-04-17,1043.514706
2015-04-20,1045.267349
2015-04-21,1047.248089
2015-04-22,1048.185877
2015-04-23,1052.804376
2015-04-24,1056.980864
2015-04-27,1058.44304
2015-04-28,1061.924437
2015-04-29,1057.913147
2015-04-30,1046.698163
2015-05-01,1048.877998
2015-05-04,1051.62244
2015-05-05,1044.016635
2015-05-06,1047.333985
2015-05-07,1042.573293
2015-05-08,1056.419961
2015-05-11,1058.715703
2015-05-12,1057.662642
2015-05-13,1062.808361
2015-05-14,1066.402154
2015-05-15,1068.686727
2015-05-18,1072.216934
2015-05-19,1068.535089
2015-05-20,1069.042582
2015-05-21,1073.919914
2015-05-22,1070.591827
2015-05-25,1072.123856
2015-05-26,1056.765143
2015-05-27,1062.798115
2015-05-28,1062.599605
2015-05-29,1059.376591
2015-06-01,1056.485208
2015-06-02,1060.310326
2015-06-03,1067.776362
2015-06-04,1059.941602
2015-06-05,1048.243087
2015-06-08,1043.981904
2015-06-09,1040.897509
2015-06-10,1057.654442
2015-06-11,1060.07787
2015-06-12,1055.586883
2015-06-15,1048.31189
2015-06-16,1048.736278
2015-06-17,1043.559556
2015-06-18,1051.495559
2015-06-19,1051.738761
2015-06-22,1066.265866
2015-06-23,1068.867819
2015-06-24,1063.795463
2015-06-25,1061.692873
2015-06-26,1055.489259
2015-06-29,1032.281544
2015-06-30,1030.251273
2015-07-01,1033.501903
2015-07-02,1034.016138
2015-07-03,1033.162159
2015-07-06,1018.237683
2015-07-07,1010.918692
2015-07-08,998.638081
2015-07-09,1005.15309
2015-07-10,1017.164316
2015-07-13,1026.347677
2015-07-14,1035.65558
2015-07-15,1034.856697
2015-07-16,1041.683973
2015-07-17,1039.327606
2015-07-20,1037.968078
2015-07-21,1038.932426
2015-07-22,1032.670758
2015-07-23,1033.798135
2015-07-24,1022.348907
2015-07-27,1016.701896
2015-07-28,1020.612213
2015-07-29,1027.34341
2015-07-30,1029.357466
2015-07-31,1034.424429
2015-08-03,1031.243793
2015-08-04,1028.533103
2015-08-05,1032.421199
2015-08-06,1032.060022
2015-08-07,1030.80096
2015-08-10,1038.916381
2015-08-11,1028.302936
2015-08-12,1021.341268
2015-08-13,1020.515031
2015-08-14,1019.463382
2015-08-17,1021.638687
2015-08-18,1018.737318
2015-08-19,1005.132592
2015-08-20,991.095525
2015-08-21,967.601089
2015-08-24,930.571783
2015-08-25,921.688018
2015-08-26,938.999246
2015-08-27,955.49691
2015-08-28,966.818897
2015-08-31,960.710433
2015-09-01,934.576648
2015-09-02,936.381584
2015-09-03,944.026803
2015-09-04,927.605151
2015-09-07,930.34085
2015-09-08,941.907851
2015-09-09,955.969884
2015-09-10,949.239075
2015-09-11,948.476841
2015-09-14,942.818922
2015-09-15,949.456716
2015-09-16,961.198939
2015-09-17,960.97138
2015-09-18,944.53296
2015-09-21,939.58028
2015-09-22,923.04831
2015-09-23,921.806433
2015-09-24,912.773202
2015-09-25,917.32937
2015-09-28,899.667812
2015-09-29,888.44777
2015-09-30,909.525666
2015-10-01,915.445969
2015-10-02,926.613537
2015-10-05,943.949528
2015-10-06,950.841516
2015-10-07,965.489146
2015-10-08,968.623001
2015-10-09,980.022661
2015-10-12,981.33899
2015-10-13,973.087492
2015-10-14,966.14582
2015-10-15,978.925169
2015-10-16,983.803225
2015-10-19,979.346064
2015-10-20,976.829481
2015-10-21,978.102875
2015-10-22,980.407002
2015-10-23,990.252389
2015-10-26,989.779993
2015-10-27,983.062577
2015-10-28,992.828641
2015-10-29,982.231178
2015-10-30,983.940343
2015-11-02,984.592582
2015-11-03,983.853112
2015-11-04,982.472724
2015-11-05,980.438494
2015-11-06,977.612927
2015-11-09,974.885719
2015-11-10,972.89587
2015-11-11,972.559972
2015-11-12,960.751639
2015-11-13,951.54773
2015-11-16,953.26014
2015-11-17,959.942596
2015-11-18,966.485134
2015-11-19,972.559488
2015-11-20,971.03707
2015-11-23,967.326991
2015-11-24,967.997065
2015-11-25,968.53741
2015-11-26,974.983509
2015-11-27,971.208127
2015-11-30,966.254034
2015-12-01,978.200438
2015-12-02,969.662329
2015-12-03,962.982218
2015-12-04,965.825461
2015-12-07,961.907929
2015-12-08,950.243854
2015-12-09,950.39302
2015-12-10,949.795741
2015-12-11,939.385995
2015-12-14,930.10901
2015-12-15,936.127724
2015-12-16,950.496649
2015-12-17,945.912107
2015-12-18,936.689474
2015-12-21,940.050338
2015-12-22,946.772449
2015-12-23,957.608218
2015-12-24,960.808758
2015-12-25,958.250277
2015-12-28,957.188886
2015-12-29,963.216412
2015-12-30,958.681559
2015-12-31,952.397241
2016-01-01,952.397241
2016-01-04,935.149144
2016-01-05,934.052946
2016-01-06,921.461496
2016-01-07,901.517031
2016-01-08,892.411219
2016-01-11,891.506674
2016-01-12,886.163323
2016-01-13,884.371966
2016-01-14,878.494435
2016-01-15,863.495848
2016-01-18,856.287382
2016-01-19,858.740929
2016-01-20,837.671893
2016-01-21,835.885497
2016-01-22,859.494124
2016-01-25,852.932235
2016-01-26,856.565244
2016-01-27,861.900942
2016-01-28,858.065737
2016-01-29,871.924889
2016-02-01,877.30152
2016-02-02,858.170203
2016-02-03,852.240497
2016-02-04,861.536296
2016-02-05,856.575249
2016-02-08,844.470666
2016-02-09,828.815783
2016-02-10,823.573911
2016-02-11,814.675874
2016-02-12,818.053969
2016-02-15,838.427564
2016-02-16,848.517102
2016-02-17,857.729502
2016-02-18,863.665715
2016-02-19,855.544704
2016-02-22,866.336212
2016-02-23,858.152736
2016-02-24,851.968437
2016-02-25,861.811101
2016-02-26,863.879493
2016-02-29,861.448125
2016-03-01,871.454382
2016-03-02,887.433869
2016-03-03,900.600347
2016-03-04,908.360525
2016-03-07,909.449178
2016-03-08,898.373863
2016-03-09,898.118402
2016-03-10,898.995836
2016-03-11,917.377399
2016-03-14,919.718609
2016-03-15,910.8357
2016-03-16,908.622206
2016-03-17,921.884475
2016-03-18,923.616108
2016-03-21,921.231467
2016-03-22,924.196235
2016-03-23,912.742679
2016-03-24,903.396823
2016-03-25,907.568275
2016-03-28,910.124102
2016-03-29,912.056502
2016-03-30,919.272797
2016-03-31,915.103904
2016-04-01,902.982426
2016-04-04,904.471528
2016-04-05,888.297766
2016-04-06,895.203798
2016-04-07,892.257789
2016-04-08,899.806334
2016-04-11,902.583908
2016-04-12,911.316788
2016-04-13,930.094634
2016-04-14,937.66707
2016-04-15,935.397072
2016-04-18,932.280788
2016-04-19,948.63624
2016-04-20,954.73494
2016-04-21,958.621023
2016-04-22,957.371647
2016-04-25,953.360401
2016-04-26,954.722871
2016-04-27,956.198246
2016-04-28,951.621234
2016-04-29,945.482726
2016-05-02,940.173544
2016-05-03,929.343804
2016-05-04,918.995328
2016-05-05,915.524063
2016-05-06,917.133207
2016-05-09,911.244147
2016-05-10,922.034468
2016-05-11,918.465815
2016-05-12,915.725582
2016-05-13,906.528203
2016-05-16,912.591824
2016-05-17,913.790205
2016-05-18,915.532407
2016-05-19,908.341609
2016-05-20,916.2275
2016-05-23,915.513927
2016-05-24,922.195685
2016-05-25,934.49032
2016-05-26,937.963909
2016-05-27,939.928238
2016-05-30,941.315475
2016-05-31,942.851299
2016-06-01,940.460373
2016-06-02,938.866568
2016-06-03,941.489937
2016-06-06,944.3902
2016-06-07,950.693444
2016-06-08,954.857874
2016-06-09,945.401483
2016-06-10,929.923135
2016-06-13,912.302482
2016-06-14,900.869963
2016-06-15,904.183559
2016-06-16,898.244792
2016-06-17,908.694168
2016-06-20,929.661939
2016-06-21,931.950026
2016-06-22,930.027235
2016-06-23,947.302381
2016-06-24,888.389789
2016-06-27,863.956231
2016-06-28,874.652467
2016-06-29,897.330642
2016-06-30,905.887487
2016-07-01,910.66723
2016-07-04,911.531194
2016-07-05,902.231646
2016-07-06,895.132766
2016-07-07,897.826103
2016-07-08,907.388849
2016-07-11,918.429097
2016-07-12,931.439757
2016-07-13,938.257337
2016-07-14,944.221624
2016-07-15,944.629359
2016-07-18,946.312775
2016-07-19,942.489413
2016-07-20,945.752312
2016-07-21,949.515116
2016-07-22,947.829537
2016-07-25,947.466341
2016-07-26,946.167944
2016-07-27,948.410792
2016-07-28,945.314762
2016-07-29,957.12905
2016-08-01,952.506101
2016-08-02,941.729249
2016-08-03,938.651705
2016-08-04,946.274678
2016-08-05,952.708971
2016-08-08,959.897561
2016-08-09,968.469024
2016-08-10,966.606559
2016-08-11,970.67624
2016-08-12,972.231022
2016-08-15,973.097728
2016-08-16,969.478735
2016-08-17,973.070637
2016-08-18,973.602375
2016-08-19,974.058881
2016-08-22,975.308737
2016-08-23,977.119997
2016-08-24,974.70449
2016-08-25,971.8121
2016-08-26,970.947128
2016-08-29,971.714101
2016-08-30,973.529315
2016-08-31,975.377824
2016-09-01,977.980283
2016-09-02,982.411099
2016-09-05,987.175539
2016-09-06,992.456369
2016-09-07,993.948562
2016-09-08,994.128316
2016-09-09,979.239277
2016-09-12,978.585645
2016-09-13,967.374734
2016-09-14,962.473651
2016-09-15,965.824976
2016-09-16,961.195809
2016-09-19,967.207664
2016-09-20,966.372463
2016-09-21,982.628698
2016-09-22,992.088157
2016-09-23,985.815699
2016-09-26,974.527282
2016-09-27,976.847463
2016-09-28,976.110153
2016-09-29,976.578926
2016-09-30,978.084434
2016-10-03,977.377248
2016-10-04,977.938293
2016-10-05,984.271976
2016-10-06,982.707145
2016-10-07,980.916982
2016-10-10,984.715468
2016-10-11,975.250897
2016-10-12,967.355945
2016-10-13,963.565252
2016-10-14,966.464136
2016-10-17,965.054332
2016-10-18,973.407482
2016-10-19,976.686924
2016-10-20,978.716276
2016-10-21,976.16572
2016-10-24,978.68203
2016-10-25,978.642309
2016-10-26,981.377004
2016-10-27,980.044646
2016-10-28,980.502202
2016-10-31,981.376299
2016-11-01,981.33808
2016-11-02,975.396972
2016-11-03,972.967647
2016-11-04,965.73815
2016-11-07,977.116377
2016-11-08,980.615784
2016-11-09,976.375553
2016-11-10,992.399333
2016-11-11,992.552253
2016-11-14,995.645115
2016-11-15,999.62065
2016-11-16,997.108449
2016-11-17,998.416052
2016-11-18,991.191219
2016-11-21,997.716814
2016-11-22,999.792242
2016-11-23,995.206238
2016-11-24,1000.195497
2016-11-25,1004.784988
2016-11-28,1001.128045
2016-11-29,1000.653644
2016-11-30,999.1996
2016-12-01,1003.653453
2016-12-02,1004.578157
2016-12-05,1008.300725
2016-12-06,1019.257732
2016-12-07,1036.178795
2016-12-08,1042.239945
2016-12-09,1042.710486
2016-12-12,1042.199826
2016-12-13,1049.628569
2016-12-14,1045.591878
2016-12-15,1034.501733
2016-12-16,1035.790281
2016-12-19,1037.813995
2016-12-20,1036.914894
2016-12-21,1036.441423
2016-12-22,1035.252232
2016-12-23,1036.805846
2016-12-26,1034.148395
2016-12-27,1034.087745
2016-12-28,1029.493721
2016-12-29,1028.730469
2016-12-30,1029.865965
2017-01-02,1031.866135
2017-01-03,1034.031068
2017-01-04,1050.709184
2017-01-05,1056.50422
2017-01-06,1049.06024
2017-01-09,1045.427564
2017-01-10,1049.506342
2017-01-11,1047.330055
2017-01-12,1051.856426
2017-01-13,1053.841169
2017-01-16,1048.731506
2017-01-17,1047.885322
2017-01-18,1050.412651
2017-01-19,1044.338973
2017-01-20,1048.683507
2017-01-23,1048.460297
2017-01-24,1052.534903
2017-01-25,1063.593264
2017-01-26,1061.441415
2017-01-27,1060.368279
2017-01-30,1054.499637
2017-01-31,1053.60595
2017-02-01,1055.323691
2017-02-02,1054.563511
2017-02-03,1059.388764
2017-02-06,1055.758704
2017-02-07,1052.957829
2017-02-08,1053.984446
2017-02-09,1052.308363
2017-02-10,1057.907257
2017-02-13,1065.153985
2017-02-14,1065.561732
2017-02-15,1073.69529
2017-02-16,1077.822927
2017-02-17,1074.137752
2017-02-20,1074.19199
2017-02-21,1077.276219
2017-02-22,1077.775971
2017-02-23,1080.631717
2017-02-24,1075.169766
2017-02-27,1074.157726
2017-02-28,1074.26005
2017-03-01,1082.504064
2017-03-02,1079.973242
2017-03-03,1080.711155
2017-03-06,1077.572044
2017-03-07,1074.262889
2017-03-08,1070.321559
2017-03-09,1069.064854
2017-03-10,1077.467621
2017-03-13,1079.736471
2017-03-14,1075.020039
2017-03-15,1078.536675
2017-03-16,1088.959263
2017-03-17,1086.750967
2017-03-20,1084.401692
2017-03-21,1078.438287
2017-03-22,1071.850643
2017-03-23,1073.837377
2017-03-24,1075.585693
2017-03-27,1073.993001
2017-03-28,1084.291439
2017-03-29,1082.842998
2017-03-30,1084.124965
2017-03-31,1078.507363
2017-04-03,1073.473469
2017-04-04,1071.903239
2017-04-05,1068.376368
2017-04-06,1066.084634
2017-04-07,1066.97828
2017-04-10,1068.197431
2017-04-11,1070.054808
2017-04-12,1064.257934
2017-04-13,1057.205088
2017-04-14,1056.264685
2017-04-17,1063.056961
2017-04-18,1057.198385
2017-04-19,1056.563657
2017-04-20,1063.758936
2017-04-21,1062.382717
2017-04-24,1081.312124
2017-04-25,1087.389298
2017-04-26,1090.829127
2017-04-27,1089.312425
2017-04-28,1086.672502
2017-05-01,1088.415049
2017-05-02,1089.977278
2017-05-03,1086.586497
2017-05-04,1089.963928
2017-05-05,1096.353721
2017-05-08,1098.940782
2017-05-09,1093.579416
2017-05-10,1095.501731
2017-05-11,1095.196102
2017-05-12,1094.604364
2017-05-15,1099.093136
2017-05-16,1104.349551
2017-05-17,1094.032063
2017-05-18,1085.047008
2017-05-19,1093.437619
2017-05-22,1098.89668
2017-05-23,1100.101613
2017-05-24,1099.515497
2017-05-25,1101.020339
2017-05-26,1098.053146
2017-05-29,1097.301903
2017-05-30,1097.101647
2017-05-31,1096.251076
2017-06-01,1102.409798
2017-06-02,1113.639017
2017-06-05,1108.647241
2017-06-06,1106.039918
2017-06-07,1107.341728
2017-06-08,1106.187359
2017-06-09,1106.819751
2017-06-12,1108.766638
2017-06-13,1111.601073
2017-06-14,1112.48721
2017-06-15,1098.149635
2017-06-16,1098.859725
2017-06-19,1104.676754
2017-06-20,1097.801096
2017-06-21,1098.323316
2017-06-22,1100.65754
2017-06-23,1102.426033
2017-06-26,1105.160829
2017-06-27,1104.348488
2017-06-28,1114.394823
2017-06-29,1112.497936
2017-06-30,1108.383233
2017-07-03,1112.903959
2017-07-04,1113.094501
2017-07-05,1115.168442
2017-07-06,1111.091156
2017-07-07,1108.440909
2017-07-10,1110.209549
2017-07-11,1112.080276
2017-07-12,1121.974753
2017-07-13,1124.109471
2017-07-14,1131.392377
2017-07-17,1131.909328
2017-07-18,1130.908535
2017-07-19,1132.065368
2017-07-20,1136.735478
2017-07-21,1134.070048
2017-07-24,1131.058609
2017-07-25,1134.106423
2017-07-26,1134.884494
2017-07-27,1137.183157
2017-07-28,1137.450558
2017-07-31,1141.234201
2017-08-01,1149.733237
2017-08-02,1149.584417
2017-08-03,1148.511376
2017-08-04,1143.902613
2017-08-07,1148.253607
2017-08-08,1145.803355
2017-08-09,1142.330893
2017-08-10,1133.810994
2017-08-11,1129.659731
2017-08-14,1133.235364
2017-08-15,1132.017451
2017-08-16,1134.076952
2017-08-17,1126.763179
2017-08-18,1122.460312
2017-08-21,1122.779856
2017-08-22,1126.972508
2017-08-23,1128.14287
2017-08-24,1125.418659
2017-08-25,1130.081509
2017-08-28,1131.466846
2017-08-29,1129.374365
2017-08-30,1130.18836
2017-08-31,1137.542728
2017-09-01,1142.760342
2017-09-04,1140.786616
2017-09-05,1136.765182
2017-09-06,1139.88994
2017-09-07,1143.602149
2017-09-08,1143.866677
2017-09-11,1153.461337
2017-09-12,1159.135121
2017-09-13,1157.807333
2017-09-14,1155.307491
2017-09-15,1158.143158
2017-09-18,1158.72851
2017-09-19,1166.115197
2017-09-20,1168.342812
2017-09-21,1165.006425
2017-09-22,1169.70406
2017-09-25,1168.526711
2017-09-26,1165.13032
2017-09-27,1168.54144
2017-09-28,1170.970521
2017-09-29,1175.474003
2017-10-02,1179.062638
2017-10-03,1185.091249
2017-10-04,1183.878225
2017-10-05,1186.020155
2017-10-06,1185.648878
2017-10-09,1184.783674
2017-10-10,1192.074048
2017-10-11,1191.517433
2017-10-12,1188.359519
2017-10-13,1193.40033
2017-10-16,1195.531651
2017-10-17,1192.87604
2017-10-18,1195.584217
2017-10-19,1200.032829
2017-10-20,1200.741245
2017-10-23,1201.685916
2017-10-24,1206.077319
2017-10-25,1203.464506
2017-10-26,1202.412681
2017-10-27,1204.847287
2017-10-30,1205.920703
2017-10-31,1204.632898
2017-11-01,1213.505546
2017-11-02,1216.31088
2017-11-03,1211.604783
2017-11-06,1211.73137
2017-11-07,1214.185838
2017-11-08,1217.887632
2017-11-09,1213.65757
2017-11-10,1212.139736
2017-11-13,1204.128492
2017-11-14,1201.971885
2017-11-15,1194.123081
2017-11-16,1206.618675
2017-11-17,1206.181381
2017-11-20,1207.402916
2017-11-21,1213.4135
2017-11-22,1218.590768
2017-11-23,1222.106351
2017-11-24,1223.84865
2017-11-27,1220.023983
2017-11-28,1224.727259
2017-11-29,1231.144374
2017-11-30,1235.920971
2017-12-01,1230.073592
2017-12-04,1231.169859
2017-12-05,1227.707615
2017-12-06,1219.96595
2017-12-07,1223.119161
2017-12-08,1232.29974
2017-12-11,1239.721374
2017-12-12,1241.0231
2017-12-13,1241.026275
2017-12-14,1236.806671
2017-12-15,1237.194518
2017-12-18,1254.417954
2017-12-19,1251.039886
2017-12-20,1255.076352
2017-12-21,1255.526975
2017-12-22,1256.176131
2017-12-25,1256.192891
2017-12-26,1255.381863
2017-12-27,1257.977314
2017-12-28,1258.826925
2017-12-29,1257.99432
2018-01-01,1258.024875
2018-01-02,1268.021359
2018-01-03,1270.219276
2018-01-04,1288.159964
2018-01-05,1295.492161
2018-01-08,1295.946748
2018-01-09,1299.589709
2018-01-10,1307.394435
2018-01-11,1314.046139
2018-01-12,1321.119865
2018-01-15,1328.752358
2018-01-16,1326.736462
2018-01-17,1330.235775
2018-01-18,1326.08776
2018-01-19,1331.9565
2018-01-22,1339.992359
2018-01-23,1346.269077
2018-01-24,1349.199844
2018-01-25,1350.829953
2018-01-26,1358.901921
2018-01-29,1354.460166
2018-01-30,1335.134038
2018-01-31,1324.580852
2018-02-01,1329.750614
2018-02-02,1307.370846
2018-02-05,1274.723716
2018-02-06,1259.023163
2018-02-07,1264.411319
2018-02-08,1242.813329
2018-02-09,1235.017377
2018-02-12,1247.070224
2018-02-13,1248.374854
2018-02-14,1260.338944
2018-02-15,1274.366497
2018-02-16,1282.64158
2018-02-19,1286.343358
2018-02-20,1276.401032
2018-02-21,1269.198667
2018-02-22,1266.281548
2018-02-23,1280.522014
2018-02-26,1291.615476
2018-02-27,1288.105485
2018-02-28,1275.781527
2018-03-01,1257.57071
2018-03-02,1253.879194
2018-03-05,1256.170603
2018-03-06,1266.253918
2018-03-07,1264.025321
2018-03-08,1265.023796
2018-03-09,1270.682119
2018-03-12,1281.46058
2018-03-13,1280.87551
2018-03-14,1275.136084
2018-03-15,1273.692453
2018-03-16,1275.58504
2018-03-19,1261.900165
2018-03-20,1262.265244
2018-03-21,1262.132681
2018-03-22,1250.234851
2018-03-23,1224.286325
2018-03-26,1237.495662
2018-03-27,1239.792563
2018-03-28,1236.802656
2018-03-29,1244.673732
2018-03-30,1246.89168
2018-04-02,1232.597521
2018-04-03,1235.199884
2018-04-04,1240.610559
2018-04-05,1248.950304
2018-04-06,1239.632643
2018-04-09,1244.674725
2018-04-10,1263.041354
2018-04-11,1262.794806
2018-04-12,1266.640967
2018-04-13,1267.682678
2018-04-16,1272.568413
2018-04-17,1277.947901
2018-04-18,1285.015217
2018-04-19,1284.396942
2018-04-20,1277.748741
2018-04-23,1276.783101
2018-04-24,1278.490532
2018-04-25,1274.273005
2018-04-26,1278.178943
2018-04-27,1278.580331
2018-04-30,1272.358774
2018-05-01,1268.540595
2018-05-02,1259.523469
2018-05-03,1255.2782
2018-05-04,1261.226169
2018-05-07,1262.039684
2018-05-08,1261.24658
2018-05-09,1265.301688
2018-05-10,1273.21522
2018-05-11,1282.816245
2018-05-14,1287.464264
2018-05-15,1281.215673
2018-05-16,1281.145026
2018-05-17,1283.20431
2018-05-18,1278.409657
2018-05-21,1280.773741
2018-05-22,1284.102469
2018-05-23,1273.660662
2018-05-24,1267.033137
2018-05-25,1259.777443
2018-05-28,1255.070068
2018-05-29,1241.936304
2018-05-30,1244.018697
2018-05-31,1240.94866
2018-06-01,1250.129106
2018-06-04,1260.084945
2018-06-05,1257.075815
2018-06-06,1268.188446
2018-06-07,1272.791323
2018-06-08,1269.896512
2018-06-11,1273.851783
2018-06-12,1269.590919
2018-06-13,1268.340581
2018-06-14,1267.413563
2018-06-15,1260.953555
2018-06-18,1250.518135
2018-06-19,1242.769114
2018-06-20,1243.782656
2018-06-21,1235.322222
2018-06-22,1238.581485
2018-06-25,1222.203676
2018-06-26,1221.308371
2018-06-27,1213.769875
2018-06-28,1212.34208
2018-06-29,1215.766967
2018-07-02,1207.673119
2018-07-03,1208.318039
2018-07-04,1210.20498
2018-07-05,1218.382686
2018-07-06,1227.457494
2018-07-09,1238.173597
2018-07-10,1239.713046
2018-07-11,1224.240108
2018-07-12,1226.335132
2018-07-13,1227.469501
2018-07-16,1226.758483
2018-07-17,1228.532808
2018-07-18,1231.613806
2018-07-19,1228.3988
2018-07-20,1228.92458
2018-07-23,1230.879982
2018-07-24,1239.786776
2018-07-25,1242.091655
2018-07-26,1248.888147
2018-07-27,1248.334077
2018-07-30,1251.145604
2018-07-31,1249.135978
2018-08-01,1247.142691
2018-08-02,1239.914477
2018-08-03,1244.606107
2018-08-06,1241.379831
2018-08-07,1251.164862
2018-08-08,1252.198692
2018-08-09,1246.967255
2018-08-10,1229.534995
2018-08-13,1216.802873
2018-08-14,1221.741758
2018-08-15,1208.742106
2018-08-16,1216.350458
2018-08-17,1222.193419
2018-08-20,1226.811787
2018-08-21,1231.304489
2018-08-22,1235.436909
2018-08-23,1227.163735
2018-08-24,1233.080665
2018-08-27,1245.408761
2018-08-28,1248.392968
2018-08-29,1249.757659
2018-08-30,1243.396881
2018-08-31,1237.256459
2018-09-03,1233.61632
2018-09-04,1225.067038
2018-09-05,1221.301858
2018-09-06,1214.482915
2018-09-07,1208.994133
2018-09-10,1211.050162
2018-09-11,1209.276383
2018-09-12,1214.860314
2018-09-13,1223.829175
2018-09-14,1229.644315
2018-09-17,1231.997314
2018-09-18,1243.649767
2018-09-19,1253.484319
2018-09-20,1265.345969
2018-09-21,1272.93599
2018-09-24,1268.37096
2018-09-25,1267.606248
2018-09-26,1265.962935
2018-09-27,1261.20939
2018-09-28,1259.15403
2018-10-01,1257.614992
2018-10-02,1261.357127
2018-10-03,1258.9729
2018-10-04,1256.805621
2018-10-05,1248.31086
2018-10-08,1245.23914
2018-10-09,1238.358579
2018-10-10,1227.506491
2018-10-11,1197.594318
2018-10-12,1202.072464
2018-10-15,1198.778564
2018-10-16,1213.550633
2018-10-17,1213.054639
2018-10-18,1201.973882
2018-10-19,1196.088231
2018-10-22,1191.142649
2018-10-23,1177.414088
2018-10-24,1150.868751
2018-10-25,1152.313988
2018-10-26,1145.516105
2018-10-29,1146.388859
2018-10-30,1154.180781
2018-10-31,1167.892346
2018-11-01,1179.699025
2018-11-02,1179.550041
2018-11-05,1181.259936
2018-11-06,1187.766111
2018-11-07,1199.404725
2018-11-08,1202.929838
2018-11-09,1190.076584
2018-11-12,1175.296175
2018-11-13,1169.86734
2018-11-14,1165.404516
2018-11-15,1167.985226
2018-11-16,1170.193077
2018-11-19,1166.423221
2018-11-20,1149.957693
2018-11-21,1151.014538
2018-11-22,1150.987285
2018-11-23,1147.334695
2018-11-26,1158.399124
2018-11-27,1160.145737
2018-11-28,1167.850811
2018-11-29,1171.265241
2018-11-30,1172.40864
2018-12-03,1188.202218
2018-12-04,1161.462932
2018-12-05,1156.250249
2018-12-06,1141.045522
2018-12-07,1130.990265
2018-12-10,1114.83258
2018-12-11,1113.850447
2018-12-12,1132.950302
2018-12-13,1131.503742
2018-12-14,1118.68968
2018-12-17,1110.368193
2018-12-18,1102.504305
2018-12-19,1096.879931
2018-12-20,1078.002689
2018-12-21,1065.39601
2018-12-24,1054.860364
2018-12-25,1041.216564
2018-12-26,1059.813348
2018-12-27,1069.632221
2018-12-28,1077.4831
2018-12-31,1082.750641
2019-01-01,1082.790816
2019-01-02,1084.28584
2019-01-03,1081.879997
2019-01-04,1104.649939
2019-01-07,1118.857622
2019-01-08,1125.120695
2019-01-09,1136.244568
2019-01-10,1139.114161
2019-01-11,1143.947732
2019-01-14,1139.711116
2019-01-15,1144.374081
2019-01-16,1143.00216
2019-01-17,1143.797873
2019-01-18,1157.829231
2019-01-21,1159.56269
2019-01-22,1148.468725
2019-01-23,1149.59232
2019-01-24,1154.734281
2019-01-25,1167.28207
2019-01-28,1160.113564
2019-01-29,1161.164121
2019-01-30,1165.483288
2019-01-31,1176.297384
2019-02-01,1174.296796
2019-02-04,1172.787512
2019-02-05,1177.958678
2019-02-06,1180.86653
2019-02-07,1163.120137
2019-02-08,1150.367382
2019-02-11,1150.626281
2019-02-12,1165.413189
2019-02-13,1171.324826
2019-02-14,1168.58709
2019-02-15,1178.611767
2019-02-18,1185.74842
2019-02-19,1189.269857
2019-02-20,1194.164925
2019-02-21,1188.926083
2019-02-22,1190.823784
2019-02-25,1195.214769
2019-02-26,1195.0991
2019-02-27,1193.844534
2019-02-28,1186.905682
2019-03-01,1187.868121
2019-03-04,1183.737532
2019-03-05,1178.569106
2019-03-06,1172.940407
2019-03-07,1161.764167
2019-03-08,1151.111189
2019-03-11,1163.478224
2019-03-12,1171.294752
2019-03-13,1175.737746
2019-03-14,1173.393755
2019-03-15,1183.966023
2019-03-18,1191.147276
2019-03-19,1197.371313
2019-03-20,1188.185426
2019-03-21,1196.109351
2019-03-22,1183.199901
2019-03-25,1169.497056
2019-03-26,1179.384382
2019-03-27,1178.465171
2019-03-28,1170.759391
2019-03-29,1179.515429
2019-04-01,1197.966341
2019-04-02,1195.559122
2019-04-03,1206.342383
2019-04-04,1207.471207
2019-04-05,1211.049541
2019-04-08,1212.203925
2019-04-09,1206.107124
2019-04-10,1207.005545
2019-04-11,1205.138205
2019-04-12,1208.508114
2019-04-15,1212.969058
2019-04-16,1214.790618
2019-04-17,1216.240497
2019-04-18,1212.512746
2019-04-19,1211.141393
2019-04-22,1209.487841
2019-04-23,1211.753809
2019-04-24,1200.21204
2019-04-25,1195.196966
2019-04-26,1194.498651
2019-04-29,1195.506118
2019-04-30,1200.286604
2019-05-01,1199.475795
2019-05-02,1194.748793
2019-05-03,1200.964855
2019-05-06,1195.946026
2019-05-07,1178.394892
2019-05-08,1170.526357
2019-05-09,1158.557082
2019-05-10,1157.754299
2019-05-13,1140.190332
2019-05-14,1144.467389
2019-05-15,1149.097366
2019-05-16,1150.39705
2019-05-17,1146.73013
2019-05-20,1141.716921
2019-05-21,1146.853877
2019-05-22,1138.917104
2019-05-23,1125.915662
2019-05-24,1131.185286
2019-05-27,1133.212694
2019-05-28,1126.511118
2019-05-29,1117.055276
2019-05-30,1114.924819
2019-05-31,1102.229593
2019-06-03,1106.367864
2019-06-04,1126.552003
2019-06-05,1131.641856
2019-06-06,1132.357216
2019-06-07,1142.880369
2019-06-10,1149.764773
2019-06-11,1155.411723
2019-06-12,1147.185452
2019-06-13,1146.473879
2019-06-14,1140.704595
2019-06-17,1137.11526
2019-06-18,1147.104044
2019-06-19,1157.450866
2019-06-20,1165.912991
2019-06-21,1163.360423
2019-06-24,1162.524888
2019-06-25,1161.375279
2019-06-26,1163.139277
2019-06-27,1172.309403
2019-06-28,1177.777073
2019-07-01,1187.670261
2019-07-02,1189.567619
2019-07-03,1194.104891
2019-07-04,1197.414987
2019-07-05,1192.611929
2019-07-08,1185.79751
2019-07-09,1181.223363
2019-07-10,1184.774514
2019-07-11,1188.327241
2019-07-12,1195.418852
2019-07-15,1195.911315
2019-07-16,1191.189093
2019-07-17,1184.113999
2019-07-18,1180.832542
2019-07-19,1186.041303
2019-07-22,1185.787955
2019-07-23,1194.148374
2019-07-24,1201.428048
2019-07-25,1194.452116
2019-07-26,1193.619603
2019-07-29,1192.070853
2019-07-30,1184.410335
2019-07-31,1173.718858
2019-08-01,1168.329229
2019-08-02,1152.355268
2019-08-05,1128.263077
2019-08-06,1125.867264
2019-08-07,1127.122116
2019-08-08,1136.590396
2019-08-09,1127.851632
2019-08-12,1121.273417
2019-08-13,1120.533853
2019-08-14,1103.334834
2019-08-15,1095.39049
2019-08-16,1108.814732
2019-08-19,1121.427113
2019-08-20,1115.265471
2019-08-21,1119.081871
2019-08-22,1119.918223
2019-08-23,1106.697764
2019-08-26,1105.407481
2019-08-27,1103.879201
2019-08-28,1108.380707
2019-08-29,1116.647601
2019-08-30,1125.01355
2019-09-02,1122.937172
2019-09-03,1123.014591
2019-09-04,1134.480294
2019-09-05,1152.060637
2019-09-06,1157.430302
2019-09-09,1169.100642
2019-09-10,1184.623328
2019-09-11,1197.406414
2019-09-12,1198.704985
2019-09-13,1206.683616
2019-09-16,1199.346624
2019-09-17,1197.699855
2019-09-18,1193.202114
2019-09-19,1196.778562
2019-09-20,1196.566818
2019-09-23,1192.014201
2019-09-24,1184.771555
2019-09-25,1184.656928
2019-09-26,1183.188089
2019-09-27,1180.482393
2019-09-30,1178.605596
2019-10-01,1172.399777
2019-10-02,1155.008325
2019-10-03,1153.114921
2019-10-04,1158.866117
2019-10-07,1158.937637
2019-10-08,1146.773952
2019-10-09,1149.109104
2019-10-10,1158.390658
2019-10-11,1180.984095
2019-10-14,1178.911533
2019-10-15,1196.268912
2019-10-16,1198.475901
2019-10-17,1198.886639
2019-10-18,1196.728028
2019-10-21,1205.989233
2019-10-22,1208.313187
2019-10-23,1210.585127
2019-10-24,1212.826648
2019-10-25,1219.48103
2019-10-28,1225.509652
2019-10-29,1230.050732
2019-10-30,1227.370673
2019-10-31,1224.440171
2019-11-01,1233.909042
2019-11-04,1244.146419
2019-11-05,1248.196598
2019-11-06,1251.123545
2019-11-07,1255.124708
2019-11-08,1257.753473
2019-11-11,1256.422159
2019-11-12,1260.443554
2019-11-13,1251.826997
2019-11-14,1244.69293
2019-11-15,1255.488367
2019-11-18,1256.212577
2019-11-19,1251.825245
2019-11-20,1242.281473
2019-11-21,1244.030796
2019-11-22,1246.677039
2019-11-25,1257.373436
2019-11-26,1251.825299
2019-11-27,1256.164741
2019-11-28,1254.593663
2019-11-29,1247.58682
2019-12-02,1245.378755
2019-12-03,1235.928807
2019-12-04,1243.105319
2019-12-05,1245.732287
2019-12-06,1254.740242
2019-12-09,1254.765668
2019-12-10,1252.239404
2019-12-11,1253.893199
2019-12-12,1262.670286
2019-12-13,1274.516265
2019-12-16,1283.065487
2019-12-17,1282.037453
2019-12-18,1281.153527
2019-12-19,1285.21611
2019-12-20,1287.71945
2019-12-23,1285.610346
2019-12-24,1285.707943
2019-12-25,1284.101216
2019-12-26,1286.935266
2019-12-27,1289.560169
2019-12-30,1284.756713
2019-12-31,1288.372325
2020-01-01,1288.373289
2020-01-02,1297.526154
2020-01-03,1289.800881
2020-01-06,1283.334082
2020-01-07,1289.022002
2020-01-08,1285.197902
2020-01-09,1288.54636
2020-01-10,1287.246364
2020-01-13,1286.461436
2020-01-14,1289.461187
2020-01-15,1284.321179
2020-01-16,1286.941166
2020-01-17,1290.378436
2020-01-20,1291.365075
2020-01-21,1287.802231
2020-01-22,1289.430724
2020-01-23,1284.387598
2020-01-24,1283.722254
2020-01-27,1262.247447
2020-01-28,1266.379887
2020-01-29,1261.522099
2020-01-30,1252.164449
2020-01-31,1243.664909
2020-02-03,1240.310967
2020-02-04,1254.548995
2020-02-05,1270.79777
2020-02-06,1284.425473
2020-02-07,1277.624433
2020-02-10,1274.604184
2020-02-11,1280.533125
2020-02-12,1288.182379
2020-02-13,1282.286242
2020-02-14,1275.028496
2020-02-17,1274.222619
2020-02-18,1265.063465
2020-02-19,1265.065789
2020-02-20,1257.866603
2020-02-21,1252.712997
2020-02-24,1223.701021
2020-02-25,1191.981472
2020-02-26,1185.356502
2020-02-27,1150.457486
2020-02-28,1127.538958
2020-03-02,1148.13658
2020-03-03,1133.7431
2020-03-04,1157.505536
2020-03-05,1142.619577
2020-03-06,1117.726422
2020-03-09,1036.60341
2020-03-10,1049.065877
2020-03-11,1017.829872
2020-03-12,913.2585
2020-03-13,932.009003
2020-03-16,866.963303
2020-03-17,890.026976
2020-03-18,851.182048
2020-03-19,844.418246
2020-03-20,835.845754
2020-03-23,823.433008
2020-03-24,887.782265
2020-03-25,922.754497
2020-03-26,953.46064
2020-03-27,943.617463
2020-03-30,953.81289
2020-03-31,943.13336
2020-04-01,908.980315
2020-04-02,907.64901
2020-04-03,894.504396
2020-04-06,940.005775
2020-04-07,957.463586
2020-04-08,972.388425
2020-04-09,983.632894
2020-04-10,986.704202
2020-04-13,979.313004
2020-04-14,994.973708
2020-04-15,966.757426
2020-04-16,960.951731
2020-04-17,984.313752
2020-04-20,973.210895
2020-04-21,943.743305
2020-04-22,952.897102
2020-04-23,964.761774
2020-04-24,965.220937
2020-04-27,989.157462
2020-04-28,998.297066
2020-04-29,1025.470009
2020-04-30,1010.690514
2020-05-01,983.045526
2020-05-04,971.792925
2020-05-05,981.946509
2020-05-06,976.167799
2020-05-07,976.41971
2020-05-08,1001.923445
2020-05-11,1000.263127
2020-05-12,990.133608
2020-05-13,966.628813
2020-05-14,960.265257
2020-05-15,960.906288
2020-05-18,991.974392
2020-05-19,993.320944
2020-05-20,1006.575952
2020-05-21,996.776057
2020-05-22,990.433445
2020-05-25,998.152228
2020-05-26,1026.462591
2020-05-27,1049.698971
2020-05-28,1052.280089
2020-05-29,1040.773616
2020-06-01,1048.158436
2020-06-02,1062.859104
2020-06-03,1084.170209
2020-06-04,1090.383643
2020-06-05,1120.898065
2020-06-08,1142.83242
2020-06-09,1127.99162
2020-06-10,1115.431233
2020-06-11,1056.026083
2020-06-12,1056.806782
2020-06-15,1048.420114
2020-06-16,1080.62297
2020-06-17,1073.620979
2020-06-18,1068.039335
2020-06-19,1064.437411
2020-06-22,1062.217804
2020-06-23,1073.982855
2020-06-24,1045.523104
2020-06-25,1042.878721
2020-06-26,1034.620691
2020-06-29,1039.236656
2020-06-30,1047.651532
2020-07-01,1039.24458
2020-07-02,1050.32879
2020-07-03,1048.053896
2020-07-06,1067.958835
2020-07-07,1052.460024
2020-07-08,1047.732423
2020-07-09,1034.857468
2020-07-10,1044.692669
2020-07-13,1056.45682
2020-07-14,1060.909371
2020-07-15,1078.870153
2020-07-16,1078.466784
2020-07-17,1077.330012
2020-07-20,1076.669683
2020-07-21,1079.994705
2020-07-22,1079.163672
2020-07-23,1079.942081
2020-07-24,1064.504952
2020-07-27,1067.09536
2020-07-28,1063.709004
2020-07-29,1059.956585
2020-07-30,1044.686079
2020-07-31,1027.056224
2020-08-03,1039.488211
2020-08-04,1056.501278
2020-08-05,1064.690158
2020-08-06,1057.875071
2020-08-07,1055.778545
2020-08-10,1065.236167
2020-08-11,1080.841618
2020-08-12,1090.548206
2020-08-13,1083.376886
2020-08-14,1081.508217
2020-08-17,1080.509681
2020-08-18,1078.311309
2020-08-19,1079.632575
2020-08-20,1065.103205
2020-08-21,1062.402303
2020-08-24,1076.255455
2020-08-25,1077.748486
2020-08-26,1079.34026
2020-08-27,1074.052452
2020-08-28,1084.609339
2020-08-31,1083.121767
2020-09-01,1076.648073
2020-09-02,1084.64382
2020-09-03,1075.350873
2020-09-04,1073.900195
2020-09-07,1077.608374
2020-09-08,1067.631674
2020-09-09,1071.614811
2020-09-10,1069.504741
2020-09-11,1071.123428
2020-09-14,1084.588507
2020-09-15,1082.596542
2020-09-16,1086.506746
2020-09-17,1081.151753
2020-09-18,1076.092359
2020-09-21,1049.320299
2020-09-22,1048.374634
2020-09-23,1040.65106
2020-09-24,1032.232591
2020-09-25,1033.85777
2020-09-28,1056.198478
2020-09-29,1052.182701
2020-09-30,1048.157757
2020-10-01,1046.984177
2020-10-02,1045.001149
2020-10-05,1066.026206
2020-10-06,1069.772466
2020-10-07,1076.035769
2020-10-08,1086.784238
2020-10-09,1084.531695
2020-10-12,1087.69475
2020-10-13,1078.113749
2020-10-14,1075.279026
2020-10-15,1066.769019
2020-10-16,1069.98133
2020-10-19,1072.449112
2020-10-20,1068.150003
2020-10-21,1072.353598
2020-10-22,1073.386489
2020-10-23,1075.016343
2020-10-26,1060.398357
2020-10-27,1045.299637
2020-10-28,1016.202642
2020-10-29,1014.321813
2020-10-30,1011.878318
2020-11-02,1031.790514
2020-11-03,1050.144359
2020-11-04,1059.941209
2020-11-05,1075.562932
2020-11-06,1076.331245
2020-11-09,1109.081807
2020-11-10,1138.581226
2020-11-11,1145.371473
2020-11-12,1133.715302
2020-11-13,1143.192494
2020-11-16,1168.523473
2020-11-17,1173.326652
2020-11-18,1170.418561
2020-11-19,1165.5961
2020-11-20,1166.905469
2020-11-23,1175.072942
2020-11-24,1203.93268
2020-11-25,1201.482497
2020-11-26,1198.284031
2020-11-27,1204.083951
2020-11-30,1182.830283
2020-12-01,1200.076397
2020-12-02,1211.285025
2020-12-03,1224.208505
2020-12-04,1239.073538
2020-12-07,1230.372076
2020-12-08,1232.402245
2020-12-09,1236.288351
2020-12-10,1231.556055
2020-12-11,1222.644535
2020-12-14,1225.732401
2020-12-15,1234.294104
2020-12-16,1239.68364
2020-12-17,1243.115135
2020-12-18,1234.32049
2020-12-21,1215.031671
2020-12-22,1207.015373
2020-12-23,1218.350768
2020-12-24,1222.468371
2020-12-25,1223.92068
2020-12-28,1225.660602
2020-12-29,1233.659563
2020-12-30,1234.805211
2020-12-31,1237.236231
2021-01-01,1237.236231
2021-01-04,1234.928345
2021-01-05,1244.244252
2021-01-06,1267.604759
2021-01-07,1283.441557
2021-01-08,1285.703353
2021-01-11,1280.341294
2021-01-12,1290.598475
2021-01-13,1296.884931
2021-01-14,1310.727551
2021-01-15,1296.214871
2021-01-18,1293.383163
2021-01-19,1301.513257
2021-01-20,1308.591483
2021-01-21,1314.104854
2021-01-22,1296.675262
2021-01-25,1287.432637
2021-01-26,1290.635435
2021-01-27,1272.566936
2021-01-28,1273.263132
2021-01-29,1252.825171
2021-02-01,1263.791843
2021-02-02,1273.619893
2021-02-03,1285.111646
2021-02-04,1293.278622
2021-02-05,1303.758557
2021-02-08,1322.773493
2021-02-09,1323.963141
2021-02-10,1327.275766
2021-02-11,1330.120292
2021-02-12,1334.131293
2021-02-15,1346.428266
2021-02-16,1346.784697
2021-02-17,1343.265077
2021-02-18,1335.284235
2021-02-19,1346.13508
2021-02-22,1350.116169
2021-02-23,1352.670023
2021-02-24,1362.328915
2021-02-25,1354.753714
2021-02-26,1329.243713
2021-03-01,1353.568637
2021-03-02,1348.702735
2021-03-03,1358.46969
2021-03-04,1343.613355
2021-03-05,1356.440214
2021-03-08,1368.24399
2021-03-09,1381.318304
2021-03-10,1388.968076
2021-03-11,1397.460303
2021-03-12,1405.924119
2021-03-15,1415.07062
2021-03-16,1418.303274
2021-03-17,1424.70079
2021-03-18,1428.50243
2021-03-19,1425.183859
2021-03-22,1427.967606
2021-03-23,1403.787589
2021-03-24,1384.948881
2021-03-25,1393.6825
2021-03-26,1414.926064
2021-03-29,1409.825681
2021-03-30,1413.772327
2021-03-31,1404.533596
2021-04-01,1408.678628
2021-04-02,1408.926187
2021-04-05,1424.274394
2021-04-06,1421.60368
2021-04-07,1428.927571
2021-04-08,1424.688053
2021-04-09,1426.028587
2021-04-12,1423.190544
2021-04-13,1420.618126
2021-04-14,1422.351102
2021-04-15,1430.083009
2021-04-16,1438.92644
2021-04-19,1439.221323
2021-04-20,1415.243555
2021-04-21,1417.51198
2021-04-22,1418.543295
2021-04-23,1420.384404
2021-04-26,1428.26851
2021-04-27,1424.325713
2021-04-28,1425.141081
2021-04-29,1428.29465
2021-04-30,1418.653222
2021-05-03,1427.3296
2021-05-04,1421.064215
2021-05-05,1433.667323
2021-05-06,1451.460972
2021-05-07,1466.669293
2021-05-10,1472.114982
2021-05-11,1448.786904
2021-05-12,1428.886369
2021-05-13,1428.000839
2021-05-14,1449.907861
2021-05-17,1453.767836
2021-05-18,1457.864417
2021-05-19,1444.990053
2021-05-20,1452.365081
2021-05-21,1457.00626
2021-05-24,1465.443048
2021-05-25,1459.082382
2021-05-26,1458.896645
2021-05-27,1463.000086
2021-05-28,1467.94919
2021-05-31,1464.049392
2021-06-01,1473.101671
2021-06-02,1482.260354
2021-06-03,1480.66251
2021-06-04,1489.895049
2021-06-07,1492.585069
2021-06-08,1488.178479
2021-06-09,1483.881352
2021-06-10,1485.229573
2021-06-11,1485.742325
2021-06-14,1482.617142
2021-06-15,1483.681314
2021-06-16,1477.250301
2021-06-17,1461.000421
2021-06-18,1429.686793
2021-06-21,1434.823706
2021-06-22,1445.647857
2021-06-23,1441.574281
2021-06-24,1448.571561
2021-06-25,1456.791251
2021-06-28,1452.282693
2021-06-29,1446.704452
2021-06-30,1441.012523
2021-07-01,1443.086557
2021-07-02,1446.159773
2021-07-05,1450.906152
2021-07-06,1436.58221
2021-07-07,1431.426112
2021-07-08,1419.224024
2021-07-09,1434.937403
2021-07-12,1444.717966
2021-07-13,1440.565795
2021-07-14,1439.497765
2021-07-15,1429.303788
2021-07-16,1418.268585
2021-07-19,1393.045572
2021-07-20,1398.023906
2021-07-21,1416.767725
2021-07-22,1415.763772
2021-07-23,1418.731314
2021-07-26,1431.692103
2021-07-27,1431.133223
2021-07-28,1429.66893
2021-07-29,1445.950086
2021-07-30,1432.354155
2021-08-02,1445.113655
2021-08-03,1455.234086
2021-08-04,1445.427547
2021-08-05,1445.558209
2021-08-06,1448.048396
2021-08-09,1448.011505
2021-08-10,1449.550468
2021-08-11,1461.143591
2021-08-12,1459.691633
2021-08-13,1464.19878
2021-08-16,1457.837547
2021-08-17,1446.774953
2021-08-18,1440.419694
2021-08-19,1417.945838
2021-08-20,1415.556703
2021-08-23,1433.109144
2021-08-24,1439.124107
2021-08-25,1443.388422
2021-08-26,1435.632021
2021-08-27,1442.278912
2021-08-30,1446.392911
2021-08-31,1447.947613
2021-09-01,1449.929203
2021-09-02,1456.364762
2021-09-03,1460.179115
2021-09-06,1465.239264
2021-09-07,1460.202719
2021-09-08,1453.017337
2021-09-09,1450.081464
2021-09-10,1449.019533
2021-09-13,1458.65461
2021-09-14,1455.405518
2021-09-15,1459.276209
2021-09-16,1453.788973
2021-09-17,1444.059885
2021-09-20,1421.984232
2021-09-21,1416.418899
2021-09-22,1425.345683
2021-09-23,1437.054086
2021-09-24,1442.055133
2021-09-27,1455.275757
2021-09-28,1442.393699
2021-09-29,1439.731557
2021-09-30,1427.131985
2021-10-01,1423.425184
2021-10-04,1421.069358
2021-10-05,1426.944599
2021-10-06,1417.415544
2021-10-07,1430.086017
2021-10-08,1433.827611
2021-10-11,1436.060404
2021-10-12,1427.429415
2021-10-13,1424.775776
2021-10-14,1440.452997
2021-10-15,1453.26625
2021-10-18,1447.212568
2021-10-19,1452.780347
2021-10-20,1460.845971
2021-10-21,1454.439661
2021-10-22,1447.612146
2021-10-25,1448.575643
2021-10-26,1449.367335
2021-10-27,1438.243668
2021-10-28,1442.588398
2021-10-29,1435.939667
2021-11-01,1453.780348
2021-11-02,1452.214703
2021-11-03,1458.548648
2021-11-04,1457.38447
2021-11-05,1461.868033
2021-11-08,1465.89026
2021-11-09,1459.610556
2021-11-10,1454.992731
2021-11-11,1459.877828
2021-11-12,1465.904459
2021-11-15,1466.790404
2021-11-16,1461.816971
2021-11-17,1455.087067
2021-11-18,1450.296093
2021-11-19,1442.875204
2021-11-22,1446.151417
2021-11-23,1448.471908
2021-11-24,1444.067741
2021-11-25,1446.671086
2021-11-26,1416.103914
2021-11-29,1411.389248
2021-11-30,1388.428871
2021-12-01,1402.094271
2021-12-02,1406.850347
2021-12-03,1409.463807
2021-12-06,1419.811323
2021-12-07,1445.092374
2021-12-08,1444.067365
2021-12-09,1437.577336
2021-12-10,1444.409938
2021-12-13,1433.823037
2021-12-14,1433.213666
2021-12-15,1441.89019
2021-12-16,1460.322505
2021-12-17,1451.431765
2021-12-20,1432.234834
2021-12-21,1454.320638
2021-12-22,1463.161788
2021-12-23,1476.521245
2021-12-24,1476.363085
2021-12-27,1480.864975
2021-12-28,1486.240031
2021-12-29,1490.163485
2021-12-30,1485.77451
2021-12-31,1485.167397
2022-01-03,1493.360511
2022-01-04,1518.049087
2022-01-05,1524.568687
2022-01-06,1518.380754
2022-01-07,1526.096314
2022-01-10,1531.327039
2022-01-11,1540.444037
2022-01-12,1556.328651
2022-01-13,1564.536278
2022-01-14,1564.152771
2022-01-17,1565.868561
2022-01-18,1546.134255
2022-01-19,1524.34391
2022-01-20,1516.625379
2022-01-21,1494.328489
2022-01-24,1478.519879
2022-01-25,1475.027116
2022-01-26,1478.789218
2022-01-27,1461.916105
2022-01-28,1474.316873
2022-01-31,1484.720117
2022-02-01,1496.421806
2022-02-02,1513.632589
2022-02-03,1507.795226
2022-02-04,1501.092424
2022-02-07,1508.529038
2022-02-08,1518.053126
2022-02-09,1538.468794
2022-02-10,1533.206819
2022-02-11,1524.296351
2022-02-14,1502.004791
2022-02-15,1516.236855
2022-02-16,1523.44121
2022-02-17,1511.69683
2022-02-18,1502.261015
2022-02-21,1495.611461
2022-02-22,1481.726854
2022-02-23,1472.2236
2022-02-24,1435.690268
2022-02-25,1473.866029
2022-02-28,1462.517164
2022-03-01,1437.163267
2022-03-02,1448.739359
2022-03-03,1441.945566
2022-03-04,1409.934442
2022-03-07,1376.375232
2022-03-08,1363.642218
2022-03-09,1397.509706
2022-03-10,1398.021122
2022-03-11,1387.81716
2022-03-14,1388.697903
2022-03-15,1400.382266
2022-03-16,1428.417875
2022-03-17,1447.021039
2022-03-18,1448.86088
2022-03-21,1450.756242
2022-03-22,1464.064398
2022-03-23,1457.546775
2022-03-24,1466.856116
2022-03-25,1473.248364
2022-03-28,1466.262537
2022-03-29,1489.12439
2022-03-30,1486.804908
2022-03-31,1466.497066
2022-04-01,1461.166901
2022-04-04,1464.845045
2022-04-05,1448.102034
2022-04-06,1436.211164
2022-04-07,1432.338984
2022-04-08,1438.465612
2022-04-11,1435.244386
2022-04-12,1428.578222
2022-04-13,1436.063491
2022-04-14,1435.948145
2022-04-15,1435.635843
2022-04-18,1432.866838
2022-04-19,1440.232214
2022-04-20,1458.01537
2022-04-21,1451.733598
2022-04-22,1418.202667
2022-04-25,1404.076767
2022-04-26,1385.64199
2022-04-27,1375.804945
2022-04-28,1392.96232
2022-04-29,1380.123467
2022-05-02,1380.530708
2022-05-03,1394.330073
2022-05-04,1410.039513
2022-05-05,1389.414876
2022-05-06,1390.85069
2022-05-09,1360.494842
2022-05-10,1359.086636
2022-05-11,1353.562669
2022-05-12,1350.021863
2022-05-13,1371.18018
2022-05-16,1374.44237
2022-05-17,1403.152686
2022-05-18,1381.453587
2022-05-19,1370.236218
2022-05-20,1374.110153
2022-05-23,1395.846655
2022-05-24,1394.354927
2022-05-25,1404.250289
2022-05-26,1421.595876
2022-05-27,1437.769602
2022-05-30,1443.439656
2022-05-31,1430.833823
2022-06-01,1424.59761
2022-06-02,1432.127767
2022-06-03,1420.258154
2022-06-06,1426.539748
2022-06-07,1430.440411
2022-06-08,1419.668959
2022-06-09,1394.720702
2022-06-10,1357.248983
2022-06-13,1314.334722
2022-06-14,1306.833814
2022-06-15,1315.785692
2022-06-16,1295.830339
2022-06-17,1279.237829
2022-06-20,1287.073731
2022-06-21,1306.284332
2022-06-22,1299.174588
2022-06-23,1293.300903
2022-06-24,1314.544892
2022-06-27,1323.729423
2022-06-28,1317.978202
2022-06-29,1305.232152
2022-06-30,1287.768732
2022-07-01,1282.943074
2022-07-04,1291.240427
2022-07-05,1268.165477
2022-07-06,1261.534682
2022-07-07,1284.990342
2022-07-08,1291.180696
2022-07-11,1278.034559
2022-07-12,1275.293931
2022-07-13,1270.637501
2022-07-14,1248.564853
2022-07-15,1271.527867
2022-07-18,1279.461283
2022-07-19,1304.351278
2022-07-20,1306.379713
2022-07-21,1304.489469
2022-07-22,1302.47434
2022-07-25,1304.458284
2022-07-26,1298.47663
2022-07-27,1308.763975
2022-07-28,1320.200812
2022-07-29,1325.753679
2022-08-01,1336.434674
2022-08-02,1321.924746
2022-08-03,1324.904166
2022-08-04,1325.91225
2022-08-05,1319.696933
2022-08-08,1329.559669
2022-08-09,1320.490812
2022-08-10,1346.346148
2022-08-11,1349.181197
2022-08-12,1359.683961
2022-08-15,1358.68129
2022-08-16,1357.944108
2022-08-17,1347.119931
2022-08-18,1350.429816
2022-08-19,1334.037408
2022-08-22,1314.994853
2022-08-23,1314.094143
2022-08-24,1311.779315
2022-08-25,1324.177699
2022-08-26,1301.773027
2022-08-29,1287.318809
2022-08-30,1283.932665
2022-08-31,1276.036411
2022-09-01,1259.900963
2022-09-02,1266.486313
2022-09-05,1258.410724
2022-09-06,1249.962157
2022-09-07,1248.597825
2022-09-08,1262.432451
2022-09-09,1285.760212
2022-09-12,1305.212609
2022-09-13,1269.257835
2022-09-14,1261.874805
2022-09-15,1257.716419
2022-09-16,1252.988504
2022-09-19,1252.964167
2022-09-20,1241.141155
2022-09-21,1223.346613
2022-09-22,1220.382531
2022-09-23,1190.322424
2022-09-26,1164.512318
2022-09-27,1163.328501
2022-09-28,1167.237891
2022-09-29,1160.005192
2022-09-30,1151.976386
2022-10-03,1175.520586
2022-10-04,1217.309249
2022-10-05,1209.141504
2022-10-06,1199.724019
2022-10-07,1179.58296
2022-10-10,1168.881386
2022-10-11,1162.007442
2022-10-12,1154.127646
2022-10-13,1173.856386
2022-10-14,1172.731335
2022-10-17,1186.01323
2022-10-18,1192.031603
2022-10-19,1184.966075
2022-10-20,1188.000537
2022-10-21,1196.368668
2022-10-24,1215.669449
2022-10-25,1231.612619
2022-10-26,1243.904784
2022-10-27,1239.481416
2022-10-28,1248.144096
2022-10-31,1245.797815
2022-11-01,1256.240362
2022-11-02,1246.455287
2022-11-03,1229.051352
2022-11-04,1252.99031
2022-11-07,1269.346274
2022-11-08,1280.594917
2022-11-09,1263.370037
2022-11-10,1306.673323
2022-11-11,1328.825413
2022-11-14,1321.173003
2022-11-15,1331.996135
2022-11-16,1320.036158
2022-11-17,1314.921913
2022-11-18,1328.485598
2022-11-21,1316.970376
2022-11-22,1339.917142
2022-11-23,1349.067256
2022-11-24,1359.973367
2022-11-25,1359.870866
2022-11-28,1344.896912
2022-11-29,1348.949851
2022-11-30,1360.379726
2022-12-01,1374.005778
2022-12-02,1365.631503
2022-12-05,1355.546516
2022-12-06,1347.233092
2022-12-07,1344.095185
2022-12-08,1348.677338
2022-12-09,1352.240875
2022-12-12,1353.334124
2022-12-13,1373.251437
2022-12-14,1372.179836
2022-12-15,1341.255514
2022-12-16,1327.543555
2022-12-19,1320.823692
2022-12-20,1333.694787
2022-12-21,1344.258376
2022-12-22,1337.416301
2022-12-23,1338.994049
2022-12-26,1339.945259
2022-12-27,1339.962483
2022-12-28,1329.225941
2022-12-29,1340.802473
2022-12-30,1338.308019
2023-01-02,1344.504506
2023-01-03,1350.367915
2023-01-04,1358.69303
2023-01-05,1350.098645
2023-01-06,1378.545809
2023-01-09,1384.367753
2023-01-10,1383.14633
2023-01-11,1390.78336
2023-01-12,1409.938279
2023-01-13,1416.954209
2023-01-16,1412.22254
2023-01-17,1412.339967
2023-01-18,1409.997422
2023-01-19,1392.249981
2023-01-20,1404.418046
2023-01-23,1417.366397
2023-01-24,1420.430001
2023-01-25,1427.138141
2023-01-26,1430.931617
2023-01-27,1433.901426
2023-01-30,1426.936209
2023-01-31,1433.014765
2023-02-01,1445.565602
2023-02-02,1453.767032
2023-02-03,1436.719876
2023-02-06,1418.653799
2023-02-07,1432.095285
2023-02-08,1429.449329
2023-02-09,1433.768168
2023-02-10,1429.756508
2023-02-13,1435.305066
2023-02-14,1439.795174
2023-02-15,1435.774018
2023-02-16,1438.228094
2023-02-17,1435.529084
2023-02-20,1439.809469
2023-02-21,1424.517285
2023-02-22,1413.432953
2023-02-23,1414.865715
2023-02-24,1400.347765
2023-02-27,1410.101883
2023-02-28,1408.47883
2023-03-01,1410.436844
2023-03-02,1411.113852
2023-03-03,1428.64293
2023-03-06,1435.448343
2023-03-07,1417.578399
2023-03-08,1419.010659
2023-03-09,1410.940214
2023-03-10,1399.519973
2023-03-13,1373.472326
2023-03-14,1373.279955
2023-03-15,1346.062064
2023-03-16,1353.898884
2023-03-17,1346.048899
2023-03-20,1355.059979
2023-03-21,1369.33879
2023-03-22,1365.562024
2023-03-23,1368.850701
2023-03-24,1355.960212
2023-03-27,1365.668472
2023-03-28,1373.981421
2023-03-29,1389.442232
2023-03-30,1403.320302
2023-03-31,1412.447473
2023-04-03,1425.552417
2023-04-04,1424.377497
2023-04-05,1416.548555
2023-04-06,1416.039991
2023-04-07,1416.624282
2023-04-10,1414.058328
2023-04-11,1427.548633
2023-04-12,1430.720458
2023-04-13,1439.177743
2023-04-14,1440.707649
2023-04-17,1438.127128
2023-04-18,1445.187455
2023-04-19,1438.608025
2023-04-20,1428.856023
2023-04-21,1424.222252
2023-04-24,1426.277584
2023-04-25,1414.499439
2023-04-26,1412.969034
2023-04-27,1418.176389
2023-04-28,1427.494829
2023-05-01,1426.203436
2023-05-02,1409.18965
2023-05-03,1411.834398
2023-05-04,1403.806855
2023-05-05,1421.636198
2023-05-08,1423.208404
2023-05-09,1422.057787
2023-05-10,1420.099159
2023-05-11,1410.809156
2023-05-12,1408.583285
2023-05-15,1417.538512
2023-05-16,1407.938429
2023-05-17,1410.763728
2023-05-18,1417.714685
2023-05-19,1420.991785
2023-05-22,1425.179891
2023-05-23,1421.672012
2023-05-24,1404.674281
2023-05-25,1394.447243
2023-05-26,1408.156553
2023-05-29,1413.229679
2023-05-30,1408.614467
2023-05-31,1390.394557
2023-06-01,1407.651209
2023-06-02,1428.123729
2023-06-05,1429.526849
2023-06-06,1440.500229
2023-06-07,1444.429866
2023-06-08,1451.924504
2023-06-09,1455.127121
2023-06-12,1461.16956
2023-06-13,1477.895302
2023-06-14,1491.074663
2023-06-15,1496.938581
2023-06-16,1498.623979
2023-06-19,1492.847775
2023-06-20,1482.086174
2023-06-21,1476.996302
2023-06-22,1470.889935
2023-06-23,1451.036482
2023-06-26,1454.936854
2023-06-27,1462.164577
2023-06-28,1467.416308
2023-06-29,1471.678617
2023-06-30,1481.820781
2023-07-03,1495.145847
2023-07-04,1492.853982
2023-07-05,1484.944792
2023-07-06,1461.81192
2023-07-07,1468.563242
2023-07-10,1472.508491
2023-07-11,1486.060206
2023-07-12,1503.222235
2023-07-13,1517.286517
2023-07-14,1506.896717
2023-07-17,1502.257114
2023-07-18,1517.34738
2023-07-19,1526.45032
2023-07-20,1523.970585
2023-07-21,1521.838356
2023-07-24,1528.669141
2023-07-25,1532.423202
2023-07-26,1533.928784
2023-07-27,1532.39407
2023-07-28,1535.957399
2023-07-31,1541.02352
2023-08-01,1532.235552
2023-08-02,1512.024576
2023-08-03,1504.092405
2023-08-04,1512.232246
2023-08-07,1515.013111
2023-08-08,1505.988218
2023-08-09,1503.813155
2023-08-10,1512.805937
2023-08-11,1505.663748
2023-08-14,1495.740091
2023-08-15,1488.03658
2023-08-16,1470.348271
2023-08-17,1464.209224
2023-08-18,1462.815352
2023-08-21,1464.061504
2023-08-22,1469.858098
2023-08-23,1477.321669
2023-08-24,1469.083977
2023-08-25,1463.079469
2023-08-28,1478.85392
2023-08-29,1493.112553
2023-08-30,1501.010829
2023-08-31,1500.742692
2023-09-01,1505.792179
2023-09-04,1509.437098
2023-09-05,1496.656418
2023-09-06,1494.122026
2023-09-07,1489.764272
2023-09-08,1487.531096
2023-09-11,1502.167736
2023-09-12,1504.082739
2023-09-13,1503.38831
2023-09-14,1519.353625
2023-09-15,1520.35153
2023-09-18,1514.910297
2023-09-19,1521.195805
2023-09-20,1520.148643
2023-09-21,1503.266217
2023-09-22,1495.512461
2023-09-25,1487.282802
2023-09-26,1476.410177
2023-09-27,1472.316871
2023-09-28,1480.385436
2023-09-29,1476.208294
2023-10-02,1461.172631
2023-10-03,1442.285448
2023-10-04,1426.076879
2023-10-05,1437.098441
2023-10-06,1443.061018
2023-10-09,1448.01159
2023-10-10,1472.805617
2023-10-11,1474.758997
2023-10-12,1469.364264
2023-10-13,1452.510516
2023-10-16,1459.662645
2023-10-17,1463.744643
2023-10-18,1450.722775
2023-10-19,1434.411572
2023-10-20,1420.431348
2023-10-23,1412.494887
2023-10-24,1415.542157
2023-10-25,1412.43372
2023-10-26,1400.572534
2023-10-27,1401.352808
2023-10-30,1405.048975
2023-10-31,1405.074992
2023-11-01,1422.688148
2023-11-02,1445.850128
2023-11-03,1464.305584
2023-11-06,1468.448172
2023-11-07,1454.425531
2023-11-08,1442.35573
2023-11-09,1444.653044
2023-11-10,1446.222313
2023-11-13,1450.080332
2023-11-14,1479.034939
2023-11-15,1492.190859
2023-11-16,1484.951513
2023-11-17,1501.690226
2023-11-20,1505.57014
2023-11-21,1497.982851
2023-11-22,1494.033724
2023-11-23,1499.0969
2023-11-24,1508.902155
2023-11-27,1504.089364
2023-11-28,1508.050351
2023-11-29,1512.00499
2023-11-30,1517.291579
2023-12-01,1525.975681
2023-12-04,1520.071975
2023-12-05,1515.302785
2023-12-06,1521.91841
2023-12-07,1529.418936
2023-12-08,1528.367965
2023-12-11,1535.872506
2023-12-12,1535.030198
2023-12-13,1541.862458
2023-12-14,1571.450956
2023-12-15,1566.947975
2023-12-18,1560.443325
2023-12-19,1571.969499
2023-12-20,1566.18364
2023-12-21,1573.137519
2023-12-22,1582.010704
2023-12-25,1581.707537
2023-12-26,1587.950798
2023-12-27,1598.537258
2023-12-28,1599.733551
2023-12-29,1596.726021
2024-01-01,1596.838886
2024-01-02,1593.396394
2024-01-03,1577.512798
2024-01-04,1584.638413
2024-01-05,1595.226948
2024-01-08,1602.823408
2024-01-09,1591.280259
2024-01-10,1589.259469
2024-01-11,1585.107124
2024-01-12,1591.907844
2024-01-15,1592.210267
2024-01-16,1578.356147
2024-01-17,1559.767498
2024-01-18,1564.748028
2024-01-19,1576.389151
2024-01-22,1588.448194
2024-01-23,1589.079658
2024-01-24,1595.971238
2024-01-25,1599.391885
2024-01-26,1588.950075
2024-01-29,1594.621036
2024-01-30,1598.266022
2024-01-31,1603.924264
2024-02-01,1598.354403
2024-02-02,1588.902695
2024-02-05,1578.746448
2024-02-06,1586.203064
2024-02-07,1586.907794
2024-02-08,1583.887139
2024-02-09,1585.310519
2024-02-12,1593.882577
2024-02-13,1580.460005
2024-02-14,1584.347007
2024-02-15,1597.775546
2024-02-16,1601.144837
2024-02-19,1604.064821
2024-02-20,1606.789939
2024-02-21,1603.391123
2024-02-22,1616.459575
2024-02-23,1621.662912
2024-02-26,1617.800253
2024-02-27,1623.166391
2024-02-28,1617.402638
2024-02-29,1623.578493
2024-03-01,1640.22032
2024-03-04,1642.432566
2024-03-05,1642.294444
2024-03-06,1657.49417
2024-03-07,1668.397924
2024-03-08,1671.534076
2024-03-11,1662.973657
2024-03-12,1665.701381
2024-03-13,1663.48048
2024-03-14,1653.149634
2024-03-15,1654.312961
2024-03-18,1662.996784
2024-03-19,1666.208072
2024-03-20,1670.479046
2024-03-21,1688.764351
2024-03-22,1688.142958
2024-03-25,1684.320521
2024-03-26,1685.672597
2024-03-27,1701.084419
2024-03-28,1703.306792
2024-03-29,1705.861652
2024-04-01,1690.916544
2024-04-02,1684.073863
2024-04-03,1688.566281
2024-04-04,1692.436626
2024-04-05,1681.794261
2024-04-08,1691.004854
2024-04-09,1697.633135
2024-04-10,1674.099669
2024-04-11,1667.485284
2024-04-12,1654.855165
2024-04-15,1647.810621
2024-04-16,1622.184921
2024-04-17,1616.668046
2024-04-18,1622.512123
2024-04-19,1619.570554
2024-04-22,1633.60503
2024-04-23,1645.59362
2024-04-24,1653.347624
2024-04-25,1638.81885
2024-04-26,1637.895298
2024-04-29,1647.88284
2024-04-30,1638.825768
2024-05-01,1628.826812
2024-05-02,1644.955087
2024-05-03,1655.96847
2024-05-06,1661.602361
2024-05-07,1667.860154
2024-05-08,1659.289622
2024-05-09,1666.358685
2024-05-10,1674.12291
2024-05-13,1681.574619
2024-05-14,1690.715187
2024-05-15,1702.452564
2024-05-16,1698.426273
2024-05-17,1701.410363
2024-05-20,1702.694874
2024-05-21,1701.42852
2024-05-22,1692.537287
2024-05-23,1683.01818
2024-05-24,1688.943064
2024-05-27,1697.985604
2024-05-28,1695.566228
2024-05-29,1670.945515
2024-05-30,1681.687458
2024-05-31,1697.22927
2024-06-03,1702.556449
2024-06-04,1695.502179
2024-06-05,1689.817797
2024-06-06,1694.345883
2024-06-07,1685.425659
2024-06-10,1684.508759
2024-06-11,1669.904432
2024-06-12,1681.363125
2024-06-13,1659.112316
2024-06-14,1644.729683
2024-06-17,1643.55006
2024-06-18,1653.651244
2024-06-19,1655.413769
2024-06-20,1656.616088
2024-06-21,1649.303202
2024-06-24,1661.916912
2024-06-25,1662.407066
2024-06-26,1652.471625
2024-06-27,1648.60781
2024-06-28,1657.4753
2024-07-01,1663.8825
2024-07-02,1667.594868
2024-07-03,1679.408782
2024-07-04,1690.792849
2024-07-05,1685.370748
2024-07-08,1689.293864
2024-07-09,1683.576996
2024-07-10,1696.841433
2024-07-11,1715.275749
2024-07-12,1725.38943
2024-07-15,1722.602294
2024-07-16,1731.047617
2024-07-17,1745.484426
2024-07-18,1736.157269
2024-07-19,1716.978577
2024-07-22,1721.205916
2024-07-23,1714.656474
2024-07-24,1709.369913
2024-07-25,1691.748258
2024-07-26,1705.199752
2024-07-29,1709.177136
2024-07-30,1705.789064
2024-07-31,1728.680141
2024-08-01,1684.994341
2024-08-02,1638.970834
2024-08-05,1569.764309
2024-08-06,1594.692846
2024-08-07,1603.535685
2024-08-08,1612.991447
2024-08-09,1618.716022
2024-08-12,1611.47439
2024-08-13,1636.825374
2024-08-14,1648.70372
2024-08-15,1664.244698
2024-08-16,1684.435462
2024-08-19,1699.475123
2024-08-20,1699.985531
2024-08-21,1706.194167
2024-08-22,1700.374023
2024-08-23,1725.452401
2024-08-26,1723.689398
2024-08-27,1729.42455
2024-08-28,1725.95642
2024-08-29,1726.407053
2024-08-30,1741.017832
2024-09-02,1740.656391
2024-09-03,1724.531744
2024-09-04,1711.435866
2024-09-05,1706.817736
2024-09-06,1693.640071
2024-09-09,1695.306523
2024-09-10,1682.531186
2024-09-11,1681.027293
2024-09-12,1697.707478
2024-09-13,1713.348461
2024-09-16,1722.805272
2024-09-17,1720.570372
2024-09-18,1721.101186
2024-09-19,1741.464061
2024-09-20,1732.792124
2024-09-23,1738.744726
2024-09-24,1750.023209
2024-09-25,1742.299049
2024-09-26,1763.484178
2024-09-27,1784.357292
2024-09-30,1759.345356
2024-10-01,1751.445189
2024-10-02,1738.44552
2024-10-03,1732.542213
2024-10-04,1738.405978
2024-10-07,1744.604094
2024-10-08,1733.675035
2024-10-09,1742.163182
2024-10-10,1738.349043
2024-10-11,1741.426384
2024-10-14,1746.393633
2024-10-15,1742.145603
2024-10-16,1745.539368
2024-10-17,1743.856694
2024-10-18,1746.639679
2024-10-21,1729.512638
2024-10-22,1723.47266
2024-10-23,1712.620557
2024-10-24,1714.252972
2024-10-25,1710.220022
2024-10-28,1720.785325
2024-10-29,1715.955469
2024-10-30,1712.106849
2024-10-31,1703.100181
2024-11-01,1706.329128
2024-11-04,1708.996338
2024-11-05,1722.989419
2024-11-06,1730.210419
2024-11-07,1745.676502
2024-11-08,1732.205549
2024-11-11,1731.102435
2024-11-12,1710.415293
2024-11-13,1703.565342
2024-11-14,1703.545678
2024-11-15,1698.371156
2024-11-18,1704.919374
2024-11-19,1703.815882
2024-11-20,1694.038987
2024-11-21,1704.208846
2024-11-22,1709.981987
2024-11-25,1725.607208
2024-11-26,1712.399918
2024-11-27,1714.533195
2024-11-28,1717.826269
2024-11-29,1726.307047
2024-12-02,1727.689041
2024-12-03,1736.708752
2024-12-04,1727.965146
2024-12-05,1735.14936
2024-12-06,1735.229409
2024-12-09,1733.930962
2024-12-10,1721.244924
2024-12-11,1716.874553
2024-12-12,1718.061426
2024-12-13,1708.660331
2024-12-16,1697.62863
2024-12-17,1688.958767
2024-12-18,1670.678616
2024-12-19,1643.088674
2024-12-20,1654.326329
2024-12-23,1662.379582
2024-12-24,1670.119442
2024-12-25,1672.689289
2024-12-26,1678.208086
2024-12-27,1686.574795
2024-12-30,1674.239644
2024-12-31,1678.072217
2025-01-01,1678.142037
2025-01-02,1675.096727
2025-01-03,1680.2276
2025-01-06,1693.073301
2025-01-07,1693.13054
2025-01-08,1679.921849
2025-01-09,1674.877361
2025-01-10,1657.027671
2025-01-13,1657.192812
2025-01-14,1665.236536
2025-01-15,1690.143551
2025-01-16,1690.702424
2025-01-17,1700.25158
2025-01-20,1714.912284
2025-01-21,1723.689445
2025-01-22,1722.232622
2025-01-23,1732.464972
2025-01-24,1736.951955
2025-01-27,1744.365674
2025-01-28,1732.272401
2025-01-29,1739.934417
2025-01-30,1752.823145
2025-01-31,1747.352526
2025-02-03,1721.172192
2025-02-04,1735.831203
2025-02-05,1756.709975
2025-02-06,1758.549963
2025-02-07,1752.343403
2025-02-10,1755.606598
2025-02-11,1760.615686
2025-02-12,1763.745182
2025-02-13,1790.193459
2025-02-14,1797.799154
2025-02-17,1800.250358
2025-02-18,1814.605394
2025-02-19,1806.239657
2025-02-20,1810.250074
2025-02-21,1800.373179
2025-02-24,1801.180295
2025-02-25,1807.833149
2025-02-26,1812.179857
2025-02-27,1798.534454
2025-02-28,1794.825007
2025-03-03,1807.315229
2025-03-04,1778.582432
2025-03-05,1814.420338
2025-03-06,1830.362644
2025-03-07,1837.50482
2025-03-10,1817.455496
2025-03-11,1793.146427
2025-03-12,1795.219441
2025-03-13,1792.230536
2025-03-14,1811.781527
2025-03-17,1836.288551
2025-03-18,1846.893489
2025-03-19,1848.155313
2025-03-20,1839.356185
2025-03-21,1829.534042
2025-03-24,1831.545066
2025-03-25,1841.37232
2025-03-26,1835.422739
2025-03-27,1829.022316
2025-03-28,1809.398892
2025-03-31,1791.160437
2025-04-01,1798.512963
2025-04-02,1797.910217
2025-04-03,1757.240067
2025-04-04,1655.966312
2025-04-07,1591.536588
2025-04-08,1606.79003
2025-04-09,1633.298631
2025-04-10,1667.505605
2025-04-11,1675.825135
2025-04-14,1708.079635
