Date,Value
1998-11-30,405.608719
1998-12-01,403.820457
1998-12-02,402.765858
1998-12-03,399.057182
1998-12-04,405.345227
1998-12-07,407.599572
1998-12-08,406.959431
1998-12-09,407.955387
1998-12-10,404.052499
1998-12-11,403.120784
1998-12-14,397.382652
1998-12-15,402.310012
1998-12-16,402.829293
1998-12-17,408.032284
1998-12-18,409.763531
1998-12-21,416.616663
1998-12-22,418.367121
1998-12-23,426.733444
1998-12-24,425.975744
1998-12-25,425.976924
1998-12-28,428.313888
1998-12-29,433.915747
1998-12-30,429.829335
1998-12-31,428.981321
1999-01-01,428.981344
1999-01-04,433.272129
1999-01-05,436.25527
1999-01-06,445.671415
1999-01-07,442.763819
1999-01-08,443.60318
1999-01-11,438.711423
1999-01-12,431.106838
1999-01-13,426.223403
1999-01-14,421.421624
1999-01-15,428.912879
1999-01-18,431.539922
1999-01-19,433.024552
1999-01-20,434.435516
1999-01-21,428.371145
1999-01-22,423.239157
1999-01-25,426.064933
1999-01-26,431.321157
1999-01-27,431.832196
1999-01-28,436.641395
1999-01-29,439.251466
1999-02-01,439.608768
1999-02-02,436.382592
1999-02-03,436.445645
1999-02-04,430.692481
1999-02-05,427.757776
1999-02-08,428.252764
1999-02-09,419.282262
1999-02-10,418.9692
1999-02-11,425.775876
1999-02-12,421.568297
1999-02-15,421.559264
1999-02-16,423.507396
1999-02-17,418.941179
1999-02-18,420.426918
1999-02-19,420.665854
1999-02-22,428.697517
1999-02-23,430.634956
1999-02-24,427.989416
1999-02-25,425.215202
1999-02-26,422.746203
1999-03-01,419.943346
1999-03-02,418.448274
1999-03-03,417.953897
1999-03-04,421.725242
1999-03-05,431.575715
1999-03-08,433.08431
1999-03-09,433.342151
1999-03-10,435.103614
1999-03-11,438.098583
1999-03-12,439.999677
1999-03-15,442.324038
1999-03-16,442.055329
1999-03-17,440.113793
1999-03-18,443.898627
1999-03-19,440.625089
1999-03-22,439.285956
1999-03-23,429.443136
1999-03-24,429.81963
1999-03-25,436.854213
1999-03-26,432.713139
1999-03-29,440.694461
1999-03-30,439.563028
1999-03-31,436.920212
1999-04-01,438.249678
1999-04-02,437.998777
1999-04-05,443.008829
1999-04-06,443.81343
1999-04-07,446.652918
1999-04-08,453.334932
1999-04-09,455.355071
1999-04-12,458.024157
1999-04-13,457.983072
1999-04-14,451.317723
1999-04-15,449.043293
1999-04-16,447.741269
1999-04-19,440.541693
1999-04-20,441.805356
1999-04-21,448.579292
1999-04-22,454.162933
1999-04-23,453.371763
1999-04-26,454.52109
1999-04-27,456.919386
1999-04-28,455.025949
1999-04-29,452.068303
1999-04-30,450.540634
1999-05-03,454.25991
1999-05-04,450.461031
1999-05-05,452.583848
1999-05-06,449.551469
1999-05-07,450.014039
1999-05-10,450.414699
1999-05-11,453.767355
1999-05-12,452.938488
1999-05-13,452.468687
1999-05-14,444.321766
1999-05-17,442.988055
1999-05-18,442.179678
1999-05-19,444.832636
1999-05-20,445.111407
1999-05-21,442.302883
1999-05-24,436.450693
1999-05-25,429.912143
1999-05-26,432.775704
1999-05-27,426.431577
1999-05-28,430.583963
1999-05-31,430.39948
1999-06-01,429.842785
1999-06-02,431.33858
1999-06-03,433.454287
1999-06-04,440.482193
1999-06-07,442.4802
1999-06-08,441.638938
1999-06-09,441.70789
1999-06-10,437.483062
1999-06-11,436.739138
1999-06-14,434.821327
1999-06-15,435.202525
1999-06-16,442.375842
1999-06-17,445.37933
1999-06-18,447.062966
1999-06-21,450.467414
1999-06-22,447.10147
1999-06-23,444.335732
1999-06-24,439.766824
1999-06-25,441.398748
1999-06-28,444.526345
1999-06-29,448.98132
1999-06-30,452.442231
1999-07-01,456.100773
1999-07-02,459.907478
1999-07-05,462.108292
1999-07-06,461.171127
1999-07-07,461.017071
1999-07-08,458.886289
1999-07-09,459.979275
1999-07-12,458.279988
1999-07-13,455.653141
1999-07-14,457.32099
1999-07-15,461.502455
1999-07-16,463.227949
1999-07-19,459.67698
1999-07-20,453.908623
1999-07-21,453.353244
1999-07-22,449.791096
1999-07-23,445.822082
1999-07-26,444.450532
1999-07-27,448.034495
1999-07-28,449.5639
1999-07-29,443.864508
1999-07-30,444.312605
1999-08-02,444.631661
1999-08-03,442.804416
1999-08-04,440.308091
1999-08-05,438.570931
1999-08-06,435.357941
1999-08-09,434.913772
1999-08-10,430.397789
1999-08-11,433.680297
1999-08-12,436.538321
1999-08-13,443.756619
1999-08-16,445.799131
1999-08-17,448.363941
1999-08-18,446.537581
1999-08-19,444.057038
1999-08-20,449.620401
1999-08-23,456.253323
1999-08-24,456.857388
1999-08-25,461.681497
1999-08-26,456.49784
1999-08-27,453.685493
1999-08-30,448.594251
1999-08-31,445.380957
1999-09-01,448.807966
1999-09-02,447.102745
1999-09-03,457.178405
1999-09-06,458.562227
1999-09-07,456.035944
1999-09-08,454.800761
1999-09-09,457.149489
1999-09-10,457.36272
1999-09-13,454.332124
1999-09-14,452.084743
1999-09-15,445.796285
1999-09-16,445.547035
1999-09-17,451.870859
1999-09-20,452.164027
1999-09-21,445.799726
1999-09-22,444.717864
1999-09-23,438.741383
1999-09-24,434.814712
1999-09-27,437.125422
1999-09-28,436.264064
1999-09-29,432.843342
1999-09-30,436.8432
1999-10-01,437.218435
1999-10-04,443.211114
1999-10-05,443.130515
1999-10-06,448.781715
1999-10-07,448.827448
1999-10-08,452.79994
1999-10-11,452.361108
1999-10-12,446.679756
1999-10-13,439.427069
1999-10-14,438.944469
1999-10-15,428.679229
1999-10-18,428.338086
1999-10-19,432.148179
1999-10-20,438.398535
1999-10-21,437.116424
1999-10-22,443.805006
1999-10-25,439.679588
1999-10-26,436.904924
1999-10-27,439.392647
1999-10-28,452.747865
1999-10-29,460.38036
1999-11-01,459.808107
1999-11-02,458.028164
1999-11-03,459.623605
1999-11-04,461.012336
1999-11-05,462.976044
1999-11-08,464.297405
1999-11-09,463.01118
1999-11-10,463.753162
1999-11-11,466.239135
1999-11-12,468.007096
1999-11-15,467.671972
1999-11-16,473.236187
1999-11-17,474.095074
1999-11-18,478.995663
1999-11-19,478.284916
1999-11-22,478.608511
1999-11-23,476.223344
1999-11-24,477.109548
1999-11-25,479.136053
1999-11-26,478.418835
1999-11-29,477.91523
1999-11-30,472.083569
1999-12-01,476.352759
1999-12-02,479.837225
1999-12-03,487.157771
1999-12-06,486.643231
1999-12-07,486.500927
1999-12-08,486.988116
1999-12-09,490.371544
1999-12-10,491.22776
1999-12-13,492.829577
1999-12-14,489.202562
1999-12-15,491.659801
1999-12-16,495.692559
1999-12-17,495.703999
1999-12-20,496.038745
1999-12-21,495.433708
1999-12-22,498.460529
1999-12-23,507.585166
1999-12-24,508.178945
1999-12-27,506.988971
1999-12-28,507.040432
1999-12-29,507.504324
1999-12-30,509.225819
1999-12-31,510.256366
2000-01-03,508.506367
2000-01-04,490.937252
2000-01-05,487.65993
2000-01-06,483.175253
2000-01-07,498.967327
2000-01-10,501.707133
2000-01-11,497.069731
2000-01-12,492.873746
2000-01-13,498.19427
2000-01-14,502.836748
2000-01-17,502.448875
2000-01-18,497.068586
2000-01-19,495.047139
2000-01-20,492.207834
2000-01-21,490.858642
2000-01-24,481.37274
2000-01-25,479.747525
2000-01-26,479.740269
2000-01-27,477.471114
2000-01-28,467.886868
2000-01-31,469.826523
2000-02-01,473.116645
2000-02-02,473.675181
2000-02-03,478.385901
2000-02-04,476.399413
2000-02-07,473.503996
2000-02-08,480.228088
2000-02-09,474.838852
2000-02-10,472.59669
2000-02-11,467.000298
2000-02-14,470.094591
2000-02-15,471.246769
2000-02-16,467.721829
2000-02-17,467.801137
2000-02-18,458.665162
2000-02-21,457.508805
2000-02-22,458.985887
2000-02-23,462.475693
2000-02-24,458.847946
2000-02-25,456.424675
2000-02-28,457.219049
2000-02-29,462.013514
2000-03-01,468.694469
2000-03-02,471.467451
2000-03-03,476.364477
2000-03-06,472.706254
2000-03-07,462.111275
2000-03-08,462.969121
2000-03-09,472.010788
2000-03-10,470.987696
2000-03-13,466.971402
2000-03-14,462.183508
2000-03-15,470.343153
2000-03-16,490.658828
2000-03-17,491.237385
2000-03-20,490.639262
2000-03-21,499.219851
2000-03-22,499.227001
2000-03-23,503.851141
2000-03-24,507.510923
2000-03-27,505.29104
2000-03-28,502.203805
2000-03-29,501.673552
2000-03-30,496.275643
2000-03-31,498.377471
2000-04-03,502.631333
2000-04-04,501.634484
2000-04-05,495.839852
2000-04-06,500.944843
2000-04-07,504.255479
2000-04-10,503.443559
2000-04-11,500.754748
2000-04-12,495.639712
2000-04-13,486.530806
2000-04-14,461.251085
2000-04-17,464.265693
2000-04-18,473.036827
2000-04-19,470.956415
2000-04-20,474.870011
2000-04-21,474.870011
2000-04-24,475.219458
2000-04-25,484.398913
2000-04-26,480.278092
2000-04-27,478.424638
2000-04-28,478.623498
2000-05-01,481.621354
2000-05-02,479.50644
2000-05-03,468.043569
2000-05-04,467.092428
2000-05-05,471.983216
2000-05-08,469.531199
2000-05-09,466.455504
2000-05-10,462.403905
2000-05-11,470.236801
2000-05-12,475.650193
2000-05-15,483.24229
2000-05-16,487.179642
2000-05-17,478.352204
2000-05-18,476.601176
2000-05-19,467.448511
2000-05-22,465.945755
2000-05-23,461.484934
2000-05-24,464.627635
2000-05-25,462.586825
2000-05-26,463.062492
2000-05-29,464.868453
2000-05-30,475.279663
2000-05-31,474.381546
2000-06-01,482.607125
2000-06-02,494.291734
2000-06-05,491.753188
2000-06-06,491.591339
2000-06-07,494.853746
2000-06-08,492.346443
2000-06-09,489.897134
2000-06-12,486.74399
2000-06-13,492.36127
2000-06-14,496.600468
2000-06-15,498.64813
2000-06-16,497.709325
2000-06-19,500.903661
2000-06-20,498.155092
2000-06-21,496.019706
2000-06-22,488.281405
2000-06-23,485.886528
2000-06-26,489.439272
2000-06-27,490.546033
2000-06-28,492.783839
2000-06-29,487.610277
2000-06-30,494.51446
2000-07-03,496.453267
2000-07-04,496.270511
2000-07-05,493.554226
2000-07-06,496.277843
2000-07-07,503.013608
2000-07-10,502.054859
2000-07-11,502.992151
2000-07-12,504.993026
2000-07-13,503.464493
2000-07-14,507.443894
2000-07-17,507.990878
2000-07-18,504.406669
2000-07-19,500.459321
2000-07-20,507.385173
2000-07-21,502.866182
2000-07-24,499.57631
2000-07-25,501.526136
2000-07-26,498.684677
2000-07-27,496.61517
2000-07-28,489.093391
2000-07-31,489.651803
2000-08-01,489.522693
2000-08-02,487.385778
2000-08-03,487.165953
2000-08-04,491.737167
2000-08-07,496.280288
2000-08-08,497.992169
2000-08-09,494.541258
2000-08-10,492.715139
2000-08-11,495.238339
2000-08-14,499.170116
2000-08-15,496.857001
2000-08-16,495.3806
2000-08-17,497.990258
2000-08-18,494.4401
2000-08-21,495.860376
2000-08-22,495.172838
2000-08-23,494.313937
2000-08-24,494.18956
2000-08-25,494.595826
2000-08-28,495.460958
2000-08-29,493.159255
2000-08-30,491.442777
2000-08-31,494.300392
2000-09-01,499.613872
2000-09-04,501.576365
2000-09-05,495.650145
2000-09-06,492.261316
2000-09-07,491.860253
2000-09-08,487.368091
2000-09-11,486.405235
2000-09-12,485.136412
2000-09-13,484.940046
2000-09-14,483.552903
2000-09-15,478.686301
2000-09-18,471.076986
2000-09-19,474.041762
2000-09-20,470.221167
2000-09-21,471.016266
2000-09-22,479.347286
2000-09-25,477.041381
2000-09-26,473.723516
2000-09-27,476.607984
2000-09-28,482.317068
2000-09-29,479.238373
2000-10-02,480.063613
2000-10-03,477.14311
2000-10-04,476.615714
2000-10-05,477.04285
2000-10-06,471.451797
2000-10-09,466.121988
2000-10-10,464.928678
2000-10-11,460.814301
2000-10-12,449.046516
2000-10-13,457.877165
2000-10-16,456.064453
2000-10-17,450.766947
2000-10-18,448.494787
2000-10-19,460.972824
2000-10-20,463.782895
2000-10-23,464.979219
2000-10-24,470.010564
2000-10-25,465.245617
2000-10-26,464.735891
2000-10-27,470.090229
2000-10-30,474.912563
2000-10-31,482.115534
2000-11-01,485.335717
2000-11-02,488.391522
2000-11-03,487.513407
2000-11-06,489.48504
2000-11-07,489.658987
2000-11-08,484.41836
2000-11-09,483.28746
2000-11-10,474.259364
2000-11-13,467.834022
2000-11-14,477.828281
2000-11-15,481.035193
2000-11-16,476.282199
2000-11-17,477.764074
2000-11-20,469.673959
2000-11-21,469.712242
2000-11-22,461.207329
2000-11-23,461.617154
2000-11-24,467.582997
2000-11-27,472.547527
2000-11-28,469.671463
2000-11-29,472.438788
2000-11-30,464.782733
2000-12-01,468.361555
2000-12-04,473.696688
2000-12-05,486.330346
2000-12-06,481.4023
2000-12-07,479.525622
2000-12-08,485.695026
2000-12-11,486.193598
2000-12-12,483.15267
2000-12-13,478.895932
2000-12-14,474.30304
2000-12-15,464.594802
2000-12-18,469.160626
2000-12-19,467.078681
2000-12-20,458.026065
2000-12-21,461.315469
2000-12-22,470.412334
2000-12-25,470.432733
2000-12-26,471.897636
2000-12-27,478.85791
2000-12-28,481.229823
2000-12-29,480.552372
2001-01-01,480.552372
2001-01-02,472.8275
2001-01-03,477.445642
2001-01-04,474.543134
2001-01-05,469.940803
2001-01-08,469.170065
2001-01-09,466.479573
2001-01-10,466.955563
2001-01-11,471.536791
2001-01-12,470.697154
2001-01-15,469.516663
2001-01-16,468.986589
2001-01-17,470.431584
2001-01-18,475.573596
2001-01-19,473.772152
2001-01-22,475.348817
2001-01-23,476.77316
2001-01-24,476.187436
2001-01-25,477.263338
2001-01-26,476.474983
2001-01-29,476.212905
2001-01-30,477.361402
2001-01-31,478.068755
2001-02-01,480.494724
2001-02-02,473.791484
2001-02-05,473.647407
2001-02-06,472.619455
2001-02-07,471.302277
2001-02-08,465.181103
2001-02-09,459.116407
2001-02-12,464.477238
2001-02-13,461.779287
2001-02-14,457.365789
2001-02-15,458.499665
2001-02-16,453.44042
2001-02-19,453.118595
2001-02-20,446.538804
2001-02-21,441.355812
2001-02-22,437.817239
2001-02-23,434.089033
2001-02-26,440.23258
2001-02-27,441.474743
2001-02-28,437.993941
2001-03-01,438.133264
2001-03-02,437.574489
2001-03-05,439.207212
2001-03-06,443.261302
2001-03-07,443.945865
2001-03-08,444.097268
2001-03-09,436.728558
2001-03-12,420.930135
2001-03-13,420.425482
2001-03-14,411.900169
2001-03-15,415.584502
2001-03-16,404.87174
2001-03-19,407.887025
2001-03-20,405.783417
2001-03-21,398.614742
2001-03-22,389.394176
2001-03-23,398.325888
2001-03-26,406.451322
2001-03-27,414.826333
2001-03-28,408.147022
2001-03-29,405.238013
2001-03-30,408.875246
2001-04-02,406.217673
2001-04-03,394.596114
2001-04-04,396.283308
2001-04-05,408.943239
2001-04-06,406.034333
2001-04-09,408.53732
2001-04-10,414.983975
2001-04-11,413.206139
2001-04-12,417.264088
2001-04-13,417.247443
2001-04-16,415.918901
2001-04-17,417.367046
2001-04-18,430.627746
2001-04-19,438.625693
2001-04-20,436.756404
2001-04-23,431.394507
2001-04-24,427.451192
2001-04-25,432.435278
2001-04-26,434.663318
2001-04-27,439.039045
2001-04-30,439.574474
2001-05-01,443.649635
2001-05-02,443.588287
2001-05-03,437.997602
2001-05-04,442.203816
2001-05-07,442.26784
2001-05-08,441.152798
2001-05-09,438.598996
2001-05-10,441.975214
2001-05-11,439.066302
2001-05-14,436.837624
2001-05-15,439.134728
2001-05-16,447.088548
2001-05-17,449.265243
2001-05-18,448.984692
2001-05-21,453.204406
2001-05-22,452.181349
2001-05-23,445.843712
2001-05-24,446.506784
2001-05-25,442.426283
2001-05-28,443.404212
2001-05-29,439.50311
2001-05-30,433.739475
2001-05-31,432.873397
2001-06-01,433.959961
2001-06-04,436.400923
2001-06-05,442.536406
2001-06-06,438.839439
2001-06-07,440.406818
2001-06-08,437.81384
2001-06-11,433.882249
2001-06-12,431.206779
2001-06-13,430.025166
2001-06-14,425.123544
2001-06-15,421.912035
2001-06-18,420.805197
2001-06-19,421.858313
2001-06-20,422.319081
2001-06-21,425.273773
2001-06-22,422.788266
2001-06-25,421.548555
2001-06-26,420.570891
2001-06-27,418.958398
2001-06-28,422.728664
2001-06-29,421.65935
2001-07-02,426.374703
2001-07-03,425.25823
2001-07-04,424.787343
2001-07-05,419.429927
2001-07-06,411.989504
2001-07-09,414.68339
2001-07-10,411.966033
2001-07-11,412.891255
2001-07-12,419.415007
2001-07-13,421.620971
2001-07-16,419.918677
2001-07-17,421.174987
2001-07-18,422.100725
2001-07-19,425.269814
2001-07-20,422.644146
2001-07-23,417.363258
2001-07-24,412.796518
2001-07-25,417.500529
2001-07-26,419.408972
2001-07-27,420.76294
2001-07-30,422.356784
2001-07-31,425.984695
2001-08-01,427.562383
2001-08-02,428.764265
2001-08-03,425.835822
2001-08-06,422.238887
2001-08-07,423.647
2001-08-08,418.215568
2001-08-09,417.193746
2001-08-10,419.566309
2001-08-13,419.742318
2001-08-14,420.575336
2001-08-15,420.192758
2001-08-16,420.277217
2001-08-17,414.058248
2001-08-20,415.97087
2001-08-21,413.720691
2001-08-22,415.568653
2001-08-23,414.127871
2001-08-24,420.221683
2001-08-27,418.351377
2001-08-28,413.364248
2001-08-29,410.503505
2001-08-30,404.753502
2001-08-31,404.750752
2001-09-03,403.402953
2001-09-04,403.193125
2001-09-05,401.685347
2001-09-06,393.516968
2001-09-07,387.374375
2001-09-10,388.549072
2001-09-11,382.358262
2001-09-12,382.983448
2001-09-13,385.353488
2001-09-14,381.021073
2001-09-17,371.211253
2001-09-18,370.139767
2001-09-19,365.895752
2001-09-20,355.062274
2001-09-21,344.687637
2001-09-24,359.271347
2001-09-25,364.788436
2001-09-26,365.598037
2001-09-27,370.632143
2001-09-28,378.148784
2001-10-01,376.47266
2001-10-02,380.556632
2001-10-03,386.137874
2001-10-04,388.185556
2001-10-05,389.717298
2001-10-08,388.003261
2001-10-09,387.460289
2001-10-10,394.777117
2001-10-11,398.67758
2001-10-12,396.794963
2001-10-15,394.700356
2001-10-16,396.991076
2001-10-17,395.033404
2001-10-18,389.898822
2001-10-19,389.328882
2001-10-22,394.246901
2001-10-23,394.086522
2001-10-24,394.61006
2001-10-25,395.584553
2001-10-26,398.497444
2001-10-29,391.743784
2001-10-30,385.503576
2001-10-31,384.990923
2001-11-01,392.685958
2001-11-02,394.758033
2001-11-05,399.498835
2001-11-06,402.909423
2001-11-07,401.963162
2001-11-08,403.521536
2001-11-09,402.99971
2001-11-12,400.672212
2001-11-13,406.061843
2001-11-14,407.11724
2001-11-15,408.396389
2001-11-16,408.403264
2001-11-19,410.879305
2001-11-20,407.989705
2001-11-21,406.306044
2001-11-22,407.907314
2001-11-23,409.771322
2001-11-26,410.624288
2001-11-27,407.458009
2001-11-28,403.714301
2001-11-29,405.999939
2001-11-30,408.70489
2001-12-03,406.436933
2001-12-04,410.866035
2001-12-05,419.464273
2001-12-06,418.607112
2001-12-07,416.827951
2001-12-10,411.018298
2001-12-11,410.129304
2001-12-12,410.58438
2001-12-13,405.533007
2001-12-14,406.786022
2001-12-17,412.097031
2001-12-18,413.554317
2001-12-19,414.246581
2001-12-20,411.840975
2001-12-21,413.395964
2001-12-24,412.22635
2001-12-25,412.234836
2001-12-26,413.962717
2001-12-27,417.889556
2001-12-28,418.185075
2001-12-31,415.711326
2002-01-01,415.711326
2002-01-02,417.08375
2002-01-03,421.574271
2002-01-04,422.977965
2002-01-07,420.215354
2002-01-08,419.188308
2002-01-09,418.119056
2002-01-10,418.064113
2002-01-11,416.262442
2002-01-14,413.263065
2002-01-15,414.991955
2002-01-16,409.35001
2002-01-17,412.586374
2002-01-18,409.742269
2002-01-21,408.967197
2002-01-22,407.556748
2002-01-23,409.506512
2002-01-24,411.003201
2002-01-25,408.911887
2002-01-28,409.366974
2002-01-29,401.605981
2002-01-30,403.369735
2002-01-31,410.392312
2002-02-01,408.545761
2002-02-04,403.402502
2002-02-05,401.415463
2002-02-06,400.316741
2002-02-07,400.244399
2002-02-08,404.380207
2002-02-11,409.09474
2002-02-12,408.684353
2002-02-13,413.450483
2002-02-14,414.790226
2002-02-15,411.089712
2002-02-18,410.090062
2002-02-19,403.955024
2002-02-20,407.197652
2002-02-21,402.993044
2002-02-22,404.096928
2002-02-25,408.971472
2002-02-26,409.832669
2002-02-27,411.825706
2002-02-28,410.869986
2002-03-01,417.80542
2002-03-04,425.273184
2002-03-05,422.355914
2002-03-06,426.445902
2002-03-07,426.47356
2002-03-08,428.382223
2002-03-11,428.045315
2002-03-12,426.714911
2002-03-13,424.358551
2002-03-14,424.700992
2002-03-15,428.324528
2002-03-18,428.225124
2002-03-19,430.131311
2002-03-20,425.021687
2002-03-21,424.095333
2002-03-22,422.635396
2002-03-25,417.821707
2002-03-26,420.377859
2002-03-27,421.802201
2002-03-28,422.978055
2002-03-29,422.882432
2002-04-01,422.211133
2002-04-02,420.26324
2002-04-03,417.599803
2002-04-04,417.195038
2002-04-05,416.753625
2002-04-08,414.836613
2002-04-09,413.453049
2002-04-10,417.696093
2002-04-11,410.403333
2002-04-12,412.279755
2002-04-15,410.366899
2002-04-16,417.053499
2002-04-17,416.767458
2002-04-18,414.976657
2002-04-19,414.781597
2002-04-22,410.576372
2002-04-23,408.399447
2002-04-24,406.830527
2002-04-25,406.630573
2002-04-26,402.249894
2002-04-29,400.198395
2002-04-30,402.964346
2002-05-01,406.238497
2002-05-02,405.479428
2002-05-03,402.072729
2002-05-06,397.140962
2002-05-07,394.711087
2002-05-08,404.930563
2002-05-09,401.278943
2002-05-10,396.73882
2002-05-13,402.512873
2002-05-14,408.285537
2002-05-15,408.403388
2002-05-16,411.525136
2002-05-17,413.865461
2002-05-20,409.397901
2002-05-21,405.339766
2002-05-22,406.311688
2002-05-23,407.27683
2002-05-24,403.536489
2002-05-27,403.357236
2002-05-28,401.426386
2002-05-29,399.660114
2002-05-30,397.642546
2002-05-31,398.740108
2002-06-03,392.379738
2002-06-04,391.054505
2002-06-05,392.888994
2002-06-06,388.363432
2002-06-07,387.599454
2002-06-10,389.70094
2002-06-11,386.683904
2002-06-12,386.268512
2002-06-13,381.581632
2002-06-14,378.766799
2002-06-17,388.079636
2002-06-18,387.946018
2002-06-19,383.254282
2002-06-20,379.443017
2002-06-21,375.663558
2002-06-24,374.830723
2002-06-25,372.441435
2002-06-26,373.26695
2002-06-27,378.477026
2002-06-28,381.896824
2002-07-01,377.375289
2002-07-02,369.871737
2002-07-03,368.911434
2002-07-04,370.94998
2002-07-05,381.948403
2002-07-08,380.296892
2002-07-09,374.440918
2002-07-10,363.064695
2002-07-11,358.624818
2002-07-12,356.495885
2002-07-15,352.247787
2002-07-16,348.051785
2002-07-17,350.839921
2002-07-18,345.394832
2002-07-19,333.373042
2002-07-22,320.296102
2002-07-23,314.735314
2002-07-24,325.956462
2002-07-25,329.498584
2002-07-26,331.92947
2002-07-29,346.912239
2002-07-30,347.81668
2002-07-31,349.942732
2002-08-01,339.483365
2002-08-02,336.295959
2002-08-05,326.677459
2002-08-06,332.658686
2002-08-07,337.402215
2002-08-08,346.930809
2002-08-09,350.360881
2002-08-12,347.2131
2002-08-13,343.955088
2002-08-14,351.530654
2002-08-15,356.467981
2002-08-16,357.570023
2002-08-19,363.959815
2002-08-20,359.083515
2002-08-21,362.687213
2002-08-22,366.698743
2002-08-23,360.586782
2002-08-26,361.442608
2002-08-27,360.767965
2002-08-28,353.325621
2002-08-29,351.575578
2002-08-30,351.373332
2002-09-02,349.921908
2002-09-03,338.304538
2002-09-04,342.659628
2002-09-05,338.39049
2002-09-06,344.390133
2002-09-09,345.630913
2002-09-10,349.465834
2002-09-11,350.862838
2002-09-12,342.562442
2002-09-13,342.30972
2002-09-16,341.949477
2002-09-17,336.475073
2002-09-18,333.009327
2002-09-19,325.195052
2002-09-20,325.313845
2002-09-23,318.924231
2002-09-24,314.123017
2002-09-25,319.490725
2002-09-26,327.721461
2002-09-27,321.127774
2002-09-30,314.774745
2002-10-01,323.945966
2002-10-02,320.8361
2002-10-03,318.895323
2002-10-04,312.213785
2002-10-07,308.709496
2002-10-08,312.108627
2002-10-09,306.984028
2002-10-10,315.236601
2002-10-11,327.184562
2002-10-14,329.396338
2002-10-15,344.008914
2002-10-16,336.574536
2002-10-17,345.165506
2002-10-18,346.581903
2002-10-21,350.470872
2002-10-22,347.61514
2002-10-23,345.417655
2002-10-24,342.865912
2002-10-25,346.216712
2002-10-28,345.580402
2002-10-29,340.197395
2002-10-30,343.410231
2002-10-31,344.456299
2002-11-01,346.848795
2002-11-04,351.803631
2002-11-05,354.748316
2002-11-06,355.131787
2002-11-07,349.973306
2002-11-08,348.605097
2002-11-11,343.238033
2002-11-12,345.394723
2002-11-13,344.163638
2002-11-14,350.712317
2002-11-15,353.354163
2002-11-18,351.787998
2002-11-19,350.036539
2002-11-20,353.236217
2002-11-21,359.37952
2002-11-22,359.421139
2002-11-25,359.116933
2002-11-26,351.997616
2002-11-27,360.101083
2002-11-28,361.551664
2002-11-29,360.273124
2002-12-02,360.210435
2002-12-03,355.349139
2002-12-04,355.264776
2002-12-05,351.31458
2002-12-06,352.698223
2002-12-09,346.431404
2002-12-10,349.189491
2002-12-11,350.224393
2002-12-12,348.423482
2002-12-13,344.865673
2002-12-16,351.864324
2002-12-17,349.231691
2002-12-18,344.052783
2002-12-19,342.105422
2002-12-20,345.789028
2002-12-23,346.294185
2002-12-24,345.870779
2002-12-25,345.85581
2002-12-26,345.740804
2002-12-27,340.080597
2002-12-30,342.697688
2002-12-31,343.39003
2003-01-01,343.39003
2003-01-02,352.611059
2003-01-03,352.313912
2003-01-06,358.466887
2003-01-07,355.279547
2003-01-08,349.726863
2003-01-09,356.536079
2003-01-10,356.722635
2003-01-13,356.115588
2003-01-14,358.266932
2003-01-15,353.047741
2003-01-16,351.506581
2003-01-17,346.713583
2003-01-20,345.565091
2003-01-21,340.710548
2003-01-22,337.231816
2003-01-23,338.025855
2003-01-24,331.056443
2003-01-27,324.881194
2003-01-28,328.270851
2003-01-29,330.16985
2003-01-30,327.199243
2003-01-31,330.43515
2003-02-03,333.660085
2003-02-04,329.488582
2003-02-05,329.266258
2003-02-06,326.097289
2003-02-07,323.79717
2003-02-10,324.40901
2003-02-11,323.383913
2003-02-12,319.802617
2003-02-13,318.655932
2003-02-14,324.644713
2003-02-17,325.965965
2003-02-18,330.285128
2003-02-19,326.870609
2003-02-20,324.097194
2003-02-21,327.74281
2003-02-24,322.824525
2003-02-25,321.523261
2003-02-26,318.274665
2003-02-27,320.561932
2003-02-28,322.607114
2003-03-03,321.998538
2003-03-04,317.820864
2003-03-05,319.186917
2003-03-06,316.003878
2003-03-07,316.629001
2003-03-10,309.821467
2003-03-11,308.493525
2003-03-12,306.47867
2003-03-13,316.315884
2003-03-14,318.915203
2003-03-17,329.165278
2003-03-18,329.33787
2003-03-19,332.313918
2003-03-20,332.565248
2003-03-21,339.32442
2003-03-24,329.244486
2003-03-25,332.884646
2003-03-26,331.651415
2003-03-27,330.501242
2003-03-28,328.771593
2003-03-31,323.241427
2003-04-01,326.549298
2003-04-02,334.73349
2003-04-03,333.705394
2003-04-04,335.070073
2003-04-07,337.800475
2003-04-08,336.551188
2003-04-09,333.190406
2003-04-10,334.256103
2003-04-11,333.509432
2003-04-14,338.786222
2003-04-15,342.389709
2003-04-16,338.941563
2003-04-17,343.57405
2003-04-18,343.579342
2003-04-21,342.200475
2003-04-22,348.140271
2003-04-23,351.49854
2003-04-24,348.450788
2003-04-25,343.933955
2003-04-28,350.378632
2003-04-29,351.117642
2003-04-30,352.337216
2003-05-01,352.918972
2003-05-02,357.026082
2003-05-05,356.994903
2003-05-06,360.524638
2003-05-07,358.721292
2003-05-08,355.447084
2003-05-09,359.464209
2003-05-12,364.002476
2003-05-13,362.982029
2003-05-14,362.274842
2003-05-15,364.678416
2003-05-16,364.723895
2003-05-19,357.002968
2003-05-20,357.015992
2003-05-21,356.622327
2003-05-22,359.540463
2003-05-23,359.532517
2003-05-26,359.915611
2003-05-27,364.813794
2003-05-28,366.707384
2003-05-29,366.369722
2003-05-30,369.593017
2003-06-02,372.34371
2003-06-03,371.803872
2003-06-04,375.647851
2003-06-05,376.57514
2003-06-06,377.358599
2003-06-09,373.418622
2003-06-10,375.117207
2003-06-11,380.325595
2003-06-12,381.551303
2003-06-13,378.973396
2003-06-16,386.047196
2003-06-17,386.822306
2003-06-18,385.986436
2003-06-19,381.000466
2003-06-20,381.14233
2003-06-23,375.491557
2003-06-24,375.911442
2003-06-25,374.028316
2003-06-26,374.671032
2003-06-27,372.547162
2003-06-30,371.207011
2003-07-01,372.719118
2003-07-02,376.550854
2003-07-03,375.603473
2003-07-04,375.008843
2003-07-07,380.459979
2003-07-08,380.7129
2003-07-09,377.996043
2003-07-10,373.826383
2003-07-11,377.139292
2003-07-14,380.325485
2003-07-15,377.713448
2003-07-16,376.224972
2003-07-17,371.906752
2003-07-18,375.006977
2003-07-21,371.182996
2003-07-22,373.130375
2003-07-23,374.443025
2003-07-24,374.222884
2003-07-25,378.653945
2003-07-28,378.344712
2003-07-29,375.668873
2003-07-30,374.582444
2003-07-31,375.280014
2003-08-01,371.707865
2003-08-04,372.26628
2003-08-05,369.152372
2003-08-06,368.350643
2003-08-07,371.59659
2003-08-08,373.248992
2003-08-11,374.082218
2003-08-12,377.065002
2003-08-13,376.388337
2003-08-14,378.8325
2003-08-15,379.248638
2003-08-18,381.116224
2003-08-19,380.917205
2003-08-20,381.244027
2003-08-21,381.287568
2003-08-22,378.968156
2003-08-25,378.939829
2003-08-26,378.476827
2003-08-27,379.119094
2003-08-28,380.739852
2003-08-29,381.926902
2003-09-01,383.511066
2003-09-02,386.355626
2003-09-03,389.647471
2003-09-04,390.677854
2003-09-05,389.069957
2003-09-08,392.216937
2003-09-09,389.111886
2003-09-10,386.356495
2003-09-11,387.596311
2003-09-12,387.811509
2003-09-15,387.43131
2003-09-16,390.705545
2003-09-17,390.216872
2003-09-18,394.383241
2003-09-19,393.597543
2003-09-22,389.606655
2003-09-23,390.22388
2003-09-24,385.748906
2003-09-25,384.324331
2003-09-26,381.6224
2003-09-29,383.436882
2003-09-30,380.123973
2003-10-01,388.330591
2003-10-02,389.133921
2003-10-03,393.952078
2003-10-06,394.97111
2003-10-07,395.837343
2003-10-08,394.70731
2003-10-09,396.827389
2003-10-10,397.038239
2003-10-13,399.816583
2003-10-14,400.413613
2003-10-15,400.614769
2003-10-16,401.992315
2003-10-17,399.494782
2003-10-20,401.290865
2003-10-21,401.545019
2003-10-22,397.778127
2003-10-23,397.446973
2003-10-24,396.334385
2003-10-27,397.982345
2003-10-28,401.967806
2003-10-29,402.598764
2003-10-30,401.960107
2003-10-31,401.646862
2003-11-03,404.204355
2003-11-04,402.826064
2003-11-05,401.391342
2003-11-06,402.312275
2003-11-07,403.4905
2003-11-10,402.13306
2003-11-11,401.613508
2003-11-12,405.101349
2003-11-13,406.259086
2003-11-14,406.536995
2003-11-17,402.372439
2003-11-18,400.565155
2003-11-19,401.261365
2003-11-20,399.22852
2003-11-21,399.892496
2003-11-24,404.162091
2003-11-25,404.153363
2003-11-26,405.953331
2003-11-27,406.332097
2003-11-28,406.540778
2003-12-01,411.283849
2003-12-02,411.162458
2003-12-03,411.439167
2003-12-04,412.046348
2003-12-05,410.43854
2003-12-08,412.711992
2003-12-09,411.343099
2003-12-10,409.822395
2003-12-11,412.399277
2003-12-12,413.627789
2003-12-15,412.481042
2003-12-16,414.090948
2003-12-17,415.14256
2003-12-18,418.95351
2003-12-19,419.065603
2003-12-22,419.629082
2003-12-23,420.589789
2003-12-24,420.887326
2003-12-25,420.887103
2003-12-26,421.764669
2003-12-29,425.80224
2003-12-30,427.037477
2003-12-31,429.143874
2004-01-01,429.143874
2004-01-02,429.089444
2004-01-05,434.029627
2004-01-06,434.917357
2004-01-07,433.248163
2004-01-08,434.853557
2004-01-09,432.385661
2004-01-12,433.463256
2004-01-13,432.17378
2004-01-14,434.551862
2004-01-15,434.345606
2004-01-16,434.104064
2004-01-19,434.30504
2004-01-20,435.957348
2004-01-21,438.981144
2004-01-22,439.344579
2004-01-23,438.223724
2004-01-26,440.182053
2004-01-27,438.092893
2004-01-28,434.648069
2004-01-29,432.966745
2004-01-30,432.657387
2004-02-02,433.667112
2004-02-03,435.13945
2004-02-04,433.174114
2004-02-05,434.652821
2004-02-06,439.296296
2004-02-09,440.730565
2004-02-10,442.673004
2004-02-11,445.589061
2004-02-12,445.492093
2004-02-13,443.65496
2004-02-16,444.077565
2004-02-17,447.062834
2004-02-18,446.349844
2004-02-19,444.637147
2004-02-20,442.088855
2004-02-23,441.340921
2004-02-24,441.086408
2004-02-25,440.583662
2004-02-26,439.772413
2004-02-27,440.218448
2004-03-01,444.369271
2004-03-02,442.367427
2004-03-03,440.53768
2004-03-04,442.085229
2004-03-05,445.35797
2004-03-08,443.270237
2004-03-09,441.137734
2004-03-10,434.624672
2004-03-11,426.631723
2004-03-12,429.459885
2004-03-15,424.245842
2004-03-16,428.240397
2004-03-17,431.164809
2004-03-18,431.224064
2004-03-19,429.17024
2004-03-22,424.431804
2004-03-23,423.970466
2004-03-24,422.025232
2004-03-25,426.928549
2004-03-26,426.500115
2004-03-29,431.301788
2004-03-30,433.088364
2004-03-31,434.427539
2004-04-01,437.665505
2004-04-02,440.085122
2004-04-05,441.930672
2004-04-06,441.160794
2004-04-07,440.071472
2004-04-08,440.084697
2004-04-09,440.049015
2004-04-12,441.404365
2004-04-13,437.570081
2004-04-14,435.149463
2004-04-15,435.974545
2004-04-16,439.169081
2004-04-19,439.292646
2004-04-20,435.167352
2004-04-21,434.375942
2004-04-22,439.316499
2004-04-23,440.492961
2004-04-26,439.671143
2004-04-27,440.29338
2004-04-28,434.325375
2004-04-29,432.312432
2004-04-30,430.699505
2004-05-03,433.270635
2004-05-04,435.207066
2004-05-05,436.493811
2004-05-06,433.528842
2004-05-07,427.547213
2004-05-10,420.51997
2004-05-11,422.156409
2004-05-12,422.370779
2004-05-13,422.375403
2004-05-14,421.891041
2004-05-17,418.396206
2004-05-18,420.866913
2004-05-19,422.698042
2004-05-20,421.26594
2004-05-21,423.457065
2004-05-24,423.527509
2004-05-25,429.207968
2004-05-26,430.307327
2004-05-27,434.890469
2004-05-28,433.773615
2004-05-31,434.115724
2004-06-01,433.405659
2004-06-02,435.296188
2004-06-03,433.250789
2004-06-04,434.82198
2004-06-07,440.899544
2004-06-08,442.000132
2004-06-09,438.107735
2004-06-10,439.501189
2004-06-11,438.641388
2004-06-14,435.086919
2004-06-15,437.101697
2004-06-16,437.926545
2004-06-17,438.33346
2004-06-18,440.055604
2004-06-21,438.937541
2004-06-22,439.215582
2004-06-23,441.305846
2004-06-24,442.070951
2004-06-25,440.621092
2004-06-28,441.611568
2004-06-29,440.789383
2004-06-30,441.610813
2004-07-01,440.188237
2004-07-02,440.321164
2004-07-05,439.938926
2004-07-06,437.480838
2004-07-07,438.541476
2004-07-08,436.292973
2004-07-09,437.563203
2004-07-12,438.203598
2004-07-13,437.500887
2004-07-14,437.18458
2004-07-15,434.348764
2004-07-16,434.736881
2004-07-19,433.765374
2004-07-20,434.853474
2004-07-21,431.621353
2004-07-22,430.464921
2004-07-23,426.403714
2004-07-26,425.739363
2004-07-27,428.04839
2004-07-28,427.963707
2004-07-29,430.545082
2004-07-30,431.393073
2004-08-02,432.187579
2004-08-03,431.860744
2004-08-04,430.973999
2004-08-05,426.242125
2004-08-06,421.72393
2004-08-09,421.14464
2004-08-10,426.141578
2004-08-11,424.507933
2004-08-12,421.511746
2004-08-13,422.673502
2004-08-16,426.897477
2004-08-17,427.110232
2004-08-18,430.036705
2004-08-19,430.369898
2004-08-20,431.892629
2004-08-23,431.53153
2004-08-24,430.837622
2004-08-25,433.162078
2004-08-26,434.026523
2004-08-27,435.170239
2004-08-30,433.554724
2004-08-31,435.132544
2004-09-01,436.655858
2004-09-02,440.505756
2004-09-03,439.707619
2004-09-06,440.599386
2004-09-07,442.328958
2004-09-08,441.51766
2004-09-09,440.635059
2004-09-10,443.945046
2004-09-13,445.427574
2004-09-14,446.160635
2004-09-15,442.65284
2004-09-16,444.444659
2004-09-17,446.774486
2004-09-20,444.597179
2004-09-21,447.773196
2004-09-22,443.542844
2004-09-23,441.739842
2004-09-24,442.358485
2004-09-27,440.285856
2004-09-28,442.857995
2004-09-29,444.451948
2004-09-30,444.491156
2004-10-01,449.709372
2004-10-04,450.440523
2004-10-05,450.889685
2004-10-06,452.301308
2004-10-07,448.771385
2004-10-08,447.655144
2004-10-11,447.952933
2004-10-12,445.5076
2004-10-13,442.953479
2004-10-14,439.454214
2004-10-15,440.869171
2004-10-18,441.207557
2004-10-19,439.387874
2004-10-20,440.091643
2004-10-21,441.240817
2004-10-22,439.121222
2004-10-25,437.840083
2004-10-26,442.664842
2004-10-27,447.961155
2004-10-28,448.832929
2004-10-29,449.064219
2004-11-01,450.401408
2004-11-02,450.929839
2004-11-03,456.185063
2004-11-04,461.606803
2004-11-05,464.229989
2004-11-08,464.098925
2004-11-09,463.007869
2004-11-10,464.288763
2004-11-11,467.828023
2004-11-12,470.909935
2004-11-15,470.745812
2004-11-16,468.427458
2004-11-17,471.323963
2004-11-18,470.983982
2004-11-19,467.721602
2004-11-22,468.82444
2004-11-23,469.582185
2004-11-24,471.175442
2004-11-25,472.86824
2004-11-26,473.191247
2004-11-29,472.821004
2004-11-30,470.387081
2004-12-01,477.03515
2004-12-02,477.554883
2004-12-03,479.330771
2004-12-06,478.657409
2004-12-07,475.478078
2004-12-08,475.13382
2004-12-09,476.075602
2004-12-10,475.707006
2004-12-13,480.118058
2004-12-14,481.434914
2004-12-15,483.427333
2004-12-16,482.355433
2004-12-17,479.930812
2004-12-20,482.938041
2004-12-21,484.700448
2004-12-22,486.889535
2004-12-23,488.393024
2004-12-24,489.23896
2004-12-27,488.236048
2004-12-28,490.611772
2004-12-29,490.260645
2004-12-30,491.199569
2004-12-31,490.950719
2005-01-03,487.025108
2005-01-04,481.832239
2005-01-05,479.316452
2005-01-06,479.852164
2005-01-07,479.106747
2005-01-10,481.329895
2005-01-11,479.475754
2005-01-12,481.147889
2005-01-13,477.974168
2005-01-14,478.872353
2005-01-17,479.622987
2005-01-18,481.292027
2005-01-19,479.840891
2005-01-20,476.341858
2005-01-21,474.716739
2005-01-24,474.336914
2005-01-25,475.485087
2005-01-26,478.992379
2005-01-27,479.36827
2005-01-28,477.363412
2005-01-31,480.928968
2005-02-01,483.969683
2005-02-02,486.031038
2005-02-03,484.801349
2005-02-04,489.917085
2005-02-07,489.055485
2005-02-08,488.388941
2005-02-09,486.158944
2005-02-10,489.135969
2005-02-11,492.4914
2005-02-14,494.2225
2005-02-15,496.240952
2005-02-16,495.810694
2005-02-17,494.633941
2005-02-18,496.097676
2005-02-21,496.576814
2005-02-22,491.862891
2005-02-23,492.155213
2005-02-24,494.413417
2005-02-25,499.84501
2005-02-28,499.556323
2005-03-01,501.511423
2005-03-02,500.146627
2005-03-03,500.378039
2005-03-04,505.941918
2005-03-07,506.196323
2005-03-08,506.375565
2005-03-09,502.821487
2005-03-10,502.788053
2005-03-11,500.775276
2005-03-14,501.563189
2005-03-15,500.014178
2005-03-16,497.610836
2005-03-17,497.012599
2005-03-18,496.009569
2005-03-21,493.340683
2005-03-22,491.225063
2005-03-23,488.006973
2005-03-24,487.323763
2005-03-25,487.338835
2005-03-28,487.764174
2005-03-29,485.58871
2005-03-30,489.911973
2005-03-31,490.443184
2005-04-01,488.571039
2005-04-04,487.934606
2005-04-05,490.576656
2005-04-06,490.899775
2005-04-07,493.763664
2005-04-08,491.242868
2005-04-11,491.882438
2005-04-12,492.988478
2005-04-13,489.439941
2005-04-14,484.403546
2005-04-15,477.373172
2005-04-18,475.080238
2005-04-19,478.628106
2005-04-20,473.967682
2005-04-21,478.869618
2005-04-22,478.316763
2005-04-25,480.219339
2005-04-26,477.270193
2005-04-27,477.120008
2005-04-28,473.536283
2005-04-29,477.892854
2005-05-02,479.234745
2005-05-03,480.171821
2005-05-04,485.667765
2005-05-05,485.729241
2005-05-06,484.966344
2005-05-09,485.669578
2005-05-10,482.325032
2005-05-11,482.668242
2005-05-12,479.482779
2005-05-13,477.06273
2005-05-16,479.21128
2005-05-17,481.937914
2005-05-18,486.833676
2005-05-19,488.592346
2005-05-20,487.013334
2005-05-23,489.602996
2005-05-24,490.080553
2005-05-25,488.522853
2005-05-26,490.792482
2005-05-27,492.007286
2005-05-30,492.362631
2005-05-31,488.522751
2005-06-01,492.087434
2005-06-02,493.445596
2005-06-03,491.33085
2005-06-06,492.096251
2005-06-07,493.963489
2005-06-08,493.3299
2005-06-09,493.151718
2005-06-10,492.218492
2005-06-13,491.830699
2005-06-14,492.99967
2005-06-15,494.209358
2005-06-16,496.740572
2005-06-17,499.979874
2005-06-20,499.118121
2005-06-21,499.360291
2005-06-22,500.027969
2005-06-23,495.557261
2005-06-24,492.987356
2005-06-27,492.744461
2005-06-28,496.754564
2005-06-29,495.810025
2005-06-30,494.801043
2005-07-01,494.733136
2005-07-04,494.362107
2005-07-05,496.624909
2005-07-06,495.421122
2005-07-07,493.435453
2005-07-08,499.216776
2005-07-11,503.703107
2005-07-12,505.364033
2005-07-13,504.894657
2005-07-14,506.665871
2005-07-15,505.912724
2005-07-18,504.230395
2005-07-19,505.679077
2005-07-20,507.780091
2005-07-21,506.537021
2005-07-22,507.816187
2005-07-25,506.601327
2005-07-26,505.655832
2005-07-27,508.683289
2005-07-28,511.765456
2005-07-29,510.898441
2005-08-01,511.567986
2005-08-02,514.599598
2005-08-03,516.490118
2005-08-04,513.50357
2005-08-05,509.407203
2005-08-08,509.488819
2005-08-09,511.757866
2005-08-10,513.676362
2005-08-11,516.228336
2005-08-12,514.204615
2005-08-15,514.274863
2005-08-16,510.043576
2005-08-17,509.471143
2005-08-18,507.12781
2005-08-19,507.777125
2005-08-22,510.341407
2005-08-23,507.876952
2005-08-24,505.738721
2005-08-25,506.331174
2005-08-26,503.935753
2005-08-29,504.665068
2005-08-30,502.752495
2005-08-31,507.695275
2005-09-01,511.867716
2005-09-02,512.040052
2005-09-05,511.929024
2005-09-06,516.374995
2005-09-07,518.095804
2005-09-08,515.596685
2005-09-09,518.83862
2005-09-12,518.087599
2005-09-13,514.815873
2005-09-14,514.834225
2005-09-15,513.852223
2005-09-16,516.915412
2005-09-19,515.186762
2005-09-20,512.85849
2005-09-21,508.775177
2005-09-22,508.837697
2005-09-23,508.651644
2005-09-26,510.032024
2005-09-27,509.694933
2005-09-28,510.416761
2005-09-29,513.696404
2005-09-30,515.458018
2005-10-03,513.724871
2005-10-04,510.941442
2005-10-05,504.623427
2005-10-06,502.77452
2005-10-07,502.066137
2005-10-10,500.683608
2005-10-11,499.729331
2005-10-12,497.780983
2005-10-13,494.95924
2005-10-14,499.027995
2005-10-17,499.514231
2005-10-18,495.518587
2005-10-19,498.682991
2005-10-20,495.532702
2005-10-21,495.686844
2005-10-24,501.530735
2005-10-25,502.151264
2005-10-26,501.881196
2005-10-27,498.184935
2005-10-28,502.528276
2005-10-31,506.373608
2005-11-01,505.410508
2005-11-02,510.42687
2005-11-03,513.635743
2005-11-04,511.913387
2005-11-07,513.439112
2005-11-08,511.969107
2005-11-09,512.284877
2005-11-10,516.267132
2005-11-11,517.787455
2005-11-14,517.633268
2005-11-15,515.747185
2005-11-16,514.841636
2005-11-17,519.568164
2005-11-18,521.181452
2005-11-21,522.953043
2005-11-22,524.069712
2005-11-23,527.393413
2005-11-24,527.802108
2005-11-25,527.827571
2005-11-28,525.156771
2005-11-29,525.831987
2005-11-30,522.851943
2005-12-01,527.623966
2005-12-02,530.049445
2005-12-05,529.396998
2005-12-06,529.796925
2005-12-07,527.305021
2005-12-08,527.698565
2005-12-09,528.972975
2005-12-12,530.48225
2005-12-13,532.236118
2005-12-14,534.748043
2005-12-15,532.318561
2005-12-16,533.182089
2005-12-19,531.202578
2005-12-20,530.285172
2005-12-21,530.61473
2005-12-22,531.731283
2005-12-23,532.32254
2005-12-26,532.43621
2005-12-27,529.414366
2005-12-28,530.873431
2005-12-29,530.140954
2005-12-30,526.787592
2006-01-02,527.071146
2006-01-03,536.406981
2006-01-04,541.265829
2006-01-05,540.828882
2006-01-06,545.927543
2006-01-09,547.151237
2006-01-10,546.305071
2006-01-11,548.81291
2006-01-12,545.665104
2006-01-13,545.066023
2006-01-16,546.103744
2006-01-17,542.778003
2006-01-18,539.136759
2006-01-19,541.843602
2006-01-20,535.899922
2006-01-23,538.066731
2006-01-24,537.857944
2006-01-25,539.892892
2006-01-26,542.43753
2006-01-27,545.665561
2006-01-30,545.564673
2006-01-31,544.597131
2006-02-01,546.417635
2006-02-02,543.034206
2006-02-03,539.339777
2006-02-06,539.188318
2006-02-07,535.680128
2006-02-08,536.739575
2006-02-09,539.8799
2006-02-10,540.040302
2006-02-13,538.884665
2006-02-14,542.114458
2006-02-15,544.850994
2006-02-16,546.360097
2006-02-17,546.872579
2006-02-20,548.499604
2006-02-21,547.612212
2006-02-22,549.800974
2006-02-23,549.208862
2006-02-24,548.604485
2006-02-27,550.934061
2006-02-28,546.618964
2006-03-01,551.009261
2006-03-02,550.230984
2006-03-03,550.268121
2006-03-06,549.496776
2006-03-07,545.99054
2006-03-08,545.766047
2006-03-09,546.038592
2006-03-10,548.669785
2006-03-13,552.268314
2006-03-14,557.340429
2006-03-15,559.525599
2006-03-16,562.428104
2006-03-17,562.9603
2006-03-20,563.419893
2006-03-21,560.139832
2006-03-22,562.019676
2006-03-23,559.53527
2006-03-24,561.550899
2006-03-27,560.114878
2006-03-28,557.21856
2006-03-29,557.989709
2006-03-30,561.551654
2006-03-31,558.372312
2006-04-03,561.70274
2006-04-04,564.891762
2006-04-05,567.455716
2006-04-06,568.180642
2006-04-07,563.243532
2006-04-10,563.749193
2006-04-11,560.925585
2006-04-12,559.330627
2006-04-13,560.258271
2006-04-14,560.249381
2006-04-17,562.171975
2006-04-18,568.630192
2006-04-19,573.34988
2006-04-20,573.665927
2006-04-21,575.975187
2006-04-24,575.211646
2006-04-25,574.607145
2006-04-26,576.06968
2006-04-27,577.456695
2006-04-28,576.070915
2006-05-01,575.522307
2006-05-02,579.463866
2006-05-03,576.812345
2006-05-04,579.730555
2006-05-05,586.376332
2006-05-08,586.500475
2006-05-09,586.668018
2006-05-10,586.183336
2006-05-11,583.235008
2006-05-12,576.54751
2006-05-15,573.250332
2006-05-16,572.291019
2006-05-17,560.908739
2006-05-18,557.901078
2006-05-19,555.848982
2006-05-22,549.832152
2006-05-23,554.252224
2006-05-24,550.941251
2006-05-25,556.296316
2006-05-26,561.904376
2006-05-29,562.865213
2006-05-30,555.434189
2006-05-31,557.464307
2006-06-01,560.94204
2006-06-02,563.773959
2006-06-05,557.942004
2006-06-06,550.928388
2006-06-07,549.467234
2006-06-08,540.447237
2006-06-09,543.86524
2006-06-12,539.010634
2006-06-13,529.04495
2006-06-14,531.405878
2006-06-15,542.650137
2006-06-16,542.171816
2006-06-19,539.677946
2006-06-20,540.401249
2006-06-21,544.951977
2006-06-22,543.246258
2006-06-23,541.857594
2006-06-26,542.839634
2006-06-27,540.750198
2006-06-28,540.839769
2006-06-29,551.307618
2006-06-30,558.770199
2006-07-03,562.72547
2006-07-04,563.616549
2006-07-05,556.377964
2006-07-06,560.567129
2006-07-07,558.904323
2006-07-10,557.931918
2006-07-11,556.542151
2006-07-12,552.641676
2006-07-13,545.519201
2006-07-14,540.163374
2006-07-17,536.368566
2006-07-18,536.124368
2006-07-19,546.611101
2006-07-20,546.718961
2006-07-21,543.473244
2006-07-24,550.44708
2006-07-25,552.355925
2006-07-26,552.512734
2006-07-27,555.81786
2006-07-28,561.02734
2006-07-31,559.107072
2006-08-01,555.719919
2006-08-02,560.159391
2006-08-03,558.994053
2006-08-04,562.908493
2006-08-07,559.484227
2006-08-08,558.359335
2006-08-09,559.509313
2006-08-10,557.336125
2006-08-11,557.100396
2006-08-14,558.935851
2006-08-15,564.802373
2006-08-16,569.888406
2006-08-17,570.63039
2006-08-18,570.472797
2006-08-21,571.52755
2006-08-22,570.850431
2006-08-23,568.830044
2006-08-24,568.256306
2006-08-25,566.769144
2006-08-28,570.619964
2006-08-29,571.555526
2006-08-30,574.727231
2006-08-31,574.402767
2006-09-01,577.323006
2006-09-04,579.721603
2006-09-05,577.984156
2006-09-06,571.837306
2006-09-07,566.290254
2006-09-08,567.037542
2006-09-11,565.269087
2006-09-12,571.387382
2006-09-13,573.481274
2006-09-14,574.494851
2006-09-15,574.221964
2006-09-18,574.95022
2006-09-19,573.536579
2006-09-20,576.297222
2006-09-21,576.043828
2006-09-22,573.457083
2006-09-25,574.402938
2006-09-26,578.118632
2006-09-27,581.827428
2006-09-28,582.903035
2006-09-29,581.077632
2006-10-02,581.876224
2006-10-03,581.230967
2006-10-04,584.549173
2006-10-05,587.414456
2006-10-06,585.119153
2006-10-09,585.777416
2006-10-10,586.630209
2006-10-11,586.249123
2006-10-12,590.639717
2006-10-13,591.814865
2006-10-16,595.207016
2006-10-17,592.586826
2006-10-18,594.915652
2006-10-19,596.47949
2006-10-20,598.866741
2006-10-23,600.548013
2006-10-24,600.533857
2006-10-25,603.707019
2006-10-26,606.951627
2006-10-27,604.262322
2006-10-30,604.882909
2006-10-31,606.150264
2006-11-01,605.002945
2006-11-02,605.077169
2006-11-03,603.380573
2006-11-06,609.670612
2006-11-07,613.723495
2006-11-08,612.450711
2006-11-09,610.515458
2006-11-10,611.915222
2006-11-13,610.75512
2006-11-14,613.497289
2006-11-15,616.159854
2006-11-16,618.579441
2006-11-17,617.067291
2006-11-20,617.278914
2006-11-21,617.864595
2006-11-22,621.248532
2006-11-23,621.124055
2006-11-24,621.064537
2006-11-27,613.841056
2006-11-28,613.536639
2006-11-29,620.483118
2006-11-30,621.662222
2006-12-01,620.465217
2006-12-04,626.013579
2006-12-05,629.337216
2006-12-06,629.590315
2006-12-07,628.912512
2006-12-08,629.322513
2006-12-11,628.515709
2006-12-12,629.046727
2006-12-13,630.616758
2006-12-14,634.525059
2006-12-15,633.656335
2006-12-18,631.550569
2006-12-19,632.049777
2006-12-20,633.161109
2006-12-21,630.784448
2006-12-22,628.996182
2006-12-25,628.990319
2006-12-26,629.646388
2006-12-27,633.953647
2006-12-28,635.17051
2006-12-29,633.372748
2007-01-01,633.372748
2007-01-02,638.674303
2007-01-03,636.967615
2007-01-04,633.414377
2007-01-05,626.462717
2007-01-08,627.341294
2007-01-09,627.688976
2007-01-10,625.022815
2007-01-11,631.821446
2007-01-12,636.857376
2007-01-15,639.446136
2007-01-16,637.783195
2007-01-17,637.89724
2007-01-18,637.882295
2007-01-19,639.750833
2007-01-22,637.963335
2007-01-23,640.827429
2007-01-24,644.142627
2007-01-25,639.109457
2007-01-26,635.611234
2007-01-29,636.103084
2007-01-30,638.212808
2007-01-31,639.025129
2007-02-01,646.315346
2007-02-02,646.891637
2007-02-05,645.941262
2007-02-06,648.935906
2007-02-07,652.237348
2007-02-08,650.187984
2007-02-09,648.417777
2007-02-12,645.220822
2007-02-13,648.604643
2007-02-14,656.36682
2007-02-15,658.303409
2007-02-16,656.898221
2007-02-19,658.409712
2007-02-20,658.825392
2007-02-21,655.516352
2007-02-22,655.811033
2007-02-23,656.81803
2007-02-26,658.095997
2007-02-27,639.440283
2007-02-28,634.009255
2007-03-01,628.794672
2007-03-02,624.005977
2007-03-05,614.165999
2007-03-06,622.252523
2007-03-07,624.650078
2007-03-08,630.160885
2007-03-09,632.021106
2007-03-12,633.203386
2007-03-13,623.126912
2007-03-14,617.757518
2007-03-15,625.211923
2007-03-16,625.572725
2007-03-19,633.192856
2007-03-20,637.233489
2007-03-21,644.865534
2007-03-22,648.812798
2007-03-23,648.715295
2007-03-26,648.017175
2007-03-27,645.098749
2007-03-28,641.459676
2007-03-29,645.361828
2007-03-30,645.633487
2007-04-02,648.949422
2007-04-03,656.226887
2007-04-04,658.952212
2007-04-05,660.591934
2007-04-06,660.607137
2007-04-09,659.499208
2007-04-10,663.24646
2007-04-11,661.377507
2007-04-12,663.537693
2007-04-13,667.144824
2007-04-16,675.26075
2007-04-17,678.79622
2007-04-18,677.900577
2007-04-19,675.294467
2007-04-20,681.834467
2007-04-23,679.688442
2007-04-24,677.51433
2007-04-25,683.575778
2007-04-26,682.23859
2007-04-27,681.355301
2007-04-30,678.834886
2007-05-01,677.89881
2007-05-02,683.023186
2007-05-03,685.029836
2007-05-04,689.484691
2007-05-07,692.078389
2007-05-08,687.893134
2007-05-09,690.85337
2007-05-10,683.392328
2007-05-11,687.643347
2007-05-14,687.873988
2007-05-15,688.35837
2007-05-16,690.942333
2007-05-17,690.861486
2007-05-18,695.270557
2007-05-21,695.480307
2007-05-22,694.973583
2007-05-23,697.591896
2007-05-24,690.53888
2007-05-25,691.713293
2007-05-28,692.258006
2007-05-29,693.622995
2007-05-30,695.31745
2007-05-31,698.573781
2007-06-01,702.339752
2007-06-04,704.64805
2007-06-05,700.879615
2007-06-06,693.622582
2007-06-07,683.089352
2007-06-08,683.908654
2007-06-11,687.891214
2007-06-12,682.852613
2007-06-13,688.989728
2007-06-14,696.091071
2007-06-15,703.335281
2007-06-18,703.507158
2007-06-19,702.832973
2007-06-20,699.11299
2007-06-21,699.011193
2007-06-22,693.680013
2007-06-25,691.666201
2007-06-26,690.132538
2007-06-27,691.092837
2007-06-28,696.121583
2007-06-29,697.15235
2007-07-02,702.778219
2007-07-03,706.909295
2007-07-04,708.659811
2007-07-05,707.768559
2007-07-06,712.217063
2007-07-09,714.335692
2007-07-10,707.403851
2007-07-11,709.889939
2007-07-12,720.321378
2007-07-13,723.069657
2007-07-16,722.600567
2007-07-17,721.392281
2007-07-18,717.307514
2007-07-19,722.746228
2007-07-20,717.37355
2007-07-23,720.752965
2007-07-24,708.772069
2007-07-25,707.250548
2007-07-26,689.856656
2007-07-27,678.215654
2007-07-30,681.234176
2007-07-31,683.837031
2007-08-01,680.152312
2007-08-02,684.768056
2007-08-03,673.62566
2007-08-06,679.08048
2007-08-07,683.870584
2007-08-08,699.17243
2007-08-09,682.051405
2007-08-10,670.639453
2007-08-13,674.279652
2007-08-14,663.707374
2007-08-15,654.471744
2007-08-16,642.33765
2007-08-17,656.963857
2007-08-20,660.957143
2007-08-21,661.985844
2007-08-22,672.722274
2007-08-23,676.607464
2007-08-24,683.090549
2007-08-27,682.456179
2007-08-28,668.595193
2007-08-29,677.008829
2007-08-30,680.046317
2007-08-31,688.948518
2007-09-03,689.638439
2007-09-04,694.395642
2007-09-05,688.438969
2007-09-06,691.672654
2007-09-07,682.224059
2007-09-10,679.710937
2007-09-11,690.426892
2007-09-12,692.509239
2007-09-13,698.019811
2007-09-14,695.951268
2007-09-17,689.483796
2007-09-18,703.209115
2007-09-19,716.892771
2007-09-20,716.291201
2007-09-21,719.962756
2007-09-24,721.596406
2007-09-25,720.432529
2007-09-26,724.660371
2007-09-27,730.998096
2007-09-28,732.972374
2007-10-01,740.659377
2007-10-02,738.496152
2007-10-03,736.777195
2007-10-04,735.898371
2007-10-05,745.308498
2007-10-08,742.167136
2007-10-09,747.8066
2007-10-10,750.026318
2007-10-11,752.085162
2007-10-12,753.232448
2007-10-15,748.308149
2007-10-16,741.552751
2007-10-17,744.554411
2007-10-18,745.483128
2007-10-19,731.994426
2007-10-22,726.194683
2007-10-23,737.18314
2007-10-24,735.125216
2007-10-25,740.103355
2007-10-26,749.801369
2007-10-29,755.186485
2007-10-30,752.362789
2007-10-31,761.158135
2007-11-01,748.433574
2007-11-02,747.299898
2007-11-05,741.379291
2007-11-06,749.646277
2007-11-07,740.462814
2007-11-08,738.842905
2007-11-09,727.396462
2007-11-12,718.983394
2007-11-13,729.49732
2007-11-14,732.216123
2007-11-15,721.577155
2007-11-16,721.07827
2007-11-19,710.909085
2007-11-20,717.511215
2007-11-21,703.752213
2007-11-22,706.429712
2007-11-23,715.889814
2007-11-26,709.880644
2007-11-27,713.023956
2007-11-28,729.120091
2007-11-29,732.13081
2007-11-30,735.377547
2007-12-03,732.478457
2007-12-04,726.334101
2007-12-05,736.061591
2007-12-06,741.327707
2007-12-07,743.095371
2007-12-10,748.44119
2007-12-11,738.63449
2007-12-12,741.580244
2007-12-13,734.45938
2007-12-14,726.329758
2007-12-17,712.919437
2007-12-18,714.578841
2007-12-19,713.989181
2007-12-20,715.099684
2007-12-21,726.805863
2007-12-24,731.420378
2007-12-25,731.466516
2007-12-26,732.604127
2007-12-27,728.690781
2007-12-28,730.161502
2007-12-31,727.088605
2008-01-01,727.088605
2008-01-02,717.817333
2008-01-03,717.835024
2008-01-04,704.168053
2008-01-07,703.014184
2008-01-08,699.431724
2008-01-09,699.64892
2008-01-10,700.288175
2008-01-11,692.187029
2008-01-14,696.63761
2008-01-15,680.93346
2008-01-16,671.127322
2008-01-17,661.844756
2008-01-18,656.096879
2008-01-21,638.39646
2008-01-22,637.712859
2008-01-23,642.544709
2008-01-24,662.677402
2008-01-25,660.432955
2008-01-28,663.28338
2008-01-29,666.16591
2008-01-30,660.710799
2008-01-31,667.915606
2008-02-01,677.879195
2008-02-04,677.575548
2008-02-05,656.069747
2008-02-06,650.622092
2008-02-07,644.817708
2008-02-08,645.205831
2008-02-11,643.393579
2008-02-12,656.430257
2008-02-13,660.844293
2008-02-14,660.299265
2008-02-15,657.235579
2008-02-18,660.823661
2008-02-19,663.168315
2008-02-20,660.009731
2008-02-21,661.044837
2008-02-22,662.02418
2008-02-25,672.026546
2008-02-26,678.716708
2008-02-27,684.121438
2008-02-28,677.541618
2008-02-29,664.363696
2008-03-03,658.795023
2008-03-04,655.377225
2008-03-05,662.38886
2008-03-06,655.366441
2008-03-07,648.239902
2008-03-10,638.956729
2008-03-11,652.077399
2008-03-12,656.3281
2008-03-13,654.14676
2008-03-14,646.235423
2008-03-17,630.922601
2008-03-18,652.819113
2008-03-19,639.782568
2008-03-20,639.270672
2008-03-21,639.322602
2008-03-24,645.049896
2008-03-25,658.587602
2008-03-26,656.627891
2008-03-27,657.763526
2008-03-28,653.428772
2008-03-31,655.385407
2008-04-01,669.893814
2008-04-02,673.580922
2008-04-03,675.095261
2008-04-04,679.292888
2008-04-07,683.521672
2008-04-08,678.62602
2008-04-09,675.29657
2008-04-10,678.193808
2008-04-11,669.207369
2008-04-14,665.159657
2008-04-15,667.929669
2008-04-16,683.540171
2008-04-17,681.111063
2008-04-18,688.191137
2008-04-21,689.919931
2008-04-22,686.500658
2008-04-23,690.917833
2008-04-24,689.614918
2008-04-25,692.305379
2008-04-28,692.974585
2008-04-29,686.30474
2008-04-30,686.263107
2008-05-01,690.7461
2008-05-02,697.630544
2008-05-05,696.081717
2008-05-06,699.111956
2008-05-07,691.547762
2008-05-08,692.35071
2008-05-09,688.327273
2008-05-12,695.614363
2008-05-13,694.878425
2008-05-14,698.818464
2008-05-15,705.775274
2008-05-16,710.309913
2008-05-19,714.089026
2008-05-20,705.610704
2008-05-21,700.665186
2008-05-22,703.084395
2008-05-23,695.197122
2008-05-26,693.526973
2008-05-27,693.511531
2008-05-28,696.28027
2008-05-29,699.816919
2008-05-30,698.838581
2008-06-02,693.312843
2008-06-03,692.290247
2008-06-04,689.357296
2008-06-05,696.172494
2008-06-06,685.55526
2008-06-09,685.508189
2008-06-10,678.276327
2008-06-11,671.286595
2008-06-12,670.70798
2008-06-13,675.843636
2008-06-16,678.369259
2008-06-17,678.248703
2008-06-18,673.503645
2008-06-19,674.515082
2008-06-20,665.674241
2008-06-23,664.447014
2008-06-24,662.361625
2008-06-25,664.781616
2008-06-26,654.128831
2008-06-27,651.570697
2008-06-30,654.388547
2008-07-01,649.957351
2008-07-02,643.248531
2008-07-03,642.592619
2008-07-04,640.681712
2008-07-07,639.68906
2008-07-08,639.777336
2008-07-09,638.416582
2008-07-10,635.916524
2008-07-11,629.92077
2008-07-14,629.427063
2008-07-15,623.104929
2008-07-16,627.664932
2008-07-17,636.148782
2008-07-18,636.851763
2008-07-21,639.47106
2008-07-22,642.089635
2008-07-23,644.823923
2008-07-24,631.974148
2008-07-25,631.675359
2008-07-28,627.106053
2008-07-29,632.173004
2008-07-30,640.095865
2008-07-31,635.652688
2008-08-01,628.575274
2008-08-04,624.349707
2008-08-05,631.835404
2008-08-06,636.414998
2008-08-07,630.460566
2008-08-08,633.151441
2008-08-11,636.401794
2008-08-12,631.608723
2008-08-13,625.170293
2008-08-14,630.075565
2008-08-15,627.34528
2008-08-18,624.080324
2008-08-19,615.164486
2008-08-20,620.074195
2008-08-21,623.016767
2008-08-22,630.234356
2008-08-25,623.314198
2008-08-26,621.671935
2008-08-27,627.105697
2008-08-28,634.62715
2008-08-29,630.230396
2008-09-01,625.21773
2008-09-02,622.068757
2008-09-03,615.346417
2008-09-04,600.279688
2008-09-05,592.370414
2008-09-08,605.120135
2008-09-09,591.730007
2008-09-10,591.930709
2008-09-11,592.74007
2008-09-12,603.336591
2008-09-15,586.37536
2008-09-16,583.937732
2008-09-17,567.363507
2008-09-18,580.976839
2008-09-19,608.561687
2008-09-22,599.672568
2008-09-23,591.724104
2008-09-24,589.301352
2008-09-25,598.362343
2008-09-26,594.378987
2008-09-29,555.336461
2008-09-30,564.476288
2008-10-01,562.119509
2008-10-02,543.317038
2008-10-03,543.259355
2008-10-06,510.431179
2008-10-07,500.296203
2008-10-08,481.080714
2008-10-09,458.827742
2008-10-10,435.095149
2008-10-13,482.738081
2008-10-14,488.429304
2008-10-15,452.575052
2008-10-16,449.494538
2008-10-17,457.251682
2008-10-20,475.861642
2008-10-21,465.149439
2008-10-22,436.594973
2008-10-23,437.200229
2008-10-24,419.674472
2008-10-27,402.602668
2008-10-28,429.786036
2008-10-29,448.945821
2008-10-30,456.968267
2008-10-31,461.162881
2008-11-03,465.849657
2008-11-04,486.348561
2008-11-05,472.036642
2008-11-06,443.848671
2008-11-07,454.751789
2008-11-10,454.227586
2008-11-11,436.800349
2008-11-12,419.500339
2008-11-13,434.313825
2008-11-14,427.214448
2008-11-17,416.321971
2008-11-18,420.727387
2008-11-19,400.90759
2008-11-20,377.697753
2008-11-21,391.236322
2008-11-24,419.327552
2008-11-25,423.509637
2008-11-26,430.750027
2008-11-27,433.898331
2008-11-28,439.315066
2008-12-01,407.453427
2008-12-02,415.638562
2008-12-03,421.79743
2008-12-04,414.214367
2008-12-05,416.382703
2008-12-08,438.630959
2008-12-09,434.907455
2008-12-10,440.940327
2008-12-11,437.151462
2008-12-12,434.362778
2008-12-15,437.326566
2008-12-16,450.128594
2008-12-17,455.163059
2008-12-18,453.65757
2008-12-19,445.807374
2008-12-22,438.488219
2008-12-23,435.758243
2008-12-24,437.131933
2008-12-25,437.218544
2008-12-26,438.804946
2008-12-29,441.513009
2008-12-30,449.493887
2008-12-31,451.450636
2009-01-01,451.450636
2009-01-02,464.559701
2009-01-05,466.323266
2009-01-06,469.815181
2009-01-07,462.493981
2009-01-08,462.467311
2009-01-09,454.649565
2009-01-12,444.322826
2009-01-13,440.104574
2009-01-14,426.261514
2009-01-15,424.745946
2009-01-16,433.185368
2009-01-19,430.554757
2009-01-20,413.238631
2009-01-21,417.739187
2009-01-22,411.297505
2009-01-23,410.004661
2009-01-26,418.955028
2009-01-27,423.126417
2009-01-28,434.678943
2009-01-29,423.266489
2009-01-30,415.597825
2009-02-02,411.103039
2009-02-03,419.926429
2009-02-04,422.292549
2009-02-05,425.901147
2009-02-06,434.236751
2009-02-09,438.868571
2009-02-10,423.197372
2009-02-11,421.091044
2009-02-12,418.078176
2009-02-13,419.286809
2009-02-16,415.488188
2009-02-17,398.731029
2009-02-18,397.321025
2009-02-19,397.034293
2009-02-20,388.250885
2009-02-23,381.665051
2009-02-24,386.686584
2009-02-25,382.655814
2009-02-26,383.295508
2009-02-27,375.428737
2009-03-02,358.047294
2009-03-03,354.018099
2009-03-04,363.885085
2009-03-05,351.041351
2009-03-06,350.991535
2009-03-09,346.487678
2009-03-10,365.036056
2009-03-11,367.281836
2009-03-12,374.439665
2009-03-13,380.111731
2009-03-16,384.450954
2009-03-17,389.344682
2009-03-18,392.950298
2009-03-19,399.73874
2009-03-20,395.789363
2009-03-23,414.037275
2009-03-24,411.394223
2009-03-25,413.565758
2009-03-26,419.894489
2009-03-27,410.623208
2009-03-30,395.996883
2009-03-31,404.901063
2009-04-01,408.408124
2009-04-02,426.036754
2009-04-03,425.631103
2009-04-06,423.405557
2009-04-07,415.398637
2009-04-08,416.657567
2009-04-09,426.187275
2009-04-10,426.252623
2009-04-13,427.238865
2009-04-14,425.763025
2009-04-15,427.820901
2009-04-16,434.127064
2009-04-17,435.686332
2009-04-20,420.527252
2009-04-21,425.356017
2009-04-22,424.107213
2009-04-23,427.290485
2009-04-24,437.331934
2009-04-27,434.47399
2009-04-28,430.13737
2009-04-29,440.836123
2009-04-30,443.898529
2009-05-01,444.807334
2009-05-04,456.218242
2009-05-05,455.902492
2009-05-06,461.229902
2009-05-07,459.994011
2009-05-08,468.689607
2009-05-11,462.776594
2009-05-12,464.965314
2009-05-13,455.527196
2009-05-14,456.332006
2009-05-15,457.081978
2009-05-18,465.287502
2009-05-19,470.837175
2009-05-20,473.656023
2009-05-21,466.293138
2009-05-22,469.203615
2009-05-25,470.559148
2009-05-26,477.993741
2009-05-27,474.069551
2009-05-28,475.8693
2009-05-29,483.769293
2009-06-01,497.468818
2009-06-02,501.373254
2009-06-03,494.117867
2009-06-04,494.242428
2009-06-05,494.742428
2009-06-08,490.585665
2009-06-09,494.210853
2009-06-10,497.29591
2009-06-11,501.042125
2009-06-12,499.682694
2009-06-15,487.423153
2009-06-16,484.381798
2009-06-17,480.299353
2009-06-18,483.406643
2009-06-19,486.696387
2009-06-22,474.593709
2009-06-23,474.157691
2009-06-24,479.968736
2009-06-25,483.34257
2009-06-26,485.408578
2009-06-29,490.126916
2009-06-30,486.430047
2009-07-01,491.657643
2009-07-02,478.376573
2009-07-03,477.504833
2009-07-06,475.499324
2009-07-07,469.196442
2009-07-08,466.187435
2009-07-09,468.632958
2009-07-10,465.909004
2009-07-13,473.357189
2009-07-14,478.094374
2009-07-15,492.172235
2009-07-16,495.580311
2009-07-17,496.789859
2009-07-20,504.196982
2009-07-21,508.41097
2009-07-22,507.925018
2009-07-23,518.298943
2009-07-24,518.03823
2009-07-27,520.484376
2009-07-28,518.363256
2009-07-29,515.725254
2009-07-30,522.374539
2009-07-31,523.415904
2009-08-03,533.268181
2009-08-04,533.066135
2009-08-05,529.379512
2009-08-06,527.50884
2009-08-07,530.072927
2009-08-10,527.700363
2009-08-11,523.176597
2009-08-12,528.39202
2009-08-13,531.865254
2009-08-14,527.627387
2009-08-17,514.311638
2009-08-18,519.645353
2009-08-19,522.585975
2009-08-20,528.678108
2009-08-21,538.394693
2009-08-24,541.482877
2009-08-25,542.3823
2009-08-26,539.191643
2009-08-27,538.433486
2009-08-28,541.018527
2009-08-31,537.115548
2009-09-01,528.54361
2009-09-02,526.251262
2009-09-03,528.364864
2009-09-04,534.031188
2009-09-07,538.477653
2009-09-08,545.418224
2009-09-09,548.925232
2009-09-10,551.568462
2009-09-11,554.449707
2009-09-14,554.657432
2009-09-15,554.510649
2009-09-16,563.04481
2009-09-17,565.111649
2009-09-18,563.418259
2009-09-21,559.3266
2009-09-22,564.394864
2009-09-23,561.840005
2009-09-24,553.351935
2009-09-25,550.74179
2009-09-28,557.403516
2009-09-29,556.598614
2009-09-30,557.109767
2009-10-01,546.727883
2009-10-02,541.8762
2009-10-05,546.814234
2009-10-06,557.072475
2009-10-07,556.525561
2009-10-08,563.819122
2009-10-09,565.054514
2009-10-12,567.79202
2009-10-13,565.311126
2009-10-14,575.223949
2009-10-15,578.181651
2009-10-16,574.989065
2009-10-19,582.873957
2009-10-20,580.701511
2009-10-21,580.331438
2009-10-22,582.132559
2009-10-23,578.808301
2009-10-26,573.53035
2009-10-27,571.444293
2009-10-28,560.40624
2009-10-29,567.845289
2009-10-30,556.684872
2009-11-02,559.136183
2009-11-03,554.873734
2009-11-04,562.194034
2009-11-05,568.812171
2009-11-06,570.103576
2009-11-09,582.724625
2009-11-10,582.406433
2009-11-11,584.893019
2009-11-12,581.186772
2009-11-13,584.586627
2009-11-16,593.962388
2009-11-17,592.321645
2009-11-18,593.783005
2009-11-19,584.590236
2009-11-20,582.278923
2009-11-23,591.792631
2009-11-24,589.321565
2009-11-25,594.342629
2009-11-26,586.784809
2009-11-27,581.698618
2009-11-30,581.842684
2009-12-01,592.675081
2009-12-02,594.245721
2009-12-03,590.737665
2009-12-04,590.378689
2009-12-07,588.557273
2009-12-08,581.320478
2009-12-09,580.425054
2009-12-10,584.007279
2009-12-11,586.055894
2009-12-14,589.453687
2009-12-15,586.924288
2009-12-16,589.825883
2009-12-17,580.038254
2009-12-18,580.71563
2009-12-21,585.185765
2009-12-22,587.18932
2009-12-23,590.490287
2009-12-24,592.828108
2009-12-25,592.814413
2009-12-28,594.874973
2009-12-29,596.768154
2009-12-30,594.507841
2009-12-31,593.191481
2010-01-01,593.191481
2010-01-04,602.075655
2010-01-05,602.123205
2010-01-06,602.60213
2010-01-07,601.961246
2010-01-08,602.967148
2010-01-11,607.212981
2010-01-12,603.915434
2010-01-13,605.208028
2010-01-14,608.583049
2010-01-15,602.785275
2010-01-18,604.172833
2010-01-19,607.853524
2010-01-20,598.430471
2010-01-21,589.331522
2010-01-22,581.188873
2010-01-25,581.425331
2010-01-26,579.48158
2010-01-27,579.145035
2010-01-28,573.408287
2010-01-29,568.76525
2010-02-01,573.382419
2010-02-02,580.465231
2010-02-03,578.207046
2010-02-04,562.550877
2010-02-05,555.951853
2010-02-08,554.897255
2010-02-09,560.197823
2010-02-10,560.01377
2010-02-11,564.616924
2010-02-12,564.546127
2010-02-15,565.241843
2010-02-16,573.429542
2010-02-17,577.106709
2010-02-18,580.609524
2010-02-19,578.897436
2010-02-22,579.31753
2010-02-23,574.496739
2010-02-24,577.773751
2010-02-25,572.573625
2010-02-26,576.56239
2010-03-01,580.545868
2010-03-02,583.789655
2010-03-03,586.737209
2010-03-04,587.066342
2010-03-05,594.242878
2010-03-08,596.385171
2010-03-09,596.147606
2010-03-10,598.951999
2010-03-11,599.540094
2010-03-12,601.316612
2010-03-15,599.10852
2010-03-16,603.50311
2010-03-17,608.225254
2010-03-18,606.996176
2010-03-19,604.189536
2010-03-22,604.702933
2010-03-23,607.957085
2010-03-24,603.474987
2010-03-25,604.672283
2010-03-26,604.950682
2010-03-29,608.974021
2010-03-30,609.264398
2010-03-31,608.491523
2010-04-01,614.202976
2010-04-02,614.242933
2010-04-05,615.730778
2010-04-06,615.573714
2010-04-07,613.170331
2010-04-08,613.016208
2010-04-09,619.124762
2010-04-12,621.390601
2010-04-13,620.80382
2010-04-14,625.927956
2010-04-15,626.175773
2010-04-16,617.894501
2010-04-19,616.793903
2010-04-20,622.066682
2010-04-21,620.558884
2010-04-22,617.406936
2010-04-23,621.361391
2010-04-26,622.039222
2010-04-27,608.515112
2010-04-28,604.889873
2010-04-29,612.118871
2010-04-30,607.486101
2010-05-03,609.236107
2010-05-04,594.861247
2010-05-05,588.347137
2010-05-06,574.082296
2010-05-07,560.631721
2010-05-10,587.212498
2010-05-11,582.114471
2010-05-12,588.677418
2010-05-13,584.828241
2010-05-14,571.209386
2010-05-17,568.447617
2010-05-18,566.964219
2010-05-19,558.289839
2010-05-20,541.519442
2010-05-21,546.283356
2010-05-24,542.053245
2010-05-25,534.310447
2010-05-26,535.848046
2010-05-27,552.043788
2010-05-28,550.001197
2010-05-31,549.466952
2010-06-01,545.023586
2010-06-02,550.93875
2010-06-03,556.140774
2010-06-04,541.347445
2010-06-07,532.934359
2010-06-08,535.760304
2010-06-09,538.283469
2010-06-10,549.708305
2010-06-11,553.12719
2010-06-14,557.361282
2010-06-15,565.546556
2010-06-16,566.664839
2010-06-17,567.571201
2010-06-18,568.662775
2010-06-21,571.079707
2010-06-22,564.442472
2010-06-23,560.353805
2010-06-24,554.842509
2010-06-25,552.536027
2010-06-28,555.220098
2010-06-29,539.020239
2010-06-30,537.046495
2010-07-01,535.377396
2010-07-02,535.995279
2010-07-05,534.660419
2010-07-06,543.026779
2010-07-07,552.705756
2010-07-08,558.919396
2010-07-09,561.605771
2010-07-12,561.572792
2010-07-13,569.314889
2010-07-14,570.896711
2010-07-15,571.520088
2010-07-16,562.391999
2010-07-19,561.200504
2010-07-20,564.76298
2010-07-21,563.209735
2010-07-22,573.339462
2010-07-23,576.647933
2010-07-26,581.408532
2010-07-27,580.929793
2010-07-28,579.516598
2010-07-29,579.630398
2010-07-30,577.830624
2010-08-02,591.341691
2010-08-03,591.61686
2010-08-04,592.623587
2010-08-05,591.287281
2010-08-06,591.516876
2010-08-09,596.054656
2010-08-10,589.613387
2010-08-11,575.368221
2010-08-12,573.333328
2010-08-13,571.850567
2010-08-16,572.699057
2010-08-17,578.579706
2010-08-18,577.294068
2010-08-19,570.955714
2010-08-20,565.838636
2010-08-23,566.264949
2010-08-24,559.476208
2010-08-25,557.879377
2010-08-26,559.358113
2010-08-27,565.260633
2010-08-30,561.833384
2010-08-31,561.067836
2010-09-01,576.731572
2010-09-02,579.513838
2010-09-03,585.380315
2010-09-06,587.592109
2010-09-07,582.381129
2010-09-08,586.188297
2010-09-09,589.005455
2010-09-10,590.065152
2010-09-13,597.378846
2010-09-14,599.540129
2010-09-15,601.07744
2010-09-16,600.773226
2010-09-17,600.586183
2010-09-20,609.039711
2010-09-21,607.860329
2010-09-22,609.482464
2010-09-23,606.247439
2010-09-24,616.260365
2010-09-27,615.27044
2010-09-28,617.131211
2010-09-29,616.166511
2010-09-30,614.818262
2010-10-01,617.588643
2010-10-04,613.857808
2010-10-05,624.781711
2010-10-06,627.736623
2010-10-07,628.429145
2010-10-08,630.641781
2010-10-11,631.190997
2010-10-12,630.011241
2010-10-13,638.079565
2010-10-14,640.96819
2010-10-15,640.985896
2010-10-18,642.289976
2010-10-19,632.478272
2010-10-20,639.00015
2010-10-21,641.837839
2010-10-22,639.937207
2010-10-25,643.987584
2010-10-26,641.909019
2010-10-27,636.198633
2010-10-28,639.885934
2010-10-29,640.980543
2010-11-01,643.606276
2010-11-02,649.735425
2010-11-03,650.195864
2010-11-04,664.647425
2010-11-05,664.484798
2010-11-08,661.582862
2010-11-09,660.523644
2010-11-10,656.160497
2010-11-11,655.202753
2010-11-12,649.02486
2010-11-15,648.805805
2010-11-16,637.034032
2010-11-17,637.999024
2010-11-18,647.48422
2010-11-19,648.095737
2010-11-22,646.476794
2010-11-23,634.761459
2010-11-24,642.096161
2010-11-25,642.859881
2010-11-26,636.305859
2010-11-29,631.522578
2010-11-30,628.939785
2010-12-01,641.478837
2010-12-02,650.627945
2010-12-03,654.5013
2010-12-06,653.031408
2010-12-07,656.260615
2010-12-08,655.139538
2010-12-09,656.10982
2010-12-10,659.417224
2010-12-13,664.017272
2010-12-14,665.60138
2010-12-15,661.748783
2010-12-16,661.617201
2010-12-17,659.986498
2010-12-20,660.874196
2010-12-21,665.944894
2010-12-22,666.793229
2010-12-23,666.613627
2010-12-24,667.471862
2010-12-27,665.973757
2010-12-28,666.934632
2010-12-29,668.24053
2010-12-30,667.138968
2010-12-31,668.157779
2011-01-03,671.750537
2011-01-04,671.481501
2011-01-05,669.112
2011-01-06,668.101792
2011-01-07,667.285362
2011-01-10,664.384007
2011-01-11,668.062053
2011-01-12,675.62754
2011-01-13,677.464783
2011-01-14,679.32644
2011-01-17,678.673627
2011-01-18,683.613621
2011-01-19,680.97381
2011-01-20,673.743769
2011-01-21,676.944482
2011-01-24,682.125766
2011-01-25,680.560403
2011-01-26,685.753536
2011-01-27,686.129651
2011-01-28,675.414212
2011-01-31,678.942837
2011-02-01,689.701855
2011-02-02,690.340644
2011-02-03,689.193637
2011-02-04,690.857658
2011-02-07,694.606482
2011-02-08,697.61911
2011-02-09,695.601855
2011-02-10,693.301942
2011-02-11,694.753892
2011-02-14,696.465021
2011-02-15,695.27694
2011-02-16,698.174291
2011-02-17,700.891215
2011-02-18,703.723791
2011-02-21,701.769942
2011-02-22,693.193774
2011-02-23,689.745488
2011-02-24,688.49065
2011-02-25,694.362432
2011-02-28,700.26627
2011-03-01,694.768482
2011-03-02,693.483988
2011-03-03,701.55867
2011-03-04,700.514942
2011-03-07,696.469712
2011-03-08,698.631622
2011-03-09,697.803865
2011-03-10,685.34827
2011-03-11,686.017291
2011-03-14,682.655995
2011-03-15,670.38924
2011-03-16,660.361428
2011-03-17,669.855421
2011-03-18,673.314966
2011-03-21,684.972617
2011-03-22,684.933286
2011-03-23,687.191481
2011-03-24,692.940685
2011-03-25,694.331509
2011-03-28,693.076114
2011-03-29,695.853264
2011-03-30,702.248948
2011-03-31,702.169351
2011-04-01,707.269755
2011-04-04,711.363641
2011-04-05,712.749336
2011-04-06,715.970637
2011-04-07,713.323147
2011-04-08,716.23592
2011-04-11,715.572715
2011-04-12,707.895516
2011-04-13,710.479244
2011-04-14,709.198071
2011-04-15,711.119181
2011-04-18,700.424522
2011-04-19,704.833923
2011-04-20,719.613983
2011-04-21,725.293856
2011-04-22,725.301684
2011-04-25,723.738024
2011-04-26,728.956824
2011-04-27,731.665449
2011-04-28,736.996567
2011-04-29,737.563789
2011-05-02,738.457358
2011-05-03,733.845411
2011-05-04,728.425415
2011-05-05,719.313369
2011-05-06,721.623
2011-05-09,720.270014
2011-05-10,726.010428
2011-05-11,722.476779
2011-05-12,720.855917
2011-05-13,717.673715
2011-05-16,715.167172
2011-05-17,711.605396
2011-05-18,717.708395
2011-05-19,721.290296
2011-05-20,716.416366
2011-05-23,705.037888
2011-05-24,706.798283
2011-05-25,708.844092
2011-05-26,711.658994
2011-05-27,717.626758
2011-05-30,717.642353
2011-05-31,725.659543
2011-06-01,716.743202
2011-06-02,711.655993
2011-06-03,708.754008
2011-06-06,705.462242
2011-06-07,706.698518
2011-06-08,701.066382
2011-06-09,705.429065
2011-06-10,694.64065
2011-06-13,694.97403
2011-06-14,703.820546
2011-06-15,691.608514
2011-06-16,686.586177
2011-06-17,689.541124
2011-06-20,689.605029
2011-06-21,699.847689
2011-06-22,697.303205
2011-06-23,688.992859
2011-06-24,685.822498
2011-06-27,690.513085
2011-06-28,699.113423
2011-06-29,707.576626
2011-06-30,716.686534
2011-07-01,723.311384
2011-07-04,725.773284
2011-07-05,725.755756
2011-07-06,723.921548
2011-07-07,730.786773
2011-07-08,727.093444
2011-07-11,713.024588
2011-07-12,708.538154
2011-07-13,715.622249
2011-07-14,711.321089
2011-07-15,711.300883
2011-07-18,703.515324
2011-07-19,714.565837
2011-07-20,716.644284
2011-07-21,726.646556
2011-07-22,729.170354
2011-07-25,726.220077
2011-07-26,727.003083
2011-07-27,714.764754
2011-07-28,712.279693
2011-07-29,708.560291
2011-08-01,704.017016
2011-08-02,690.29686
2011-08-03,688.434502
2011-08-04,661.451831
2011-08-05,655.00459
2011-08-08,622.995295
2011-08-09,639.324351
2011-08-10,618.916672
2011-08-11,640.214582
2011-08-12,649.313214
2011-08-15,662.500903
2011-08-16,658.341032
2011-08-17,661.024399
2011-08-18,633.148194
2011-08-19,624.912156
2011-08-22,627.913463
2011-08-23,644.041619
2011-08-24,649.53858
2011-08-25,639.246703
2011-08-26,644.7526
2011-08-29,660.373514
2011-08-30,663.033265
2011-08-31,670.723051
2011-09-01,665.801035
2011-09-02,650.757605
2011-09-05,640.807592
2011-09-06,636.596383
2011-09-07,653.296317
2011-09-08,650.995462
2011-09-09,631.651091
2011-09-12,625.407067
2011-09-13,630.031674
2011-09-14,635.718671
2011-09-15,649.123888
2011-09-16,652.074443
2011-09-19,641.954829
2011-09-20,646.234477
2011-09-21,632.298436
2011-09-22,605.315087
2011-09-23,607.49492
2011-09-26,617.057982
2011-09-27,633.398926
2011-09-28,622.955607
2011-09-29,626.704446
2011-09-30,613.557555
2011-10-03,598.967124
2011-10-04,599.273542
2011-10-05,611.608966
2011-10-06,625.30712
2011-10-07,627.74928
2011-10-10,644.816467
2011-10-11,644.711975
2011-10-12,653.479165
2011-10-13,651.631725
2011-10-14,661.387302
2011-10-17,651.531329
2011-10-18,653.438846
2011-10-19,652.087581
2011-10-20,647.31318
2011-10-21,663.69892
2011-10-24,673.067396
2011-10-25,663.390179
2011-10-26,666.136918
2011-10-27,691.918103
2011-10-28,693.24911
2011-10-31,676.067767
2011-11-01,654.174789
2011-11-02,663.48229
2011-11-03,673.033964
2011-11-04,672.651015
2011-11-07,674.072195
2011-11-08,681.085611
2011-11-09,661.254054
2011-11-10,660.343447
2011-11-11,674.677737
2011-11-14,668.198469
2011-11-15,667.704134
2011-11-16,660.227239
2011-11-17,651.442594
2011-11-18,648.559594
2011-11-21,634.271647
2011-11-22,633.492389
2011-11-23,619.661722
2011-11-24,618.78495
2011-11-25,617.341925
2011-11-28,636.492381
2011-11-29,640.241945
2011-11-30,664.348089
2011-12-01,664.19128
2011-12-02,664.922433
2011-12-05,670.186875
2011-12-06,668.372416
2011-12-07,669.527976
2011-12-08,659.083467
2011-12-09,665.716626
2011-12-12,656.080552
2011-12-13,652.045012
2011-12-14,640.646388
2011-12-15,642.839804
2011-12-16,644.055362
2011-12-19,639.562559
2011-12-20,655.429613
2011-12-21,654.561658
2011-12-22,658.565054
2011-12-23,664.371921
2011-12-26,664.430826
2011-12-27,665.474877
2011-12-28,657.463267
2011-12-29,662.421957
2011-12-30,663.880943
2012-01-02,665.459132
2012-01-03,675.932846
2012-01-04,673.449537
2012-01-05,670.176581
2012-01-06,667.554185
2012-01-09,667.466839
2012-01-10,675.111163
2012-01-11,671.477214
2012-01-12,673.295803
2012-01-13,669.624235
2012-01-16,671.319833
2012-01-17,677.738074
2012-01-18,683.903548
2012-01-19,688.241011
2012-01-20,690.304481
2012-01-23,693.909769
2012-01-24,691.013038
2012-01-25,695.275463
2012-01-26,700.263051
2012-01-27,696.237695
2012-01-30,693.836439
2012-01-31,695.009419
2012-02-01,704.071956
2012-02-02,704.503086
2012-02-03,712.969598
2012-02-06,711.862099
2012-02-07,715.195395
2012-02-08,716.039841
2012-02-09,718.206196
2012-02-10,711.305456
2012-02-13,717.179521
2012-02-14,715.772467
2012-02-15,714.205313
2012-02-16,717.654002
2012-02-17,721.129878
2012-02-20,724.957584
2012-02-21,725.220905
2012-02-22,723.038751
2012-02-23,726.158496
2012-02-24,730.060398
2012-02-27,729.174954
2012-02-28,732.433598
2012-02-29,731.412208
2012-03-01,734.200052
2012-03-02,730.514739
2012-03-05,727.872654
2012-03-06,712.883051
2012-03-07,716.257388
2012-03-08,725.836426
2012-03-09,726.580431
2012-03-12,726.124737
2012-03-13,736.891316
2012-03-14,735.886632
2012-03-15,739.038359
2012-03-16,742.229641
2012-03-19,744.870491
2012-03-20,739.843188
2012-03-21,737.663232
2012-03-22,732.527414
2012-03-23,733.969494
2012-03-26,743.557537
2012-03-27,741.838816
2012-03-28,736.609716
2012-03-29,733.55185
2012-03-30,736.928131
2012-04-02,745.758086
2012-04-03,743.959933
2012-04-04,731.279484
2012-04-05,731.710057
2012-04-06,731.693789
2012-04-09,727.466051
2012-04-10,715.586978
2012-04-11,719.585877
2012-04-12,728.839303
2012-04-13,720.306677
2012-04-16,719.837247
2012-04-17,732.509178
2012-04-18,731.194005
2012-04-19,728.968714
2012-04-20,732.769794
2012-04-23,722.810637
2012-04-24,725.70124
2012-04-25,733.611795
2012-04-26,736.401071
2012-04-27,738.510803
2012-04-30,736.067048
2012-05-01,738.470553
2012-05-02,737.069773
2012-05-03,734.721871
2012-05-04,723.017064
2012-05-07,720.384069
2012-05-08,714.116972
2012-05-09,709.513933
2012-05-10,711.469037
2012-05-11,711.018276
2012-05-14,700.799162
2012-05-15,696.489258
2012-05-16,691.279556
2012-05-17,681.959066
2012-05-18,675.15639
2012-05-21,684.172735
2012-05-22,687.801116
2012-05-23,680.032531
2012-05-24,682.843915
2012-05-25,681.25374
2012-05-28,682.433595
2012-05-29,688.201404
2012-05-30,676.203984
2012-05-31,673.329153
2012-06-01,659.378679
2012-06-04,659.116402
2012-06-05,661.240082
2012-06-06,676.246963
2012-06-07,681.25157
2012-06-08,680.052574
2012-06-11,677.934204
2012-06-12,682.747795
2012-06-13,681.66111
2012-06-14,684.541163
2012-06-15,691.170504
2012-06-18,693.306593
2012-06-19,702.776706
2012-06-20,703.472317
2012-06-21,690.432864
2012-06-22,689.290078
2012-06-25,679.929902
2012-06-26,682.501312
2012-06-27,687.788996
2012-06-28,685.263625
2012-06-29,704.754288
2012-07-02,707.089981
2012-07-03,713.560084
2012-07-04,713.183781
2012-07-05,711.368089
2012-07-06,705.3528
2012-07-09,702.339181
2012-07-10,699.882767
2012-07-11,699.590974
2012-07-12,693.147736
2012-07-13,704.193692
2012-07-16,704.202311
2012-07-17,706.749141
2012-07-18,713.721674
2012-07-19,719.80189
2012-07-20,710.987873
2012-07-23,699.523408
2012-07-24,694.815723
2012-07-25,693.74893
2012-07-26,707.469072
2012-07-27,718.931595
2012-07-30,721.314338
2012-07-31,718.648224
2012-08-01,717.953056
2012-08-02,711.984325
2012-08-03,725.528384
2012-08-06,728.630032
2012-08-07,733.251976
2012-08-08,731.893104
2012-08-09,732.306094
2012-08-10,732.662727
2012-08-13,731.788804
2012-08-14,733.165548
2012-08-15,733.14003
2012-08-16,737.476156
2012-08-17,737.959677
2012-08-20,737.747913
2012-08-21,739.117587
2012-08-22,735.388747
2012-08-23,734.322008
2012-08-24,735.624023
2012-08-27,735.982419
2012-08-28,735.3929
2012-08-29,734.505434
2012-08-30,729.105159
2012-08-31,733.951955
2012-09-03,735.390153
2012-09-04,731.20639
2012-09-05,730.854672
2012-09-06,743.723816
2012-09-07,749.23116
2012-09-10,745.952882
2012-09-11,749.01851
2012-09-12,750.255767
2012-09-13,756.734771
2012-09-14,766.474044
2012-09-17,765.328668
2012-09-18,763.639132
2012-09-19,764.744156
2012-09-20,762.29795
2012-09-21,763.165161
2012-09-24,760.026412
2012-09-25,757.26467
2012-09-26,749.162323
2012-09-27,754.588547
2012-09-28,751.156197
2012-10-01,755.757094
2012-10-02,755.285957
2012-10-03,754.986598
2012-10-04,759.810009
2012-10-05,762.781892
2012-10-08,758.760255
2012-10-09,752.995441
2012-10-10,748.327825
2012-10-11,749.976683
2012-10-12,748.963387
2012-10-15,752.848437
2012-10-16,761.305733
2012-10-17,764.921927
2012-10-18,764.489438
2012-10-19,754.188817
2012-10-22,753.515988
2012-10-23,742.033137
2012-10-24,743.153787
2012-10-25,745.028961
2012-10-26,744.07008
2012-10-29,741.908841
2012-10-30,744.449934
2012-10-31,744.76583
2012-11-01,751.347583
2012-11-02,747.355376
2012-11-05,747.099674
2012-11-06,751.45054
2012-11-07,740.376112
2012-11-08,732.923884
2012-11-09,733.034431
2012-11-12,733.459738
2012-11-13,731.589549
2012-11-14,724.710375
2012-11-15,721.702332
2012-11-16,720.235904
2012-11-19,734.848569
2012-11-20,734.953006
2012-11-21,737.346304
2012-11-22,740.909555
2012-11-23,749.267044
2012-11-26,747.839488
2012-11-27,746.493565
2012-11-28,749.743828
2012-11-29,755.13428
2012-11-30,754.570682
2012-12-03,754.299401
2012-12-04,753.082111
2012-12-05,753.451647
2012-12-06,755.239259
2012-12-07,756.193935
2012-12-10,757.545624
2012-12-11,762.294274
2012-12-12,762.886552
2012-12-13,759.244142
2012-12-14,758.067074
2012-12-17,762.905446
2012-12-18,769.644317
2012-12-19,769.034711
2012-12-20,769.909798
2012-12-21,764.542821
2012-12-24,763.457392
2012-12-25,763.480198
2012-12-26,760.928512
2012-12-27,760.866222
2012-12-28,755.395995
2012-12-31,761.821412
2013-01-01,761.837106
2013-01-02,778.637002
2013-01-03,777.15474
2013-01-04,778.376345
2013-01-07,776.36957
2013-01-08,774.818053
2013-01-09,777.024861
2013-01-10,781.902658
2013-01-11,783.885021
2013-01-14,782.767247
2013-01-15,783.963169
2013-01-16,783.731793
2013-01-17,788.450792
2013-01-18,788.394528
2013-01-21,789.988341
2013-01-22,792.45614
2013-01-23,793.211401
2013-01-24,794.795435
2013-01-25,798.832862
2013-01-28,796.944787
2013-01-29,802.084497
2013-01-30,801.637402
2013-01-31,799.406104
2013-02-01,806.403829
2013-02-04,796.974837
2013-02-05,799.206398
2013-02-06,799.293667
2013-02-07,796.020881
2013-02-08,801.125301
2013-02-11,797.034402
2013-02-12,798.896947
2013-02-13,800.398755
2013-02-14,801.337851
2013-02-15,801.230041
2013-02-18,800.705132
2013-02-19,806.650653
2013-02-20,802.178982
2013-02-21,792.608596
2013-02-22,799.199812
2013-02-25,790.818538
2013-02-26,789.076646
2013-02-27,797.588942
2013-02-28,800.482361
2013-03-01,799.621845
2013-03-04,800.855308
2013-03-05,809.321268
2013-03-06,809.784195
2013-03-07,811.058905
2013-03-08,811.578216
2013-03-11,813.812343
2013-03-12,812.794087
2013-03-13,812.053234
2013-03-14,816.864614
2013-03-15,818.125355
2013-03-18,811.865904
2013-03-19,810.148691
2013-03-20,813.899153
2013-03-21,809.414758
2013-03-22,814.607702
2013-03-25,812.09661
2013-03-26,816.446578
2013-03-27,815.334832
2013-03-28,820.149322
2013-03-29,820.129135
2013-04-01,817.207033
2013-04-02,821.333029
2013-04-03,815.599539
2013-04-04,813.218599
2013-04-05,809.341724
2013-04-08,812.499687
2013-04-09,816.201847
2013-04-10,826.099934
2013-04-11,830.868908
2013-04-12,827.671033
2013-04-15,814.109299
2013-04-16,818.78406
2013-04-17,808.959485
2013-04-18,807.093207
2013-04-19,811.986475
2013-04-22,813.676516
2013-04-23,822.284703
2013-04-24,825.726102
2013-04-25,830.245898
2013-04-26,829.925678
2013-04-29,837.427263
2013-04-30,841.800584
2013-05-01,836.685138
2013-05-02,839.23185
2013-05-03,848.303266
2013-05-06,848.770988
2013-05-07,849.854383
2013-05-08,855.47925
2013-05-09,853.395229
2013-05-10,853.384035
2013-05-13,853.579151
2013-05-14,859.692327
2013-05-15,860.781747
2013-05-16,858.336476
2013-05-17,861.757281
2013-05-20,864.724719
2013-05-21,865.71499
2013-05-22,861.552747
2013-05-23,853.639808
2013-05-24,853.434938
2013-05-27,853.36052
2013-05-28,858.541421
2013-05-29,851.436809
2013-05-30,854.545621
2013-05-31,843.189952
2013-06-03,844.949389
2013-06-04,843.80814
2013-06-05,831.712373
2013-06-06,833.626979
2013-06-07,843.879611
2013-06-10,843.27252
2013-06-11,835.697852
2013-06-12,833.090694
2013-06-13,839.252584
2013-06-14,837.393949
2013-06-17,843.9803
2013-06-18,847.726846
2013-06-19,841.053042
2013-06-20,814.322812
2013-06-21,811.031584
2013-06-24,799.359555
2013-06-25,807.189607
2013-06-26,816.05018
2013-06-27,821.125008
2013-06-28,817.546141
2013-07-01,824.326791
2013-07-02,824.222888
2013-07-03,822.224461
2013-07-04,826.687934
2013-07-05,827.866595
2013-07-08,833.226155
2013-07-09,837.852859
2013-07-10,840.064614
2013-07-11,852.639418
2013-07-12,852.994485
2013-07-15,854.791807
2013-07-16,852.773455
2013-07-17,854.498911
2013-07-18,858.176575
2013-07-19,858.283854
2013-07-22,860.69198
2013-07-23,859.441235
2013-07-24,860.316473
2013-07-25,860.817634
2013-07-26,862.111454
2013-07-29,860.960078
2013-07-30,860.945454
2013-07-31,859.906244
2013-08-01,868.279929
2013-08-02,869.948323
2013-08-05,869.749291
2013-08-06,867.66862
2013-08-07,864.19498
2013-08-08,868.826539
2013-08-09,868.90536
2013-08-12,868.02811
2013-08-13,870.864391
2013-08-14,869.339904
2013-08-15,858.234273
2013-08-16,859.004227
2013-08-19,856.908863
2013-08-20,857.988961
2013-08-21,852.180362
2013-08-22,857.020827
2013-08-23,861.391126
2013-08-26,859.884243
2013-08-27,847.635064
2013-08-28,846.853578
2013-08-29,847.269932
2013-08-30,842.756286
2013-09-02,848.143787
2013-09-03,849.075606
2013-09-04,854.239438
2013-09-05,854.714949
2013-09-06,856.069402
2013-09-09,864.516501
2013-09-10,871.585884
2013-09-11,874.528878
2013-09-12,872.7755
2013-09-13,874.224587
2013-09-16,881.887544
2013-09-17,883.327569
2013-09-18,891.115372
2013-09-19,899.013412
2013-09-20,893.221797
2013-09-23,890.526411
2013-09-24,889.14021
2013-09-25,886.498147
2013-09-26,889.075525
2013-09-27,888.563693
2013-09-30,884.112902
2013-10-01,887.46777
2013-10-02,885.746385
2013-10-03,880.63839
2013-10-04,882.828604
2013-10-07,877.239513
2013-10-08,869.402514
2013-10-09,865.062319
2013-10-10,880.110133
2013-10-11,886.015187
2013-10-14,889.668181
2013-10-15,886.253332
2013-10-16,894.093897
2013-10-17,903.177425
2013-10-18,909.394812
2013-10-21,910.856354
2013-10-22,917.610058
2013-10-23,915.323406
2013-10-24,917.984239
2013-10-25,919.967288
2013-10-28,920.886135
2013-10-29,923.04163
2013-10-30,922.56634
2013-10-31,917.913805
2013-11-01,916.104265
2013-11-04,919.966145
2013-11-05,918.828574
2013-11-06,923.265672
2013-11-07,913.66924
2013-11-08,919.78835
2013-11-11,921.75169
2013-11-12,918.921753
2013-11-13,921.601129
2013-11-14,928.033617
2013-11-15,932.391252
2013-11-18,933.317132
2013-11-19,930.329334
2013-11-20,928.062228
2013-11-21,930.906927
2013-11-22,934.255745
2013-11-25,933.470059
2013-11-26,932.076289
2013-11-27,935.827619
2013-11-28,937.516071
2013-11-29,937.910783
2013-12-02,934.87773
2013-12-03,929.992916
2013-12-04,926.32471
2013-12-05,923.941599
2013-12-06,931.779137
2013-12-09,933.387111
2013-12-10,929.694588
2013-12-11,921.888659
2013-12-12,916.161817
2013-12-13,915.801075
2013-12-16,923.372945
2013-12-17,919.538444
2013-12-18,931.956852
2013-12-19,933.874992
2013-12-20,938.703116
2013-12-23,944.387495
2013-12-24,947.245157
2013-12-25,947.249995
2013-12-26,951.112486
2013-12-27,955.118369
2013-12-30,955.603363
2013-12-31,959.161919
2014-01-01,959.165597
2014-01-02,949.606373
2014-01-03,948.928507
2014-01-06,945.832401
2014-01-07,947.550288
2014-01-08,946.379077
2014-01-09,944.472229
2014-01-10,949.012599
2014-01-13,939.902279
2014-01-14,946.313397
2014-01-15,948.134278
2014-01-16,948.657925
2014-01-17,947.641816
2014-01-20,947.886859
2014-01-21,949.771568
2014-01-22,950.036076
2014-01-23,943.113957
2014-01-24,925.562738
2014-01-27,920.109558
2014-01-28,922.696801
2014-01-29,915.013517
2014-01-30,918.252375
2014-01-31,912.957242
2014-02-03,899.017027
2014-02-04,901.588257
2014-02-05,899.979722
2014-02-06,911.557265
2014-02-07,922.976463
2014-02-10,924.624337
2014-02-11,935.498906
2014-02-12,937.433783
2014-02-13,941.759221
2014-02-14,947.336301
2014-02-17,948.871806
2014-02-18,950.956892
2014-02-19,948.228363
2014-02-20,950.291995
2014-02-21,951.374064
2014-02-24,956.683725
2014-02-25,958.478445
2014-02-26,956.259981
2014-02-27,959.713155
2014-02-28,964.046592
2014-03-03,953.052694
2014-03-04,966.362919
2014-03-05,965.089444
2014-03-06,968.634085
2014-03-07,967.099812
2014-03-10,965.178652
2014-03-11,963.439308
2014-03-12,961.396634
2014-03-13,952.496468
2014-03-14,948.401328
2014-03-17,956.524541
2014-03-18,962.473186
2014-03-19,957.486523
2014-03-20,956.118184
2014-03-21,955.754532
2014-03-24,952.737448
2014-03-25,958.003373
2014-03-26,956.715349
2014-03-27,955.792889
2014-03-28,960.830847
2014-03-31,967.63083
2014-04-01,973.262114
2014-04-02,974.959423
2014-04-03,972.434889
2014-04-04,966.375771
2014-04-07,957.306461
2014-04-08,960.614053
2014-04-09,968.828159
2014-04-10,957.998049
2014-04-11,949.327147
2014-04-14,955.31735
2014-04-15,957.560518
2014-04-16,967.400128
2014-04-17,970.45346
2014-04-18,970.494879
2014-04-21,971.862999
2014-04-22,976.60219
2014-04-23,975.220357
2014-04-24,976.76399
2014-04-25,972.55716
2014-04-28,977.832257
2014-04-29,981.964439
2014-04-30,985.659527
2014-05-01,985.826086
2014-05-02,984.928961
2014-05-05,986.042495
2014-05-06,982.420612
2014-05-07,985.054864
2014-05-08,984.456874
2014-05-09,983.818726
2014-05-12,991.877036
2014-05-13,993.661349
2014-05-14,991.936436
2014-05-15,984.831141
2014-05-16,987.940212
2014-05-19,987.993839
2014-05-20,982.975024
2014-05-21,989.205737
2014-05-22,991.185077
2014-05-23,992.653818
2014-05-26,993.779298
2014-05-27,995.912534
2014-05-28,993.942437
2014-05-29,998.650867
2014-05-30,1000
2014-06-02,1001.096902
2014-06-03,999.926887
2014-06-04,1002.340511
2014-06-05,1006.30499
2014-06-06,1010.308709
2014-06-09,1010.656507
2014-06-10,1010.560765
2014-06-11,1007.410053
2014-06-12,1004.474292
2014-06-13,1004.380492
2014-06-16,1005.588581
2014-06-17,1006.460816
2014-06-18,1009.577149
2014-06-19,1014.74965
2014-06-20,1014.615353
2014-06-23,1012.943893
2014-06-24,1007.538239
2014-06-25,1007.463964
2014-06-26,1008.515536
2014-06-27,1012.220409
2014-06-30,1012.742612
2014-07-01,1019.331565
2014-07-02,1021.766456
2014-07-03,1027.398685
2014-07-04,1027.130988
2014-07-07,1023.770154
2014-07-08,1017.538231
2014-07-09,1018.61999
2014-07-10,1011.722349
2014-07-11,1012.648186
2014-07-14,1019.266668
2014-07-15,1016.253846
2014-07-16,1019.871613
2014-07-17,1011.379707
2014-07-18,1016.259119
2014-07-21,1014.309566
2014-07-22,1021.326092
2014-07-23,1025.769138
2014-07-24,1025.698758
2014-07-25,1020.702348
2014-07-28,1022.390325
2014-07-29,1019.789966
2014-07-30,1017.38426
2014-07-31,1002.207599
2014-08-01,997.69687
2014-08-04,1000.18097
2014-08-05,995.769526
2014-08-06,995.396737
2014-08-07,991.308366
2014-08-08,995.927151
2014-08-11,1002.175844
2014-08-12,1002.172014
2014-08-13,1007.311656
2014-08-14,1011.200819
2014-08-15,1012.246097
2014-08-18,1020.263315
2014-08-19,1025.650678
2014-08-20,1028.151041
2014-08-21,1029.841597
2014-08-22,1027.605682
2014-08-25,1033.293734
2014-08-26,1035.342708
2014-08-27,1035.642858
2014-08-28,1032.22994
2014-08-29,1034.336344
2014-09-01,1034.918998
2014-09-02,1034.035852
2014-09-03,1035.195824
2014-09-04,1031.712699
2014-09-05,1031.35902
2014-09-08,1028.148071
2014-09-09,1023.093331
2014-09-10,1024.814128
2014-09-11,1025.149715
2014-09-12,1021.477435
2014-09-15,1020.335805
2014-09-16,1023.592106
2014-09-17,1025.188296
2014-09-18,1030.123464
2014-09-19,1028.353166
2014-09-22,1021.088491
2014-09-23,1015.080113
2014-09-24,1020.913413
2014-09-25,1007.435261
2014-09-26,1012.590231
2014-09-29,1008.744469
2014-09-30,1005.623098
2014-10-01,994.546146
2014-10-02,990.173178
2014-10-03,995.049587
2014-10-06,996.903146
2014-10-07,985.448581
2014-10-08,994.63525
2014-10-09,983.565747
2014-10-10,968.418961
2014-10-13,959.962324
2014-10-14,959.555695
2014-10-15,951.583354
2014-10-16,952.22268
2014-10-17,967.342855
2014-10-20,972.583877
2014-10-21,989.038802
2014-10-22,985.550248
2014-10-23,993.649724
2014-10-24,998.799938
2014-10-27,998.977734
2014-10-28,1009.589522
2014-10-29,1011.493172
2014-10-30,1016.432929
2014-10-31,1026.066634
2014-11-03,1019.729305
2014-11-04,1018.445981
2014-11-05,1022.366227
2014-11-06,1025.077357
2014-11-07,1024.626516
2014-11-10,1030.630896
2014-11-11,1032.832648
2014-11-12,1031.930919
2014-11-13,1033.148166
2014-11-14,1031.425692
2014-11-17,1029.61051
2014-11-18,1034.214385
2014-11-19,1032.071485
2014-11-20,1033.467185
2014-11-21,1039.506259
2014-11-24,1041.499729
2014-11-25,1040.332689
2014-11-26,1043.371483
2014-11-27,1043.448343
2014-11-28,1039.011679
2014-12-01,1033.564824
2014-12-02,1038.940781
2014-12-03,1041.407043
2014-12-04,1041.466851
2014-12-05,1042.205705
2014-12-08,1035.200916
2014-12-09,1032.66686
2014-12-10,1019.719428
2014-12-11,1021.494464
2014-12-12,1004.784326
2014-12-15,994.451223
2014-12-16,993.647696
2014-12-17,1003.401528
2014-12-18,1026.737917
2014-12-19,1031.132225
2014-12-22,1032.380857
2014-12-23,1031.481426
2014-12-24,1032.38587
2014-12-25,1032.329586
2014-12-26,1034.157626
2014-12-29,1037.393244
2014-12-30,1030.292109
2014-12-31,1023.678163
2015-01-01,1023.678163
2015-01-02,1020.217958
2015-01-05,1002.862899
2015-01-06,993.725576
2015-01-07,1001.016686
2015-01-08,1020.42651
2015-01-09,1014.208983
2015-01-12,1009.288631
2015-01-13,1011.230531
2015-01-14,1004.640575
2015-01-15,1003.625759
2015-01-16,1012.961696
2015-01-19,1016.315795
2015-01-20,1019.442914
2015-01-21,1023.35031
2015-01-22,1033.345433
2015-01-23,1032.936786
2015-01-26,1036.835204
2015-01-27,1030.150586
2015-01-28,1021.233694
2015-01-29,1026.585117
2015-01-30,1016.193852
2015-02-02,1025.591251
2015-02-03,1037.734919
2015-02-04,1035.204403
2015-02-05,1043.235486
2015-02-06,1038.832341
2015-02-09,1034.079154
2015-02-10,1041.675856
2015-02-11,1039.7601
2015-02-12,1048.948469
2015-02-13,1054.207638
2015-02-16,1054.000704
2015-02-17,1057.451552
2015-02-18,1059.370837
2015-02-19,1060.928161
2015-02-20,1066.017106
2015-02-23,1068.827606
2015-02-24,1071.962241
2015-02-25,1072.229541
2015-02-26,1069.687244
2015-02-27,1068.226091
2015-03-02,1069.940669
2015-03-03,1064.648261
2015-03-04,1059.505899
2015-03-05,1061.209551
2015-03-06,1048.736897
2015-03-09,1048.554822
2015-03-10,1030.924099
2015-03-11,1027.72114
2015-03-12,1038.285093
2015-03-13,1032.551222
2015-03-16,1046.315084
2015-03-17,1043.327534
2015-03-18,1055.137475
2015-03-19,1054.577988
2015-03-20,1068.768651
2015-03-23,1069.161243
2015-03-24,1066.15013
2015-03-25,1056.862104
2015-03-26,1050.779922
2015-03-27,1053.042839
2015-03-30,1061.664911
2015-03-31,1051.591643
2015-04-01,1049.482434
2015-04-02,1054.086123
2015-04-03,1054.308237
2015-04-06,1063.253862
2015-04-07,1064.087841
2015-04-08,1067.537954
2015-04-09,1071.231236
2015-04-10,1076.275374
2015-04-13,1072.56231
2015-04-14,1075.900297
2015-04-15,1078.606317
2015-04-16,1079.662739
2015-04-17,1068.585986
2015-04-20,1075.554354
2015-04-21,1078.146841
2015-04-22,1081.090927
2015-04-23,1085.346516
2015-04-24,1089.845488
2015-04-27,1090.574937
2015-04-28,1089.703058
2015-04-29,1085.177762
2015-04-30,1076.124886
2015-05-01,1084.155792
2015-05-04,1086.15724
2015-05-05,1075.849021
2015-05-06,1074.722239
2015-05-07,1073.806829
2015-05-08,1091.33621
2015-05-11,1088.39125
2015-05-12,1085.674516
2015-05-13,1087.714982
2015-05-14,1097.090405
2015-05-15,1100.909792
2015-05-18,1102.194068
2015-05-19,1099.428203
2015-05-20,1098.240568
2015-05-21,1102.042029
2015-05-22,1097.382402
2015-05-25,1097.617521
2015-05-26,1084.942526
2015-05-27,1092.125482
2015-05-28,1090.154651
2015-05-29,1081.739638
2015-06-01,1082.061864
2015-06-02,1083.012231
2015-06-03,1088.128095
2015-06-04,1078.701138
2015-06-05,1070.057429
2015-06-08,1065.164168
2015-06-09,1063.872275
2015-06-10,1079.676832
2015-06-11,1082.318474
2015-06-12,1076.684742
2015-06-15,1067.464885
2015-06-16,1073.587578
2015-06-17,1073.867748
2015-06-18,1086.654055
2015-06-19,1082.138813
2015-06-22,1092.85618
2015-06-23,1090.876945
2015-06-24,1084.360307
2015-06-25,1080.495363
2015-06-26,1078.66454
2015-06-29,1055.971055
2015-06-30,1056.012128
2015-07-01,1064.371517
2015-07-02,1064.453351
2015-07-03,1062.089152
2015-07-06,1055.067622
2015-07-07,1052.427106
2015-07-08,1041.561962
2015-07-09,1050.495703
2015-07-10,1067.245323
2015-07-13,1078.497995
2015-07-14,1082.699139
2015-07-15,1082.88883
2015-07-16,1090.738378
2015-07-17,1088.504032
2015-07-20,1090.96524
2015-07-21,1088.026552
2015-07-22,1081.088303
2015-07-23,1078.961651
2015-07-24,1066.982332
2015-07-27,1058.156959
2015-07-28,1068.732848
2015-07-29,1079.286499
2015-07-30,1079.638989
2015-07-31,1081.153942
2015-08-03,1078.733689
2015-08-04,1078.307215
2015-08-05,1082.745076
2015-08-06,1074.60152
2015-08-07,1071.085734
2015-08-10,1083.806824
2015-08-11,1073.099247
2015-08-12,1068.07016
2015-08-13,1069.744329
2015-08-14,1071.817151
2015-08-17,1074.227476
2015-08-18,1072.557559
2015-08-19,1061.304722
2015-08-20,1044.445475
2015-08-21,1012.537659
2015-08-24,977.042089
2015-08-25,976.122635
2015-08-26,994.524356
2015-08-27,1015.662012
2015-08-28,1017.025298
2015-08-31,1010.122573
2015-09-01,983.401316
2015-09-02,995.083868
2015-09-03,999.417221
2015-09-04,984.32816
2015-09-07,986.276432
2015-09-08,1006.416386
2015-09-09,1004.616191
2015-09-10,1004.835897
2015-09-11,1007.056602
2015-09-14,1001.692865
2015-09-15,1009.32806
2015-09-16,1021.182624
2015-09-17,1018.958875
2015-09-18,1007.198149
2015-09-21,1008.392075
2015-09-22,991.70863
2015-09-23,989.534661
2015-09-24,985.686762
2015-09-25,992.273653
2015-09-28,974.508089
2015-09-29,970.876585
2015-09-30,988.990457
2015-10-01,989.807299
2015-10-02,1001.730825
2015-10-05,1019.550593
2015-10-06,1021.482644
2015-10-07,1027.551326
2015-10-08,1035.529773
2015-10-09,1038.398452
2015-10-12,1039.499886
2015-10-13,1030.655949
2015-10-14,1025.70946
2015-10-15,1040.234905
2015-10-16,1046.170717
2015-10-19,1045.921471
2015-10-20,1046.723295
2015-10-21,1044.663623
2015-10-22,1061.618905
2015-10-23,1071.887966
2015-10-26,1070.450785
2015-10-27,1065.526899
2015-10-28,1077.226839
2015-10-29,1073.300177
2015-10-30,1072.057365
2015-11-02,1078.040653
2015-11-03,1081.949921
2015-11-04,1080.735047
2015-11-05,1077.171633
2015-11-06,1072.8741
2015-11-09,1062.303454
2015-11-10,1060.65314
2015-11-11,1062.709308
2015-11-12,1050.452245
2015-11-13,1037.576143
2015-11-16,1048.277808
2015-11-17,1053.919992
2015-11-18,1063.769355
2015-11-19,1069.156309
2015-11-20,1072.642273
2015-11-23,1070.192427
2015-11-24,1067.567791
2015-11-25,1070.509339
2015-11-26,1073.733553
2015-11-27,1072.104104
2015-11-30,1069.061376
2015-12-01,1076.577705
2015-12-02,1071.059183
2015-12-03,1057.863372
2015-12-04,1071.99319
2015-12-07,1068.217481
2015-12-08,1058.243994
2015-12-09,1053.499516
2015-12-10,1053.505656
2015-12-11,1035.297684
2015-12-14,1034.495195
2015-12-15,1044.144149
2015-12-16,1056.057645
2015-12-17,1046.524517
2015-12-18,1031.955144
2015-12-21,1036.22451
2015-12-22,1043.022351
2015-12-23,1057.096934
2015-12-24,1057.814468
2015-12-25,1057.877746
2015-12-28,1055.707998
2015-12-29,1066.105519
2015-12-30,1060.715788
2015-12-31,1050.638152
2016-01-01,1050.638152
2016-01-04,1030.399412
2016-01-05,1032.097488
2016-01-06,1019.01667
2016-01-07,997.38455
2016-01-08,988.815826
2016-01-11,986.053291
2016-01-12,993.711349
2016-01-13,982.511396
2016-01-14,986.506093
2016-01-15,968.067547
2016-01-18,965.523896
2016-01-19,969.793581
2016-01-20,951.188308
2016-01-21,955.062249
2016-01-22,978.883548
2016-01-25,969.514486
2016-01-26,979.291135
2016-01-27,975.092934
2016-01-28,977.122137
2016-01-29,998.507074
2016-02-01,1002.04905
2016-02-02,985.269118
2016-02-03,987.600409
2016-02-04,990.78741
2016-02-05,974.421209
2016-02-08,960.381238
2016-02-09,961.461998
2016-02-10,962.571319
2016-02-11,950.32535
2016-02-12,964.093083
2016-02-15,973.504811
2016-02-16,982.216201
2016-02-17,997.889659
2016-02-18,998.27416
2016-02-19,996.504721
2016-02-22,1007.558691
2016-02-23,996.338954
2016-02-24,992.317115
2016-02-25,1004.459966
2016-02-26,1004.508164
2016-02-29,999.229051
2016-03-01,1019.093203
2016-03-02,1023.152607
2016-03-03,1025.405862
2016-03-04,1030.865991
2016-03-07,1030.482996
2016-03-08,1024.085318
2016-03-09,1027.575823
2016-03-10,1025.599232
2016-03-11,1042.911832
2016-03-14,1043.544797
2016-03-15,1041.23437
2016-03-16,1042.990235
2016-03-17,1056.745572
2016-03-18,1057.883169
2016-03-21,1057.966981
2016-03-22,1056.83422
2016-03-23,1051.480585
2016-03-24,1046.961309
2016-03-25,1046.815491
2016-03-28,1049.657371
2016-03-29,1056.693087
2016-03-30,1069.110291
2016-03-31,1065.081307
2016-04-01,1064.003605
2016-04-04,1064.769842
2016-04-05,1054.110758
2016-04-06,1063.41366
2016-04-07,1056.165584
2016-04-08,1061.905924
2016-04-11,1061.637056
2016-04-12,1067.760046
2016-04-13,1079.454577
2016-04-14,1080.90088
2016-04-15,1080.496503
2016-04-18,1085.907861
2016-04-19,1095.720996
2016-04-20,1094.177585
2016-04-21,1089.307666
2016-04-22,1085.249953
2016-04-25,1083.530737
2016-04-26,1084.296463
2016-04-27,1082.74818
2016-04-28,1076.43603
2016-04-29,1069.831315
2016-05-02,1077.538167
2016-05-03,1067.415302
2016-05-04,1058.688757
2016-05-05,1057.424476
2016-05-06,1057.3668
2016-05-09,1059.933412
2016-05-10,1071.910594
2016-05-11,1064.472297
2016-05-12,1064.342543
2016-05-13,1055.482245
2016-05-16,1063.873531
2016-05-17,1058.255271
2016-05-18,1057.220813
2016-05-19,1048.972907
2016-05-20,1056.161358
2016-05-23,1054.420596
2016-05-24,1069.631047
2016-05-25,1077.446392
2016-05-26,1077.69939
2016-05-27,1080.990299
2016-05-30,1081.147018
2016-05-31,1077.445627
2016-06-01,1077.122277
2016-06-02,1077.086009
2016-06-03,1079.831845
2016-06-06,1087.067652
2016-06-07,1089.915037
2016-06-08,1092.808439
2016-06-09,1087.347244
2016-06-10,1073.396681
2016-06-13,1060.634677
2016-06-14,1051.240052
2016-06-15,1052.159692
2016-06-16,1050.090316
2016-06-17,1052.664062
2016-06-20,1070.596944
2016-06-21,1073.916772
2016-06-22,1074.5946
2016-06-23,1087.225351
2016-06-24,1038.30763
2016-06-27,1016.920677
2016-06-28,1035.612662
2016-06-29,1058.789278
2016-06-30,1072.850631
2016-07-01,1076.629003
2016-07-04,1077.74511
2016-07-05,1068.114441
2016-07-06,1065.036208
2016-07-07,1068.32825
2016-07-08,1078.955638
2016-07-11,1085.630148
2016-07-12,1093.40161
2016-07-13,1094.710705
2016-07-14,1099.256859
2016-07-15,1096.947258
2016-07-18,1099.782336
2016-07-19,1097.365583
2016-07-20,1105.261567
2016-07-21,1100.183097
2016-07-22,1101.977955
2016-07-25,1100.480079
2016-07-26,1102.457003
2016-07-27,1101.056453
2016-07-28,1101.826036
2016-07-29,1107.412178
2016-08-01,1105.522227
2016-08-02,1101.446587
2016-08-03,1098.862369
2016-08-04,1099.981555
2016-08-05,1105.536771
2016-08-08,1105.104834
2016-08-09,1107.558186
2016-08-10,1106.913843
2016-08-11,1112.842549
2016-08-12,1112.248164
2016-08-15,1115.610345
2016-08-16,1110.137108
2016-08-17,1110.246633
2016-08-18,1113.658947
2016-08-19,1111.541517
2016-08-22,1112.908533
2016-08-23,1117.424388
2016-08-24,1113.518844
2016-08-25,1111.798941
2016-08-26,1110.515916
2016-08-29,1109.210843
2016-08-30,1106.76793
2016-08-31,1102.640602
2016-09-01,1104.872574
2016-09-02,1112.21041
2016-09-05,1113.515836
2016-09-06,1116.985686
2016-09-07,1117.220224
2016-09-08,1113.0617
2016-09-09,1090.063361
2016-09-12,1096.131649
2016-09-13,1085.326158
2016-09-14,1085.769274
2016-09-15,1095.024979
2016-09-16,1089.396313
2016-09-19,1093.391126
2016-09-20,1093.600234
2016-09-21,1102.340294
2016-09-22,1112.732579
2016-09-23,1105.152587
2016-09-26,1098.06449
2016-09-27,1101.920255
2016-09-28,1106.372204
2016-09-29,1100.140535
2016-09-30,1105.247492
2016-10-03,1103.459873
2016-10-04,1099.640644
2016-10-05,1101.009843
2016-10-06,1099.062326
2016-10-07,1093.666884
2016-10-10,1097.746205
2016-10-11,1086.271635
2016-10-12,1085.180065
2016-10-13,1080.77168
2016-10-14,1084.5966
2016-10-17,1080.300155
2016-10-18,1085.503675
2016-10-19,1087.307449
2016-10-20,1083.610589
2016-10-21,1080.930224
2016-10-24,1083.924642
2016-10-25,1079.482244
2016-10-26,1080.08378
2016-10-27,1074.851643
2016-10-28,1072.204819
2016-10-31,1072.254145
2016-11-01,1068.091641
2016-11-02,1063.15426
2016-11-03,1060.060019
2016-11-04,1055.42
2016-11-07,1071.625909
2016-11-08,1075.918272
2016-11-09,1082.680631
2016-11-10,1082.417386
2016-11-11,1077.697811
2016-11-14,1071.368521
2016-11-15,1076.322727
2016-11-16,1075.970951
2016-11-17,1081.705428
2016-11-18,1076.660658
2016-11-21,1084.241147
2016-11-22,1086.147299
2016-11-23,1083.628195
2016-11-24,1086.062965
2016-11-25,1092.141022
2016-11-28,1088.190055
2016-11-29,1089.764001
2016-11-30,1086.370633
2016-12-01,1083.452915
2016-12-02,1082.536372
2016-12-05,1087.971482
2016-12-06,1090.721248
2016-12-07,1102.987287
2016-12-08,1102.208574
2016-12-09,1106.834993
2016-12-12,1107.364867
2016-12-13,1117.538268
2016-12-14,1110.277547
2016-12-15,1104.987987
2016-12-16,1104.845265
2016-12-19,1107.27064
2016-12-20,1108.842336
2016-12-21,1108.168215
2016-12-22,1107.082772
2016-12-23,1107.481747
2016-12-26,1107.121296
2016-12-27,1108.33977
2016-12-28,1101.938829
2016-12-29,1104.421243
2016-12-30,1103.699287
2017-01-02,1104.475635
2017-01-03,1106.571008
2017-01-04,1113.622967
2017-01-05,1118.09157
2017-01-06,1119.870728
2017-01-09,1115.876142
2017-01-10,1116.118666
2017-01-11,1114.710567
2017-01-12,1115.699658
2017-01-13,1117.807878
2017-01-16,1115.364417
2017-01-17,1117.127025
2017-01-18,1118.558031
2017-01-19,1112.30186
2017-01-20,1116.568201
2017-01-23,1115.923586
2017-01-24,1119.655808
2017-01-25,1128.08628
2017-01-26,1125.951938
2017-01-27,1126.946268
2017-01-30,1121.856829
2017-01-31,1120.114148
2017-02-01,1120.281584
2017-02-02,1119.045098
2017-02-03,1126.00297
2017-02-06,1123.100587
2017-02-07,1124.451067
2017-02-08,1127.592983
2017-02-09,1133.089094
2017-02-10,1137.339794
2017-02-13,1142.697037
2017-02-14,1143.054574
2017-02-15,1148.87473
2017-02-16,1151.591606
2017-02-17,1155.452421
2017-02-20,1154.69656
2017-02-21,1157.519888
2017-02-22,1158.495776
2017-02-23,1161.645908
2017-02-24,1161.903367
2017-02-27,1162.422005
2017-02-28,1160.775997
2017-03-01,1173.233806
2017-03-02,1171.055786
2017-03-03,1169.473704
2017-03-06,1167.808429
2017-03-07,1164.726715
2017-03-08,1162.840416
2017-03-09,1162.527045
2017-03-10,1167.746859
2017-03-13,1170.522238
2017-03-14,1167.567607
2017-03-15,1174.908424
2017-03-16,1179.793608
2017-03-17,1181.03463
2017-03-20,1180.390411
2017-03-21,1172.455647
2017-03-22,1171.957955
2017-03-23,1173.030667
2017-03-24,1171.933968
2017-03-27,1172.571753
2017-03-28,1179.520741
2017-03-29,1176.892124
2017-03-30,1179.191561
2017-03-31,1176.150804
2017-04-03,1172.492238
2017-04-04,1174.001988
2017-04-05,1172.15345
2017-04-06,1174.06907
2017-04-07,1173.907613
2017-04-10,1174.84882
2017-04-11,1175.75968
2017-04-12,1174.747968
2017-04-13,1169.946664
2017-04-14,1169.737436
2017-04-17,1178.08491
2017-04-18,1172.153835
2017-04-19,1170.51556
2017-04-20,1179.077458
2017-04-21,1176.22335
2017-04-24,1192.034744
2017-04-25,1196.661616
2017-04-26,1196.614748
2017-04-27,1198.14136
2017-04-28,1195.192164
2017-05-01,1196.17452
2017-05-02,1200.807678
2017-05-03,1201.328619
2017-05-04,1203.342598
2017-05-05,1208.468179
2017-05-08,1208.547929
2017-05-09,1208.716082
2017-05-10,1208.401741
2017-05-11,1204.682639
2017-05-12,1206.791817
2017-05-15,1212.428141
2017-05-16,1215.565719
2017-05-17,1202.341894
2017-05-18,1202.397941
2017-05-19,1209.638746
2017-05-22,1217.06586
2017-05-23,1217.21285
2017-05-24,1218.20592
2017-05-25,1224.157556
2017-05-26,1223.280695
2017-05-29,1223.606004
2017-05-30,1223.418784
2017-05-31,1227.290735
2017-06-01,1232.874543
2017-06-02,1239.407779
2017-06-05,1238.370743
2017-06-06,1233.19793
2017-06-07,1232.914176
2017-06-08,1231.240027
2017-06-09,1229.755328
2017-06-12,1226.830609
2017-06-13,1233.914164
2017-06-14,1235.275113
2017-06-15,1228.985781
2017-06-16,1233.331647
2017-06-19,1242.146829
2017-06-20,1232.18413
2017-06-21,1229.691081
2017-06-22,1227.805974
2017-06-23,1231.269601
2017-06-26,1232.590925
2017-06-27,1225.243632
2017-06-28,1233.379387
2017-06-29,1222.696171
2017-06-30,1223.720492
2017-07-03,1225.511961
2017-07-04,1223.190793
2017-07-05,1223.230388
2017-07-06,1216.928454
2017-07-07,1221.596213
2017-07-10,1223.082241
2017-07-11,1220.456284
2017-07-12,1231.500662
2017-07-13,1235.074015
2017-07-14,1242.553994
2017-07-17,1242.955465
2017-07-18,1244.41661
2017-07-19,1248.368849
2017-07-20,1252.246453
2017-07-21,1250.631353
2017-07-24,1246.207424
2017-07-25,1248.399215
2017-07-26,1248.571086
2017-07-27,1246.129171
2017-07-28,1240.655763
2017-07-31,1242.95805
2017-08-01,1250.105481
2017-08-02,1252.253337
2017-08-03,1252.471721
2017-08-04,1251.506225
2017-08-07,1252.913517
2017-08-08,1249.516507
2017-08-09,1248.862633
2017-08-10,1234.957582
2017-08-11,1233.795398
2017-08-14,1243.318397
2017-08-15,1240.776453
2017-08-16,1244.505754
2017-08-17,1232.350465
2017-08-18,1227.777168
2017-08-21,1229.252952
2017-08-22,1237.666455
2017-08-23,1233.647351
2017-08-24,1233.085791
2017-08-25,1236.901867
2017-08-28,1237.887334
2017-08-29,1236.840507
2017-08-30,1239.024059
2017-08-31,1246.873977
2017-09-01,1249.281542
2017-09-04,1247.87388
2017-09-05,1241.66754
2017-09-06,1245.111033
2017-09-07,1249.963516
2017-09-08,1252.467756
2017-09-11,1263.805128
2017-09-12,1265.708236
2017-09-13,1263.376333
2017-09-14,1262.20445
2017-09-15,1268.030694
2017-09-18,1271.197765
2017-09-19,1272.962762
2017-09-20,1273.649326
2017-09-21,1267.247185
2017-09-22,1271.196418
2017-09-25,1269.31886
2017-09-26,1266.672743
2017-09-27,1269.729087
2017-09-28,1270.999823
2017-09-29,1274.153686
2017-10-02,1277.729538
2017-10-03,1279.911455
2017-10-04,1281.739273
2017-10-05,1285.026518
2017-10-06,1283.919458
2017-10-09,1285.782149
2017-10-10,1290.949902
2017-10-11,1293.417221
2017-10-12,1296.592374
2017-10-13,1299.130048
2017-10-16,1299.705387
2017-10-17,1297.78736
2017-10-18,1300.910586
2017-10-19,1300.478746
2017-10-20,1301.717442
2017-10-23,1299.989115
2017-10-24,1299.296295
2017-10-25,1296.375952
2017-10-26,1300.522148
2017-10-27,1304.107452
2017-10-30,1302.681114
2017-10-31,1303.774639
2017-11-01,1304.649807
2017-11-02,1305.848166
2017-11-03,1307.621265
2017-11-06,1308.661391
2017-11-07,1306.710515
2017-11-08,1310.972635
2017-11-09,1306.759111
2017-11-10,1307.862627
2017-11-13,1306.713744
2017-11-14,1306.808218
2017-11-15,1299.746154
2017-11-16,1308.174916
2017-11-17,1307.962744
2017-11-20,1312.979379
2017-11-21,1321.114125
2017-11-22,1321.003864
2017-11-23,1321.418061
2017-11-24,1325.443737
2017-11-27,1323.915233
2017-11-28,1333.211159
2017-11-29,1333.547225
2017-11-30,1341.843512
2017-12-01,1336.8891
2017-12-04,1338.160552
2017-12-05,1334.405741
2017-12-06,1332.98144
2017-12-07,1334.382847
2017-12-08,1339.897481
2017-12-11,1344.258694
2017-12-12,1345.273128
2017-12-13,1347.862816
2017-12-14,1342.399681
2017-12-15,1346.548756
2017-12-18,1356.130227
2017-12-19,1352.436749
2017-12-20,1351.915925
2017-12-21,1353.315302
2017-12-22,1353.566455
2017-12-25,1353.713413
2017-12-26,1354.004635
2017-12-27,1357.484762
2017-12-28,1360.786868
2017-12-29,1359.846877
2018-01-01,1359.846877
2018-01-02,1364.389444
2018-01-03,1371.381695
2018-01-04,1378.961359
2018-01-05,1388.147791
2018-01-08,1389.192884
2018-01-09,1390.908475
2018-01-10,1387.836047
2018-01-11,1392.36591
2018-01-12,1403.34843
2018-01-15,1407.474032
2018-01-16,1402.084158
2018-01-17,1414.125709
2018-01-18,1411.99608
2018-01-19,1419.64708
2018-01-22,1425.520426
2018-01-23,1429.018351
2018-01-24,1429.05918
2018-01-25,1428.762726
2018-01-26,1438.093524
2018-01-29,1427.285507
2018-01-30,1416.25492
2018-01-31,1415.789162
2018-02-01,1412.831006
2018-02-02,1387.52099
2018-02-05,1344.752547
2018-02-06,1343.849922
2018-02-07,1345.249999
2018-02-08,1310.394339
2018-02-09,1317.194079
2018-02-12,1332.119335
2018-02-13,1336.283108
2018-02-14,1354.946998
2018-02-15,1371.231045
2018-02-16,1374.861492
2018-02-19,1371.235824
2018-02-20,1366.621281
2018-02-21,1362.548067
2018-02-22,1362.396715
2018-02-23,1377.379136
2018-02-26,1391.623977
2018-02-27,1378.674842
2018-02-28,1366.30471
2018-03-01,1348.901888
2018-03-02,1349.704753
2018-03-05,1360.650892
2018-03-06,1367.866061
2018-03-07,1365.429437
2018-03-08,1374.297185
2018-03-09,1392.489075
2018-03-12,1393.699519
2018-03-13,1387.429463
2018-03-14,1379.246217
2018-03-15,1379.692435
2018-03-16,1381.825548
2018-03-19,1370.528325
2018-03-20,1373.92092
2018-03-21,1371.902419
2018-03-22,1346.530583
2018-03-23,1325.79207
2018-03-26,1351.118539
2018-03-27,1339.803195
2018-03-28,1337.372749
2018-03-29,1350.349638
2018-03-30,1350.681673
2018-04-02,1331.138613
2018-04-03,1340.731962
2018-04-04,1350.805264
2018-04-05,1361.003242
2018-04-06,1343.129761
2018-04-09,1348.420265
2018-04-10,1366.491329
2018-04-11,1362.21778
2018-04-12,1368.14011
2018-04-13,1365.688327
2018-04-16,1372.009164
2018-04-17,1380.959073
2018-04-18,1381.751288
2018-04-19,1373.023691
2018-04-20,1360.929296
2018-04-23,1359.567842
2018-04-24,1348.843049
2018-04-25,1346.899884
2018-04-26,1358.194281
2018-04-27,1363.099098
2018-04-30,1358.894325
2018-05-01,1357.11042
2018-05-02,1353.456569
2018-05-03,1351.252402
2018-05-04,1362.001264
2018-05-07,1367.225033
2018-05-08,1368.792531
2018-05-09,1379.320055
2018-05-10,1386.704275
2018-05-11,1392.705994
2018-05-14,1395.030495
2018-05-15,1385.285051
2018-05-16,1389.026288
2018-05-17,1391.430829
2018-05-18,1390.557013
2018-05-21,1398.952811
2018-05-22,1396.705958
2018-05-23,1393.978304
2018-05-24,1393.30555
2018-05-25,1389.519736
2018-05-28,1389.505992
2018-05-29,1374.695783
2018-05-30,1386.844624
2018-05-31,1381.24103
2018-06-01,1391.902018
2018-06-04,1400.082082
2018-06-05,1398.421468
2018-06-06,1409.643164
2018-06-07,1408.390698
2018-06-08,1408.606427
2018-06-11,1410.30529
2018-06-12,1410.041275
2018-06-13,1406.288618
2018-06-14,1406.511522
2018-06-15,1403.196739
2018-06-18,1397.827861
2018-06-19,1386.794352
2018-06-20,1390.241419
2018-06-21,1382.205135
2018-06-22,1387.995707
2018-06-25,1369.95976
2018-06-26,1370.725766
2018-06-27,1360.831676
2018-06-28,1364.41425
2018-06-29,1372.516721
2018-07-02,1368.357062
2018-07-03,1368.398828
2018-07-04,1369.79697
2018-07-05,1379.502429
2018-07-06,1391.197991
2018-07-09,1403.20648
2018-07-10,1405.988684
2018-07-11,1394.821132
2018-07-12,1406.18565
2018-07-13,1409.60651
2018-07-16,1406.049915
2018-07-17,1412.465091
2018-07-18,1414.554672
2018-07-19,1409.82405
2018-07-20,1415.871566
2018-07-23,1414.628117
2018-07-24,1421.551422
2018-07-25,1431.70622
2018-07-26,1425.968823
2018-07-27,1419.989086
2018-07-30,1413.173573
2018-07-31,1418.867372
2018-08-01,1413.093905
2018-08-02,1411.720273
2018-08-03,1417.485696
2018-08-06,1421.874571
2018-08-07,1428.562166
2018-08-08,1426.283597
2018-08-09,1424.909697
2018-08-10,1410.496854
2018-08-13,1404.409321
2018-08-14,1410.02976
2018-08-15,1399.164205
2018-08-16,1408.022231
2018-08-17,1412.944549
2018-08-20,1420.017664
2018-08-21,1423.586534
2018-08-22,1424.910547
2018-08-23,1422.996861
2018-08-24,1429.543966
2018-08-27,1440.843147
2018-08-28,1442.529549
2018-08-29,1447.698333
2018-08-30,1443.028482
2018-08-31,1441.985125
2018-09-03,1441.478975
2018-09-04,1434.695246
2018-09-05,1427.73711
2018-09-06,1422.980612
2018-09-07,1419.367119
2018-09-10,1421.97377
2018-09-11,1424.5113
2018-09-12,1427.331844
2018-09-13,1433.102167
2018-09-14,1436.553129
2018-09-17,1432.410678
2018-09-18,1438.051307
2018-09-19,1438.010728
2018-09-20,1449.805852
2018-09-21,1454.643247
2018-09-24,1449.0252
2018-09-25,1449.473906
2018-09-26,1448.705102
2018-09-27,1450.2855
2018-09-28,1448.305753
2018-10-01,1450.790009
2018-10-02,1445.948481
2018-10-03,1447.453124
2018-10-04,1431.049886
2018-10-05,1421.814934
2018-10-08,1417.664243
2018-10-09,1414.64968
2018-10-10,1378.80803
2018-10-11,1350.246938
2018-10-12,1362.778218
2018-10-15,1358.422577
2018-10-16,1380.709973
2018-10-17,1380.087365
2018-10-18,1366.854617
2018-10-19,1364.781602
2018-10-22,1363.880695
2018-10-23,1347.999505
2018-10-24,1318.16656
2018-10-25,1330.625288
2018-10-26,1317.805088
2018-10-29,1317.236179
2018-10-30,1332.515328
2018-10-31,1347.509356
2018-11-01,1358.207806
2018-11-02,1357.060466
2018-11-05,1359.401601
2018-11-06,1364.94599
2018-11-07,1388.472182
2018-11-08,1387.265285
2018-11-09,1375.680807
2018-11-12,1354.783249
2018-11-13,1354.892126
2018-11-14,1346.902129
2018-11-15,1353.449499
2018-11-16,1356.470018
2018-11-19,1340.386391
2018-11-20,1318.672333
2018-11-21,1321.162654
2018-11-22,1320.936931
2018-11-23,1315.058027
2018-11-26,1329.394765
2018-11-27,1327.417028
2018-11-28,1348.966618
2018-11-29,1349.254474
2018-11-30,1354.614306
2018-12-03,1368.334798
2018-12-04,1337.390511
2018-12-05,1330.952284
2018-12-06,1321.661556
2018-12-07,1303.680022
2018-12-10,1298.251882
2018-12-11,1302.381395
2018-12-12,1315.096441
2018-12-13,1315.049531
2018-12-14,1291.22674
2018-12-17,1272.172201
2018-12-18,1271.435607
2018-12-19,1260.145935
2018-12-20,1243.800433
2018-12-21,1228.460995
2018-12-24,1207.712561
2018-12-25,1206.3775
2018-12-26,1243.89257
2018-12-27,1248.759453
2018-12-28,1253.680215
2018-12-31,1261.929237
2019-01-01,1261.929237
2019-01-02,1259.48502
2019-01-03,1235.965685
2019-01-04,1273.860166
2019-01-07,1279.335201
2019-01-08,1289.913958
2019-01-09,1300.880242
2019-01-10,1305.211153
2019-01-11,1302.870203
2019-01-14,1296.21529
2019-01-15,1307.639319
2019-01-16,1307.994978
2019-01-17,1316.252321
2019-01-18,1334.136861
2019-01-21,1333.487476
2019-01-22,1318.835226
2019-01-23,1318.80095
2019-01-24,1319.808075
2019-01-25,1331.653751
2019-01-28,1324.24243
2019-01-29,1325.623856
2019-01-30,1340.160321
2019-01-31,1355.085368
2019-02-01,1359.394979
2019-02-04,1367.763018
2019-02-05,1379.515485
2019-02-06,1376.522065
2019-02-07,1364.578508
2019-02-08,1365.424398
2019-02-11,1366.56707
2019-02-12,1381.122791
2019-02-13,1387.251054
2019-02-14,1385.872227
2019-02-15,1396.73075
2019-02-18,1399.755483
2019-02-19,1400.841156
2019-02-20,1407.744213
2019-02-21,1402.97392
2019-02-22,1413.601793
2019-02-25,1415.607354
2019-02-26,1417.072727
2019-02-27,1418.496732
2019-02-28,1415.84313
2019-03-01,1424.839774
2019-03-04,1422.275168
2019-03-05,1420.785589
2019-03-06,1417.733287
2019-03-07,1407.505715
2019-03-08,1401.549407
2019-03-11,1418.011508
2019-03-12,1424.051386
2019-03-13,1431.773286
2019-03-14,1432.891683
2019-03-15,1439.722414
2019-03-18,1445.285025
2019-03-19,1444.941434
2019-03-20,1439.915779
2019-03-21,1450.442318
2019-03-22,1428.893287
2019-03-25,1425.937102
2019-03-26,1436.899468
2019-03-27,1432.140454
2019-03-28,1436.903187
2019-03-29,1445.255544
2019-04-01,1459.948418
2019-04-02,1460.692356
2019-04-03,1465.832974
2019-04-04,1466.874975
2019-04-05,1470.738428
2019-04-08,1473.773649
2019-04-09,1466.757447
2019-04-10,1471.208628
2019-04-11,1471.829612
2019-04-12,1480.096397
2019-04-15,1480.270129
2019-04-16,1484.523849
2019-04-17,1483.080692
2019-04-18,1482.695497
2019-04-19,1482.544541
2019-04-22,1483.041681
2019-04-23,1495.934479
2019-04-24,1492.663949
2019-04-25,1488.199571
2019-04-26,1492.248321
2019-04-29,1492.88362
2019-04-30,1491.662539
2019-05-01,1483.585514
2019-05-02,1479.189763
2019-05-03,1491.174833
2019-05-06,1481.364798
2019-05-07,1462.796601
2019-05-08,1460.662762
2019-05-09,1451.856529
2019-05-10,1457.642336
2019-05-13,1430.311736
2019-05-14,1437.867875
2019-05-15,1447.894606
2019-05-16,1460.03178
2019-05-17,1453.529627
2019-05-20,1445.14883
2019-05-21,1454.502273
2019-05-22,1452.397709
2019-05-23,1436.688199
2019-05-24,1440.849218
2019-05-27,1441.08687
2019-05-28,1432.844892
2019-05-29,1417.727886
2019-05-30,1419.63865
2019-05-31,1405.023613
2019-06-03,1402.58544
2019-06-04,1425.437932
2019-06-05,1437.196933
2019-06-06,1446.896013
2019-06-07,1463.95038
2019-06-10,1469.257796
2019-06-11,1474.519665
2019-06-12,1470.717938
2019-06-13,1473.734796
2019-06-14,1468.103979
2019-06-17,1467.98176
2019-06-18,1483.30305
2019-06-19,1488.778082
2019-06-20,1506.020502
2019-06-21,1502.299774
2019-06-24,1502.983243
2019-06-25,1492.95626
2019-06-26,1489.989155
2019-06-27,1493.089603
2019-06-28,1499.728273
2019-07-01,1509.503851
2019-07-02,1514.899158
2019-07-03,1527.484079
2019-07-04,1527.624464
2019-07-05,1520.313109
2019-07-08,1512.189835
2019-07-09,1511.24854
2019-07-10,1516.773321
2019-07-11,1519.743394
2019-07-12,1525.063351
2019-07-15,1526.164677
2019-07-16,1523.989796
2019-07-17,1515.605998
2019-07-18,1519.519775
2019-07-19,1515.432333
2019-07-22,1516.993605
2019-07-23,1522.836114
2019-07-24,1528.233415
2019-07-25,1521.44342
2019-07-26,1527.954051
2019-07-29,1528.350228
2019-07-30,1519.308989
2019-07-31,1506.843376
2019-08-01,1495.324403
2019-08-02,1479.286679
2019-08-05,1439.313697
2019-08-06,1450.45006
2019-08-07,1453.507971
2019-08-08,1479.580574
2019-08-09,1468.188139
2019-08-12,1455.451584
2019-08-13,1470.714863
2019-08-14,1435.997364
2019-08-15,1435.554738
2019-08-16,1454.983823
2019-08-19,1473.20868
2019-08-20,1464.062234
2019-08-21,1475.504016
2019-08-22,1471.854495
2019-08-23,1443.69794
2019-08-26,1451.144745
2019-08-27,1452.849846
2019-08-28,1457.156211
2019-08-29,1473.197688
2019-08-30,1474.341389
2019-09-02,1473.855976
2019-09-03,1465.211544
2019-09-04,1485.161705
2019-09-05,1502.889346
2019-09-06,1506.927259
2019-09-09,1502.857648
2019-09-10,1499.466531
2019-09-11,1508.543207
2019-09-12,1511.872157
2019-09-13,1514.259379
2019-09-16,1504.987085
2019-09-17,1511.116498
2019-09-18,1512.240899
2019-09-19,1512.147554
2019-09-20,1505.689531
2019-09-23,1504.941377
2019-09-24,1497.701034
2019-09-25,1500.015214
2019-09-26,1498.721002
2019-09-27,1496.015059
2019-09-30,1500.976467
2019-10-01,1482.560546
2019-10-02,1456.237404
2019-10-03,1465.843543
2019-10-04,1482.491217
2019-10-07,1481.096631
2019-10-08,1460.633
2019-10-09,1470.399353
2019-10-10,1479.038777
2019-10-11,1503.667311
2019-10-14,1501.341804
2019-10-15,1514.734242
2019-10-16,1512.826968
2019-10-17,1519.170963
2019-10-18,1512.002696
2019-10-21,1522.548194
2019-10-22,1520.62587
2019-10-23,1521.030924
2019-10-24,1529.124643
2019-10-25,1536.686572
2019-10-28,1544.703613
2019-10-29,1541.90741
2019-10-30,1546.15436
2019-10-31,1543.658045
2019-11-01,1557.738772
2019-11-04,1567.135592
2019-11-05,1565.178022
2019-11-06,1565.338703
2019-11-07,1569.751649
2019-11-08,1570.990054
2019-11-11,1567.782824
2019-11-12,1570.226125
2019-11-13,1569.987683
2019-11-14,1568.331786
2019-11-15,1580.108536
2019-11-18,1583.088603
2019-11-19,1584.520987
2019-11-20,1575.298234
2019-11-21,1572.648024
2019-11-22,1575.703664
2019-11-25,1590.432378
2019-11-26,1594.849636
2019-11-27,1600.677497
2019-11-28,1601.4165
2019-11-29,1594.637659
2019-12-02,1583.286713
2019-12-03,1572.922129
2019-12-04,1583.712442
2019-12-05,1586.968487
2019-12-06,1599.868102
2019-12-09,1598.320143
2019-12-10,1596.634483
2019-12-11,1602.528862
2019-12-12,1612.328582
2019-12-13,1619.724795
2019-12-16,1632.786373
2019-12-17,1631.241201
2019-12-18,1628.639129
2019-12-19,1633.715846
2019-12-20,1642.431155
2019-12-23,1642.661308
2019-12-24,1642.993297
2019-12-25,1642.956737
2019-12-26,1648.790389
2019-12-27,1653.79736
2019-12-30,1646.3473
2019-12-31,1648.673812
2020-01-01,1648.673812
2020-01-02,1662.401938
2020-01-03,1653.073657
2020-01-06,1654.531213
2020-01-07,1652.193797
2020-01-08,1656.343854
2020-01-09,1668.234622
2020-01-10,1667.779512
2020-01-13,1678.602182
2020-01-14,1679.283296
2020-01-15,1684.215736
2020-01-16,1694.145344
2020-01-17,1701.906671
2020-01-20,1700.768897
2020-01-21,1695.258107
2020-01-22,1698.542408
2020-01-23,1692.996513
2020-01-24,1685.882339
2020-01-27,1657.070547
2020-01-28,1668.507615
2020-01-29,1669.682936
2020-01-30,1667.701667
2020-01-31,1641.431197
2020-02-03,1651.06918
2020-02-04,1671.821965
2020-02-05,1688.10184
2020-02-06,1696.761737
2020-02-07,1686.628732
2020-02-10,1690.713657
2020-02-11,1694.4896
2020-02-12,1703.695674
2020-02-13,1699.908764
2020-02-14,1700.770027
2020-02-17,1701.852583
2020-02-18,1695.717514
2020-02-19,1702.890729
2020-02-20,1695.068984
2020-02-21,1681.673611
2020-02-24,1625.72604
2020-02-25,1586.796689
2020-02-26,1580.950827
2020-02-27,1526.39442
2020-02-28,1503.347533
2020-03-02,1553.872695
2020-03-03,1531.182441
2020-03-04,1574.411529
2020-03-05,1540.97724
2020-03-06,1514.08056
2020-03-09,1417.357915
2020-03-10,1458.695228
2020-03-11,1404.286159
2020-03-12,1272.869345
2020-03-13,1351.546034
2020-03-16,1232.418566
2020-03-17,1279.749327
2020-03-18,1220.81491
2020-03-19,1227.562087
2020-03-20,1190.708912
2020-03-23,1146.39662
2020-03-24,1246.436907
2020-03-25,1278.820581
2020-03-26,1345.397726
2020-03-27,1309.091353
2020-03-30,1346.41871
2020-03-31,1335.992102
2020-04-01,1291.905268
2020-04-02,1307.42903
2020-04-03,1290.882209
2020-04-06,1364.89115
2020-04-07,1372.644564
2020-04-08,1402.707731
2020-04-09,1418.443752
2020-04-10,1418.739053
2020-04-13,1405.54847
2020-04-14,1443.355862
2020-04-15,1408.612755
2020-04-16,1412.361343
2020-04-17,1450.020364
2020-04-20,1431.224046
2020-04-21,1388.794988
2020-04-22,1417.515235
2020-04-23,1420.690778
2020-04-24,1430.230101
2020-04-27,1452.69651
2020-04-28,1454.475284
2020-04-29,1487.548411
2020-04-30,1472.454052
2020-05-01,1442.826417
2020-05-04,1437.053968
2020-05-05,1450.858848
2020-05-06,1447.123774
2020-05-07,1460.228925
2020-05-08,1483.372296
2020-05-11,1485.444429
2020-05-12,1465.931174
2020-05-13,1442.873598
2020-05-14,1444.744282
2020-05-15,1452.758535
2020-05-18,1496.085349
2020-05-19,1490.736075
2020-05-20,1513.803124
2020-05-21,1503.680499
2020-05-22,1498.346907
2020-05-25,1502.907747
2020-05-26,1527.23296
2020-05-27,1535.263211
2020-05-28,1541.530279
2020-05-29,1541.650775
2020-06-01,1551.816797
2020-06-02,1566.547547
2020-06-03,1592.389927
2020-06-04,1587.35486
2020-06-05,1619.814374
2020-06-08,1627.391427
2020-06-09,1619.527657
2020-06-10,1616.317049
2020-06-11,1537.359716
2020-06-12,1543.333237
2020-06-15,1547.042544
2020-06-16,1577.665401
2020-06-17,1578.939728
2020-06-18,1574.869679
2020-06-19,1571.640737
2020-06-22,1577.647
2020-06-23,1591.635514
2020-06-24,1551.451342
2020-06-25,1561.522218
2020-06-26,1531.685869
2020-06-29,1546.617684
2020-06-30,1563.616974
2020-07-01,1569.120405
2020-07-02,1582.414704
2020-07-03,1581.042325
2020-07-06,1606.442965
2020-07-07,1589.095223
2020-07-08,1595.745816
2020-07-09,1586.728482
2020-07-10,1597.772767
2020-07-13,1594.045851
2020-07-14,1604.184044
2020-07-15,1626.678277
2020-07-16,1618.026975
2020-07-17,1622.996442
2020-07-20,1632.109742
2020-07-21,1640.497013
2020-07-22,1646.361512
2020-07-23,1632.805653
2020-07-24,1616.002357
2020-07-27,1629.104161
2020-07-28,1620.877766
2020-07-29,1633.16276
2020-07-30,1622.258807
2020-07-31,1627.058279
2020-08-03,1638.741387
2020-08-04,1643.013184
2020-08-05,1658.960042
2020-08-06,1663.977355
2020-08-07,1663.905303
2020-08-10,1669.11171
2020-08-11,1670.639939
2020-08-12,1692.328473
2020-08-13,1689.615618
2020-08-14,1686.308038
2020-08-17,1693.212627
2020-08-18,1696.544064
2020-08-19,1695.115404
2020-08-20,1692.877768
2020-08-21,1697.72398
2020-08-24,1717.564546
2020-08-25,1719.788018
2020-08-26,1735.79577
2020-08-27,1732.133795
2020-08-28,1746.104455
2020-08-31,1740.251209
2020-09-01,1747.093763
2020-09-02,1772.012587
2020-09-03,1724.65227
2020-09-04,1703.744011
2020-09-07,1710.399393
2020-09-08,1676.993496
2020-09-09,1702.291977
2020-09-10,1683.669314
2020-09-11,1686.035414
2020-09-14,1703.40687
2020-09-15,1713.927632
2020-09-16,1712.898615
2020-09-17,1698.522471
2020-09-18,1686.6708
2020-09-21,1655.195499
2020-09-22,1665.869278
2020-09-23,1647.998981
2020-09-24,1643.730354
2020-09-25,1658.985142
2020-09-28,1684.534536
2020-09-29,1681.741701
2020-09-30,1687.402858
2020-10-01,1695.468314
2020-10-02,1685.41322
2020-10-05,1710.927757
2020-10-06,1694.238304
2020-10-07,1712.867315
2020-10-08,1725.860271
2020-10-09,1743.828238
2020-10-12,1764.544628
2020-10-13,1754.26413
2020-10-14,1749.352038
2020-10-15,1734.755152
2020-10-16,1738.88342
2020-10-19,1720.565527
2020-10-20,1726.60777
2020-10-21,1724.610333
2020-10-22,1727.254958
2020-10-23,1733.112493
2020-10-26,1701.924607
2020-10-27,1694.425086
2020-10-28,1639.42202
2020-10-29,1651.253243
2020-10-30,1634.827291
2020-11-02,1656.32852
2020-11-03,1690.932264
2020-11-04,1727.007392
2020-11-05,1759.007429
2020-11-06,1760.732208
2020-11-09,1792.408531
2020-11-10,1791.741155
2020-11-11,1801.260639
2020-11-12,1785.736482
2020-11-13,1803.627684
2020-11-16,1824.833342
2020-11-17,1821.876065
2020-11-18,1810.35111
2020-11-19,1811.28246
2020-11-20,1805.0251
2020-11-23,1808.222909
2020-11-24,1834.04153
2020-11-25,1832.492644
2020-11-26,1832.48569
2020-11-27,1839.000267
2020-11-30,1827.127103
2020-12-01,1845.230932
2020-12-02,1848.270413
2020-12-03,1849.935369
2020-12-04,1859.774673
2020-12-07,1858.942021
2020-12-08,1864.916928
2020-12-09,1856.681607
2020-12-10,1850.81353
2020-12-11,1846.884407
2020-12-14,1842.433289
2020-12-15,1858.656965
2020-12-16,1866.097159
2020-12-17,1880.751902
2020-12-18,1874.798835
2020-12-21,1862.263721
2020-12-22,1859.576871
2020-12-23,1862.368922
2020-12-24,1868.799985
2020-12-25,1868.871287
2020-12-28,1884.815712
2020-12-29,1889.359443
2020-12-30,1891.042996
2020-12-31,1895.678578
2021-01-01,1895.678578
2021-01-04,1881.476566
2021-01-05,1888.217959
2021-01-06,1896.420461
2021-01-07,1916.541215
2021-01-08,1928.743633
2021-01-11,1913.76076
2021-01-12,1912.176763
2021-01-13,1912.976944
2021-01-14,1907.372389
2021-01-15,1894.506298
2021-01-18,1894.528532
2021-01-19,1908.403238
2021-01-20,1927.313209
2021-01-21,1931.542181
2021-01-22,1923.312266
2021-01-25,1927.487368
2021-01-26,1925.525124
2021-01-27,1884.649125
2021-01-28,1894.200511
2021-01-29,1855.909491
2021-02-01,1881.091432
2021-02-02,1902.266874
2021-02-03,1905.375794
2021-02-04,1917.127071
2021-02-05,1926.517934
2021-02-08,1937.674256
2021-02-09,1938.229168
2021-02-10,1938.505122
2021-02-11,1947.174946
2021-02-12,1955.058472
2021-02-15,1961.508213
2021-02-16,1962.301274
2021-02-17,1955.975395
2021-02-18,1951.221615
2021-02-19,1948.780796
2021-02-22,1937.011429
2021-02-23,1939.042004
2021-02-24,1948.157526
2021-02-25,1920.71689
2021-02-26,1899.805542
2021-03-01,1937.894762
2021-03-02,1927.367441
2021-03-03,1906.691434
2021-03-04,1883.50364
2021-03-05,1903.953545
2021-03-08,1900.149241
2021-03-09,1924.254987
2021-03-10,1933.572179
2021-03-11,1955.699845
2021-03-12,1952.521805
2021-03-15,1963.587293
2021-03-16,1969.746945
2021-03-17,1965.033772
2021-03-18,1948.301957
2021-03-19,1941.875471
2021-03-22,1955.042986
2021-03-23,1946.068015
2021-03-24,1938.644859
2021-03-25,1942.584705
2021-03-26,1977.441023
2021-03-29,1980.802514
2021-03-30,1971.349857
2021-03-31,1976.76797
2021-04-01,1997.540234
2021-04-02,1998.07097
2021-04-05,2023.247547
2021-04-06,2023.259609
2021-04-07,2026.511179
2021-04-08,2037.362115
2021-04-09,2051.293231
2021-04-12,2045.926155
2021-04-13,2048.992659
2021-04-14,2047.824846
2021-04-15,2066.90813
2021-04-16,2077.354253
2021-04-19,2074.066164
2021-04-20,2059.418861
2021-04-21,2073.798431
2021-04-22,2066.143002
2021-04-23,2082.018541
2021-04-26,2083.521328
2021-04-27,2082.091869
2021-04-28,2080.716147
2021-04-29,2095.886415
2021-04-30,2076.357275
2021-05-03,2088.121277
2021-05-04,2071.799968
2021-05-05,2080.871236
2021-05-06,2093.886451
2021-05-07,2113.344905
2021-05-10,2101.075099
2021-05-11,2076.42916
2021-05-12,2040.704522
2021-05-13,2058.730614
2021-05-14,2089.297294
2021-05-17,2086.548866
2021-05-18,2079.168669
2021-05-19,2071.159397
2021-05-20,2095.08046
2021-05-21,2094.210568
2021-05-24,2111.024518
2021-05-25,2112.573198
2021-05-26,2114.33487
2021-05-27,2111.990684
2021-05-28,2116.172593
2021-05-31,2114.733112
2021-06-01,2116.078842
2021-06-02,2120.33963
2021-06-03,2112.582789
2021-06-04,2132.902658
2021-06-07,2135.079549
2021-06-08,2136.192735
2021-06-09,2131.536628
2021-06-10,2137.928696
2021-06-11,2143.221838
2021-06-14,2149.155978
2021-06-15,2148.764284
2021-06-16,2141.693965
2021-06-17,2133.064676
2021-06-18,2104.446303
2021-06-21,2127.641704
2021-06-22,2139.091068
2021-06-23,2134.084185
2021-06-24,2144.762607
2021-06-25,2159.21099
2021-06-28,2163.42206
2021-06-29,2166.792528
2021-06-30,2159.055058
2021-07-01,2168.651954
2021-07-02,2183.674891
2021-07-05,2186.274868
2021-07-06,2180.674451
2021-07-07,2192.715121
2021-07-08,2171.648816
2021-07-09,2192.067596
2021-07-12,2203.546411
2021-07-13,2201.046064
2021-07-14,2202.701018
2021-07-15,2194.263167
2021-07-16,2184.362134
2021-07-19,2153.963335
2021-07-20,2172.420278
2021-07-21,2194.12266
2021-07-22,2201.017916
2021-07-23,2225.909147
2021-07-26,2227.957849
2021-07-27,2216.630337
2021-07-28,2218.277901
2021-07-29,2233.691021
2021-07-30,2225.336855
2021-08-02,2227.744494
2021-08-03,2238.494814
2021-08-04,2239.73646
2021-08-05,2251.43597
2021-08-06,2246.725446
2021-08-09,2245.454424
2021-08-10,2247.103829
2021-08-11,2253.168101
2021-08-12,2256.408797
2021-08-13,2266.344258
2021-08-16,2272.107533
2021-08-17,2254.507769
2021-08-18,2235.859379
2021-08-19,2235.227377
2021-08-20,2252.692869
2021-08-23,2272.903715
2021-08-24,2274.32629
2021-08-25,2274.180145
2021-08-26,2262.378701
2021-08-27,2280.212293
2021-08-30,2289.525427
2021-08-31,2280.483031
2021-09-01,2286.674244
2021-09-02,2292.124403
2021-09-03,2292.034171
2021-09-06,2296.161668
2021-09-07,2282.764804
2021-09-08,2274.184752
2021-09-09,2265.676524
2021-09-10,2259.859654
2021-09-13,2259.351421
2021-09-14,2253.345476
2021-09-15,2260.411277
2021-09-16,2255.378634
2021-09-17,2231.207502
2021-09-20,2196.135069
2021-09-21,2201.084587
2021-09-22,2213.594586
2021-09-23,2235.694396
2021-09-24,2227.468816
2021-09-27,2211.961904
2021-09-28,2159.811948
2021-09-29,2158.404766
2021-09-30,2142.090965
2021-10-01,2154.409393
2021-10-04,2129.378276
2021-10-05,2148.730318
2021-10-06,2149.107403
2021-10-07,2174.288576
2021-10-08,2173.804592
2021-10-11,2165.134412
2021-10-12,2160.381788
2021-10-13,2175.239667
2021-10-14,2212.097524
2021-10-15,2227.382365
2021-10-18,2235.458618
2021-10-19,2254.276207
2021-10-20,2260.262527
2021-10-21,2269.314948
2021-10-22,2270.73845
2021-10-25,2277.633941
2021-10-26,2279.809415
2021-10-27,2270.09053
2021-10-28,2291.418849
2021-10-29,2297.115198
2021-11-01,2298.269096
2021-11-02,2306.32157
2021-11-03,2316.123082
2021-11-04,2334.774796
2021-11-05,2335.778713
2021-11-08,2338.757935
2021-11-09,2337.251981
2021-11-10,2317.209887
2021-11-11,2318.429604
2021-11-12,2339.870649
2021-11-15,2342.019952
2021-11-16,2345.079549
2021-11-17,2331.529354
2021-11-18,2337.132174
2021-11-19,2340.657293
2021-11-22,2323.14778
2021-11-23,2317.016373
2021-11-24,2318.912906
2021-11-25,2321.784066
2021-11-26,2273.776387
2021-11-29,2295.235586
2021-11-30,2256.320369
2021-12-01,2246.050132
2021-12-02,2258.655762
2021-12-03,2241.187989
2021-12-06,2257.693193
2021-12-07,2310.522599
2021-12-08,2318.895189
2021-12-09,2302.435774
2021-12-10,2313.797168
2021-12-13,2297.515006
2021-12-14,2277.645937
2021-12-15,2309.040113
2021-12-16,2297.754604
2021-12-17,2272.693163
2021-12-20,2239.916548
2021-12-21,2278.071181
2021-12-22,2298.007513
2021-12-23,2311.907462
2021-12-24,2312.743552
2021-12-27,2342.858446
2021-12-28,2342.792086
2021-12-29,2348.036046
2021-12-30,2343.356968
2021-12-31,2339.633147
2022-01-03,2332.847977
2022-01-04,2334.411739
2022-01-05,2294.060848
2022-01-06,2283.273556
2022-01-07,2272.650463
2022-01-10,2254.500942
2022-01-11,2270.650895
2022-01-12,2285.660362
2022-01-13,2262.000941
2022-01-14,2250.307995
2022-01-17,2252.253487
2022-01-18,2214.604483
2022-01-19,2202.161518
2022-01-20,2189.444023
2022-01-21,2154.302403
2022-01-24,2143.020964
2022-01-25,2117.946154
2022-01-26,2122.301641
2022-01-27,2106.499215
2022-01-28,2141.419972
2022-01-31,2179.779035
2022-02-01,2195.503057
2022-02-02,2226.072434
2022-02-03,2167.59367
2022-02-04,2160.35082
2022-02-07,2156.907907
2022-02-08,2163.234718
2022-02-09,2203.777341
2022-02-10,2171.958935
2022-02-11,2131.934551
2022-02-14,2111.439586
2022-02-15,2145.972431
2022-02-16,2151.805589
2022-02-17,2115.222791
2022-02-18,2098.675329
2022-02-21,2093.70845
2022-02-22,2074.832782
2022-02-23,2048.625481
2022-02-24,2053.326118
2022-02-25,2108.58021
2022-02-28,2111.360521
2022-03-01,2080.511472
2022-03-02,2110.494663
2022-03-03,2098.695192
2022-03-04,2067.15467
2022-03-07,2013.819515
2022-03-08,1994.932208
2022-03-09,2056.558738
2022-03-10,2044.074679
2022-03-11,2021.016148
2022-03-14,2010.189709
2022-03-15,2035.171902
2022-03-16,2085.128462
2022-03-17,2118.051054
2022-03-18,2144.762178
2022-03-21,2143.137035
2022-03-22,2161.751282
2022-03-23,2137.590867
2022-03-24,2162.022254
2022-03-25,2166.973742
2022-03-28,2176.041214
2022-03-29,2215.404685
2022-03-30,2210.478724
2022-03-31,2179.547541
2022-04-01,2181.972311
2022-04-04,2199.628871
2022-04-05,2181.414275
2022-04-06,2152.891483
2022-04-07,2158.392463
2022-04-08,2154.623562
2022-04-11,2123.77656
2022-04-12,2114.627811
2022-04-13,2132.46367
2022-04-14,2115.605901
2022-04-15,2114.839063
2022-04-18,2111.05294
2022-04-19,2133.433791
2022-04-20,2139.809602
2022-04-21,2109.962974
2022-04-22,2056.722563
2022-04-25,2056.553033
2022-04-26,2008.11914
2022-04-27,2006.58772
2022-04-28,2052.751546
2022-04-29,2009.428136
2022-05-02,2011.804495
2022-05-03,2017.882888
2022-05-04,2057.221251
2022-05-05,1995.999247
2022-05-06,1972.385961
2022-05-09,1911.932631
2022-05-10,1915.408203
2022-05-11,1899.796815
2022-05-12,1890.739891
2022-05-13,1934.873325
2022-05-16,1928.222793
2022-05-17,1965.276401
2022-05-18,1898.00713
2022-05-19,1880.749527
2022-05-20,1886.773948
2022-05-23,1920.35703
2022-05-24,1903.362834
2022-05-25,1917.164545
2022-05-26,1953.969061
2022-05-27,1997.816468
2022-05-30,2008.483019
2022-05-31,1990.35658
2022-06-01,1971.423785
2022-06-02,2004.83448
2022-06-03,1982.696215
2022-06-06,1990.49497
2022-06-07,2001.256719
2022-06-08,1986.069532
2022-06-09,1941.87341
2022-06-10,1883.91228
2022-06-13,1819.679983
2022-06-14,1803.76977
2022-06-15,1825.823412
2022-06-16,1779.42691
2022-06-17,1772.901145
2022-06-20,1777.27249
2022-06-21,1809.867722
2022-06-22,1805.090334
2022-06-23,1815.043383
2022-06-24,1871.367373
2022-06-27,1875.667406
2022-06-28,1842.434139
2022-06-29,1836.314873
2022-06-30,1820.502809
2022-07-01,1822.118123
2022-07-04,1828.069773
2022-07-05,1822.512379
2022-07-06,1833.925586
2022-07-07,1862.512178
2022-07-08,1862.629101
2022-07-11,1841.611812
2022-07-12,1828.352419
2022-07-13,1822.323741
2022-07-14,1809.654638
2022-07-15,1841.025879
2022-07-18,1839.710852
2022-07-19,1882.440018
2022-07-20,1895.106002
2022-07-21,1906.584491
2022-07-22,1894.337226
2022-07-25,1895.02718
2022-07-26,1877.144107
2022-07-27,1909.841823
2022-07-28,1939.66937
2022-07-29,1962.94683
2022-08-01,1964.386475
2022-08-02,1944.776843
2022-08-03,1958.723673
2022-08-04,1965.669679
2022-08-05,1957.027994
2022-08-08,1962.194599
2022-08-09,1948.601668
2022-08-10,1990.207256
2022-08-11,1989.871607
2022-08-12,2010.309406
2022-08-15,2015.938975
2022-08-16,2018.737299
2022-08-17,2006.147663
2022-08-18,2012.848739
2022-08-19,1984.508694
2022-08-22,1949.971174
2022-08-23,1944.813506
2022-08-24,1949.76907
2022-08-25,1975.084547
2022-08-26,1919.558801
2022-08-29,1898.635599
2022-08-30,1880.916372
2022-08-31,1867.597923
2022-09-01,1856.676708
2022-09-02,1851.477456
2022-09-05,1846.591292
2022-09-06,1841.814727
2022-09-07,1862.850709
2022-09-08,1877.987143
2022-09-09,1910.960833
2022-09-12,1931.003171
2022-09-13,1857.345988
2022-09-14,1854.054814
2022-09-15,1832.548306
2022-09-16,1817.87258
2022-09-19,1825.225232
2022-09-20,1804.226515
2022-09-21,1780.996935
2022-09-22,1760.975198
2022-09-23,1731.420936
2022-09-26,1709.433439
2022-09-27,1708.394406
2022-09-28,1737.215162
2022-09-29,1714.825525
2022-09-30,1697.075147
2022-10-03,1734.553614
2022-10-04,1789.392524
2022-10-05,1783.992186
2022-10-06,1771.276213
2022-10-07,1728.44391
2022-10-10,1715.223366
2022-10-11,1705.576141
2022-10-12,1697.621751
2022-10-13,1724.19987
2022-10-14,1696.035124
2022-10-17,1734.431247
2022-10-18,1751.809276
2022-10-19,1738.39192
2022-10-20,1729.420687
2022-10-21,1751.708741
2022-10-24,1777.450686
2022-10-25,1811.708475
2022-10-26,1811.402458
2022-10-27,1796.75998
2022-10-28,1826.030372
2022-10-31,1813.184621
2022-11-01,1813.366498
2022-11-02,1780.736933
2022-11-03,1755.899557
2022-11-04,1787.504423
2022-11-07,1810.531506
2022-11-08,1826.927778
2022-11-09,1798.655952
2022-11-10,1894.268136
2022-11-11,1920.276335
2022-11-14,1911.631993
2022-11-15,1928.994845
2022-11-16,1912.201739
2022-11-17,1905.217984
2022-11-18,1915.190824
2022-11-21,1902.298553
2022-11-22,1926.61389
2022-11-23,1944.153085
2022-11-24,1949.34263
2022-11-25,1946.596643
2022-11-28,1924.648988
2022-11-29,1922.551352
2022-11-30,1966.746476
2022-12-01,1982.981231
2022-12-02,1978.213924
2022-12-05,1955.574456
2022-12-06,1930.187963
2022-12-07,1924.20069
2022-12-08,1937.04425
2022-12-09,1929.81655
2022-12-12,1946.33801
2022-12-13,1970.070779
2022-12-14,1967.076943
2022-12-15,1917.224608
2022-12-16,1895.562709
2022-12-19,1879.735497
2022-12-20,1882.06722
2022-12-21,1912.041885
2022-12-22,1888.141893
2022-12-23,1895.41483
2022-12-26,1895.514584
2022-12-27,1893.113312
2022-12-28,1874.299749
2022-12-29,1901.498014
2022-12-30,1891.345856
2023-01-02,1894.189231
2023-01-03,1888.38178
2023-01-04,1903.883485
2023-01-05,1883.394697
2023-01-06,1927.58507
2023-01-09,1934.596639
2023-01-10,1939.665235
2023-01-11,1960.056569
2023-01-12,1973.844642
2023-01-13,1981.498739
2023-01-16,1982.635424
2023-01-17,1980.428132
2023-01-18,1964.703986
2023-01-19,1941.947266
2023-01-20,1971.869932
2023-01-23,1993.854218
2023-01-24,1993.799576
2023-01-25,1991.103364
2023-01-26,2002.796586
2023-01-27,2006.291304
2023-01-30,1986.919097
2023-01-31,2006.287849
2023-02-01,2024.640362
2023-02-02,2059.555332
2023-02-03,2041.522682
2023-02-06,2020.504274
2023-02-07,2041.290416
2023-02-08,2023.544811
2023-02-09,2011.298611
2023-02-10,2006.021713
2023-02-13,2030.889511
2023-02-14,2029.876631
2023-02-15,2027.489371
2023-02-16,2009.952804
2023-02-17,2002.671544
2023-02-20,2005.468323
2023-02-21,1971.911632
2023-02-22,1965.171682
2023-02-23,1973.592129
2023-02-24,1951.51224
2023-02-27,1959.259174
2023-02-28,1955.254174
2023-03-01,1951.427446
2023-03-02,1965.228239
2023-03-03,1990.621219
2023-03-06,1995.490124
2023-03-07,1967.439748
2023-03-08,1968.08069
2023-03-09,1943.936073
2023-03-10,1920.271282
2023-03-13,1910.96791
2023-03-14,1938.044194
2023-03-15,1916.166694
2023-03-16,1946.258316
2023-03-17,1934.716188
2023-03-20,1952.115944
2023-03-21,1972.488347
2023-03-22,1953.847003
2023-03-23,1968.332473
2023-03-24,1965.341498
2023-03-27,1968.193956
2023-03-28,1967.683494
2023-03-29,1992.411777
2023-03-30,2007.006671
2023-03-31,2031.986255
2023-04-03,2039.322113
2023-04-04,2029.446621
2023-04-05,2023.753122
2023-04-06,2029.540258
2023-04-07,2029.693184
2023-04-10,2029.439894
2023-04-11,2038.397278
2023-04-12,2037.116238
2023-04-13,2059.764747
2023-04-14,2057.893426
2023-04-17,2056.755313
2023-04-18,2061.983998
2023-04-19,2057.042259
2023-04-20,2057.377926
2023-04-21,2056.69996
2023-04-24,2059.683932
2023-04-25,2031.393293
2023-04-26,2019.658511
2023-04-27,2051.814052
2023-04-28,2072.106684
2023-05-01,2074.089143
2023-05-02,2046.857651
2023-05-03,2041.623107
2023-05-04,2025.196823
2023-05-05,2054.815059
2023-05-08,2059.612669
2023-05-09,2049.769888
2023-05-10,2055.588017
2023-05-11,2052.241599
2023-05-12,2051.554507
2023-05-15,2058.635009
2023-05-16,2046.472537
2023-05-17,2060.773475
2023-05-18,2076.952046
2023-05-19,2078.419327
2023-05-22,2080.24784
2023-05-23,2058.065384
2023-05-24,2037.351353
2023-05-25,2057.723513
2023-05-26,2083.977721
2023-05-29,2085.296495
2023-05-30,2081.429771
2023-05-31,2056.489511
2023-06-01,2078.445592
2023-06-02,2108.851408
2023-06-05,2102.65957
2023-06-06,2106.830025
2023-06-07,2095.054052
2023-06-08,2103.24193
2023-06-09,2105.127886
2023-06-12,2121.459852
2023-06-13,2137.048173
2023-06-14,2150.579479
2023-06-15,2172.780586
2023-06-16,2171.479536
2023-06-19,2164.8331
2023-06-20,2153.786752
2023-06-21,2146.759647
2023-06-22,2148.527987
2023-06-23,2131.600277
2023-06-26,2123.357128
2023-06-27,2146.17086
2023-06-28,2145.861942
2023-06-29,2153.792953
2023-06-30,2177.16524
2023-07-03,2175.787119
2023-07-04,2176.815047
2023-07-05,2169.501989
2023-07-06,2142.902084
2023-07-07,2138.013478
2023-07-10,2146.595726
2023-07-11,2160.095905
2023-07-12,2187.661016
2023-07-13,2214.233873
2023-07-14,2219.262508
2023-07-17,2221.951981
2023-07-18,2231.944046
2023-07-19,2230.704552
2023-07-20,2219.33348
2023-07-21,2220.989532
2023-07-24,2226.053098
2023-07-25,2237.726418
2023-07-26,2238.69933
2023-07-27,2232.266172
2023-07-28,2248.341785
2023-07-31,2249.116056
2023-08-01,2242.694356
2023-08-02,2207.708063
2023-08-03,2200.429002
2023-08-04,2193.463804
2023-08-07,2210.901473
2023-08-08,2209.402335
2023-08-09,2202.344508
2023-08-10,2205.917497
2023-08-11,2193.976615
2023-08-14,2204.154785
2023-08-15,2187.214302
2023-08-16,2175.617351
2023-08-17,2158.266884
2023-08-18,2155.749881
2023-08-21,2168.529182
2023-08-22,2164.505149
2023-08-23,2188.076862
2023-08-24,2163.642967
2023-08-25,2166.608881
2023-08-28,2184.409422
2023-08-29,2214.191339
2023-08-30,2225.308105
2023-08-31,2220.422785
2023-09-01,2224.035434
2023-09-04,2225.465046
2023-09-05,2211.162724
2023-09-06,2198.740342
2023-09-07,2190.459187
2023-09-08,2192.144507
2023-09-11,2201.144401
2023-09-12,2189.521658
2023-09-13,2189.46704
2023-09-14,2205.801179
2023-09-15,2184.191312
2023-09-18,2184.385014
2023-09-19,2180.213962
2023-09-20,2167.660773
2023-09-21,2123.895304
2023-09-22,2124.773032
2023-09-25,2122.490969
2023-09-26,2099.276974
2023-09-27,2099.99201
2023-09-28,2114.199043
2023-09-29,2114.682027
2023-10-02,2110.123979
2023-10-03,2081.931925
2023-10-04,2094.497095
2023-10-05,2099.146112
2023-10-06,2125.657845
2023-10-09,2138.436287
2023-10-10,2158.049273
2023-10-11,2173.976844
2023-10-12,2168.778614
2023-10-13,2154.470457
2023-10-16,2173.762262
2023-10-17,2173.426355
2023-10-18,2146.304218
2023-10-19,2125.005113
2023-10-20,2101.089725
2023-10-23,2101.405814
2023-10-24,2113.079139
2023-10-25,2090.922781
2023-10-26,2060.738654
2023-10-27,2052.494739
2023-10-30,2077.237754
2023-10-31,2082.607346
2023-11-01,2103.183969
2023-11-02,2148.012132
2023-11-03,2166.614847
2023-11-06,2174.677019
2023-11-07,2176.432867
2023-11-08,2183.824111
2023-11-09,2176.025916
2023-11-10,2194.735067
2023-11-13,2196.618379
2023-11-14,2237.301447
2023-11-15,2242.204322
2023-11-16,2239.361762
2023-11-17,2246.066663
2023-11-20,2264.541579
2023-11-21,2262.687284
2023-11-22,2266.655924
2023-11-23,2269.365623
2023-11-24,2273.482327
2023-11-27,2266.050004
2023-11-28,2263.562634
2023-11-29,2263.1941
2023-11-30,2267.832558
2023-12-01,2280.560609
2023-12-04,2270.855468
2023-12-05,2269.252359
2023-12-06,2266.181493
2023-12-07,2277.880792
2023-12-08,2288.641778
2023-12-11,2298.852885
2023-12-12,2312.220997
2023-12-13,2333.77214
2023-12-14,2348.305073
2023-12-15,2346.987825
2023-12-18,2355.221243
2023-12-19,2370.463309
2023-12-20,2349.863764
2023-12-21,2366.503826
2023-12-22,2366.061802
2023-12-25,2366.193662
2023-12-26,2373.965501
2023-12-27,2382.534681
2023-12-28,2385.531265
2023-12-29,2379.809497
2024-01-01,2379.809497
2024-01-02,2357.164117
2024-01-03,2338.412657
2024-01-04,2337.382978
2024-01-05,2338.767002
2024-01-08,2364.522446
2024-01-09,2361.366046
2024-01-10,2374.969007
2024-01-11,2373.064056
2024-01-12,2385.099401
2024-01-15,2380.992804
2024-01-16,2367.619548
2024-01-17,2351.243596
2024-01-18,2372.515877
2024-01-19,2401.370422
2024-01-22,2411.570812
2024-01-23,2403.411685
2024-01-24,2417.622397
2024-01-25,2423.118124
2024-01-26,2425.72709
2024-01-29,2440.418814
2024-01-30,2443.801401
2024-01-31,2418.823684
2024-02-01,2437.600725
2024-02-02,2462.685595
2024-02-05,2458.776928
2024-02-06,2464.856623
2024-02-07,2488.061909
2024-02-08,2489.08672
2024-02-09,2506.742917
2024-02-12,2506.215579
2024-02-13,2475.308919
2024-02-14,2497.330813
2024-02-15,2513.359248
2024-02-16,2507.813897
2024-02-19,2507.985788
2024-02-20,2493.910982
2024-02-21,2493.263398
2024-02-22,2549.910734
2024-02-23,2553.978606
2024-02-26,2549.152149
2024-02-27,2550.672067
2024-02-28,2542.173667
2024-02-29,2549.940027
2024-03-01,2576.744741
2024-03-04,2579.516377
2024-03-05,2558.244117
2024-03-06,2575.58666
2024-03-07,2611.191396
2024-03-08,2590.466703
2024-03-11,2574.640165
2024-03-12,2609.571093
2024-03-13,2609.739195
2024-03-14,2603.188857
2024-03-15,2582.070136
2024-03-18,2595.476722
2024-03-19,2605.879039
2024-03-20,2623.783602
2024-03-21,2639.672425
2024-03-22,2626.091992
2024-03-25,2620.816806
2024-03-26,2610.972575
2024-03-27,2621.543328
2024-03-28,2623.974865
2024-03-29,2624.248137
2024-04-01,2615.329605
2024-04-02,2600.134775
2024-04-03,2604.444744
2024-04-04,2582.292669
2024-04-05,2597.106688
2024-04-08,2599.205442
2024-04-09,2597.890904
2024-04-10,2577.58247
2024-04-11,2592.574271
2024-04-12,2564.880703
2024-04-15,2541.556199
2024-04-16,2531.170338
2024-04-17,2513.547883
2024-04-18,2510.566598
2024-04-19,2481.4124
2024-04-22,2501.152055
2024-04-23,2533.638033
2024-04-24,2530.003812
2024-04-25,2517.230682
2024-04-26,2549.134733
2024-04-29,2549.317702
2024-04-30,2522.864449
2024-05-01,2513.393406
2024-05-02,2527.143089
2024-05-03,2557.238181
2024-05-06,2586.450912
2024-05-07,2598.658907
2024-05-08,2595.772311
2024-05-09,2604.872874
2024-05-10,2613.735435
2024-05-13,2615.54496
2024-05-14,2625.296885
2024-05-15,2660.929191
2024-05-16,2659.305381
2024-05-17,2657.885061
2024-05-20,2666.03608
2024-05-21,2667.506669
2024-05-22,2657.766182
2024-05-23,2656.913835
2024-05-24,2671.246663
2024-05-27,2674.191328
2024-05-28,2675.422343
2024-05-29,2651.194412
2024-05-30,2644.342054
2024-05-31,2659.45259
2024-06-03,2664.287481
2024-06-04,2669.95441
2024-06-05,2701.092597
2024-06-06,2706.813922
2024-06-07,2701.37704
2024-06-10,2704.469351
2024-06-11,2709.198994
2024-06-12,2737.152723
2024-06-13,2731.168391
2024-06-14,2724.160928
2024-06-17,2739.673138
2024-06-18,2754.224476
2024-06-19,2753.78596
2024-06-20,2748.571192
2024-06-21,2736.568657
2024-06-24,2735.300542
2024-06-25,2747.673341
2024-06-26,2738.712183
2024-06-27,2735.039152
2024-06-28,2718.500498
2024-07-01,2718.237685
2024-07-02,2727.930962
2024-07-03,2745.104247
2024-07-04,2747.983731
2024-07-05,2759.981728
2024-07-08,2758.841895
2024-07-09,2754.11775
2024-07-10,2780.168979
2024-07-11,2768.250038
2024-07-12,2789.111561
2024-07-15,2790.763019
2024-07-16,2799.221152
2024-07-17,2760.5668
2024-07-18,2740.207442
2024-07-19,2716.616716
2024-07-22,2746.818493
2024-07-23,2739.338107
2024-07-24,2684.055147
2024-07-25,2661.822614
2024-07-26,2690.994738
2024-07-29,2690.107959
2024-07-30,2684.482356
2024-07-31,2732.763876
2024-08-01,2702.573772
2024-08-02,2660.310215
2024-08-05,2586.504465
2024-08-06,2615.858723
2024-08-07,2604.586068
2024-08-08,2654.115142
2024-08-09,2672.301562
2024-08-12,2673.853548
2024-08-13,2712.924654
2024-08-14,2727.32787
2024-08-15,2766.969312
2024-08-16,2772.856752
2024-08-19,2796.427112
2024-08-20,2797.802195
2024-08-21,2815.180252
2024-08-22,2800.444372
2024-08-23,2827.440477
2024-08-26,2822.545498
2024-08-27,2830.075543
2024-08-28,2815.349677
2024-08-29,2819.040373
2024-08-30,2835.445898
2024-09-02,2833.416218
2024-09-03,2779.777662
2024-09-04,2766.995129
2024-09-05,2745.275818
2024-09-06,2715.622529
2024-09-09,2736.454619
2024-09-10,2736.957726
2024-09-11,2760.067775
2024-09-12,2784.289054
2024-09-13,2801.43697
2024-09-16,2805.692689
2024-09-17,2807.133827
2024-09-18,2793.435288
2024-09-19,2837.537848
2024-09-20,2820.512381
2024-09-23,2830.178913
2024-09-24,2838.3779
2024-09-25,2837.169957
2024-09-26,2854.736514
2024-09-27,2856.121986
2024-09-30,2856.993849
2024-10-01,2838.675624
2024-10-02,2837.164782
2024-10-03,2833.396089
2024-10-04,2842.112902
2024-10-07,2825.897309
2024-10-08,2843.529806
2024-10-09,2857.801758
2024-10-10,2853.581342
2024-10-11,2873.482204
2024-10-14,2896.078974
2024-10-15,2862.152718
2024-10-16,2867.803186
2024-10-17,2868.127566
2024-10-18,2879.742625
2024-10-21,2870.766334
2024-10-22,2860.70686
2024-10-23,2835.533465
2024-10-24,2836.238118
2024-10-25,2837.985268
2024-10-28,2843.24989
2024-10-29,2841.959706
2024-10-30,2828.273649
2024-10-31,2782.624801
2024-11-01,2791.478796
2024-11-04,2788.822854
2024-11-05,2811.95218
2024-11-06,2845.293671
2024-11-07,2872.363854
2024-11-08,2873.757702
2024-11-11,2872.027948
2024-11-12,2860.281749
2024-11-13,2852.541316
2024-11-14,2847.049436
2024-11-15,2801.951211
2024-11-18,2807.638562
2024-11-19,2815.927461
2024-11-20,2815.266807
2024-11-21,2832.824202
2024-11-22,2845.858997
2024-11-25,2861.317035
2024-11-26,2868.612008
2024-11-27,2867.895436
2024-11-28,2869.836948
2024-11-29,2884.05496
2024-12-02,2893.374596
2024-12-03,2901.839651
2024-12-04,2911.836545
2024-12-05,2905.686965
2024-12-06,2908.692261
2024-12-09,2897.526684
2024-12-10,2885.227798
2024-12-11,2898.634004
2024-12-12,2881.76178
2024-12-13,2867.385261
2024-12-16,2868.643568
2024-12-17,2860.160466
2024-12-18,2799.526067
2024-12-19,2780.747579
2024-12-20,2792.009739
2024-12-23,2808.98247
2024-12-24,2828.477145
2024-12-25,2828.474342
2024-12-26,2829.028345
2024-12-27,2812.740775
2024-12-30,2785.582399
2024-12-31,2779.820597
2025-01-01,2779.820597
2025-01-02,2774.199291
2025-01-03,2792.982846
2025-01-06,2811.670391
2025-01-07,2795.649226
2025-01-08,2796.58977
2025-01-09,2798.147966
2025-01-10,2758.483322
2025-01-13,2752.214382
2025-01-14,2756.514102
2025-01-15,2797.746813
2025-01-16,2802.826752
2025-01-17,2816.853882
2025-01-20,2821.498531
2025-01-21,2840.698479
2025-01-22,2862.162041
2025-01-23,2870.804784
2025-01-24,2873.031868
2025-01-27,2852.804245
2025-01-28,2865.108634
2025-01-29,2862.176244
2025-01-30,2885.081298
2025-01-31,2866.525376
2025-02-03,2844.812323
2025-02-04,2860.484326
2025-02-05,2876.807138
2025-02-06,2881.329875
2025-02-07,2857.268494
2025-02-10,2876.428033
2025-02-11,2880.269777
2025-02-12,2875.658984
2025-02-13,2908.803222
2025-02-14,2903.998359
2025-02-17,2904.867946
2025-02-18,2911.75008
2025-02-19,2912.740205
2025-02-20,2911.166089
2025-02-21,2879.335121
2025-02-24,2872.503258
2025-02-25,2871.227641
2025-02-26,2870.224823
2025-02-27,2831.37002
2025-02-28,2860.275041
2025-03-03,2836.408026
2025-03-04,2808.108023
2025-03-05,2843.029355
2025-03-06,2810.548494
2025-03-07,2819.063433
2025-03-10,2764.571574
2025-03-11,2732.815254
2025-03-12,2737.386995
2025-03-13,2699.234475
2025-03-14,2745.611295
2025-03-17,2770.59717
2025-03-18,2749.458934
2025-03-19,2767.223241
2025-03-20,2760.574153
2025-03-21,2750.732827
2025-03-24,2784.678416
2025-03-25,2790.101631
2025-03-26,2768.442297
2025-03-27,2765.640943
2025-03-28,2723.058278
2025-03-31,2727.087885
2025-04-01,2741.566312
2025-04-02,2751.774348
2025-04-03,2660.552067
2025-04-04,2516.947927
2025-04-07,2468.301141
2025-04-08,2456.83834
2025-04-09,2614.130797
2025-04-10,2579.571609
2025-04-11,2622.473852
2025-04-14,2654.870546
