Date,Value
1998-11-30,1000
1998-12-01,1012.009008
1998-12-02,1009.036521
1998-12-03,988.626758
1998-12-04,1010.498254
1998-12-07,1021.187733
1998-12-08,1018.823879
1998-12-09,1020.128307
1998-12-10,1003.505503
1998-12-11,1006.849568
1998-12-14,984.376518
1998-12-15,1003.313091
1998-12-16,1000.616171
1998-12-17,1014.565269
1998-12-18,1021.833034
1998-12-21,1035.771787
1998-12-22,1040.126134
1998-12-23,1063.385554
1998-12-24,1061.714776
1998-12-25,1061.714776
1998-12-28,1061.950157
1998-12-29,1078.142415
1998-12-30,1067.407555
1998-12-31,1064.243334
1999-01-01,1064.243334
1999-01-04,1066.340034
1999-01-05,1074.452245
1999-01-06,1099.609437
1999-01-07,1100.63335
1999-01-08,1106.710864
1999-01-11,1097.271221
1999-01-12,1074.461083
1999-01-13,1071.673155
1999-01-14,1054.386458
1999-01-15,1078.980678
1999-01-18,1078.980678
1999-01-19,1089.587843
1999-01-20,1089.845888
1999-01-21,1068.254278
1999-01-22,1063.102131
1999-01-25,1073.980835
1999-01-26,1092.573544
1999-01-27,1089.133525
1999-01-28,1110.468191
1999-01-29,1124.095477
1999-02-01,1120.091586
1999-02-02,1109.901168
1999-02-03,1120.755732
1999-02-04,1098.621064
1999-02-05,1088.522576
1999-02-08,1095.00896
1999-02-09,1067.722077
1999-02-10,1071.721531
1999-02-11,1099.735381
1999-02-12,1077.506174
1999-02-15,1077.506174
1999-02-16,1086.902639
1999-02-17,1072.829392
1999-02-18,1083.207548
1999-02-19,1088.909482
1999-02-22,1114.663266
1999-02-23,1117.373257
1999-02-24,1097.608058
1999-02-25,1091.829462
1999-02-26,1086.941308
1999-03-01,1085.105284
1999-03-02,1077.873319
1999-03-03,1078.277619
1999-03-04,1094.48307
1999-03-05,1119.167927
1999-03-08,1126.572801
1999-03-09,1123.284197
1999-03-10,1126.959761
1999-03-11,1134.625424
1999-03-12,1130.351521
1999-03-15,1143.33237
1999-03-16,1143.020852
1999-03-17,1136.180489
1999-03-18,1151.949661
1999-03-19,1135.218977
1999-03-22,1133.242069
1999-03-23,1104.994102
1999-03-24,1111.891581
1999-03-25,1133.412722
1999-03-26,1124.811421
1999-03-29,1148.751022
1999-03-30,1142.544367
1999-03-31,1129.204338
1999-04-01,1132.911697
1999-04-02,1132.911697
1999-04-05,1157.242778
1999-04-06,1153.492799
1999-04-07,1160.742029
1999-04-08,1179.289963
1999-04-09,1186.344041
1999-04-12,1195.963163
1999-04-13,1190.417027
1999-04-14,1165.508446
1999-04-15,1157.656663
1999-04-16,1152.404358
1999-04-19,1121.389261
1999-04-20,1137.822076
1999-04-21,1167.155393
1999-04-22,1184.933504
1999-04-23,1182.519301
1999-04-26,1184.635273
1999-04-27,1181.320035
1999-04-28,1171.041362
1999-04-29,1163.928823
1999-04-30,1156.713271
1999-05-03,1171.219094
1999-05-04,1152.435007
1999-05-05,1167.723889
1999-05-06,1152.977048
1999-05-07,1158.845561
1999-05-10,1158.993927
1999-05-11,1175.046515
1999-05-12,1180.890987
1999-05-13,1178.499888
1999-05-14,1153.230489
1999-05-17,1159.611341
1999-05-18,1152.305462
1999-05-19,1159.692792
1999-05-20,1156.995353
1999-05-21,1150.22516
1999-05-24,1129.000253
1999-05-25,1108.862143
1999-05-26,1124.937328
1999-05-27,1106.769297
1999-05-28,1122.107949
1999-05-31,1122.107949
1999-06-01,1116.964408
1999-06-02,1120.378457
1999-06-03,1122.38614
1999-06-04,1150.422616
1999-06-07,1152.827925
1999-06-08,1138.899152
1999-06-09,1138.047955
1999-06-10,1122.616965
1999-06-11,1110.830048
1999-06-14,1106.820641
1999-06-15,1112.418018
1999-06-16,1143.157984
1999-06-17,1153.824913
1999-06-18,1157.107607
1999-06-21,1164.260159
1999-06-22,1151.458234
1999-06-23,1149.868398
1999-06-24,1133.1581
1999-06-25,1134.096361
1999-06-28,1149.110577
1999-06-29,1169.299399
1999-06-30,1187.454453
1999-07-01,1195.807045
1999-07-02,1208.492128
1999-07-05,1208.492128
1999-07-06,1207.739728
1999-07-07,1213.535303
1999-07-08,1213.069119
1999-07-09,1217.976489
1999-07-12,1210.443561
1999-07-13,1205.638509
1999-07-14,1207.789869
1999-07-15,1216.023714
1999-07-16,1223.493204
1999-07-19,1212.137059
1999-07-20,1185.319937
1999-07-21,1190.844774
1999-07-22,1177.712902
1999-07-23,1171.312799
1999-07-26,1163.020917
1999-07-27,1173.16002
1999-07-28,1178.680515
1999-07-29,1156.988072
1999-07-30,1148.272997
1999-08-02,1148.45131
1999-08-03,1139.830375
1999-08-04,1126.033455
1999-08-05,1132.430027
1999-08-06,1121.890871
1999-08-09,1116.605217
1999-08-10,1105.549577
1999-08-11,1124.069247
1999-08-12,1125.580673
1999-08-13,1151.126488
1999-08-16,1153.472094
1999-08-17,1164.774393
1999-08-18,1153.705781
1999-08-19,1142.87727
1999-08-20,1159.221801
1999-08-23,1180.680314
1999-08-24,1184.478363
1999-08-25,1205.685528
1999-08-26,1187.694106
1999-08-27,1175.122629
1999-08-30,1153.707788
1999-08-31,1147.630077
1999-09-01,1159.41927
1999-09-02,1153.089689
1999-09-03,1187.352734
1999-09-06,1187.352734
1999-09-07,1174.874823
1999-09-08,1168.124927
1999-09-09,1172.854092
1999-09-10,1177.064861
1999-09-13,1168.32532
1999-09-14,1162.410907
1999-09-15,1143.545162
1999-09-16,1143.783523
1999-09-17,1163.813948
1999-09-20,1161.28452
1999-09-21,1139.169259
1999-09-22,1140.72263
1999-09-23,1111.119527
1999-09-24,1106.296602
1999-09-27,1110.973539
1999-09-28,1112.283809
1999-09-29,1098.949443
1999-09-30,1112.379328
1999-10-01,1115.073227
1999-10-04,1136.750316
1999-10-05,1136.874612
1999-10-06,1158.433462
1999-10-07,1153.188983
1999-10-08,1172.715522
1999-10-11,1172.337334
1999-10-12,1151.549837
1999-10-13,1123.895419
1999-10-14,1126.524388
1999-10-15,1090.579108
1999-10-18,1096.970815
1999-10-19,1105.653784
1999-10-20,1128.506133
1999-10-21,1128.864688
1999-10-22,1144.650629
1999-10-25,1134.685207
1999-10-26,1120.946272
1999-10-27,1135.861735
1999-10-28,1182.193814
1999-10-29,1206.058655
1999-11-01,1204.977452
1999-11-02,1199.139277
1999-11-03,1203.617775
1999-11-04,1208.084873
1999-11-05,1218.332724
1999-11-08,1225.987853
1999-11-09,1212.61727
1999-11-10,1217.544731
1999-11-11,1223.960961
1999-11-12,1234.743105
1999-11-15,1231.386156
1999-11-16,1255.744267
1999-11-17,1251.634425
1999-11-18,1266.622608
1999-11-19,1266.340063
1999-11-22,1272.320036
1999-11-23,1262.155091
1999-11-24,1277.510156
1999-11-25,1277.510156
1999-11-26,1279.268281
1999-11-29,1272.289101
1999-11-30,1250.935556
1999-12-01,1262.713276
1999-12-02,1277.060287
1999-12-03,1297.308343
1999-12-06,1283.192891
1999-12-07,1270.887447
1999-12-08,1265.704463
1999-12-09,1279.74901
1999-12-10,1287.381739
1999-12-13,1288.862297
1999-12-14,1277.823239
1999-12-15,1299.838156
1999-12-16,1303.766014
1999-12-17,1301.662774
1999-12-20,1300.01783
1999-12-21,1306.469722
1999-12-22,1312.821788
1999-12-23,1336.900635
1999-12-24,1336.900635
1999-12-27,1334.023709
1999-12-28,1334.512719
1999-12-29,1340.568501
1999-12-30,1339.819512
1999-12-31,1340.944762
2000-01-03,1332.436554
2000-01-04,1276.372537
2000-01-05,1279.275947
2000-01-06,1258.392041
2000-01-07,1310.292003
2000-01-10,1317.290227
2000-01-11,1302.173588
2000-01-12,1292.753883
2000-01-13,1308.435219
2000-01-14,1320.95744
2000-01-17,1320.95744
2000-01-18,1308.57781
2000-01-19,1307.00426
2000-01-20,1298.031737
2000-01-21,1295.531344
2000-01-24,1259.794433
2000-01-25,1267.781529
2000-01-26,1264.480316
2000-01-27,1253.306398
2000-01-28,1220.366684
2000-01-31,1245.966074
2000-02-01,1262.477126
2000-02-02,1257.168168
2000-02-03,1267.246543
2000-02-04,1263.71359
2000-02-07,1261.502869
2000-02-08,1267.85202
2000-02-09,1236.336594
2000-02-10,1237.841175
2000-02-11,1215.050825
2000-02-14,1225.982462
2000-02-15,1237.401614
2000-02-16,1218.908846
2000-02-17,1218.754298
2000-02-18,1185.883055
2000-02-21,1185.883055
2000-02-22,1185.395542
2000-02-23,1191.444292
2000-02-24,1185.716663
2000-02-25,1178.956034
2000-02-28,1190.532714
2000-02-29,1211.573528
2000-03-01,1224.490855
2000-03-02,1231.119935
2000-03-03,1252.307919
2000-03-06,1233.822805
2000-03-07,1200.516554
2000-03-08,1216.498225
2000-03-09,1246.774147
2000-03-10,1242.543869
2000-03-13,1236.966056
2000-03-14,1220.485428
2000-03-15,1254.682439
2000-03-16,1320.72511
2000-03-17,1322.976906
2000-03-20,1318.92828
2000-03-21,1345.013437
2000-03-22,1348.437362
2000-03-23,1369.430508
2000-03-24,1369.788697
2000-03-27,1362.351711
2000-03-28,1347.109365
2000-03-29,1351.759283
2000-03-30,1339.902754
2000-03-31,1344.580785
2000-04-03,1359.368625
2000-04-04,1349.676324
2000-04-05,1335.120388
2000-04-06,1349.689436
2000-04-07,1362.276377
2000-04-10,1355.022907
2000-04-11,1351.885654
2000-04-12,1322.355516
2000-04-13,1300.49005
2000-04-14,1214.097886
2000-04-17,1243.891249
2000-04-18,1281.658406
2000-04-19,1268.156399
2000-04-20,1276.441698
2000-04-21,1276.441698
2000-04-24,1275.560268
2000-04-25,1317.783937
2000-04-26,1300.795525
2000-04-27,1302.604747
2000-04-28,1291.257512
2000-05-01,1305.791634
2000-05-02,1282.801205
2000-05-03,1253.658209
2000-05-04,1249.363187
2000-05-05,1270.116104
2000-05-08,1259.783196
2000-05-09,1250.344124
2000-05-10,1232.736117
2000-05-11,1258.357516
2000-05-12,1273.053282
2000-05-15,1302.376196
2000-05-16,1312.274164
2000-05-17,1295.426237
2000-05-18,1284.07768
2000-05-19,1261.642106
2000-05-22,1258.869429
2000-05-23,1233.569141
2000-05-24,1252.479914
2000-05-25,1235.312385
2000-05-26,1234.15965
2000-05-29,1234.15965
2000-05-30,1271.274423
2000-05-31,1271.168124
2000-06-01,1295.056486
2000-06-02,1316.525174
2000-06-05,1307.999205
2000-06-06,1300.756035
2000-06-07,1315.275467
2000-06-08,1306.375408
2000-06-09,1303.102616
2000-06-12,1287.558691
2000-06-13,1310.428799
2000-06-14,1318.336292
2000-06-15,1331.304863
2000-06-16,1322.860296
2000-06-19,1341.624603
2000-06-20,1326.650745
2000-06-21,1334.179683
2000-06-22,1313.356794
2000-06-23,1304.833739
2000-06-26,1316.200826
2000-06-27,1317.992659
2000-06-28,1318.560998
2000-06-29,1316.419065
2000-06-30,1322.223913
2000-07-03,1330.927299
2000-07-04,1330.927299
2000-07-05,1312.686728
2000-07-06,1319.881718
2000-07-07,1336.923167
2000-07-10,1336.986071
2000-07-11,1340.018409
2000-07-12,1350.915158
2000-07-13,1347.277229
2000-07-14,1361.532116
2000-07-17,1358.186874
2000-07-18,1348.520282
2000-07-19,1339.8067
2000-07-20,1351.936379
2000-07-21,1334.785205
2000-07-24,1326.385121
2000-07-25,1329.574877
2000-07-26,1315.733647
2000-07-27,1329.235175
2000-07-28,1301.935051
2000-07-31,1309.539442
2000-08-01,1315.716062
2000-08-02,1316.192003
2000-08-03,1322.284305
2000-08-04,1332.025139
2000-08-07,1345.912035
2000-08-08,1353.438803
2000-08-09,1340.334862
2000-08-10,1325.089273
2000-08-11,1337.277702
2000-08-14,1352.32731
2000-08-15,1339.168365
2000-08-16,1333.30907
2000-08-17,1347.796088
2000-08-18,1340.415717
2000-08-21,1349.679852
2000-08-22,1350.870184
2000-08-23,1354.52721
2000-08-24,1350.017024
2000-08-25,1349.702394
2000-08-28,1357.560487
2000-08-29,1356.143743
2000-08-30,1351.897742
2000-08-31,1363.580739
2000-09-01,1364.247609
2000-09-04,1364.247609
2000-09-05,1356.357154
2000-09-06,1346.481717
2000-09-07,1350.027256
2000-09-08,1347.208039
2000-09-11,1346.033523
2000-09-12,1344.040776
2000-09-13,1342.395436
2000-09-14,1335.671111
2000-09-15,1322.664285
2000-09-18,1301.76625
2000-09-19,1316.870352
2000-09-20,1312.992126
2000-09-21,1317.308982
2000-09-22,1323.65757
2000-09-25,1311.887021
2000-09-26,1300.821855
2000-09-27,1304.389717
2000-09-28,1337.005165
2000-09-29,1322.264355
2000-10-02,1322.201142
2000-10-03,1309.581261
2000-10-04,1316.848144
2000-10-05,1318.838271
2000-10-06,1297.693046
2000-10-09,1287.178228
2000-10-10,1278.113825
2000-10-11,1257.884745
2000-10-12,1217.331729
2000-10-13,1253.266239
2000-10-16,1249.83949
2000-10-17,1237.257695
2000-10-18,1233.82228
2000-10-19,1274.487889
2000-10-20,1279.438536
2000-10-23,1284.70293
2000-10-24,1287.637937
2000-10-25,1277.886679
2000-10-26,1282.739415
2000-10-27,1295.067468
2000-10-30,1314.733628
2000-10-31,1340.284424
2000-11-01,1335.223836
2000-11-02,1341.145054
2000-11-03,1333.864887
2000-11-06,1338.498072
2000-11-07,1341.651109
2000-11-08,1326.681583
2000-11-09,1322.467024
2000-11-10,1290.95245
2000-11-13,1279.078932
2000-11-14,1304.086414
2000-11-15,1311.393568
2000-11-16,1298.929858
2000-11-17,1297.621158
2000-11-20,1278.942745
2000-11-21,1277.058862
2000-11-22,1257.291894
2000-11-23,1257.291894
2000-11-24,1273.891677
2000-11-27,1279.985932
2000-11-28,1269.868411
2000-11-29,1277.186173
2000-11-30,1251.766258
2000-12-01,1243.209853
2000-12-04,1257.1602
2000-12-05,1300.097662
2000-12-06,1278.359962
2000-12-07,1268.328983
2000-12-08,1291.503748
2000-12-11,1296.889566
2000-12-12,1293.171748
2000-12-13,1281.006535
2000-12-14,1263.408723
2000-12-15,1231.174143
2000-12-18,1244.242338
2000-12-19,1225.431369
2000-12-20,1191.411157
2000-12-21,1207.611429
2000-12-22,1231.370466
2000-12-25,1231.370466
2000-12-26,1238.482417
2000-12-27,1254.828466
2000-12-28,1257.875224
2000-12-29,1247.770402
2001-01-01,1247.770402
2001-01-02,1218.193664
2001-01-03,1268.630397
2001-01-04,1246.310804
2001-01-05,1215.775466
2001-01-08,1215.951944
2001-01-09,1222.561195
2001-01-10,1230.476628
2001-01-11,1238.361796
2001-01-12,1228.237742
2001-01-15,1228.237742
2001-01-16,1233.166463
2001-01-17,1229.112666
2001-01-18,1244.687079
2001-01-19,1237.034802
2001-01-22,1243.43198
2001-01-23,1255.212619
2001-01-24,1258.786419
2001-01-25,1260.402322
2001-01-26,1257.734492
2001-01-29,1263.181097
2001-01-30,1270.072418
2001-01-31,1264.902697
2001-02-01,1276.304209
2001-02-02,1252.048127
2001-02-05,1253.130081
2001-02-06,1254.224356
2001-02-07,1247.993069
2001-02-08,1236.755092
2001-02-09,1220.678734
2001-02-12,1233.304692
2001-02-13,1224.793157
2001-02-14,1220.974553
2001-02-15,1229.536346
2001-02-16,1211.749124
2001-02-19,1211.749124
2001-02-20,1194.633414
2001-02-21,1171.755571
2001-02-22,1167.274234
2001-02-23,1161.720401
2001-02-26,1181.696277
2001-02-27,1180.656458
2001-02-28,1159.694082
2001-03-01,1162.761528
2001-03-02,1154.708546
2001-03-05,1157.421378
2001-03-06,1164.292708
2001-03-07,1170.454055
2001-03-08,1176.375171
2001-03-09,1149.184516
2001-03-12,1103.238188
2001-03-13,1117.857513
2001-03-14,1090.589847
2001-03-15,1098.254279
2001-03-16,1074.375037
2001-03-19,1089.097928
2001-03-20,1063.386492
2001-03-21,1045.25878
2001-03-22,1048.47458
2001-03-23,1060.558253
2001-03-26,1073.331498
2001-03-27,1099.982549
2001-03-28,1076.079583
2001-03-29,1071.352457
2001-03-30,1083.901135
2001-04-02,1075.032407
2001-04-03,1040.820959
2001-04-04,1040.045879
2001-04-05,1083.412504
2001-04-06,1063.230687
2001-04-09,1067.751453
2001-04-10,1091.558933
2001-04-11,1086.095626
2001-04-12,1099.276633
2001-04-13,1099.276633
2001-04-16,1097.895571
2001-04-17,1110.173946
2001-04-18,1151.395982
2001-04-19,1169.128087
2001-04-20,1156.832807
2001-04-23,1142.043389
2001-04-24,1127.317943
2001-04-25,1146.430839
2001-04-26,1150.434531
2001-04-27,1167.620961
2001-04-30,1164.70456
2001-05-01,1179.760563
2001-05-02,1181.516689
2001-05-03,1164.665906
2001-05-04,1183.202962
2001-05-07,1182.765399
2001-05-08,1183.695508
2001-05-09,1177.163104
2001-05-10,1176.84247
2001-05-11,1170.492018
2001-05-14,1172.378269
2001-05-15,1176.925516
2001-05-16,1210.535043
2001-05-17,1210.135298
2001-05-18,1210.264571
2001-05-21,1226.577513
2001-05-22,1220.632665
2001-05-23,1203.648852
2001-05-24,1207.85724
2001-05-25,1198.002699
2001-05-28,1198.002699
2001-05-29,1189.898171
2001-05-30,1170.217794
2001-05-31,1174.984586
2001-06-01,1179.54949
2001-06-04,1187.097832
2001-06-05,1204.629211
2001-06-06,1190.360381
2001-06-07,1197.591741
2001-06-08,1188.26246
2001-06-11,1180.836228
2001-06-12,1181.862205
2001-06-13,1170.211696
2001-06-14,1150.586211
2001-06-15,1143.584177
2001-06-18,1142.447715
2001-06-19,1146.62471
2001-06-20,1154.433236
2001-06-21,1162.038778
2001-06-22,1147.571465
2001-06-25,1141.469217
2001-06-26,1142.993737
2001-06-27,1138.096852
2001-06-28,1154.617099
2001-06-29,1143.045251
2001-07-02,1158.639613
2001-07-03,1158.015267
2001-07-04,1158.015267
2001-07-05,1142.865386
2001-07-06,1116.626891
2001-07-09,1127.5094
2001-07-10,1113.43802
2001-07-11,1116.148999
2001-07-12,1141.718041
2001-07-13,1150.313959
2001-07-16,1142.499488
2001-07-17,1153.150504
2001-07-18,1151.683129
2001-07-19,1158.347122
2001-07-20,1149.331197
2001-07-23,1128.904306
2001-07-24,1114.935974
2001-07-25,1135.659991
2001-07-26,1143.487141
2001-07-27,1141.241371
2001-07-30,1142.369063
2001-07-31,1150.065777
2001-08-01,1152.26973
2001-08-02,1156.27969
2001-08-03,1149.206462
2001-08-06,1136.74074
2001-08-07,1140.916205
2001-08-08,1123.426537
2001-08-09,1123.622991
2001-08-10,1129.31529
2001-08-13,1127.94753
2001-08-14,1125.813125
2001-08-15,1118.174872
2001-08-16,1122.664473
2001-08-17,1102.353793
2001-08-20,1112.369434
2001-08-21,1097.352682
2001-08-22,1104.389316
2001-08-23,1099.878709
2001-08-24,1122.263662
2001-08-27,1115.101942
2001-08-28,1099.542239
2001-08-29,1087.978974
2001-08-30,1070.223556
2001-08-31,1071.743087
2001-09-03,1071.743087
2001-09-04,1071.802227
2001-09-05,1072.109444
2001-09-06,1048.301059
2001-09-07,1028.082529
2001-09-10,1038.81473
2001-09-11,1038.81473
2001-09-12,1038.81473
2001-09-13,1038.81473
2001-09-14,1038.81473
2001-09-17,990.989695
2001-09-18,988.24022
2001-09-19,973.438104
2001-09-20,947.697771
2001-09-21,926.173464
2001-09-24,964.138386
2001-09-25,974.236057
2001-09-26,973.727725
2001-09-27,984.982591
2001-09-28,1005.623587
2001-10-01,1002.687412
2001-10-02,1016.562836
2001-10-03,1039.031136
2001-10-04,1035.970162
2001-10-05,1041.045046
2001-10-08,1034.824467
2001-10-09,1029.934644
2001-10-10,1055.528496
2001-10-11,1069.225975
2001-10-12,1064.364936
2001-10-15,1062.130318
2001-10-16,1069.529367
2001-10-17,1051.839368
2001-10-18,1042.502541
2001-10-19,1047.718564
2001-10-22,1064.208686
2001-10-23,1055.988123
2001-10-24,1056.574254
2001-10-25,1066.854566
2001-10-26,1068.440042
2001-10-29,1042.49929
2001-10-30,1026.73413
2001-10-31,1024.20451
2001-11-01,1047.626182
2001-11-02,1052.768511
2001-11-05,1066.780992
2001-11-06,1082.409624
2001-11-07,1075.928735
2001-11-08,1077.005257
2001-11-09,1077.546299
2001-11-12,1076.0763
2001-11-13,1092.90989
2001-11-14,1096.890569
2001-11-15,1098.973658
2001-11-16,1093.821712
2001-11-19,1104.734152
2001-11-20,1097.638138
2001-11-21,1093.447303
2001-11-22,1093.447303
2001-11-23,1105.012887
2001-11-26,1107.888481
2001-11-27,1100.149741
2001-11-28,1086.175584
2001-11-29,1096.666263
2001-11-30,1100.396296
2001-12-03,1094.948859
2001-12-04,1105.664046
2001-12-05,1130.333113
2001-12-06,1125.361914
2001-12-07,1122.789581
2001-12-10,1105.377585
2001-12-11,1099.958135
2001-12-12,1099.79414
2001-12-13,1085.817821
2001-12-14,1091.454728
2001-12-17,1104.509676
2001-12-18,1111.401372
2001-12-19,1119.468502
2001-12-20,1112.455603
2001-12-21,1116.393082
2001-12-24,1114.963822
2001-12-25,1114.963822
2001-12-26,1120.516224
2001-12-27,1126.180326
2001-12-28,1127.616637
2001-12-31,1114.618022
2002-01-01,1114.618022
2002-01-02,1117.076837
2002-01-03,1125.700492
2002-01-04,1130.903149
2002-01-07,1125.151541
2002-01-08,1124.725316
2002-01-09,1121.92209
2002-01-10,1126.151824
2002-01-11,1115.556765
2002-01-14,1110.414593
2002-01-15,1117.170339
2002-01-16,1100.72393
2002-01-17,1110.762035
2002-01-18,1098.370207
2002-01-21,1098.370207
2002-01-22,1093.512621
2002-01-23,1099.00315
2002-01-24,1101.019517
2002-01-25,1100.739803
2002-01-28,1098.768592
2002-01-29,1068.755798
2002-01-30,1080.95009
2002-01-31,1101.081966
2002-02-01,1095.037305
2002-02-04,1072.676057
2002-02-05,1067.48334
2002-02-06,1065.511785
2002-02-07,1061.465611
2002-02-08,1077.535101
2002-02-11,1090.444416
2002-02-12,1087.564954
2002-02-13,1104.013163
2002-02-14,1103.966592
2002-02-15,1090.520916
2002-02-18,1090.520916
2002-02-19,1071.62163
2002-02-20,1089.129829
2002-02-21,1072.52714
2002-02-22,1079.589195
2002-02-25,1095.528787
2002-02-26,1098.174714
2002-02-27,1102.314261
2002-02-28,1098.965615
2002-03-01,1121.09704
2002-03-04,1136.500573
2002-03-05,1125.370845
2002-03-06,1138.199999
2002-03-07,1131.60324
2002-03-08,1138.460344
2002-03-11,1140.956953
2002-03-12,1140.427381
2002-03-13,1132.020028
2002-03-14,1129.801761
2002-03-15,1139.456392
2002-03-18,1137.327177
2002-03-19,1142.516276
2002-03-20,1126.050934
2002-03-21,1127.75327
2002-03-22,1123.279034
2002-03-25,1108.000188
2002-03-26,1115.879664
2002-03-27,1120.98443
2002-03-28,1122.091242
2002-03-29,1122.091242
2002-04-01,1116.806232
2002-04-02,1108.576953
2002-04-03,1098.213825
2002-04-04,1098.272266
2002-04-05,1095.106302
2002-04-08,1096.533975
2002-04-09,1090.300981
2002-04-10,1100.881994
2002-04-11,1076.005563
2002-04-12,1085.722188
2002-04-15,1075.687465
2002-04-16,1095.070683
2002-04-17,1087.743293
2002-04-18,1086.802958
2002-04-19,1087.624154
2002-04-22,1072.219093
2002-04-23,1062.50735
2002-04-24,1055.022312
2002-04-25,1053.760504
2002-04-26,1037.854893
2002-04-29,1030.812057
2002-04-30,1039.568203
2002-05-01,1050.282854
2002-05-02,1045.977853
2002-05-03,1032.607522
2002-05-06,1012.934177
2002-05-07,1008.085128
2002-05-08,1043.016011
2002-05-09,1028.301787
2002-05-10,1012.241021
2002-05-13,1032.485696
2002-05-14,1055.42262
2002-05-15,1050.572204
2002-05-16,1060.774158
2002-05-17,1067.170342
2002-05-20,1052.43216
2002-05-21,1039.459969
2002-05-22,1045.163964
2002-05-23,1054.59513
2002-05-24,1040.735836
2002-05-27,1040.735836
2002-05-28,1031.526696
2002-05-29,1027.056616
2002-05-30,1023.686837
2002-05-31,1025.679222
2002-06-03,1001.778877
2002-06-04,1003.171874
2002-06-05,1015.986072
2002-06-06,997.465959
2002-06-07,999.848004
2002-06-10,1006.422788
2002-06-11,990.765706
2002-06-12,996.969149
2002-06-13,984.764551
2002-06-14,983.79134
2002-06-17,1008.351529
2002-06-18,1007.828973
2002-06-19,993.237224
2002-06-20,981.99636
2002-06-21,964.608135
2002-06-24,967.225783
2002-06-25,950.820436
2002-06-26,954.368745
2002-06-27,970.251589
2002-06-28,968.154943
2002-07-01,949.554912
2002-07-02,932.1481
2002-07-03,939.124003
2002-07-04,939.124003
2002-07-05,969.597386
2002-07-08,958.279099
2002-07-09,936.92705
2002-07-10,905.843542
2002-07-11,909.304351
2002-07-12,901.38585
2002-07-15,896.213287
2002-07-16,880.551389
2002-07-17,883.243904
2002-07-18,853.658533
2002-07-19,824.105482
2002-07-22,795.305959
2002-07-23,783.966047
2002-07-24,834.601989
2002-07-25,832.852332
2002-07-26,846.83486
2002-07-29,889.079204
2002-07-30,889.900667
2002-07-31,898.433195
2002-08-01,870.631348
2002-08-02,854.237952
2002-08-05,828.890346
2002-08-06,850.185763
2002-08-07,864.668805
2002-08-08,889.734833
2002-08-09,892.1376
2002-08-12,887.906265
2002-08-13,870.693834
2002-08-14,907.835691
2002-08-15,915.854299
2002-08-16,915.865678
2002-08-19,935.18679
2002-08-20,922.275673
2002-08-21,931.154171
2002-08-22,945.798159
2002-08-23,926.511523
2002-08-26,931.508825
2002-08-27,916.789857
2002-08-28,902.477142
2002-08-29,903.3476
2002-08-30,901.301084
2002-09-02,901.301084
2002-09-03,864.870254
2002-09-04,880.91034
2002-09-05,866.275705
2002-09-06,881.070236
2002-09-09,890.306396
2002-09-10,899.318577
2002-09-11,897.996203
2002-09-12,876.54529
2002-09-13,883.149014
2002-09-16,885.021874
2002-09-17,866.74392
2002-09-18,864.249784
2002-09-19,837.235248
2002-09-20,836.651757
2002-09-23,823.804098
2002-09-24,810.110376
2002-09-25,827.107395
2002-09-26,842.456381
2002-09-27,814.663385
2002-09-30,800.907274
2002-10-01,834.230571
2002-10-02,813.276106
2002-10-03,807.211648
2002-10-04,788.801365
2002-10-07,778.393014
2002-10-08,798.997588
2002-10-09,776.869301
2002-10-10,805.885756
2002-10-11,835.16922
2002-10-14,844.371822
2002-10-15,882.159307
2002-10-16,860.324735
2002-10-17,883.208474
2002-10-18,888.986606
2002-10-21,902.674242
2002-10-22,892.472062
2002-10-23,896.265602
2002-10-24,880.115435
2002-10-25,896.814911
2002-10-28,888.74166
2002-10-29,880.264393
2002-10-30,888.167773
2002-10-31,884.12147
2002-11-01,896.727126
2002-11-04,904.14173
2002-11-05,909.345563
2002-11-06,917.279279
2002-11-07,899.766969
2002-11-08,894.952227
2002-11-11,877.45814
2002-11-12,882.413113
2002-11-13,881.728949
2002-11-14,901.469939
2002-11-15,907.219322
2002-11-18,896.380714
2002-11-19,892.742371
2002-11-20,907.54933
2002-11-21,921.513047
2002-11-22,920.557319
2002-11-25,922.129929
2002-11-26,903.417725
2002-11-27,927.701127
2002-11-28,927.701127
2002-11-29,924.166969
2002-12-02,924.096428
2002-12-03,913.509893
2002-12-04,913.108536
2002-12-05,901.770628
2002-12-06,905.34448
2002-12-09,888.556732
2002-12-10,900.532476
2002-12-11,902.045717
2002-12-12,896.333241
2002-12-13,884.996747
2002-12-16,903.504092
2002-12-17,894.67605
2002-12-18,881.564777
2002-12-19,875.351858
2002-12-20,887.243643
2002-12-23,888.674895
2002-12-24,885.33542
2002-12-25,885.33542
2002-12-26,882.760928
2002-12-27,869.864547
2002-12-30,875.159397
2002-12-31,873.856585
2003-01-01,873.856585
2003-01-02,902.353687
2003-01-03,900.468881
2003-01-06,919.299839
2003-01-07,913.511386
2003-01-08,900.081803
2003-01-09,918.926573
2003-01-10,917.209593
2003-01-13,914.6819
2003-01-14,921.297892
2003-01-15,906.225698
2003-01-16,901.115894
2003-01-17,887.344955
2003-01-20,887.344955
2003-01-21,873.404809
2003-01-22,864.150713
2003-01-23,868.938892
2003-01-24,844.883529
2003-01-27,832.246862
2003-01-28,843.902906
2003-01-29,848.22298
2003-01-30,830.760516
2003-01-31,841.390869
2003-02-03,845.840984
2003-02-04,834.382658
2003-02-05,830.859605
2003-02-06,826.012981
2003-02-07,818.69699
2003-02-10,825.635633
2003-02-11,817.792099
2003-02-12,808.670591
2003-02-13,806.564674
2003-02-14,824.581896
2003-02-17,824.581896
2003-02-18,838.209621
2003-02-19,831.121064
2003-02-20,822.470069
2003-02-21,834.07747
2003-02-24,819.636714
2003-02-25,824.362162
2003-02-26,812.928102
2003-02-27,822.587471
2003-02-28,824.928632
2003-03-03,818.774514
2003-03-04,806.285749
2003-03-05,813.992774
2003-03-06,805.913795
2003-03-07,811.506602
2003-03-10,791.308881
2003-03-11,784.802674
2003-03-12,787.488562
2003-03-13,812.325996
2003-03-14,813.915325
2003-03-17,843.867728
2003-03-18,846.517913
2003-03-19,854.439689
2003-03-20,856.680996
2003-03-21,876.285436
2003-03-24,846.418919
2003-03-25,856.618473
2003-03-26,851.746871
2003-03-27,850.791169
2003-03-28,844.782191
2003-03-31,831.788773
2003-04-01,839.586502
2003-04-02,861.249072
2003-04-03,856.592728
2003-04-04,859.480153
2003-04-07,860.637232
2003-04-08,859.10757
2003-04-09,846.64428
2003-04-10,853.172868
2003-04-11,850.111336
2003-04-14,866.487392
2003-04-15,873.650702
2003-04-16,863.341945
2003-04-17,875.350438
2003-04-18,875.350438
2003-04-21,873.610561
2003-04-22,890.00265
2003-04-23,895.606137
2003-04-24,886.747293
2003-04-25,874.189201
2003-04-28,891.748237
2003-04-29,894.446361
2003-04-30,892.799088
2003-05-01,892.942053
2003-05-02,906.485007
2003-05-05,902.895118
2003-05-06,909.797337
2003-05-07,905.514663
2003-05-08,897.027583
2003-05-09,909.780749
2003-05-12,923.730918
2003-05-13,920.800821
2003-05-14,917.984989
2003-05-15,924.686791
2003-05-16,921.38292
2003-05-19,898.555472
2003-05-20,896.997491
2003-05-21,899.273684
2003-05-22,905.936459
2003-05-23,906.880471
2003-05-26,906.880471
2003-05-27,923.674094
2003-05-28,926.162168
2003-05-29,922.608578
2003-05-30,936.004209
2003-06-02,939.043799
2003-06-03,941.64886
2003-06-04,952.275844
2003-06-05,953.23279
2003-06-06,951.629168
2003-06-09,940.984243
2003-06-10,948.282386
2003-06-11,960.3508
2003-06-12,962.383455
2003-06-13,955.206794
2003-06-16,975.260781
2003-06-17,974.361517
2003-06-18,974.413261
2003-06-19,961.123371
2003-06-20,961.722365
2003-06-23,948.592409
2003-06-24,952.021156
2003-06-25,943.588597
2003-06-26,952.18009
2003-06-27,944.147704
2003-06-30,942.740293
2003-07-01,951.021563
2003-07-02,961.2134
2003-07-03,953.613518
2003-07-04,953.613518
2003-07-07,969.768099
2003-07-08,973.701222
2003-07-09,966.267883
2003-07-10,953.570567
2003-07-11,962.665736
2003-07-14,969.729753
2003-07-15,966.808134
2003-07-16,964.931571
2003-07-17,956.240092
2003-07-18,967.415888
2003-07-21,954.421883
2003-07-22,959.130392
2003-07-23,959.56309
2003-07-24,951.66139
2003-07-25,968.719981
2003-07-28,963.217605
2003-07-29,956.332694
2003-07-30,955.579852
2003-07-31,959.451916
2003-08-01,949.409192
2003-08-04,952.339392
2003-08-05,937.929694
2003-08-06,938.974486
2003-08-07,947.83291
2003-08-08,951.074951
2003-08-11,951.560651
2003-08-12,961.739796
2003-08-13,956.832649
2003-08-14,962.391798
2003-08-15,963.350225
2003-08-18,970.433203
2003-08-19,970.819958
2003-08-20,972.019181
2003-08-21,973.889736
2003-08-22,966.323911
2003-08-25,967.348292
2003-08-26,969.899629
2003-08-27,969.517456
2003-08-28,974.541277
2003-08-29,978.259037
2003-09-01,978.259037
2003-09-02,990.573345
2003-09-03,994.399791
2003-09-04,996.109149
2003-09-05,988.260781
2003-09-08,997.007453
2003-09-09,989.17865
2003-09-10,980.969582
2003-09-11,985.909517
2003-09-12,985.758112
2003-09-15,982.621024
2003-09-16,996.511952
2003-09-17,992.227855
2003-09-18,1003.394514
2003-09-19,1000.194209
2003-09-22,988.80495
2003-09-23,992.895458
2003-09-24,975.546273
2003-09-25,970.450338
2003-09-26,965.389432
2003-09-29,974.106307
2003-09-30,964.285055
2003-10-01,988.426992
2003-10-02,987.748624
2003-10-03,998.256313
2003-10-06,1001.64221
2003-10-07,1005.770758
2003-10-08,1000.936895
2003-10-09,1003.952322
2003-10-10,1002.839302
2003-10-13,1011.431377
2003-10-14,1015.999484
2003-10-15,1013.729561
2003-10-16,1017.76448
2003-10-17,1009.825633
2003-10-20,1015.147144
2003-10-21,1014.411747
2003-10-22,1001.29698
2003-10-23,1005.64764
2003-10-24,1000.920287
2003-10-27,1005.663028
2003-10-28,1021.006414
2003-10-29,1020.679541
2003-10-30,1017.114452
2003-10-31,1019.159214
2003-11-03,1027.878043
2003-11-04,1022.271836
2003-11-05,1019.614324
2003-11-06,1025.475399
2003-11-07,1023.171029
2003-11-10,1018.213119
2003-11-11,1018.571754
2003-11-12,1028.862999
2003-11-13,1030.348701
2003-11-14,1024.87551
2003-11-17,1016.375482
2003-11-18,1006.723623
2003-11-19,1012.203179
2003-11-20,1004.349958
2003-11-21,1005.353313
2003-11-24,1021.064602
2003-11-25,1020.428075
2003-11-26,1024.914978
2003-11-27,1024.914978
2003-11-28,1024.271665
2003-12-01,1038.049513
2003-12-02,1034.735612
2003-12-03,1033.504672
2003-12-04,1038.386148
2003-12-05,1030.355975
2003-12-08,1039.503481
2003-12-09,1030.005016
2003-12-10,1026.997066
2003-12-11,1038.782237
2003-12-12,1041.236477
2003-12-15,1034.29052
2003-12-16,1041.103264
2003-12-17,1042.622
2003-12-18,1055.357903
2003-12-19,1055.313914
2003-12-22,1055.491316
2003-12-23,1057.153399
2003-12-24,1055.931081
2003-12-25,1055.931081
2003-12-26,1058.622408
2003-12-29,1072.033602
2003-12-30,1072.433588
2003-12-31,1075.50467
2004-01-01,1075.50467
2004-01-02,1071.454082
2004-01-05,1084.554066
2004-01-06,1085.127591
2004-01-07,1086.290925
2004-01-08,1088.488415
2004-01-09,1077.681534
2004-01-12,1083.186191
2004-01-13,1078.719903
2004-01-14,1088.304782
2004-01-15,1089.255821
2004-01-16,1093.580871
2004-01-19,1093.580871
2004-01-20,1091.633237
2004-01-21,1098.980079
2004-01-22,1096.252882
2004-01-23,1093.613354
2004-01-26,1106.317018
2004-01-27,1097.147816
2004-01-28,1083.014058
2004-01-29,1088.012684
2004-01-30,1084.917856
2004-02-02,1088.419552
2004-02-03,1091.617957
2004-02-04,1083.011572
2004-02-05,1083.599706
2004-02-06,1095.731992
2004-02-09,1095.34942
2004-02-10,1101.431364
2004-02-11,1111.26512
2004-02-12,1106.256648
2004-02-13,1100.975547
2004-02-16,1100.975547
2004-02-17,1108.240386
2004-02-18,1104.011209
2004-02-19,1097.754428
2004-02-20,1094.686034
2004-02-23,1089.989789
2004-02-24,1089.59109
2004-02-25,1090.812454
2004-02-26,1089.607709
2004-02-27,1090.448783
2004-03-01,1099.62486
2004-03-02,1093.635642
2004-03-03,1095.727497
2004-03-04,1097.461184
2004-03-05,1099.973091
2004-03-08,1092.464767
2004-03-09,1088.102975
2004-03-10,1073.779105
2004-03-11,1056.814117
2004-03-12,1069.214166
2004-03-15,1055.086258
2004-03-16,1062.846982
2004-03-17,1073.177054
2004-03-18,1071.86059
2004-03-19,1060.90823
2004-03-22,1049.962284
2004-03-23,1049.299403
2004-03-24,1045.850763
2004-03-25,1062.79553
2004-03-26,1061.109816
2004-03-29,1072.181633
2004-03-30,1075.248681
2004-03-31,1076.638011
2004-04-01,1081.235186
2004-04-02,1089.450276
2004-04-05,1098.342512
2004-04-06,1095.995438
2004-04-07,1090.077231
2004-04-08,1090.438672
2004-04-09,1090.438672
2004-04-12,1095.839089
2004-04-13,1083.394336
2004-04-14,1084.440307
2004-04-15,1086.290112
2004-04-16,1090.846436
2004-04-19,1091.092959
2004-04-20,1076.441055
2004-04-21,1080.061185
2004-04-22,1097.337527
2004-04-23,1099.73713
2004-04-26,1095.564996
2004-04-27,1099.40769
2004-04-28,1085.772969
2004-04-29,1079.895958
2004-04-30,1075.247623
2004-05-03,1083.961467
2004-05-04,1083.82084
2004-05-05,1085.324913
2004-05-06,1080.77679
2004-05-07,1066.90516
2004-05-10,1056.377131
2004-05-11,1062.074664
2004-05-12,1062.017912
2004-05-13,1060.898689
2004-05-14,1059.590613
2004-05-17,1049.512531
2004-05-18,1056.210789
2004-05-19,1053.066588
2004-05-20,1055.414024
2004-05-21,1059.352345
2004-05-24,1058.542946
2004-05-25,1076.129945
2004-05-26,1076.830946
2004-05-27,1083.378403
2004-05-28,1081.862769
2004-05-31,1081.862769
2004-06-01,1082.911158
2004-06-02,1087.140124
2004-06-03,1078.793781
2004-06-04,1082.195404
2004-06-07,1096.980338
2004-06-08,1100.893067
2004-06-09,1090.19083
2004-06-10,1094.953805
2004-06-11,1094.953805
2004-06-14,1085.661415
2004-06-15,1090.989408
2004-06-16,1090.907976
2004-06-17,1090.883696
2004-06-18,1092.695996
2004-06-21,1089.490984
2004-06-22,1094.667641
2004-06-23,1102.000638
2004-06-24,1098.35437
2004-06-25,1093.941918
2004-06-28,1093.243344
2004-06-29,1095.457384
2004-06-30,1099.28245
2004-07-01,1091.558918
2004-07-02,1087.630001
2004-07-05,1087.630001
2004-07-06,1081.332745
2004-07-07,1083.034417
2004-07-08,1074.071047
2004-07-09,1076.968852
2004-07-12,1078.850515
2004-07-13,1078.72822
2004-07-14,1075.214433
2004-07-15,1070.608281
2004-07-16,1068.167288
2004-07-19,1064.666286
2004-07-20,1070.870554
2004-07-21,1059.042403
2004-07-22,1059.105938
2004-07-23,1047.651094
2004-07-26,1046.995086
2004-07-27,1056.059621
2004-07-28,1055.224821
2004-07-29,1061.001808
2004-07-30,1063.214392
2004-08-02,1067.474738
2004-08-03,1061.729929
2004-08-04,1061.45699
2004-08-05,1044.624019
2004-08-06,1029.002074
2004-08-09,1029.801893
2004-08-10,1042.687074
2004-08-11,1042.094868
2004-08-12,1030.219635
2004-08-13,1031.897493
2004-08-16,1044.318807
2004-08-17,1045.952612
2004-08-18,1058.388773
2004-08-19,1054.031322
2004-08-20,1060.084593
2004-08-23,1057.736362
2004-08-24,1059.251499
2004-08-25,1065.971978
2004-08-26,1065.936609
2004-08-27,1067.942575
2004-08-30,1061.873639
2004-08-31,1067.295886
2004-09-01,1070.520602
2004-09-02,1083.574759
2004-09-03,1079.870408
2004-09-06,1079.870408
2004-09-07,1086.72381
2004-09-08,1081.289048
2004-09-09,1079.843636
2004-09-10,1086.120849
2004-09-13,1088.927286
2004-09-14,1089.508265
2004-09-15,1082.897019
2004-09-16,1085.303539
2004-09-17,1090.346136
2004-09-20,1084.439009
2004-09-21,1091.767108
2004-09-22,1078.820547
2004-09-23,1072.770445
2004-09-24,1075.642804
2004-09-27,1069.404341
2004-09-28,1076.438329
2004-09-29,1080.606266
2004-09-30,1074.540153
2004-10-01,1088.277347
2004-10-04,1091.226211
2004-10-05,1090.74715
2004-10-06,1097.053707
2004-10-07,1085.346155
2004-10-08,1077.355071
2004-10-11,1079.383249
2004-10-12,1076.02407
2004-10-13,1068.068264
2004-10-14,1053.715553
2004-10-15,1056.603109
2004-10-18,1057.440476
2004-10-19,1046.177899
2004-10-20,1051.9305
2004-10-21,1054.288074
2004-10-22,1046.395122
2004-10-25,1044.54776
2004-10-26,1059.657389
2004-10-27,1072.455212
2004-10-28,1072.648822
2004-10-29,1074.124234
2004-11-01,1072.721517
2004-11-02,1069.509241
2004-11-03,1082.550128
2004-11-04,1101.446146
2004-11-05,1109.164697
2004-11-08,1107.529527
2004-11-09,1104.402895
2004-11-10,1107.541739
2004-11-11,1118.135872
2004-11-12,1128.136946
2004-11-15,1127.138614
2004-11-16,1120.387893
2004-11-17,1125.251209
2004-11-18,1127.45112
2004-11-19,1115.696254
2004-11-22,1121.403971
2004-11-23,1120.758678
2004-11-24,1125.499527
2004-11-25,1125.499527
2004-11-26,1126.270553
2004-11-29,1124.229927
2004-11-30,1116.627866
2004-12-01,1132.937815
2004-12-02,1132.024231
2004-12-03,1136.087736
2004-12-06,1134.10163
2004-12-07,1121.591028
2004-12-08,1129.225368
2004-12-09,1135.448319
2004-12-10,1134.380882
2004-12-13,1143.801466
2004-12-14,1148.327546
2004-12-15,1150.262445
2004-12-16,1149.246317
2004-12-17,1144.19292
2004-12-20,1146.047029
2004-12-21,1154.809648
2004-12-22,1159.665283
2004-12-23,1160.915475
2004-12-24,1160.915475
2004-12-27,1153.904645
2004-12-28,1163.847116
2004-12-29,1164.192421
2004-12-30,1164.047157
2004-12-31,1162.705857
2005-01-03,1151.97326
2005-01-04,1140.032461
2005-01-05,1135.283951
2005-01-06,1140.331099
2005-01-07,1139.736851
2005-01-10,1146.73318
2005-01-11,1141.269529
2005-01-12,1147.303442
2005-01-13,1136.534798
2005-01-14,1143.426841
2005-01-17,1143.426841
2005-01-18,1150.370956
2005-01-19,1143.040325
2005-01-20,1136.980754
2005-01-21,1128.5992
2005-01-24,1124.857729
2005-01-25,1130.601355
2005-01-26,1136.723207
2005-01-27,1136.702392
2005-01-28,1132.252638
2005-01-31,1142.847453
2005-02-01,1150.4893
2005-02-02,1153.772398
2005-02-03,1152.196452
2005-02-04,1164.952499
2005-02-07,1162.591336
2005-02-08,1162.764628
2005-02-09,1153.738355
2005-02-10,1157.810042
2005-02-11,1167.180369
2005-02-14,1168.190516
2005-02-15,1173.494116
2005-02-16,1174.022836
2005-02-17,1163.471523
2005-02-18,1167.153043
2005-02-21,1167.153043
2005-02-22,1147.655133
2005-02-23,1153.6923
2005-02-24,1162.877846
2005-02-25,1176.23604
2005-02-28,1170.05559
2005-03-01,1176.865038
2005-03-02,1177.409633
2005-03-03,1176.107876
2005-03-04,1187.860595
2005-03-07,1191.110157
2005-03-08,1186.901011
2005-03-09,1175.891212
2005-03-10,1177.921379
2005-03-11,1168.896678
2005-03-14,1175.797928
2005-03-15,1168.435524
2005-03-16,1159.894676
2005-03-17,1160.490128
2005-03-18,1159.006941
2005-03-21,1153.773287
2005-03-22,1144.336755
2005-03-23,1145.893274
2005-03-24,1144.752109
2005-03-25,1144.752109
2005-03-28,1148.742747
2005-03-29,1140.120591
2005-03-30,1155.123613
2005-03-31,1153.671958
2005-04-01,1146.399502
2005-04-04,1151.257651
2005-04-05,1155.986341
2005-04-06,1157.021854
2005-04-07,1163.627692
2005-04-08,1153.44452
2005-04-11,1153.301101
2005-04-12,1160.519388
2005-04-13,1145.76196
2005-04-14,1134.019506
2005-04-15,1113.788951
2005-04-18,1112.068962
2005-04-19,1119.165348
2005-04-20,1101.688094
2005-04-21,1119.37726
2005-04-22,1112.539328
2005-04-25,1121.559329
2005-04-26,1112.998964
2005-04-27,1117.704869
2005-04-28,1105.8965
2005-04-29,1121.372301
2005-05-02,1127.155415
2005-05-03,1128.182775
2005-05-04,1141.916623
2005-05-05,1139.427736
2005-05-06,1137.970522
2005-05-09,1142.292625
2005-05-10,1131.065274
2005-05-11,1135.587425
2005-05-12,1125.305217
2005-05-13,1121.851611
2005-05-16,1132.89299
2005-05-17,1142.320558
2005-05-18,1154.316498
2005-05-19,1158.418691
2005-05-20,1155.592927
2005-05-23,1161.901881
2005-05-24,1161.075078
2005-05-25,1156.480606
2005-05-26,1163.620339
2005-05-27,1166.712453
2005-05-30,1166.712453
2005-05-31,1158.827202
2005-06-01,1168.88409
2005-06-02,1172.85485
2005-06-03,1164.807603
2005-06-06,1168.095677
2005-06-07,1169.422539
2005-06-08,1165.509662
2005-06-09,1171.841567
2005-06-10,1167.865393
2005-06-13,1169.242968
2005-06-14,1173.411429
2005-06-15,1175.961959
2005-06-16,1180.534204
2005-06-17,1185.560502
2005-06-20,1184.332106
2005-06-21,1182.678527
2005-06-22,1182.909508
2005-06-23,1169.068091
2005-06-24,1161.210765
2005-06-27,1162.742019
2005-06-28,1176.050334
2005-06-29,1173.248129
2005-06-30,1167.933168
2005-07-01,1173.072528
2005-07-04,1173.072528
2005-07-05,1184.081074
2005-07-06,1173.509662
2005-07-07,1176.086942
2005-07-08,1189.388989
2005-07-11,1196.717474
2005-07-12,1199.307074
2005-07-13,1200.195408
2005-07-14,1202.623645
2005-07-15,1205.463765
2005-07-18,1200.845294
2005-07-19,1210.535889
2005-07-20,1215.955642
2005-07-21,1205.487351
2005-07-22,1210.386149
2005-07-25,1205.280625
2005-07-26,1206.267238
2005-07-27,1213.845537
2005-07-28,1221.809229
2005-07-29,1212.027811
2005-08-01,1211.120969
2005-08-02,1218.39319
2005-08-03,1219.210937
2005-08-04,1207.383215
2005-08-05,1197.660767
2005-08-08,1193.917707
2005-08-09,1201.380015
2005-08-10,1201.19356
2005-08-11,1208.401058
2005-08-12,1200.120744
2005-08-15,1202.970384
2005-08-16,1189.466991
2005-08-17,1190.629402
2005-08-18,1191.03582
2005-08-19,1189.723562
2005-08-22,1192.271524
2005-08-23,1187.275143
2005-08-24,1180.905249
2005-08-25,1184.501246
2005-08-26,1176.075986
2005-08-29,1182.23657
2005-08-30,1177.486841
2005-08-31,1186.965878
2005-09-01,1187.391963
2005-09-02,1185.388154
2005-09-05,1185.388154
2005-09-06,1199.089172
2005-09-07,1202.095811
2005-09-08,1195.870951
2005-09-09,1204.203904
2005-09-12,1203.725855
2005-09-13,1193.813818
2005-09-14,1190.608676
2005-09-15,1191.975979
2005-09-16,1201.461208
2005-09-19,1193.965431
2005-09-20,1184.153896
2005-09-21,1172.370744
2005-09-22,1177.514969
2005-09-23,1178.843305
2005-09-26,1180.715061
2005-09-27,1181.126748
2005-09-28,1182.256226
2005-09-29,1191.931987
2005-09-30,1193.936044
2005-10-03,1191.445371
2005-10-04,1179.563013
2005-10-05,1164.320277
2005-10-06,1159.077674
2005-10-07,1160.8194
2005-10-10,1157.256345
2005-10-11,1156.911052
2005-10-12,1149.492304
2005-10-13,1148.971639
2005-10-14,1158.693088
2005-10-17,1162.546032
2005-10-18,1151.504831
2005-10-19,1169.665613
2005-10-20,1158.457148
2005-10-21,1161.490329
2005-10-24,1179.888206
2005-10-25,1176.578025
2005-10-26,1172.305584
2005-10-27,1160.159651
2005-10-28,1178.891869
2005-10-31,1187.397972
2005-11-01,1183.421364
2005-11-02,1195.250054
2005-11-03,1198.593025
2005-11-04,1199.790484
2005-11-07,1203.84123
2005-11-08,1199.488244
2005-11-09,1200.544032
2005-11-10,1214.225046
2005-11-11,1216.38344
2005-11-14,1216.530556
2005-11-15,1214.03513
2005-11-16,1216.257158
2005-11-17,1226.859032
2005-11-18,1231.123237
2005-11-21,1235.49666
2005-11-22,1240.245112
2005-11-23,1245.410914
2005-11-24,1245.410914
2005-11-25,1248.89155
2005-11-28,1238.151238
2005-11-29,1242.419368
2005-11-30,1234.448246
2005-12-01,1247.728022
2005-12-02,1249.285803
2005-12-05,1245.433461
2005-12-06,1245.760188
2005-12-07,1238.385678
2005-12-08,1235.377223
2005-12-09,1237.421971
2005-12-12,1236.363489
2005-12-13,1241.082823
2005-12-14,1247.212438
2005-12-15,1246.398647
2005-12-16,1241.360662
2005-12-19,1233.567605
2005-12-20,1233.745593
2005-12-21,1235.457771
2005-12-22,1238.676056
2005-12-23,1239.457883
2005-12-26,1239.457883
2005-12-27,1226.869649
2005-12-28,1230.009885
2005-12-29,1226.13509
2005-12-30,1218.936924
2006-01-02,1218.936924
2006-01-03,1239.274547
2006-01-04,1243.310818
2006-01-05,1243.225639
2006-01-06,1255.535236
2006-01-09,1259.808772
2006-01-10,1261.036098
2006-01-11,1263.156545
2006-01-12,1253.633952
2006-01-13,1252.166105
2006-01-16,1252.166105
2006-01-17,1248.504243
2006-01-18,1242.291871
2006-01-19,1247.248915
2006-01-20,1226.021697
2006-01-23,1226.571481
2006-01-24,1228.344929
2006-01-25,1223.314125
2006-01-26,1230.435169
2006-01-27,1237.5177
2006-01-30,1238.05769
2006-01-31,1234.15411
2006-02-01,1235.85915
2006-02-02,1226.079157
2006-02-03,1219.260606
2006-02-06,1219.056647
2006-02-07,1210.595037
2006-02-08,1222.160914
2006-02-09,1222.250072
2006-02-10,1226.050765
2006-02-13,1222.207389
2006-02-14,1237.028334
2006-02-15,1242.175381
2006-02-16,1249.47809
2006-02-17,1247.46919
2006-02-20,1247.46919
2006-02-21,1244.459144
2006-02-22,1252.06623
2006-02-23,1248.494552
2006-02-24,1248.29549
2006-02-27,1252.738378
2006-02-28,1240.374502
2006-03-01,1249.87364
2006-03-02,1245.542995
2006-03-03,1243.74544
2006-03-06,1237.135659
2006-03-07,1235.612711
2006-03-08,1237.865885
2006-03-09,1231.145478
2006-03-10,1240.040103
2006-03-13,1243.469905
2006-03-14,1256.703124
2006-03-15,1262.15229
2006-03-16,1265.056204
2006-03-17,1267.76562
2006-03-20,1265.949603
2006-03-21,1260.359813
2006-03-22,1266.744183
2006-03-23,1262.799004
2006-03-24,1262.656351
2006-03-27,1260.79324
2006-03-28,1252.514181
2006-03-29,1261.404804
2006-03-30,1258.813358
2006-03-31,1254.510968
2006-04-03,1255.809371
2006-04-04,1261.406038
2006-04-05,1266.728684
2006-04-06,1264.753595
2006-04-07,1255.182802
2006-04-10,1255.562645
2006-04-11,1246.35132
2006-04-12,1245.732915
2006-04-13,1247.677325
2006-04-14,1247.677325
2006-04-17,1243.714559
2006-04-18,1263.285336
2006-04-19,1266.970136
2006-04-20,1270.083131
2006-04-21,1269.507625
2006-04-24,1268.081094
2006-04-25,1264.186168
2006-04-26,1263.969578
2006-04-27,1267.974074
2006-04-28,1265.734523
2006-05-01,1259.059837
2006-05-02,1265.108644
2006-05-03,1258.564525
2006-05-04,1262.769183
2006-05-05,1273.506704
2006-05-08,1273.910977
2006-05-09,1270.912572
2006-05-10,1270.724218
2006-05-11,1256.68662
2006-05-12,1243.845649
2006-05-15,1249.98499
2006-05-16,1246.137751
2006-05-17,1225.84765
2006-05-18,1220.290329
2006-05-19,1222.147067
2006-05-22,1215.695979
2006-05-23,1210.57187
2006-05-24,1212.507917
2006-05-25,1222.760679
2006-05-26,1228.74982
2006-05-29,1228.74982
2006-05-30,1209.252809
2006-05-31,1219.835946
2006-06-01,1233.011405
2006-06-02,1234.475354
2006-06-05,1211.375823
2006-06-06,1210.1188
2006-06-07,1200.891932
2006-06-08,1202.390794
2006-06-09,1198.680851
2006-06-12,1183.877999
2006-06-13,1171.304821
2006-06-14,1176.663332
2006-06-15,1202.688977
2006-06-16,1199.267001
2006-06-19,1188.884309
2006-06-20,1186.849341
2006-06-21,1200.700252
2006-06-22,1195.381528
2006-06-23,1195.315961
2006-06-26,1199.865317
2006-06-27,1189.900252
2006-06-28,1196.490581
2006-06-29,1222.167544
2006-06-30,1220.4126
2006-07-03,1230.744093
2006-07-04,1230.744093
2006-07-05,1219.886054
2006-07-06,1224.596689
2006-07-07,1211.528814
2006-07-10,1210.72242
2006-07-11,1212.33984
2006-07-12,1198.783494
2006-07-13,1185.1768
2006-07-14,1182.015165
2006-07-17,1179.237859
2006-07-18,1181.271851
2006-07-19,1202.323105
2006-07-20,1190.718102
2006-07-21,1183.337164
2006-07-24,1205.083589
2006-07-25,1208.09347
2006-07-26,1207.329659
2006-07-27,1204.489943
2006-07-28,1219.982304
2006-07-31,1216.193879
2006-08-01,1210.475844
2006-08-02,1215.842825
2006-08-03,1219.433233
2006-08-04,1218.98715
2006-08-07,1215.073915
2006-08-08,1210.851606
2006-08-09,1208.491779
2006-08-10,1213.046965
2006-08-11,1209.334552
2006-08-14,1212.132932
2006-08-15,1228.644907
2006-08-16,1237.567609
2006-08-17,1236.734044
2006-08-18,1242.738543
2006-08-21,1237.810334
2006-08-22,1238.843214
2006-08-23,1233.55506
2006-08-24,1234.744799
2006-08-25,1234.013826
2006-08-28,1242.0036
2006-08-29,1244.951899
2006-08-30,1246.029582
2006-08-31,1247.035998
2006-09-01,1253.722591
2006-09-04,1253.722591
2006-09-05,1253.365041
2006-09-06,1239.917272
2006-09-07,1233.113968
2006-09-08,1238.63162
2006-09-11,1239.679373
2006-09-12,1256.103136
2006-09-13,1262.032868
2006-09-14,1259.602778
2006-09-15,1266.397235
2006-09-18,1265.5822
2006-09-19,1261.301688
2006-09-20,1267.765356
2006-09-21,1261.310024
2006-09-22,1257.854749
2006-09-25,1268.250008
2006-09-26,1277.957299
2006-09-27,1280.652811
2006-09-28,1283.695948
2006-09-29,1279.956088
2006-10-02,1274.399865
2006-10-03,1274.98414
2006-10-04,1292.767119
2006-10-05,1296.634976
2006-10-06,1294.621057
2006-10-09,1295.227718
2006-10-10,1296.601852
2006-10-11,1292.836335
2006-10-12,1303.536951
2006-10-13,1305.259024
2006-10-16,1312.555639
2006-10-17,1308.181112
2006-10-18,1311.975121
2006-10-19,1313.971381
2006-10-20,1317.033099
2006-10-23,1325.572597
2006-10-24,1325.104799
2006-10-25,1329.783229
2006-10-26,1339.114934
2006-10-27,1325.811992
2006-10-30,1328.053329
2006-10-31,1329.014011
2006-11-01,1320.903751
2006-11-02,1320.567278
2006-11-03,1316.777594
2006-11-06,1331.664706
2006-11-07,1333.148396
2006-11-08,1333.799698
2006-11-09,1326.429987
2006-11-10,1328.745328
2006-11-13,1332.218071
2006-11-14,1343.559508
2006-11-15,1349.233267
2006-11-16,1352.799084
2006-11-17,1355.596149
2006-11-20,1356.132834
2006-11-21,1356.848282
2006-11-22,1360.906978
2006-11-23,1360.906978
2006-11-24,1355.773339
2006-11-27,1336.749914
2006-11-28,1342.659865
2006-11-29,1356.857489
2006-11-30,1357.475801
2006-12-01,1354.026061
2006-12-04,1370.243926
2006-12-05,1375.061467
2006-12-06,1373.000194
2006-12-07,1365.704401
2006-12-08,1366.516157
2006-12-11,1367.216061
2006-12-12,1367.100875
2006-12-13,1369.136787
2006-12-14,1381.422983
2006-12-15,1379.503349
2006-12-18,1372.953297
2006-12-19,1374.165608
2006-12-20,1371.731177
2006-12-21,1366.160211
2006-12-22,1359.398891
2006-12-25,1359.398891
2006-12-26,1363.49867
2006-12-27,1373.500882
2006-12-28,1373.790483
2006-12-29,1367.267378
2007-01-01,1367.267378
2007-01-02,1367.267378
2007-01-03,1368.924544
2007-01-04,1371.331441
2007-01-05,1361.339355
2007-01-08,1365.276529
2007-01-09,1365.692208
2007-01-10,1368.329395
2007-01-11,1377.402237
2007-01-12,1384.655559
2007-01-15,1384.655559
2007-01-16,1384.870251
2007-01-17,1382.30724
2007-01-18,1379.004235
2007-01-19,1382.156032
2007-01-22,1373.102341
2007-01-23,1379.06949
2007-01-24,1392.198298
2007-01-25,1375.439142
2007-01-26,1373.400511
2007-01-29,1372.995007
2007-01-30,1376.579399
2007-01-31,1382.875268
2007-02-01,1393.942021
2007-02-02,1395.737432
2007-02-05,1394.871943
2007-02-06,1397.959231
2007-02-07,1399.91625
2007-02-08,1399.717545
2007-02-09,1389.976667
2007-02-12,1386.553591
2007-02-13,1395.499191
2007-02-14,1405.750074
2007-02-15,1406.231884
2007-02-16,1404.682788
2007-02-19,1404.682788
2007-02-20,1407.982855
2007-02-21,1404.154036
2007-02-22,1402.354658
2007-02-23,1398.442812
2007-02-26,1397.115469
2007-02-27,1351.289304
2007-02-28,1355.878453
2007-03-01,1352.360313
2007-03-02,1336.712989
2007-03-05,1325.538807
2007-03-06,1343.250437
2007-03-07,1340.927653
2007-03-08,1350.411931
2007-03-09,1353.632706
2007-03-12,1356.812289
2007-03-13,1329.288946
2007-03-14,1337.63323
2007-03-15,1340.886222
2007-03-16,1336.780669
2007-03-19,1351.977515
2007-03-20,1360.152955
2007-03-21,1382.159205
2007-03-22,1382.006303
2007-03-23,1382.463782
2007-03-26,1381.840347
2007-03-27,1371.628917
2007-03-28,1362.542318
2007-03-29,1368.123886
2007-03-30,1366.747642
2007-04-02,1372.182644
2007-04-03,1385.966819
2007-04-04,1390.125702
2007-04-05,1392.711272
2007-04-06,1392.711272
2007-04-09,1392.98193
2007-04-10,1396.810863
2007-04-11,1389.251485
2007-04-12,1397.728633
2007-04-13,1403.732122
2007-04-16,1419.694274
2007-04-17,1427.901052
2007-04-18,1426.031656
2007-04-19,1423.172254
2007-04-20,1438.964827
2007-04-23,1433.935177
2007-04-24,1432.800394
2007-04-25,1447.025465
2007-04-26,1445.488797
2007-04-27,1445.379548
2007-04-30,1432.798869
2007-05-01,1436.719419
2007-05-02,1447.744744
2007-05-03,1455.047352
2007-05-04,1457.339372
2007-05-07,1459.764718
2007-05-08,1458.553418
2007-05-09,1462.362459
2007-05-10,1441.914743
2007-05-11,1457.574623
2007-05-14,1455.103875
2007-05-15,1452.334414
2007-05-16,1465.093384
2007-05-17,1462.618461
2007-05-18,1473.677121
2007-05-21,1476.471092
2007-05-22,1476.778018
2007-05-23,1476.223947
2007-05-24,1460.501555
2007-05-25,1465.703527
2007-05-28,1465.703527
2007-05-29,1468.5786
2007-05-30,1483.19738
2007-05-31,1484.60061
2007-06-01,1489.325786
2007-06-04,1492.851212
2007-06-05,1482.368964
2007-06-06,1469.435079
2007-06-07,1441.316738
2007-06-08,1457.176892
2007-06-11,1460.408058
2007-06-12,1444.163265
2007-06-13,1465.617812
2007-06-14,1475.801182
2007-06-15,1484.931431
2007-06-18,1481.627589
2007-06-19,1482.393172
2007-06-20,1460.881843
2007-06-21,1469.44623
2007-06-22,1449.814453
2007-06-25,1446.964019
2007-06-26,1447.710525
2007-06-27,1461.850364
2007-06-28,1464.535579
2007-06-29,1463.11923
2007-07-02,1477.239679
2007-07-03,1482.552708
2007-07-04,1482.552708
2007-07-05,1486.008066
2007-07-06,1493.186117
2007-07-09,1494.646765
2007-07-10,1472.208287
2007-07-11,1481.855897
2007-07-12,1508.537328
2007-07-13,1510.975147
2007-07-16,1508.030705
2007-07-17,1506.822644
2007-07-18,1504.772785
2007-07-19,1514.025957
2007-07-20,1495.922068
2007-07-23,1508.190508
2007-07-24,1477.698843
2007-07-25,1488.954414
2007-07-26,1455.837879
2007-07-27,1433.280344
2007-07-30,1446.979604
2007-07-31,1430.327948
2007-08-01,1445.449905
2007-08-02,1450.221067
2007-08-03,1412.265699
2007-08-06,1446.166425
2007-08-07,1455.080842
2007-08-08,1476.544498
2007-08-09,1437.783735
2007-08-10,1435.411681
2007-08-13,1432.231262
2007-08-14,1407.855114
2007-08-15,1391.487816
2007-08-16,1394.164722
2007-08-17,1425.527308
2007-08-20,1421.44333
2007-08-21,1421.150641
2007-08-22,1438.245001
2007-08-23,1437.789372
2007-08-24,1455.274032
2007-08-27,1445.278083
2007-08-28,1411.314501
2007-08-29,1440.413056
2007-08-30,1435.556569
2007-08-31,1448.890938
2007-09-03,1448.890938
2007-09-04,1463.291381
2007-09-05,1449.818987
2007-09-06,1453.542704
2007-09-07,1428.082306
2007-09-10,1424.489854
2007-09-11,1443.060471
2007-09-12,1442.864468
2007-09-13,1453.990056
2007-09-14,1453.338322
2007-09-17,1443.229451
2007-09-18,1485.590384
2007-09-19,1496.27429
2007-09-20,1487.507605
2007-09-21,1494.30376
2007-09-24,1488.24672
2007-09-25,1490.26559
2007-09-26,1499.742307
2007-09-27,1508.348987
2007-09-28,1506.292298
2007-10-01,1524.421872
2007-10-02,1520.053413
2007-10-03,1514.302319
2007-10-04,1516.435699
2007-10-05,1531.581429
2007-10-08,1528.204471
2007-10-09,1540.533196
2007-10-10,1538.75593
2007-10-11,1529.166901
2007-10-12,1538.646317
2007-10-15,1527.323665
2007-10-16,1520.915432
2007-10-17,1520.829028
2007-10-18,1521.594145
2007-10-19,1481.783174
2007-10-22,1489.775839
2007-10-23,1503.277239
2007-10-24,1504.555907
2007-10-25,1505.597745
2007-10-26,1523.082349
2007-10-29,1530.858735
2007-10-30,1523.065431
2007-10-31,1540.745519
2007-11-01,1506.233236
2007-11-02,1511.19371
2007-11-05,1505.504894
2007-11-06,1519.893207
2007-11-07,1478.041479
2007-11-08,1478.787466
2007-11-09,1458.899931
2007-11-12,1452.900945
2007-11-13,1489.989146
2007-11-14,1479.778077
2007-11-15,1466.407436
2007-11-16,1478.43844
2007-11-19,1458.338219
2007-11-20,1466.458827
2007-11-21,1444.828813
2007-11-22,1444.828813
2007-11-23,1464.904579
2007-11-26,1433.062994
2007-11-27,1452.70368
2007-11-28,1491.139683
2007-11-29,1491.807405
2007-11-30,1494.722264
2007-12-03,1487.396401
2007-12-04,1478.930198
2007-12-05,1502.785911
2007-12-06,1521.002796
2007-12-07,1518.531474
2007-12-10,1531.880827
2007-12-11,1497.436536
2007-12-12,1511.797647
2007-12-13,1517.406222
2007-12-14,1496.175218
2007-12-17,1476.293236
2007-12-18,1485.834361
2007-12-19,1483.914222
2007-12-20,1492.66358
2007-12-21,1517.588994
2007-12-24,1527.389706
2007-12-25,1527.389706
2007-12-26,1525.307638
2007-12-27,1504.569844
2007-12-28,1507.368564
2007-12-31,1496.474784
2008-01-01,1496.474784
2008-01-02,1474.722021
2008-01-03,1479.554968
2008-01-04,1447.433688
2008-01-07,1456.04262
2008-01-08,1434.687337
2008-01-09,1453.807695
2008-01-10,1464.414115
2008-01-11,1441.532726
2008-01-14,1452.748885
2008-01-15,1419.849072
2008-01-16,1408.687771
2008-01-17,1370.349986
2008-01-18,1360.474508
2008-01-21,1360.474508
2008-01-22,1340.383953
2008-01-23,1370.742702
2008-01-24,1383.815484
2008-01-25,1356.714911
2008-01-28,1380.897495
2008-01-29,1383.10087
2008-01-30,1371.632638
2008-01-31,1389.211463
2008-02-01,1400.949525
2008-02-04,1392.158158
2008-02-05,1351.333546
2008-02-06,1337.357265
2008-02-07,1349.103806
2008-02-08,1346.661792
2008-02-11,1354.360007
2008-02-12,1366.458241
2008-02-13,1385.921511
2008-02-14,1367.843178
2008-02-15,1369.215205
2008-02-18,1369.215205
2008-02-19,1367.20343
2008-02-20,1376.742125
2008-02-21,1360.874624
2008-02-22,1370.498035
2008-02-25,1391.424487
2008-02-26,1403.540054
2008-02-27,1402.736249
2008-02-28,1389.50781
2008-02-29,1356.470971
2008-03-03,1360.357127
2008-03-04,1360.684916
2008-03-05,1371.359304
2008-03-06,1347.130403
2008-03-07,1335.866898
2008-03-10,1319.744703
2008-03-11,1366.934816
2008-03-12,1353.038326
2008-03-13,1357.798568
2008-03-14,1332.326477
2008-03-17,1321.285121
2008-03-18,1369.774223
2008-03-19,1338.473402
2008-03-20,1361.730643
2008-03-21,1361.730643
2008-03-24,1381.56178
2008-03-25,1385.287234
2008-03-26,1374.592785
2008-03-27,1363.52826
2008-03-28,1352.618595
2008-03-31,1358.772114
2008-04-01,1397.45237
2008-04-02,1394.492587
2008-04-03,1393.307168
2008-04-04,1394.588657
2008-04-07,1396.097266
2008-04-08,1392.41673
2008-04-09,1381.993539
2008-04-10,1390.966527
2008-04-11,1370.501065
2008-04-14,1368.031378
2008-04-15,1374.927251
2008-04-16,1403.072599
2008-04-17,1406.111663
2008-04-18,1427.502848
2008-04-21,1425.182418
2008-04-22,1410.556706
2008-04-23,1420.934362
2008-04-24,1425.056759
2008-04-25,1424.455656
2008-04-28,1422.08462
2008-04-29,1413.359255
2008-04-30,1408.763208
2008-05-01,1431.295925
2008-05-02,1436.113934
2008-05-05,1428.815521
2008-05-06,1437.078096
2008-05-07,1414.868741
2008-05-08,1418.573708
2008-05-09,1413.602174
2008-05-12,1431.239082
2008-05-13,1433.341579
2008-05-14,1442.419455
2008-05-15,1456.039361
2008-05-16,1458.087427
2008-05-19,1459.848828
2008-05-20,1448.100862
2008-05-21,1430.190396
2008-05-22,1436.132137
2008-05-23,1419.595689
2008-05-26,1419.595689
2008-05-27,1431.313078
2008-05-28,1437.220948
2008-05-29,1450.008169
2008-05-30,1451.120101
2008-06-02,1436.146702
2008-06-03,1430.589827
2008-06-04,1432.397743
2008-06-05,1462.282648
2008-06-06,1420.242986
2008-06-09,1423.10286
2008-06-10,1420.431335
2008-06-11,1400.467282
2008-06-12,1407.612532
2008-06-13,1428.670496
2008-06-16,1425.919833
2008-06-17,1418.470791
2008-06-18,1406.871665
2008-06-19,1415.585594
2008-06-20,1392.150801
2008-06-23,1395.996732
2008-06-24,1388.067631
2008-06-25,1394.626301
2008-06-26,1360.029305
2008-06-27,1354.962415
2008-06-30,1355.832153
2008-07-01,1361.153439
2008-07-02,1342.385516
2008-07-03,1346.738164
2008-07-04,1346.738164
2008-07-07,1337.743499
2008-07-08,1354.59589
2008-07-09,1330.28404
2008-07-10,1341.34575
2008-07-11,1324.808396
2008-07-14,1318.348439
2008-07-15,1309.94776
2008-07-16,1327.859072
2008-07-17,1337.211064
2008-07-18,1339.774078
2008-07-21,1337.288612
2008-07-22,1348.846719
2008-07-23,1349.475093
2008-07-24,1321.652704
2008-07-25,1326.620024
2008-07-28,1307.938889
2008-07-29,1329.095938
2008-07-30,1343.746376
2008-07-31,1326.622838
2008-08-01,1321.823424
2008-08-04,1312.838737
2008-08-05,1345.003227
2008-08-06,1354.906434
2008-08-07,1337.505196
2008-08-08,1364.164302
2008-08-11,1370.11915
2008-08-12,1360.476525
2008-08-13,1358.182385
2008-08-14,1363.194088
2008-08-15,1367.728865
2008-08-18,1350.732342
2008-08-19,1342.087668
2008-08-20,1345.373368
2008-08-21,1351.318423
2008-08-22,1366.394826
2008-08-25,1342.030536
2008-08-26,1344.680683
2008-08-27,1356.211698
2008-08-28,1373.535162
2008-08-29,1352.449642
2008-09-01,1352.449642
2008-09-02,1347.41781
2008-09-03,1341.540336
2008-09-04,1306.836152
2008-09-05,1305.025782
2008-09-08,1331.198336
2008-09-09,1297.548383
2008-09-10,1305.970394
2008-09-11,1322.353603
2008-09-12,1328.295227
2008-09-15,1284.817029
2008-09-16,1304.756454
2008-09-17,1248.802748
2008-09-18,1295.039699
2008-09-19,1335.8889
2008-09-22,1290.852811
2008-09-23,1270.311775
2008-09-24,1270.595587
2008-09-25,1295.664749
2008-09-26,1300.499614
2008-09-29,1204.43216
2008-09-30,1256.150682
2008-10-01,1245.994144
2008-10-02,1201.647938
2008-10-03,1193.911732
2008-10-06,1145.798723
2008-10-07,1089.381604
2008-10-08,1068.340388
2008-10-09,989.424174
2008-10-10,972.080966
2008-10-13,1092.793425
2008-10-14,1077.687622
2008-10-15,982.678952
2008-10-16,1025.903154
2008-10-17,1023.920234
2008-10-20,1072.764468
2008-10-21,1039.619701
2008-10-22,978.010823
2008-10-23,994.624667
2008-10-24,963.49618
2008-10-27,930.942973
2008-10-28,1025.9966
2008-10-29,1024.60374
2008-10-30,1043.92198
2008-10-31,1057.727513
2008-11-03,1054.241307
2008-11-04,1094.775079
2008-11-05,1043.944313
2008-11-06,991.2481
2008-11-07,1024.522187
2008-11-10,1012.607291
2008-11-11,991.013133
2008-11-12,947.192716
2008-11-13,1018.635829
2008-11-14,974.780693
2008-11-17,949.837182
2008-11-18,963.257324
2008-11-19,905.721166
2008-11-20,854.280169
2008-11-21,918.330864
2008-11-24,966.996726
2008-11-25,969.742721
2008-11-26,1002.641277
2008-11-27,1002.641277
2008-11-28,1013.296053
2008-12-01,926.955495
2008-12-02,957.983704
2008-12-03,978.33749
2008-12-04,946.154776
2008-12-05,981.816122
2008-12-08,1011.887394
2008-12-09,993.114563
2008-12-10,1006.162936
2008-12-11,984.28955
2008-12-12,985.002698
2008-12-15,976.611211
2008-12-16,1018.16291
2008-12-17,1011.317193
2008-12-18,994.998595
2008-12-19,996.198208
2008-12-22,983.313043
2008-12-23,975.999486
2008-12-24,981.043978
2008-12-25,981.043978
2008-12-26,986.725489
2008-12-29,984.831887
2008-12-30,1008.911967
2008-12-31,1021.966785
2009-01-01,1021.966785
2009-01-02,1051.163345
2009-01-05,1049.325932
2009-01-06,1054.130163
2009-01-07,1024.890719
2009-01-08,1028.550177
2009-01-09,1009.327287
2009-01-12,992.438881
2009-01-13,997.191003
2009-01-14,965.955773
2009-01-15,972.699073
2009-01-16,985.492717
2009-01-19,985.492717
2009-01-20,944.338739
2009-01-21,976.231277
2009-01-22,954.141756
2009-01-23,959.049015
2009-01-26,964.416256
2009-01-27,972.306467
2009-01-28,998.437987
2009-01-29,968.607574
2009-01-30,949.988057
2009-02-02,949.373646
2009-02-03,971.06483
2009-02-04,966.544736
2009-02-05,980.977436
2009-02-06,998.896125
2009-02-09,999.001617
2009-02-10,957.27276
2009-02-11,963.418283
2009-02-12,964.885319
2009-02-13,956.562712
2009-02-16,956.562712
2009-02-17,918.213735
2009-02-18,918.26073
2009-02-19,910.85413
2009-02-20,901.95463
2009-02-23,870.872193
2009-02-24,899.098746
2009-02-25,887.363435
2009-02-26,875.824985
2009-02-27,857.48227
2009-03-02,823.290298
2009-03-03,819.191064
2009-03-04,841.568543
2009-03-05,808.651271
2009-03-06,813.683631
2009-03-09,803.458884
2009-03-10,846.895122
2009-03-11,848.233186
2009-03-12,875.588665
2009-03-13,884.319845
2009-03-16,882.64028
2009-03-17,908.973081
2009-03-18,923.111628
2009-03-19,913.712887
2009-03-20,903.090574
2009-03-23,956.002543
2009-03-24,940.813413
2009-03-25,946.323655
2009-03-26,967.715133
2009-03-27,947.403434
2009-03-30,920.522795
2009-03-31,930.83647
2009-04-01,941.639957
2009-04-02,964.663213
2009-04-03,971.51
2009-04-06,964.561638
2009-04-07,944.012664
2009-04-08,958.259826
2009-04-09,981.898596
2009-04-10,981.898596
2009-04-13,977.16261
2009-04-14,960.889396
2009-04-15,972.392811
2009-04-16,986.285588
2009-04-17,988.703344
2009-04-20,956.122879
2009-04-21,971.962016
2009-04-22,962.338895
2009-04-23,969.592135
2009-04-24,983.822411
2009-04-27,978.152307
2009-04-28,977.170922
2009-04-29,997.871098
2009-04-30,993.895705
2009-05-01,1002.082103
2009-05-04,1023.319729
2009-05-05,1019.310362
2009-05-06,1031.520688
2009-05-07,1019.345827
2009-05-08,1039.484951
2009-05-11,1019.781267
2009-05-12,1028.366352
2009-05-13,1007.437836
2009-05-14,1016.166608
2009-05-15,1008.380365
2009-05-18,1031.774772
2009-05-19,1030.284513
2009-05-20,1028.563161
2009-05-21,1011.80311
2009-05-22,1013.45358
2009-05-25,1013.45358
2009-05-26,1037.370587
2009-05-27,1015.829322
2009-05-28,1031.592286
2009-05-29,1045.949775
2009-06-01,1074.031652
2009-06-02,1079.920333
2009-06-03,1067.236043
2009-06-04,1074.046996
2009-06-05,1075.457332
2009-06-08,1074.038903
2009-06-09,1078.376092
2009-06-10,1077.730028
2009-06-11,1085.239156
2009-06-12,1085.06571
2009-06-15,1063.287867
2009-06-16,1050.318735
2009-06-17,1051.018189
2009-06-18,1057.979873
2009-06-19,1058.97412
2009-06-22,1032.141267
2009-06-23,1032.943056
2009-06-24,1036.497656
2009-06-25,1056.50114
2009-06-26,1053.856013
2009-06-29,1063.730218
2009-06-30,1057.556975
2009-07-01,1063.776996
2009-07-02,1034.856665
2009-07-03,1034.856665
2009-07-06,1041.022279
2009-07-07,1018.29698
2009-07-08,1017.608933
2009-07-09,1018.035426
2009-07-10,1014.104537
2009-07-13,1036.249618
2009-07-14,1040.404246
2009-07-15,1066.931141
2009-07-16,1075.084416
2009-07-17,1076.590199
2009-07-20,1086.834977
2009-07-21,1094.358082
2009-07-22,1091.866787
2009-07-23,1117.166971
2009-07-24,1119.018749
2009-07-27,1118.785995
2009-07-28,1114.611114
2009-07-29,1112.220878
2009-07-30,1121.533509
2009-07-31,1121.489562
2009-08-03,1137.103981
2009-08-04,1139.802403
2009-08-05,1133.650542
2009-08-06,1128.013099
2009-08-07,1139.975728
2009-08-10,1136.169176
2009-08-11,1123.941536
2009-08-12,1137.408021
2009-08-13,1140.138625
2009-08-14,1131.126807
2009-08-17,1108.549528
2009-08-18,1117.69794
2009-08-19,1125.85046
2009-08-20,1136.664052
2009-08-21,1156.529951
2009-08-24,1158.882485
2009-08-25,1159.202332
2009-08-26,1158.579072
2009-08-27,1161.017752
2009-08-28,1156.654564
2009-08-31,1150.283202
2009-09-01,1128.800299
2009-09-02,1126.415724
2009-09-03,1132.920192
2009-09-04,1145.642685
2009-09-07,1145.642685
2009-09-08,1156.501062
2009-09-09,1161.36447
2009-09-10,1170.617606
2009-09-11,1172.543207
2009-09-14,1177.287837
2009-09-15,1178.466045
2009-09-16,1194.598712
2009-09-17,1193.888341
2009-09-18,1197.251281
2009-09-21,1191.935967
2009-09-22,1197.148493
2009-09-23,1186.623494
2009-09-24,1177.493959
2009-09-25,1171.633249
2009-09-28,1190.962237
2009-09-29,1188.268341
2009-09-30,1187.058174
2009-10-01,1161.817435
2009-10-02,1159.62217
2009-10-05,1171.489291
2009-10-06,1187.877722
2009-10-07,1188.106128
2009-10-08,1197.109413
2009-10-09,1205.885811
2009-10-12,1210.360763
2009-10-13,1206.246494
2009-10-14,1223.741039
2009-10-15,1231.115934
2009-10-16,1224.359085
2009-10-19,1236.533233
2009-10-20,1226.608311
2009-10-21,1218.395541
2009-10-22,1230.463477
2009-10-23,1220.063569
2009-10-26,1208.146793
2009-10-27,1207.955993
2009-10-28,1188.464753
2009-10-29,1207.54643
2009-10-30,1177.767843
2009-11-02,1185.560858
2009-11-03,1184.98485
2009-11-04,1190.047557
2009-11-05,1212.397858
2009-11-06,1214.136192
2009-11-09,1237.567569
2009-11-10,1237.296115
2009-11-11,1242.057723
2009-11-12,1230.81344
2009-11-13,1239.082151
2009-11-16,1256.745026
2009-11-17,1259.180462
2009-11-18,1258.162295
2009-11-19,1243.593408
2009-11-20,1240.108134
2009-11-23,1255.167959
2009-11-24,1257.18175
2009-11-25,1262.109851
2009-11-26,1262.109851
2009-11-27,1242.314091
2009-11-30,1244.473423
2009-12-01,1257.66196
2009-12-02,1258.127605
2009-12-03,1248.185107
2009-12-04,1252.442221
2009-12-07,1250.498536
2009-12-08,1238.565603
2009-12-09,1244.207893
2009-12-10,1253.341054
2009-12-11,1257.920878
2009-12-14,1265.764897
2009-12-15,1260.109321
2009-12-16,1261.223975
2009-12-17,1246.023651
2009-12-18,1251.177725
2009-12-21,1260.32708
2009-12-22,1265.83101
2009-12-23,1268.813369
2009-12-24,1275.608665
2009-12-25,1275.608665
2009-12-28,1280.249781
2009-12-29,1278.948176
2009-12-30,1279.522525
2009-12-31,1266.398907
2010-01-01,1266.398907
2010-01-04,1283.705917
2010-01-05,1283.045876
2010-01-06,1280.928464
2010-01-07,1281.672812
2010-01-08,1282.983294
2010-01-11,1285.960583
2010-01-12,1281.854972
2010-01-13,1291.483064
2010-01-14,1294.917178
2010-01-15,1282.838723
2010-01-18,1282.838723
2010-01-19,1298.894961
2010-01-20,1284.517472
2010-01-21,1265.164185
2010-01-22,1239.48893
2010-01-25,1245.2496
2010-01-26,1243.036136
2010-01-27,1247.335185
2010-01-28,1232.494274
2010-01-29,1221.485589
2010-02-01,1235.315902
2010-02-02,1250.76031
2010-02-03,1244.937036
2010-02-04,1208.676876
2010-02-05,1209.686883
2010-02-08,1199.044201
2010-02-09,1214.572097
2010-02-10,1211.404081
2010-02-11,1223.892904
2010-02-12,1222.348888
2010-02-15,1222.348888
2010-02-16,1241.153733
2010-02-17,1245.571924
2010-02-18,1254.100318
2010-02-19,1254.449065
2010-02-22,1249.622573
2010-02-23,1236.9514
2010-02-24,1247.243701
2010-02-25,1242.994313
2010-02-26,1243.370589
2010-03-01,1255.872017
2010-03-02,1258.434487
2010-03-03,1259.511015
2010-03-04,1263.852696
2010-03-05,1280.549938
2010-03-08,1280.756723
2010-03-09,1282.890368
2010-03-10,1284.674077
2010-03-11,1289.761263
2010-03-12,1289.746799
2010-03-15,1292.218462
2010-03-16,1297.891448
2010-03-17,1305.707883
2010-03-18,1307.311178
2010-03-19,1304.105234
2010-03-22,1307.677981
2010-03-23,1315.488664
2010-03-24,1306.678273
2010-03-25,1303.996893
2010-03-26,1306.55543
2010-03-29,1314.394023
2010-03-30,1316.458047
2010-03-31,1312.001573
2010-04-01,1321.100129
2010-04-02,1321.100129
2010-04-05,1328.476756
2010-04-06,1328.513682
2010-04-07,1321.863274
2010-04-08,1323.349665
2010-04-09,1333.731536
2010-04-12,1334.902499
2010-04-13,1336.406226
2010-04-14,1344.223649
2010-04-15,1345.580033
2010-04-16,1331.743987
2010-04-19,1339.266924
2010-04-20,1347.99854
2010-04-21,1349.836148
2010-04-22,1350.512041
2010-04-23,1362.280448
2010-04-26,1356.653893
2010-04-27,1328.939288
2010-04-28,1334.591077
2010-04-29,1350.193114
2010-04-30,1331.926592
2010-05-03,1346.897049
2010-05-04,1317.97396
2010-05-05,1310.957533
2010-05-06,1272.328058
2010-05-07,1251.591418
2010-05-10,1302.341125
2010-05-11,1297.018655
2010-05-12,1312.612
2010-05-13,1298.942717
2010-05-14,1276.464736
2010-05-17,1279.14415
2010-05-18,1265.47257
2010-05-19,1258.130367
2010-05-20,1213.002344
2010-05-21,1225.827028
2010-05-24,1213.705253
2010-05-25,1211.695915
2010-05-26,1201.990813
2010-05-27,1237.098548
2010-05-28,1223.708226
2010-05-31,1223.708226
2010-06-01,1206.731536
2010-06-02,1235.193214
2010-06-03,1240.55757
2010-06-04,1202.205603
2010-06-07,1189.14743
2010-06-08,1203.651402
2010-06-09,1197.019003
2010-06-10,1230.671108
2010-06-11,1236.757257
2010-06-14,1235.28116
2010-06-15,1261.205516
2010-06-16,1261.968629
2010-06-17,1263.569504
2010-06-18,1264.241244
2010-06-21,1259.482784
2010-06-22,1244.046091
2010-06-23,1238.997715
2010-06-24,1222.794966
2010-06-25,1222.308865
2010-06-28,1223.264251
2010-06-29,1190.306151
2010-06-30,1180.854027
2010-07-01,1178.946284
2010-07-02,1174.683904
2010-07-05,1174.683904
2010-07-06,1180.706778
2010-07-07,1213.150394
2010-07-08,1225.39592
2010-07-09,1232.595292
2010-07-12,1231.395705
2010-07-13,1245.102336
2010-07-14,1245.354556
2010-07-15,1246.068229
2010-07-16,1217.956208
2010-07-19,1224.05928
2010-07-20,1238.493188
2010-07-21,1225.25071
2010-07-22,1247.076354
2010-07-23,1254.806055
2010-07-26,1263.999979
2010-07-27,1264.719478
2010-07-28,1257.957429
2010-07-29,1253.085665
2010-07-30,1252.718493
2010-08-02,1275.922634
2010-08-03,1272.48415
2010-08-04,1282.408482
2010-08-05,1279.921378
2010-08-06,1276.622111
2010-08-09,1286.153022
2010-08-10,1280.006061
2010-08-11,1248.805011
2010-08-12,1245.130031
2010-08-13,1239.974118
2010-08-16,1238.890065
2010-08-17,1254.306066
2010-08-18,1253.567215
2010-08-19,1234.894192
2010-08-20,1230.074529
2010-08-23,1227.845206
2010-08-24,1211.406797
2010-08-25,1215.003744
2010-08-26,1206.331392
2010-08-27,1226.388011
2010-08-30,1210.100693
2010-08-31,1210.398964
2010-09-01,1243.107742
2010-09-02,1251.214395
2010-09-03,1265.589701
2010-09-06,1265.589701
2010-09-07,1255.301609
2010-09-08,1262.476362
2010-09-09,1267.705568
2010-09-10,1275.882721
2010-09-13,1286.928121
2010-09-14,1286.88157
2010-09-15,1291.504995
2010-09-16,1293.243698
2010-09-17,1296.790739
2010-09-20,1316.442063
2010-09-21,1313.031709
2010-09-22,1311.135574
2010-09-23,1301.478112
2010-09-24,1324.564994
2010-09-27,1319.766002
2010-09-28,1326.010435
2010-09-29,1322.666476
2010-09-30,1318.566548
2010-10-01,1323.319277
2010-10-04,1313.85415
2010-10-05,1339.945844
2010-10-06,1341.011669
2010-10-07,1335.903168
2010-10-08,1343.651066
2010-10-11,1343.258049
2010-10-12,1347.332403
2010-10-13,1358.761133
2010-10-14,1357.044434
2010-10-15,1365.707874
2010-10-18,1375.141005
2010-10-19,1354.901864
2010-10-20,1366.402459
2010-10-21,1371.673284
2010-10-22,1373.25454
2010-10-25,1375.41978
2010-10-26,1376.947521
2010-10-27,1372.012378
2010-10-28,1371.247396
2010-10-29,1371.270762
2010-11-01,1374.094565
2010-11-02,1385.038695
2010-11-03,1387.322191
2010-11-04,1410.14071
2010-11-05,1412.017129
2010-11-08,1407.465888
2010-11-09,1400.406847
2010-11-10,1404.158177
2010-11-11,1401.482057
2010-11-12,1384.822626
2010-11-15,1386.115688
2010-11-16,1362.979215
2010-11-17,1366.815718
2010-11-18,1387.438028
2010-11-19,1390.095518
2010-11-22,1390.293926
2010-11-23,1370.043458
2010-11-24,1390.375442
2010-11-25,1390.375442
2010-11-26,1379.754497
2010-11-29,1376.093025
2010-11-30,1369.792313
2010-12-01,1399.096221
2010-12-02,1412.472866
2010-12-03,1414.292031
2010-12-06,1412.204624
2010-12-07,1411.990057
2010-12-08,1415.330857
2010-12-09,1416.0193
2010-12-10,1422.395576
2010-12-13,1424.8788
2010-12-14,1428.20517
2010-12-15,1424.155807
2010-12-16,1430.596632
2010-12-17,1431.336016
2010-12-20,1431.752337
2010-12-21,1436.128394
2010-12-22,1438.22394
2010-12-23,1437.183689
2010-12-24,1437.183689
2010-12-27,1434.952278
2010-12-28,1436.446669
2010-12-29,1438.634963
2010-12-30,1436.271662
2010-12-31,1436.551328
2011-01-03,1446.315183
2011-01-04,1439.832315
2011-01-05,1443.535286
2011-01-06,1442.162878
2011-01-07,1440.97479
2011-01-10,1438.310647
2011-01-11,1443.295999
2011-01-12,1455.691135
2011-01-13,1451.806396
2011-01-14,1459.595634
2011-01-17,1459.595634
2011-01-18,1463.526288
2011-01-19,1457.804049
2011-01-20,1454.76803
2011-01-21,1453.291457
2011-01-24,1464.852152
2011-01-25,1465.930365
2011-01-26,1472.513833
2011-01-27,1472.139048
2011-01-28,1447.803289
2011-01-31,1458.589578
2011-02-01,1478.036542
2011-02-02,1472.778417
2011-02-03,1474.613451
2011-02-04,1479.930199
2011-02-07,1487.380974
2011-02-08,1494.004998
2011-02-09,1490.74289
2011-02-10,1493.026602
2011-02-11,1498.184844
2011-02-14,1501.019834
2011-02-15,1497.507328
2011-02-16,1506.20198
2011-02-17,1511.838084
2011-02-18,1516.652069
2011-02-21,1516.652069
2011-02-22,1491.51841
2011-02-23,1483.463553
2011-02-24,1483.591081
2011-02-25,1496.055182
2011-02-28,1504.064684
2011-03-01,1485.649307
2011-03-02,1487.956908
2011-03-03,1512.101295
2011-03-04,1502.675204
2011-03-07,1491.483929
2011-03-08,1501.82366
2011-03-09,1500.807358
2011-03-10,1477.267565
2011-03-11,1486.843267
2011-03-14,1477.123332
2011-03-15,1458.500033
2011-03-16,1430.129338
2011-03-17,1447.213683
2011-03-18,1449.749571
2011-03-21,1473.350758
2011-03-22,1470.652402
2011-03-23,1478.420153
2011-03-24,1488.808917
2011-03-25,1494.434079
2011-03-28,1492.223529
2011-03-29,1501.880482
2011-03-30,1512.524404
2011-03-31,1510.411151
2011-04-01,1517.422394
2011-04-04,1518.911193
2011-04-05,1519.840926
2011-04-06,1522.409747
2011-04-07,1520.177367
2011-04-08,1515.773663
2011-04-11,1512.7584
2011-04-12,1499.832718
2011-04-13,1500.810494
2011-04-14,1502.219124
2011-04-15,1509.632926
2011-04-18,1494.898532
2011-04-19,1503.186373
2011-04-20,1528.119871
2011-04-21,1538.392989
2011-04-22,1538.392989
2011-04-25,1535.63655
2011-04-26,1549.818004
2011-04-27,1558.209708
2011-04-28,1565.55171
2011-04-29,1567.359617
2011-05-02,1565.035076
2011-05-03,1559.243265
2011-05-04,1551.190902
2011-05-05,1536.171212
2011-05-06,1541.498826
2011-05-09,1549.252113
2011-05-10,1558.694866
2011-05-11,1545.135957
2011-05-12,1558.095626
2011-05-13,1546.229481
2011-05-16,1539.197971
2011-05-17,1537.558799
2011-05-18,1550.364327
2011-05-19,1553.642156
2011-05-20,1542.89005
2011-05-23,1526.285466
2011-05-24,1525.528635
2011-05-25,1529.9342
2011-05-26,1534.043954
2011-05-27,1536.273269
2011-05-30,1536.273269
2011-05-31,1553.057415
2011-06-01,1523.443486
2011-06-02,1521.519847
2011-06-03,1508.825021
2011-06-06,1497.61744
2011-06-07,1497.307863
2011-06-08,1492.498988
2011-06-09,1503.572687
2011-06-10,1483.257129
2011-06-13,1484.133037
2011-06-14,1504.153199
2011-06-15,1479.537977
2011-06-16,1483.684736
2011-06-17,1487.485634
2011-06-20,1495.855794
2011-06-21,1514.304774
2011-06-22,1504.831535
2011-06-23,1501.009646
2011-06-24,1486.187774
2011-06-27,1499.7408
2011-06-28,1523.455806
2011-06-29,1535.102976
2011-06-30,1549.711846
2011-07-01,1571.666672
2011-07-04,1571.666672
2011-07-05,1571.807202
2011-07-06,1576.805964
2011-07-07,1592.814806
2011-07-08,1584.705071
2011-07-11,1560.384717
2011-07-12,1555.739644
2011-07-13,1561.354234
2011-07-14,1552.549489
2011-07-15,1558.624545
2011-07-18,1548.437773
2011-07-19,1574.812562
2011-07-20,1569.330603
2011-07-21,1588.963784
2011-07-22,1592.390919
2011-07-25,1585.86961
2011-07-26,1579.300807
2011-07-27,1549.224247
2011-07-28,1545.826145
2011-07-29,1536.937608
2011-08-01,1532.150095
2011-08-02,1500.550904
2011-08-03,1510.504602
2011-08-04,1442.53584
2011-08-05,1445.49938
2011-08-08,1361.949151
2011-08-09,1421.84922
2011-08-10,1362.32951
2011-08-11,1421.404425
2011-08-12,1429.231907
2011-08-15,1456.078485
2011-08-16,1444.214091
2011-08-17,1444.22419
2011-08-18,1385.027894
2011-08-19,1367.914219
2011-08-22,1372.847512
2011-08-23,1419.814937
2011-08-24,1434.767548
2011-08-25,1409.126495
2011-08-26,1432.342202
2011-08-29,1469.135945
2011-08-30,1474.113946
2011-08-31,1477.337404
2011-09-01,1461.586649
2011-09-02,1428.675681
2011-09-05,1428.675681
2011-09-06,1420.751472
2011-09-07,1457.359763
2011-09-08,1444.385768
2011-09-09,1407.629469
2011-09-12,1417.126429
2011-09-13,1427.624375
2011-09-14,1446.115361
2011-09-15,1468.952946
2011-09-16,1478.13928
2011-09-19,1468.02425
2011-09-20,1466.557097
2011-09-21,1423.553319
2011-09-22,1381.652494
2011-09-23,1388.55553
2011-09-26,1418.695606
2011-09-27,1435.248801
2011-09-28,1408.684252
2011-09-29,1417.030425
2011-09-30,1387.312937
2011-10-03,1353.634423
2011-10-04,1380.639298
2011-10-05,1403.547878
2011-10-06,1423.577232
2011-10-07,1416.115174
2011-10-10,1460.300032
2011-10-11,1458.775723
2011-10-12,1469.275164
2011-10-13,1470.043393
2011-10-14,1492.591133
2011-10-17,1463.627089
2011-10-18,1485.341096
2011-10-19,1469.913126
2011-10-20,1472.84527
2011-10-21,1503.183686
2011-10-24,1520.573231
2011-10-25,1488.795266
2011-10-26,1502.612467
2011-10-27,1550.511938
2011-10-28,1550.545703
2011-10-31,1518.773394
2011-11-01,1479.609412
2011-11-02,1500.269595
2011-11-03,1527.681623
2011-11-04,1521.046454
2011-11-07,1530.349926
2011-11-08,1549.661662
2011-11-09,1497.832683
2011-11-10,1508.34218
2011-11-11,1535.25813
2011-11-14,1522.788482
2011-11-15,1530.004304
2011-11-16,1505.404852
2011-11-17,1482.291914
2011-11-18,1481.715538
2011-11-21,1455.777734
2011-11-22,1453.255378
2011-11-23,1423.530837
2011-11-24,1423.530837
2011-11-25,1420.178681
2011-11-28,1459.137363
2011-11-29,1463.509163
2011-11-30,1522.655385
2011-12-01,1519.722955
2011-12-02,1516.326633
2011-12-05,1530.091265
2011-12-06,1533.94744
2011-12-07,1533.897365
2011-12-08,1506.291455
2011-12-09,1529.455852
2011-12-12,1508.562489
2011-12-13,1496.392745
2011-12-14,1477.473788
2011-12-15,1480.579506
2011-12-16,1483.269581
2011-12-19,1469.927444
2011-12-20,1512.270464
2011-12-21,1515.605096
2011-12-22,1524.815297
2011-12-23,1539.177077
2011-12-26,1539.177077
2011-12-27,1543.022539
2011-12-28,1524.250061
2011-12-29,1540.065791
2011-12-30,1533.290803
2012-01-02,1533.290803
2012-01-03,1551.395748
2012-01-04,1552.158006
2012-01-05,1554.250588
2012-01-06,1551.179093
2012-01-09,1553.243149
2012-01-10,1566.086906
2012-01-11,1561.066585
2012-01-12,1565.322686
2012-01-13,1559.326761
2012-01-16,1559.326761
2012-01-17,1569.103636
2012-01-18,1587.54105
2012-01-19,1595.971041
2012-01-20,1602.305143
2012-01-23,1604.286126
2012-01-24,1603.538942
2012-01-25,1620.351298
2012-01-26,1614.326617
2012-01-27,1607.155775
2012-01-30,1605.184752
2012-01-31,1605.629028
2012-02-01,1618.26518
2012-02-02,1622.810984
2012-02-03,1647.578746
2012-02-06,1644.5726
2012-02-07,1648.594998
2012-02-08,1650.508786
2012-02-09,1652.526829
2012-02-10,1642.737148
2012-02-13,1653.803149
2012-02-14,1655.506783
2012-02-15,1644.833257
2012-02-16,1662.091732
2012-02-17,1661.737041
2012-02-20,1661.737041
2012-02-21,1662.832642
2012-02-22,1661.275839
2012-02-23,1669.734348
2012-02-24,1673.046803
2012-02-27,1674.436989
2012-02-28,1680.535398
2012-02-29,1674.821598
2012-03-01,1683.63334
2012-03-02,1679.499227
2012-03-05,1673.109333
2012-03-06,1650.24895
2012-03-07,1660.060681
2012-03-08,1674.233189
2012-03-09,1681.120356
2012-03-12,1681.934422
2012-03-13,1708.055668
2012-03-14,1707.445537
2012-03-15,1716.034465
2012-03-16,1715.401007
2012-03-19,1719.976891
2012-03-20,1713.73754
2012-03-21,1713.288599
2012-03-22,1703.393569
2012-03-23,1705.741911
2012-03-26,1728.865889
2012-03-27,1724.386148
2012-03-28,1714.967602
2012-03-29,1714.939747
2012-03-30,1720.766602
2012-04-02,1737.041255
2012-04-03,1734.610548
2012-04-04,1717.951961
2012-04-05,1722.059679
2012-04-06,1722.059679
2012-04-09,1704.22867
2012-04-10,1676.034275
2012-04-11,1686.718415
2012-04-12,1708.316057
2012-04-13,1689.614517
2012-04-16,1686.496113
2012-04-17,1714.898689
2012-04-18,1709.177507
2012-04-19,1701.653996
2012-04-20,1704.820707
2012-04-23,1691.429931
2012-04-24,1694.933361
2012-04-25,1720.772974
2012-04-26,1730.879428
2012-04-27,1734.604242
2012-04-30,1729.713472
2012-05-01,1734.495247
2012-05-02,1734.083391
2012-05-03,1721.021715
2012-05-04,1692.063416
2012-05-07,1689.385407
2012-05-08,1679.623007
2012-05-09,1670.756735
2012-05-10,1676.10918
2012-05-11,1676.282482
2012-05-14,1658.475836
2012-05-15,1649.952918
2012-05-16,1642.968574
2012-05-17,1615.253946
2012-05-18,1603.418642
2012-05-21,1629.711432
2012-05-22,1628.499801
2012-05-23,1629.162919
2012-05-24,1633.106376
2012-05-25,1629.01017
2012-05-28,1629.01017
2012-05-29,1646.586806
2012-05-30,1625.659182
2012-05-31,1618.693456
2012-06-01,1580.745941
2012-06-04,1585.098771
2012-06-05,1592.141744
2012-06-06,1626.375399
2012-06-07,1627.165822
2012-06-08,1636.703865
2012-06-11,1616.540089
2012-06-12,1633.083713
2012-06-13,1620.400587
2012-06-14,1638.349536
2012-06-15,1655.782883
2012-06-18,1659.745725
2012-06-19,1673.936006
2012-06-20,1669.208592
2012-06-21,1629.974144
2012-06-22,1641.006138
2012-06-25,1615.940942
2012-06-26,1624.000738
2012-06-27,1634.241974
2012-06-28,1628.193645
2012-06-29,1669.800334
2012-07-02,1674.639272
2012-07-03,1686.475014
2012-07-04,1686.475014
2012-07-05,1683.370244
2012-07-06,1666.559466
2012-07-09,1661.78412
2012-07-10,1646.33926
2012-07-11,1641.69135
2012-07-12,1637.025155
2012-07-13,1663.676512
2012-07-16,1659.071593
2012-07-17,1669.69688
2012-07-18,1686.981843
2012-07-19,1691.953172
2012-07-20,1669.398371
2012-07-23,1652.005109
2012-07-24,1634.243912
2012-07-25,1634.529755
2012-07-26,1665.763481
2012-07-27,1697.557561
2012-07-30,1695.930816
2012-07-31,1685.385218
2012-08-01,1676.127219
2012-08-02,1665.187938
2012-08-03,1693.285529
2012-08-06,1695.949855
2012-08-07,1705.307659
2012-08-08,1701.628548
2012-08-09,1699.674346
2012-08-10,1703.354513
2012-08-13,1702.140653
2012-08-14,1703.628963
2012-08-15,1707.658388
2012-08-16,1719.03027
2012-08-17,1722.557095
2012-08-20,1719.829634
2012-08-21,1714.58182
2012-08-22,1713.856639
2012-08-23,1701.906816
2012-08-24,1713.980708
2012-08-27,1712.765214
2012-08-28,1712.394533
2012-08-29,1712.698054
2012-08-30,1700.933092
2012-08-31,1711.131491
2012-09-03,1711.131491
2012-09-04,1709.044402
2012-09-05,1704.680001
2012-09-06,1738.262818
2012-09-07,1743.831251
2012-09-10,1731.945417
2012-09-11,1735.838689
2012-09-12,1738.246493
2012-09-13,1761.684347
2012-09-14,1771.120197
2012-09-17,1768.939525
2012-09-18,1766.221124
2012-09-19,1764.850564
2012-09-20,1766.686619
2012-09-21,1765.904448
2012-09-24,1761.547597
2012-09-25,1744.471515
2012-09-26,1735.366264
2012-09-27,1750.680867
2012-09-28,1745.218539
2012-10-01,1753.646752
2012-10-02,1754.422333
2012-10-03,1758.084446
2012-10-04,1769.229402
2012-10-05,1769.727006
2012-10-08,1767.376121
2012-10-09,1750.910977
2012-10-10,1737.326877
2012-10-11,1739.706814
2012-10-12,1734.9691
2012-10-15,1749.110385
2012-10-16,1767.920928
2012-10-17,1773.115565
2012-10-18,1770.349742
2012-10-19,1737.957183
2012-10-22,1736.09575
2012-10-23,1711.686029
2012-10-24,1705.159536
2012-10-25,1705.26425
2012-10-26,1705.683883
2012-10-29,1705.683883
2012-10-30,1705.683883
2012-10-31,1706.791318
2012-11-01,1727.128503
2012-11-02,1709.10414
2012-11-05,1713.936282
2012-11-06,1726.606749
2012-11-07,1692.687701
2012-11-08,1671.460558
2012-11-09,1673.89844
2012-11-12,1680.990071
2012-11-13,1674.941953
2012-11-14,1653.429995
2012-11-15,1652.447489
2012-11-16,1660.857358
2012-11-19,1692.046476
2012-11-20,1691.016516
2012-11-21,1695.155677
2012-11-22,1695.155677
2012-11-23,1716.914387
2012-11-26,1712.418434
2012-11-27,1703.572719
2012-11-28,1714.36487
2012-11-29,1718.771594
2012-11-30,1717.338901
2012-12-03,1710.473074
2012-12-04,1704.030255
2012-12-05,1704.471937
2012-12-06,1709.017027
2012-12-07,1712.950775
2012-12-10,1713.335861
2012-12-11,1727.415806
2012-12-12,1725.974248
2012-12-13,1714.724125
2012-12-14,1708.842622
2012-12-17,1726.003431
2012-12-18,1743.379628
2012-12-19,1730.310729
2012-12-20,1734.881843
2012-12-21,1720.553471
2012-12-24,1715.707818
2012-12-25,1715.707818
2012-12-26,1704.810432
2012-12-27,1706.186709
2012-12-28,1688.60366
2012-12-31,1716.880675
2013-01-01,1716.880675
2013-01-02,1756.640453
2013-01-03,1756.421964
2013-01-04,1761.619953
2013-01-07,1756.14716
2013-01-08,1752.122998
2013-01-09,1756.788781
2013-01-10,1764.651385
2013-01-11,1769.660772
2013-01-14,1769.519261
2013-01-15,1771.715172
2013-01-16,1769.651866
2013-01-17,1779.646598
2013-01-18,1787.121838
2013-01-21,1787.121838
2013-01-22,1797.083707
2013-01-23,1800.399303
2013-01-24,1802.418608
2013-01-25,1812.758286
2013-01-28,1808.506886
2013-01-29,1819.060746
2013-01-30,1812.812337
2013-01-31,1813.435947
2013-02-01,1831.21075
2013-02-04,1809.636409
2013-02-05,1822.609848
2013-02-06,1822.510776
2013-02-07,1819.516729
2013-02-08,1827.988628
2013-02-11,1826.914518
2013-02-12,1828.264416
2013-02-13,1830.073047
2013-02-14,1834.156308
2013-02-15,1837.529778
2013-02-18,1837.529778
2013-02-19,1848.502394
2013-02-20,1828.561667
2013-02-21,1818.864792
2013-02-22,1836.68577
2013-02-25,1806.022214
2013-02-26,1814.638053
2013-02-27,1839.582963
2013-02-28,1839.461119
2013-03-01,1844.700417
2013-03-04,1852.108114
2013-03-05,1869.471949
2013-03-06,1870.505383
2013-03-07,1869.905077
2013-03-08,1878.168641
2013-03-11,1880.595118
2013-03-12,1875.837608
2013-03-13,1879.505747
2013-03-14,1889.034858
2013-03-15,1886.345495
2013-03-18,1877.371292
2013-03-19,1873.539952
2013-03-20,1890.141306
2013-03-21,1877.686608
2013-03-22,1891.478865
2013-03-25,1886.516364
2013-03-26,1903.256587
2013-03-27,1904.169837
2013-03-28,1917.036275
2013-03-29,1917.036275
2013-04-01,1906.506559
2013-04-02,1914.228066
2013-04-03,1894.848895
2013-04-04,1901.385296
2013-04-05,1892.102789
2013-04-08,1901.679283
2013-04-09,1908.080085
2013-04-10,1932.681632
2013-04-11,1941.982562
2013-04-12,1937.348447
2013-04-15,1891.920998
2013-04-16,1918.270486
2013-04-17,1894.349727
2013-04-18,1883.246722
2013-04-19,1893.641279
2013-04-22,1907.013864
2013-04-23,1924.955852
2013-04-24,1924.215552
2013-04-25,1930.236109
2013-04-26,1927.411039
2013-04-29,1946.283669
2013-04-30,1955.450764
2013-05-01,1935.13786
2013-05-02,1952.089699
2013-05-03,1978.445041
2013-05-06,1976.924191
2013-05-07,1984.407027
2013-05-08,1987.7788
2013-05-09,1980.890139
2013-05-10,1989.318489
2013-05-13,1989.323133
2013-05-14,2014.029419
2013-05-15,2025.35827
2013-05-16,2013.8569
2013-05-17,2034.656305
2013-05-20,2036.568328
2013-05-21,2039.190865
2013-05-22,2025.422498
2013-05-23,2018.700348
2013-05-24,2017.727182
2013-05-27,2017.727182
2013-05-28,2033.440512
2013-05-29,2015.90261
2013-05-30,2019.687777
2013-05-31,1992.446638
2013-06-03,1996.738828
2013-06-04,1987.318196
2013-06-05,1957.831127
2013-06-06,1975.477532
2013-06-07,2005.884379
2013-06-10,2003.960037
2013-06-11,1983.737952
2013-06-12,1965.190753
2013-06-13,1993.730199
2013-06-14,1983.493204
2013-06-17,1996.777054
2013-06-18,2011.145736
2013-06-19,1979.272996
2013-06-20,1926.580636
2013-06-21,1925.167393
2013-06-24,1904.526701
2013-06-25,1921.142582
2013-06-26,1941.904111
2013-06-27,1953.975756
2013-06-28,1944.670258
2013-07-01,1955.427324
2013-07-02,1953.720472
2013-07-03,1956.528779
2013-07-04,1956.528779
2013-07-05,1975.321591
2013-07-08,1986.380781
2013-07-09,1996.099775
2013-07-10,1996.760828
2013-07-11,2023.83175
2013-07-12,2027.679733
2013-07-15,2035.550545
2013-07-16,2026.766295
2013-07-17,2032.175748
2013-07-18,2042.655295
2013-07-19,2041.542972
2013-07-22,2047.309521
2013-07-23,2039.48397
2013-07-24,2034.887751
2013-07-25,2042.389668
2013-07-26,2049.730909
2013-07-29,2042.920252
2013-07-30,2045.984827
2013-07-31,2049.312734
2013-08-01,2074.794031
2013-08-02,2074.436842
2013-08-05,2071.316678
2013-08-06,2059.924513
2013-08-07,2051.671402
2013-08-08,2059.043451
2013-08-09,2054.692053
2013-08-12,2050.325096
2013-08-13,2056.945133
2013-08-14,2044.329262
2013-08-15,2015.829227
2013-08-16,2010.656871
2013-08-19,2002.418368
2013-08-20,2013.396371
2013-08-21,2004.299028
2013-08-22,2024.741362
2013-08-23,2033.259787
2013-08-26,2025.311732
2013-08-27,1991.379606
2013-08-28,1997.596057
2013-08-29,2001.690349
2013-08-30,1993.442328
2013-09-02,1993.442328
2013-09-03,1998.93831
2013-09-04,2017.558548
2013-09-05,2017.833556
2013-09-06,2015.527908
2013-09-09,2039.480504
2013-09-10,2053.786639
2013-09-11,2061.091772
2013-09-12,2057.939497
2013-09-13,2064.3259
2013-09-16,2078.308775
2013-09-17,2088.630515
2013-09-18,2116.797939
2013-09-19,2117.149626
2013-09-20,2098.957537
2013-09-23,2093.549821
2013-09-24,2091.195287
2013-09-25,2081.628654
2013-09-26,2089.98665
2013-09-27,2083.215935
2013-09-30,2071.253514
2013-10-01,2086.042979
2013-10-02,2084.442807
2013-10-03,2062.163093
2013-10-04,2076.900622
2013-10-07,2059.573524
2013-10-08,2032.947811
2013-10-09,2031.92918
2013-10-10,2076.568465
2013-10-11,2088.623043
2013-10-14,2100.036479
2013-10-15,2084.387988
2013-10-16,2116.016849
2013-10-17,2132.226545
2013-10-18,2141.043062
2013-10-21,2140.471543
2013-10-22,2154.422184
2013-10-23,2149.053292
2013-10-24,2156.168586
2013-10-25,2163.831866
2013-10-28,2167.076631
2013-10-29,2176.714292
2013-10-30,2167.811721
2013-10-31,2158.713808
2013-11-01,2162.131404
2013-11-04,2168.414534
2013-11-05,2168.747806
2013-11-06,2177.74186
2013-11-07,2149.790906
2013-11-08,2176.001765
2013-11-11,2177.624191
2013-11-12,2174.1767
2013-11-13,2193.533722
2013-11-14,2207.713495
2013-11-15,2220.132266
2013-11-18,2211.827965
2013-11-19,2208.797179
2013-11-20,2203.219709
2013-11-21,2220.328385
2013-11-22,2237.664256
2013-11-25,2232.425028
2013-11-26,2232.901861
2013-11-27,2242.838093
2013-11-28,2242.838093
2013-11-29,2240.605535
2013-12-02,2235.301555
2013-12-03,2226.870855
2013-12-04,2221.451979
2013-12-05,2213.91632
2013-12-06,2237.777085
2013-12-09,2238.755411
2013-12-10,2228.48047
2013-12-11,2205.779022
2013-12-12,2196.479179
2013-12-13,2194.856592
2013-12-16,2213.741261
2013-12-17,2205.620825
2013-12-18,2244.168969
2013-12-19,2243.534416
2013-12-20,2256.24209
2013-12-23,2266.484524
2013-12-24,2273.179629
2013-12-25,2273.179629
2013-12-26,2284.614897
2013-12-27,2283.573297
2013-12-30,2284.889893
2013-12-31,2292.169658
2014-01-01,2292.169658
2014-01-02,2271.258124
2014-01-03,2269.772334
2014-01-06,2263.128852
2014-01-07,2276.494279
2014-01-08,2275.133887
2014-01-09,2274.536634
2014-01-10,2284.222938
2014-01-13,2249.355863
2014-01-14,2275.750962
2014-01-15,2282.795908
2014-01-16,2283.056243
2014-01-17,2278.204468
2014-01-20,2278.204468
2014-01-21,2283.350955
2014-01-22,2280.309779
2014-01-23,2258.034677
2014-01-24,2210.515516
2014-01-27,2201.184291
2014-01-28,2215.036849
2014-01-29,2192.819974
2014-01-30,2210.419358
2014-01-31,2193.305167
2014-02-03,2143.036725
2014-02-04,2161.053126
2014-02-05,2152.082964
2014-02-06,2175.499461
2014-02-07,2207.249328
2014-02-10,2210.893678
2014-02-11,2235.331795
2014-02-12,2237.198909
2014-02-13,2252.420702
2014-02-14,2263.297542
2014-02-17,2263.297542
2014-02-18,2271.434073
2014-02-19,2260.898944
2014-02-20,2276.474728
2014-02-21,2276.776422
2014-02-24,2287.26205
2014-02-25,2283.077913
2014-02-26,2281.571966
2014-02-27,2292.784237
2014-02-28,2298.112128
2014-03-03,2279.466514
2014-03-04,2310.785375
2014-03-05,2303.446551
2014-03-06,2308.218029
2014-03-07,2306.606368
2014-03-10,2306.97307
2014-03-11,2298.510803
2014-03-12,2300.091086
2014-03-13,2270.43015
2014-03-14,2269.266015
2014-03-17,2292.293432
2014-03-18,2305.861463
2014-03-19,2288.882894
2014-03-20,2296.910159
2014-03-21,2285.17718
2014-03-24,2278.509161
2014-03-25,2283.110036
2014-03-26,2272.215178
2014-03-27,2268.354595
2014-03-28,2277.212241
2014-03-31,2299.330969
2014-04-01,2314.90374
2014-04-02,2319.223473
2014-04-03,2314.100337
2014-04-04,2284.335823
2014-04-07,2262.05322
2014-04-08,2268.752804
2014-04-09,2294.307812
2014-04-10,2251.960917
2014-04-11,2226.650573
2014-04-14,2248.764289
2014-04-15,2265.168425
2014-04-16,2294.247117
2014-04-17,2298.70532
2014-04-18,2298.70532
2014-04-21,2303.968521
2014-04-22,2310.000741
2014-04-23,2302.09918
2014-04-24,2299.250132
2014-04-25,2284.812491
2014-04-28,2297.423429
2014-04-29,2306.991292
2014-04-30,2313.944444
2014-05-01,2314.004377
2014-05-02,2310.567624
2014-05-05,2318.535552
2014-05-06,2300.889255
2014-05-07,2312.926801
2014-05-08,2308.688113
2014-05-09,2312.017046
2014-05-12,2334.770422
2014-05-13,2336.606559
2014-05-14,2328.638112
2014-05-15,2303.010558
2014-05-16,2311.661635
2014-05-19,2316.71627
2014-05-20,2297.047409
2014-05-21,2314.895476
2014-05-22,2319.281647
2014-05-23,2325.649981
2014-05-26,2325.649981
2014-05-27,2336.108763
2014-05-28,2332.116394
2014-05-29,2344.494491
2014-05-30,2349.548235
2014-06-02,2352.25295
2014-06-03,2348.78466
2014-06-04,2356.462507
2014-06-05,2369.424155
2014-06-06,2379.093055
2014-06-09,2378.447795
2014-06-10,2376.372862
2014-06-11,2366.684049
2014-06-12,2350.97121
2014-06-13,2356.315957
2014-06-16,2358.841658
2014-06-17,2362.060659
2014-06-18,2376.894075
2014-06-19,2382.180928
2014-06-20,2387.353699
2014-06-23,2384.030177
2014-06-24,2368.946001
2014-06-25,2379.519704
2014-06-26,2377.257406
2014-06-27,2384.241653
2014-06-30,2381.787499
2014-07-01,2401.354406
2014-07-02,2403.296182
2014-07-03,2415.259765
2014-07-04,2415.259765
2014-07-07,2409.456398
2014-07-08,2397.40629
2014-07-09,2406.577636
2014-07-10,2393.925285
2014-07-11,2393.482004
2014-07-14,2402.665481
2014-07-15,2396.048771
2014-07-16,2398.347457
2014-07-17,2369.709689
2014-07-18,2394.361376
2014-07-21,2387.354555
2014-07-22,2401.643863
2014-07-23,2410.013288
2014-07-24,2410.294073
2014-07-25,2399.163337
2014-07-28,2404.920483
2014-07-29,2394.565722
2014-07-30,2393.565834
2014-07-31,2342.063216
2014-08-01,2337.24931
2014-08-04,2352.626138
2014-08-05,2331.72181
2014-08-06,2338.598024
2014-08-07,2326.310754
2014-08-08,2354.229345
2014-08-11,2360.958039
2014-08-12,2359.559038
2014-08-13,2373.890118
2014-08-14,2381.970469
2014-08-15,2386.277877
2014-08-18,2407.275812
2014-08-19,2421.643228
2014-08-20,2429.307796
2014-08-21,2435.630504
2014-08-22,2432.763403
2014-08-25,2447.371934
2014-08-26,2450.120684
2014-08-27,2451.283427
2014-08-28,2447.656318
2014-08-29,2454.899183
2014-09-01,2454.899183
2014-09-02,2451.891236
2014-09-03,2446.946724
2014-09-04,2440.793099
2014-09-05,2450.357762
2014-09-08,2443.08983
2014-09-09,2427.698157
2014-09-10,2440.465557
2014-09-11,2438.639613
2014-09-12,2424.245606
2014-09-15,2421.937711
2014-09-16,2441.237751
2014-09-17,2440.515155
2014-09-18,2456.681943
2014-09-19,2454.029702
2014-09-22,2438.822285
2014-09-23,2425.875144
2014-09-24,2450.719609
2014-09-25,2411.518418
2014-09-26,2435.728369
2014-09-29,2429.308063
2014-09-30,2420.189629
2014-10-01,2387.804741
2014-10-02,2388.727454
2014-10-03,2412.350537
2014-10-06,2408.115596
2014-10-07,2372.929686
2014-10-08,2416.550647
2014-10-09,2368.209183
2014-10-10,2340.403634
2014-10-13,2302.763641
2014-10-14,2304.08558
2014-10-15,2291.638778
2014-10-16,2290.916516
2014-10-17,2323.703215
2014-10-20,2339.768813
2014-10-21,2385.304202
2014-10-22,2370.512861
2014-10-23,2397.842215
2014-10-24,2418.199699
2014-10-27,2419.494977
2014-10-28,2446.296949
2014-10-29,2443.271544
2014-10-30,2466.695147
2014-10-31,2491.090507
2014-11-03,2486.852297
2014-11-04,2479.770954
2014-11-05,2489.00532
2014-11-06,2499.568104
2014-11-07,2502.075235
2014-11-10,2512.866485
2014-11-11,2513.672748
2014-11-12,2513.63178
2014-11-13,2512.199443
2014-11-14,2505.686423
2014-11-17,2502.918016
2014-11-18,2512.186094
2014-11-19,2507.665487
2014-11-20,2512.803898
2014-11-21,2527.796721
2014-11-24,2531.526137
2014-11-25,2526.96915
2014-11-26,2530.62632
2014-11-27,2530.62632
2014-11-28,2528.752567
2014-12-01,2517.62722
2014-12-02,2531.788561
2014-12-03,2539.672695
2014-12-04,2540.699421
2014-12-05,2545.753009
2014-12-08,2531.250971
2014-12-09,2528.924658
2014-12-10,2487.370319
2014-12-11,2499.309722
2014-12-12,2456.112311
2014-12-15,2444.512255
2014-12-16,2425.556952
2014-12-17,2473.06229
2014-12-18,2537.970176
2014-12-19,2550.117267
2014-12-22,2546.728486
2014-12-23,2547.408495
2014-12-24,2549.912918
2014-12-25,2549.912918
2014-12-26,2558.325617
2014-12-29,2562.675204
2014-12-30,2548.888274
2014-12-31,2523.965627
2015-01-01,2523.965627
2015-01-02,2523.308981
2015-01-05,2483.169354
2015-01-06,2465.593398
2015-01-07,2499.847842
2015-01-08,2543.646303
2015-01-09,2519.687906
2015-01-12,2498.610477
2015-01-13,2495.552259
2015-01-14,2484.082145
2015-01-15,2463.758366
2015-01-16,2503.24305
2015-01-19,2503.24305
2015-01-20,2509.199828
2015-01-21,2513.528731
2015-01-22,2549.952256
2015-01-23,2535.120425
2015-01-26,2541.013006
2015-01-27,2507.403679
2015-01-28,2477.7154
2015-01-29,2508.896855
2015-01-30,2479.169929
2015-02-02,2511.43749
2015-02-03,2547.8587
2015-02-04,2531.634799
2015-02-05,2561.544876
2015-02-06,2549.213688
2015-02-09,2538.549102
2015-02-10,2562.569399
2015-02-11,2560.645343
2015-02-12,2581.758519
2015-02-13,2590.493739
2015-02-16,2590.493739
2015-02-17,2598.513163
2015-02-18,2600.646163
2015-02-19,2601.827945
2015-02-20,2617.472816
2015-02-23,2619.150579
2015-02-24,2627.997832
2015-02-25,2626.044676
2015-02-26,2622.132444
2015-02-27,2615.656144
2015-03-02,2629.991541
2015-03-03,2616.242687
2015-03-04,2602.82928
2015-03-05,2611.547493
2015-03-06,2572.793569
2015-03-09,2584.469473
2015-03-10,2541.612571
2015-03-11,2533.169466
2015-03-12,2563.245034
2015-03-13,2546.42362
2015-03-16,2582.891409
2015-03-17,2572.509477
2015-03-18,2604.882779
2015-03-19,2595.192233
2015-03-20,2624.210738
2015-03-23,2617.65142
2015-03-24,2603.815217
2015-03-25,2575.186832
2015-03-26,2575.50328
2015-03-27,2580.600166
2015-03-30,2612.056513
2015-03-31,2585.796157
2015-04-01,2575.52359
2015-04-02,2581.281828
2015-04-03,2581.281828
2015-04-06,2599.200712
2015-04-07,2597.565415
2015-04-08,2604.928205
2015-04-09,2614.86453
2015-04-10,2621.407002
2015-04-13,2610.550633
2015-04-14,2613.89014
2015-04-15,2627.677949
2015-04-16,2619.781869
2015-04-17,2588.26992
2015-04-20,2612.383544
2015-04-21,2614.600911
2015-04-22,2626.352598
2015-04-23,2637.249575
2015-04-24,2642.594763
2015-04-27,2632.526
2015-04-28,2639.340438
2015-04-29,2627.79478
2015-04-30,2597.743562
2015-05-01,2630.691207
2015-05-04,2637.023272
2015-05-05,2609.205228
2015-05-06,2599.900124
2015-05-07,2610.78101
2015-05-08,2646.990203
2015-05-11,2635.767529
2015-05-12,2629.840603
2015-05-13,2628.795651
2015-05-14,2660.069967
2015-05-15,2662.154314
2015-05-18,2672.148677
2015-05-19,2669.81421
2015-05-20,2666.62673
2015-05-21,2669.379512
2015-05-22,2659.086955
2015-05-25,2659.086955
2015-05-26,2629.738641
2015-05-27,2651.570727
2015-05-28,2649.501824
2015-05-29,2629.375553
2015-06-01,2634.484663
2015-06-02,2631.741811
2015-06-03,2639.25346
2015-06-04,2613.697256
2015-06-05,2606.699558
2015-06-08,2593.209232
2015-06-09,2593.468718
2015-06-10,2626.739556
2015-06-11,2635.12841
2015-06-12,2616.248618
2015-06-15,2603.119696
2015-06-16,2621.443908
2015-06-17,2626.912573
2015-06-18,2658.484456
2015-06-19,2643.28424
2015-06-22,2656.342173
2015-06-23,2655.652475
2015-06-24,2635.019997
2015-06-25,2627.069817
2015-06-26,2632.519234
2015-06-29,2573.917312
2015-06-30,2584.030366
2015-07-01,2605.04093
2015-07-02,2604.48521
2015-07-03,2604.48521
2015-07-06,2597.967821
2015-07-07,2615.894514
2015-07-08,2575.123145
2015-07-09,2582.950176
2015-07-10,2611.429275
2015-07-13,2642.136886
2015-07-14,2651.518219
2015-07-15,2649.474628
2015-07-16,2670.793726
2015-07-17,2663.306977
2015-07-20,2671.046984
2015-07-21,2664.421362
2015-07-22,2658.481999
2015-07-23,2645.354465
2015-07-24,2613.289565
2015-07-27,2593.719805
2015-07-28,2624.566799
2015-07-29,2646.704125
2015-07-30,2653.165517
2015-07-31,2646.882578
2015-08-03,2640.073792
2015-08-04,2635.416943
2015-08-05,2650.561872
2015-08-06,2622.84668
2015-08-07,2617.657108
2015-08-10,2649.789273
2015-08-11,2624.469248
2015-08-12,2623.360837
2015-08-13,2623.998812
2015-08-14,2632.846198
2015-08-17,2643.32984
2015-08-18,2642.166578
2015-08-19,2620.67242
2015-08-20,2572.310893
2015-08-21,2480.454216
2015-08-24,2387.932986
2015-08-25,2360.325992
2015-08-26,2452.253395
2015-08-27,2507.504999
2015-08-28,2507.768559
2015-08-31,2482.260865
2015-09-01,2412.063255
2015-09-02,2459.459874
2015-09-03,2461.326161
2015-09-04,2426.749307
2015-09-07,2426.749307
2015-09-08,2486.281552
2015-09-09,2448.415654
2015-09-10,2463.646765
2015-09-11,2479.478285
2015-09-14,2468.15516
2015-09-15,2497.609968
2015-09-16,2516.662194
2015-09-17,2514.082481
2015-09-18,2473.516769
2015-09-21,2484.274967
2015-09-22,2461.914721
2015-09-23,2458.383644
2015-09-24,2450.564006
2015-09-25,2453.608855
2015-09-28,2398.765254
2015-09-29,2408.993977
2015-09-30,2450.800938
2015-10-01,2451.370468
2015-10-02,2483.787734
2015-10-05,2522.338745
2015-10-06,2513.931609
2015-10-07,2533.803588
2015-10-08,2559.273857
2015-10-09,2558.911873
2015-10-12,2558.983898
2015-10-13,2537.984423
2015-10-14,2522.45552
2015-10-15,2560.921223
2015-10-16,2576.242222
2015-10-19,2578.185595
2015-10-20,2579.671239
2015-10-21,2573.162923
2015-10-22,2630.659883
2015-10-23,2654.575595
2015-10-26,2652.986214
2015-10-27,2648.818449
2015-10-28,2673.846313
2015-10-29,2671.524672
2015-10-30,2661.166234
2015-11-02,2689.043887
2015-11-03,2700.449044
2015-11-04,2692.91949
2015-11-05,2680.150702
2015-11-06,2681.395864
2015-11-09,2650.722436
2015-11-10,2655.879941
2015-11-11,2650.594872
2015-11-12,2613.211782
2015-11-13,2582.141351
2015-11-16,2622.24263
2015-11-17,2621.646728
2015-11-18,2662.641412
2015-11-19,2663.336019
2015-11-20,2676.210932
2015-11-23,2678.571633
2015-11-24,2680.298491
2015-11-25,2681.750173
2015-11-26,2681.750173
2015-11-27,2685.305536
2015-11-30,2670.222082
2015-12-01,2691.455589
2015-12-02,2667.659468
2015-12-03,2627.198333
2015-12-04,2688.42426
2015-12-07,2672.692261
2015-12-08,2657.428009
2015-12-09,2633.305721
2015-12-10,2641.159655
2015-12-11,2589.632538
2015-12-14,2604.77275
2015-12-15,2629.527003
2015-12-16,2663.011123
2015-12-17,2625.456231
2015-12-18,2577.025614
2015-12-21,2598.827897
2015-12-22,2621.114858
2015-12-23,2652.687237
2015-12-24,2647.587272
2015-12-25,2647.587272
2015-12-28,2642.581313
2015-12-29,2670.946603
2015-12-30,2653.26463
2015-12-31,2624.963139
2016-01-01,2624.963139
2016-01-04,2585.4644
2016-01-05,2594.125253
2016-01-06,2561.75374
2016-01-07,2500.265385
2016-01-08,2473.861623
2016-01-11,2476.533947
2016-01-12,2501.246547
2016-01-13,2445.008549
2016-01-14,2483.385288
2016-01-15,2432.160819
2016-01-18,2432.160819
2016-01-19,2435.389198
2016-01-20,2404.687884
2016-01-21,2414.812075
2016-01-22,2467.399085
2016-01-25,2431.402937
2016-01-26,2466.572308
2016-01-27,2435.074599
2016-01-28,2443.942825
2016-01-29,2506.888061
2016-02-01,2505.984183
2016-02-02,2462.983276
2016-02-03,2480.582862
2016-02-04,2485.141616
2016-02-05,2440.50195
2016-02-08,2414.675731
2016-02-09,2421.991602
2016-02-10,2423.522019
2016-02-11,2394.210501
2016-02-12,2437.281019
2016-02-15,2437.281019
2016-02-16,2475.890818
2016-02-17,2512.026274
2016-02-18,2506.793249
2016-02-19,2504.235195
2016-02-22,2534.71577
2016-02-23,2507.661928
2016-02-24,2519.10216
2016-02-25,2546.975475
2016-02-26,2536.18422
2016-02-29,2518.290132
2016-03-01,2574.916172
2016-03-02,2578.448917
2016-03-03,2580.233822
2016-03-04,2586.615911
2016-03-07,2588.686221
2016-03-08,2570.590889
2016-03-09,2577.180215
2016-03-10,2578.076059
2016-03-11,2616.061619
2016-03-14,2613.93481
2016-03-15,2617.031557
2016-03-16,2629.257076
2016-03-17,2648.876492
2016-03-18,2656.612976
2016-03-21,2661.132347
2016-03-22,2659.748081
2016-03-23,2646.41635
2016-03-24,2644.28313
2016-03-25,2644.28313
2016-03-28,2647.620699
2016-03-29,2670.799086
2016-03-30,2684.161325
2016-03-31,2677.594901
2016-04-01,2697.421301
2016-04-04,2689.611769
2016-04-05,2670.650998
2016-04-06,2694.810794
2016-04-07,2664.989358
2016-04-08,2673.281037
2016-04-11,2665.144802
2016-04-12,2688.717257
2016-04-13,2712.154024
2016-04-14,2711.236886
2016-04-15,2711.426728
2016-04-18,2728.677862
2016-04-19,2734.889071
2016-04-20,2732.135665
2016-04-21,2717.181681
2016-04-22,2713.565058
2016-04-25,2712.668761
2016-04-26,2715.792414
2016-04-27,2717.970282
2016-04-28,2691.387334
2016-04-29,2668.072414
2016-05-02,2692.075344
2016-05-03,2669.505219
2016-05-04,2654.314202
2016-05-05,2654.714488
2016-05-06,2661.123935
2016-05-09,2665.983559
2016-05-10,2696.848212
2016-05-11,2667.319241
2016-05-12,2672.655523
2016-05-13,2648.634098
2016-05-16,2674.703181
2016-05-17,2648.954323
2016-05-18,2644.280472
2016-05-19,2633.052131
2016-05-20,2645.050187
2016-05-23,2642.163292
2016-05-24,2681.287917
2016-05-25,2692.922765
2016-05-26,2692.9437
2016-05-27,2702.513483
2016-05-30,2702.513483
2016-05-31,2693.161979
2016-06-01,2697.103888
2016-06-02,2700.557129
2016-06-03,2693.810678
2016-06-06,2710.620085
2016-06-07,2708.256589
2016-06-08,2717.501474
2016-06-09,2713.230642
2016-06-10,2690.96343
2016-06-13,2669.558769
2016-06-14,2666.232142
2016-06-15,2659.061058
2016-06-16,2672.475783
2016-06-17,2661.408174
2016-06-20,2678.411986
2016-06-21,2684.227511
2016-06-22,2681.171368
2016-06-23,2713.73468
2016-06-24,2621.515312
2016-06-27,2581.42754
2016-06-28,2622.410163
2016-06-29,2665.964386
2016-06-30,2706.022089
2016-07-01,2710.266128
2016-07-04,2710.266128
2016-07-05,2695.277688
2016-07-06,2705.34624
2016-07-07,2705.134502
2016-07-08,2741.744438
2016-07-11,2748.413833
2016-07-12,2763.604102
2016-07-13,2762.708244
2016-07-14,2776.478281
2016-07-15,2776.057193
2016-07-18,2780.778894
2016-07-19,2781.546851
2016-07-20,2794.829928
2016-07-21,2784.558423
2016-07-22,2798.457919
2016-07-25,2793.334576
2016-07-26,2786.18892
2016-07-27,2784.278509
2016-07-28,2785.250215
2016-07-29,2787.780073
2016-08-01,2785.647324
2016-08-02,2774.204378
2016-08-03,2779.444807
2016-08-04,2778.735865
2016-08-05,2801.937225
2016-08-08,2799.379079
2016-08-09,2797.98491
2016-08-10,2792.819927
2016-08-11,2807.054893
2016-08-12,2804.096451
2016-08-15,2810.238965
2016-08-16,2792.834945
2016-08-17,2801.263159
2016-08-18,2803.658066
2016-08-19,2802.70746
2016-08-22,2800.540738
2016-08-23,2806.718218
2016-08-24,2795.267324
2016-08-25,2794.773333
2016-08-26,2787.172339
2016-08-29,2797.657599
2016-08-30,2787.377492
2016-08-31,2779.931034
2016-09-01,2778.438735
2016-09-02,2790.001607
2016-09-05,2790.001607
2016-09-06,2794.53302
2016-09-07,2793.585336
2016-09-08,2781.770704
2016-09-09,2717.230294
2016-09-12,2755.884466
2016-09-13,2721.502187
2016-09-14,2721.743601
2016-09-15,2749.507459
2016-09-16,2737.00986
2016-09-19,2739.531723
2016-09-20,2743.751647
2016-09-21,2772.827502
2016-09-22,2788.460542
2016-09-23,2770.041246
2016-09-26,2750.872569
2016-09-27,2767.23239
2016-09-28,2775.615932
2016-09-29,2751.10031
2016-09-30,2776.333603
2016-10-03,2766.825119
2016-10-04,2749.547356
2016-10-05,2760.094763
2016-10-06,2762.595054
2016-10-07,2754.403652
2016-10-10,2767.826808
2016-10-11,2737.079915
2016-10-12,2741.203531
2016-10-13,2735.028679
2016-10-14,2737.388797
2016-10-17,2732.38035
2016-10-18,2734.521262
2016-10-19,2739.209662
2016-10-20,2732.11705
2016-10-21,2726.343473
2016-10-24,2739.796699
2016-10-25,2726.34179
2016-10-26,2728.983411
2016-10-27,2717.61331
2016-10-28,2719.279736
2016-10-31,2719.289716
2016-11-01,2700.130748
2016-11-02,2686.442963
2016-11-03,2679.463234
2016-11-04,2675.365787
2016-11-07,2731.955073
2016-11-08,2745.740091
2016-11-09,2777.755486
2016-11-10,2781.258046
2016-11-11,2779.819637
2016-11-14,2769.72693
2016-11-15,2781.47937
2016-11-16,2784.628098
2016-11-17,2798.133356
2016-11-18,2793.103228
2016-11-21,2812.467927
2016-11-22,2820.753865
2016-11-23,2813.04416
2016-11-24,2813.04416
2016-11-25,2825.681579
2016-11-28,2814.530998
2016-11-29,2815.623918
2016-11-30,2797.181464
2016-12-01,2788.569762
2016-12-02,2787.068112
2016-12-05,2800.625729
2016-12-06,2805.81712
2016-12-07,2843.979019
2016-12-08,2848.530919
2016-12-09,2863.084297
2016-12-12,2868.914494
2016-12-13,2888.06229
2016-12-14,2865.78562
2016-12-15,2873.721524
2016-12-16,2872.138212
2016-12-19,2877.366396
2016-12-20,2887.529125
2016-12-21,2880.985658
2016-12-22,2877.423312
2016-12-23,2879.535547
2016-12-26,2879.535547
2016-12-27,2883.172455
2016-12-28,2860.994728
2016-12-29,2864.640475
2016-12-30,2852.369961
2017-01-02,2852.369961
2017-01-03,2873.59046
2017-01-04,2890.48644
2017-01-05,2888.023377
2017-01-06,2896.027516
2017-01-09,2881.459099
2017-01-10,2878.344348
2017-01-11,2880.792407
2017-01-12,2876.372657
2017-01-13,2877.368183
2017-01-16,2877.368183
2017-01-17,2878.328493
2017-01-18,2882.824785
2017-01-19,2868.856311
2017-01-20,2876.172027
2017-01-23,2872.395781
2017-01-24,2891.372066
2017-01-25,2915.988048
2017-01-26,2908.755758
2017-01-27,2905.125978
2017-01-30,2893.406213
2017-01-31,2886.516895
2017-02-01,2882.909387
2017-02-02,2882.938499
2017-02-03,2904.061919
2017-02-06,2901.409316
2017-02-07,2906.11523
2017-02-08,2903.756179
2017-02-09,2918.557923
2017-02-10,2932.299965
2017-02-13,2947.603088
2017-02-14,2959.661618
2017-02-15,2978.483482
2017-02-16,2980.970681
2017-02-17,2993.505993
2017-02-20,2993.505993
2017-02-21,3009.351855
2017-02-22,3007.976209
2017-02-23,3014.601933
2017-02-24,3025.658704
2017-02-27,3024.792979
2017-02-28,3020.503276
2017-03-01,3060.382448
2017-03-02,3050.137386
2017-03-03,3048.025696
2017-03-06,3038.214824
2017-03-07,3030.430035
2017-03-08,3026.361318
2017-03-09,3024.204552
2017-03-10,3035.146162
2017-03-13,3037.950733
2017-03-14,3028.778221
2017-03-15,3056.068558
2017-03-16,3049.567039
2017-03-17,3050.82122
2017-03-20,3044.187176
2017-03-21,3015.540411
2017-03-22,3021.231112
2017-03-23,3017.57391
2017-03-24,3011.860384
2017-03-27,3007.426692
2017-03-28,3024.468093
2017-03-29,3020.201792
2017-03-30,3022.906651
2017-03-31,3018.237351
2017-04-03,3009.036039
2017-04-04,3009.812651
2017-04-05,3000.958422
2017-04-06,3006.014672
2017-04-07,3005.634605
2017-04-10,3007.52999
2017-04-11,3006.301034
2017-04-12,2997.575576
2017-04-13,2981.006537
2017-04-14,2981.006537
2017-04-17,3005.205985
2017-04-18,2994.647196
2017-04-19,2985.525916
2017-04-20,3006.161407
2017-04-21,2999.427789
2017-04-24,3026.968649
2017-04-25,3045.699014
2017-04-26,3039.945561
2017-04-27,3044.166149
2017-04-28,3034.566456
2017-05-01,3031.827764
2017-05-02,3037.40722
2017-05-03,3033.570305
2017-05-04,3036.141059
2017-05-05,3048.061621
2017-05-08,3046.08139
2017-05-09,3045.31694
2017-05-10,3045.268439
2017-05-11,3036.236594
2017-05-12,3034.043202
2017-05-15,3049.392771
2017-05-16,3047.72094
2017-05-17,3006.90316
2017-05-18,3013.12268
2017-05-19,3031.145777
2017-05-22,3049.895749
2017-05-23,3048.95768
2017-05-24,3058.671637
2017-05-25,3074.392756
2017-05-26,3073.549729
2017-05-29,3073.549729
2017-05-30,3071.874645
2017-05-31,3080.044455
2017-06-01,3098.802037
2017-06-02,3110.577749
2017-06-05,3105.825393
2017-06-06,3094.811423
2017-06-07,3098.576541
2017-06-08,3100.800116
2017-06-09,3104.658887
2017-06-12,3103.208786
2017-06-13,3116.521866
2017-06-14,3115.244485
2017-06-15,3113.364521
2017-06-16,3117.672358
2017-06-19,3141.420379
2017-06-20,3119.283942
2017-06-21,3116.826531
2017-06-22,3111.820714
2017-06-23,3119.226434
2017-06-26,3121.009802
2017-06-27,3095.725482
2017-06-28,3120.539903
2017-06-29,3085.596514
2017-06-30,3096.729358
2017-07-03,3106.048196
2017-07-04,3106.048196
2017-07-05,3104.14248
2017-07-06,3078.352334
2017-07-07,3100.944511
2017-07-10,3100.38952
2017-07-11,3093.531451
2017-07-12,3116.582465
2017-07-13,3120.959334
2017-07-14,3138.650494
2017-07-17,3135.855672
2017-07-18,3141.264035
2017-07-19,3151.663503
2017-07-20,3158.679158
2017-07-21,3157.349637
2017-07-24,3147.741205
2017-07-25,3153.020171
2017-07-26,3153.083108
2017-07-27,3149.196339
2017-07-28,3126.08408
2017-07-31,3125.050395
2017-08-01,3136.630297
2017-08-02,3137.046665
2017-08-03,3132.616006
2017-08-04,3136.796916
2017-08-07,3144.569668
2017-08-08,3136.523519
2017-08-09,3134.533166
2017-08-10,3090.128144
2017-08-11,3091.909881
2017-08-14,3122.06516
2017-08-15,3118.84711
2017-08-16,3126.855355
2017-08-17,3076.290142
2017-08-18,3070.592915
2017-08-21,3076.469793
2017-08-22,3106.125278
2017-08-23,3093.623265
2017-08-24,3093.308835
2017-08-25,3100.926816
2017-08-28,3102.405967
2017-08-29,3102.855042
2017-08-30,3120.099682
2017-08-31,3140.020607
2017-09-01,3144.467752
2017-09-04,3144.467752
2017-09-05,3122.163177
2017-09-06,3130.792946
2017-09-07,3140.068181
2017-09-08,3141.681302
2017-09-11,3175.210957
2017-09-12,3182.061699
2017-09-13,3178.162787
2017-09-14,3180.835585
2017-09-15,3193.448389
2017-09-18,3202.923528
2017-09-19,3206.622844
2017-09-20,3202.883381
2017-09-21,3191.95284
2017-09-22,3204.142169
2017-09-25,3206.251502
2017-09-26,3211.702863
2017-09-27,3220.879689
2017-09-28,3218.065336
2017-09-29,3222.279464
2017-10-02,3238.479475
2017-10-03,3247.152901
2017-10-04,3252.778613
2017-10-05,3272.688277
2017-10-06,3267.231449
2017-10-09,3271.188099
2017-10-10,3284.011866
2017-10-11,3291.29276
2017-10-12,3292.445981
2017-10-13,3295.061494
2017-10-16,3295.140638
2017-10-17,3297.660386
2017-10-18,3303.172467
2017-10-19,3306.885844
2017-10-20,3322.51116
2017-10-23,3315.913431
2017-10-24,3319.436402
2017-10-25,3308.597728
2017-10-26,3315.455405
2017-10-27,3322.300312
2017-10-30,3311.760093
2017-10-31,3314.121373
2017-11-01,3318.161531
2017-11-02,3322.304783
2017-11-03,3329.49146
2017-11-06,3331.818996
2017-11-07,3327.723952
2017-11-08,3338.294545
2017-11-09,3327.513704
2017-11-10,3329.366704
2017-11-13,3334.216534
2017-11-14,3333.713431
2017-11-15,3315.569582
2017-11-16,3339.947238
2017-11-17,3339.406576
2017-11-20,3345.997362
2017-11-21,3366.478317
2017-11-22,3359.027122
2017-11-23,3359.027122
2017-11-24,3364.650772
2017-11-27,3363.737065
2017-11-28,3401.766321
2017-11-29,3406.670416
2017-11-30,3435.407399
2017-12-01,3430.287507
2017-12-04,3435.338566
2017-12-05,3426.156698
2017-12-06,3425.725443
2017-12-07,3436.886437
2017-12-08,3453.123946
2017-12-11,3461.322232
2017-12-12,3462.522322
2017-12-13,3462.994547
2017-12-14,3448.103244
2017-12-15,3476.196961
2017-12-18,3495.438701
2017-12-19,3488.289992
2017-12-20,3486.401561
2017-12-21,3483.446414
2017-12-22,3482.285729
2017-12-25,3482.285729
2017-12-26,3483.075162
2017-12-27,3487.582964
2017-12-28,3492.329741
2017-12-29,3472.489008
2018-01-01,3472.489008
2018-01-02,3488.989801
2018-01-03,3514.667209
2018-01-04,3529.023386
2018-01-05,3554.149131
2018-01-08,3566.001738
2018-01-09,3573.436926
2018-01-10,3567.953091
2018-01-11,3588.12861
2018-01-12,3612.770907
2018-01-15,3612.770907
2018-01-16,3599.426363
2018-01-17,3650.062635
2018-01-18,3640.941273
2018-01-19,3663.874152
2018-01-22,3681.821344
2018-01-23,3682.787219
2018-01-24,3671.671231
2018-01-25,3673.692585
2018-01-26,3715.146651
2018-01-29,3681.780144
2018-01-30,3639.183807
2018-01-31,3630.518468
2018-02-01,3633.991747
2018-02-02,3560.958691
2018-02-05,3423.469724
2018-02-06,3478.513184
2018-02-07,3466.776195
2018-02-08,3341.663249
2018-02-09,3400.625902
2018-02-12,3441.228901
2018-02-13,3452.117368
2018-02-14,3496.973306
2018-02-15,3539.879532
2018-02-16,3542.77384
2018-02-19,3542.77384
2018-02-20,3522.240307
2018-02-21,3498.452713
2018-02-22,3501.191364
2018-02-23,3555.899193
2018-02-26,3597.487089
2018-02-27,3555.803274
2018-02-28,3526.184519
2018-03-01,3479.095824
2018-03-02,3500.985463
2018-03-05,3535.49071
2018-03-06,3551.712091
2018-03-07,3548.204552
2018-03-08,3568.788083
2018-03-09,3629.473098
2018-03-12,3626.406912
2018-03-13,3611.713152
2018-03-14,3585.913929
2018-03-15,3585.616395
2018-03-16,3596.630085
2018-03-19,3550.74059
2018-03-20,3564.20527
2018-03-21,3557.846087
2018-03-22,3467.566047
2018-03-23,3391.585404
2018-03-26,3483.781688
2018-03-27,3432.69295
2018-03-28,3427.001654
2018-03-29,3477.66022
2018-03-30,3477.66022
2018-04-02,3395.067066
2018-04-03,3443.328289
2018-04-04,3484.74217
2018-04-05,3500.500931
2018-04-06,3420.713494
2018-04-09,3428.764783
2018-04-10,3488.918598
2018-04-11,3467.884129
2018-04-12,3490.25702
2018-04-13,3478.412512
2018-04-16,3504.569146
2018-04-17,3535.092226
2018-04-18,3519.855062
2018-04-19,3482.058115
2018-04-20,3450.914294
2018-04-23,3448.037778
2018-04-24,3406.680901
2018-04-25,3413.552461
2018-04-26,3446.527993
2018-04-27,3451.992166
2018-04-30,3430.40836
2018-05-01,3435.886993
2018-05-02,3423.138077
2018-05-03,3421.731898
2018-05-04,3465.479566
2018-05-07,3473.713654
2018-05-08,3476.970716
2018-05-09,3506.173015
2018-05-10,3533.118055
2018-05-11,3541.31305
2018-05-14,3537.591491
2018-05-15,3514.743004
2018-05-16,3533.46096
2018-05-17,3536.455728
2018-05-18,3529.642969
2018-05-21,3549.963489
2018-05-22,3536.683859
2018-05-23,3553.264606
2018-05-24,3550.237895
2018-05-25,3539.732894
2018-05-28,3539.732894
2018-05-29,3504.017778
2018-05-30,3549.975421
2018-05-31,3522.480803
2018-06-01,3561.234073
2018-06-04,3582.746266
2018-06-05,3586.368088
2018-06-06,3618.940989
2018-06-07,3614.930766
2018-06-08,3625.655423
2018-06-11,3620.373166
2018-06-12,3625.419327
2018-06-13,3605.47002
2018-06-14,3609.687764
2018-06-15,3615.977644
2018-06-18,3604.765343
2018-06-19,3590.780099
2018-06-20,3586.124322
2018-06-21,3560.100296
2018-06-22,3564.440038
2018-06-25,3517.282677
2018-06-26,3521.151365
2018-06-27,3486.477286
2018-06-28,3511.1806
2018-06-29,3519.532145
2018-07-02,3522.351428
2018-07-03,3513.931511
2018-07-04,3513.931511
2018-07-05,3543.951371
2018-07-06,3574.545685
2018-07-09,3602.475725
2018-07-10,3616.964598
2018-07-11,3589.521514
2018-07-12,3619.662632
2018-07-13,3623.808667
2018-07-16,3608.243142
2018-07-17,3630.694545
2018-07-18,3638.905625
2018-07-19,3631.491254
2018-07-20,3625.48286
2018-07-23,3624.333368
2018-07-24,3640.09159
2018-07-25,3677.069096
2018-07-26,3673.634609
2018-07-27,3650.384304
2018-07-30,3626.602392
2018-07-31,3650.955409
2018-08-01,3640.671351
2018-08-02,3653.877197
2018-08-03,3670.885281
2018-08-06,3681.031803
2018-08-07,3697.016226
2018-08-08,3692.403444
2018-08-09,3683.497464
2018-08-10,3661.116224
2018-08-13,3646.991369
2018-08-14,3669.668947
2018-08-15,3653.463555
2018-08-16,3683.211179
2018-08-17,3698.453775
2018-08-20,3714.501202
2018-08-21,3721.040591
2018-08-22,3720.685884
2018-08-23,3721.424152
2018-08-24,3742.908522
2018-08-27,3766.052174
2018-08-28,3767.439157
2018-08-29,3787.073902
2018-08-30,3770.787389
2018-08-31,3783.068123
2018-09-03,3783.068123
2018-09-04,3779.695055
2018-09-05,3778.869744
2018-09-06,3774.049029
2018-09-07,3761.415253
2018-09-10,3771.668704
2018-09-11,3779.995146
2018-09-12,3781.81819
2018-09-13,3802.685231
2018-09-14,3808.507093
2018-09-17,3790.827681
2018-09-18,3808.218318
2018-09-19,3808.422144
2018-09-20,3836.492011
2018-09-21,3847.060604
2018-09-24,3827.23153
2018-09-25,3819.058967
2018-09-26,3810.458028
2018-09-27,3817.846494
2018-09-28,3823.571083
2018-10-01,3837.561192
2018-10-02,3839.913873
2018-10-03,3839.070116
2018-10-04,3804.94077
2018-10-05,3778.148127
2018-10-08,3778.025897
2018-10-09,3769.851775
2018-10-10,3636.900732
2018-10-11,3554.462305
2018-10-12,3608.169105
2018-10-15,3588.868587
2018-10-16,3656.647792
2018-10-17,3652.987497
2018-10-18,3605.301094
2018-10-19,3590.152427
2018-10-22,3583.83191
2018-10-23,3559.04308
2018-10-24,3449.613261
2018-10-25,3502.193647
2018-10-26,3454.101759
2018-10-29,3445.273513
2018-10-30,3501.7337
2018-10-31,3536.060253
2018-11-01,3575.566474
2018-11-02,3554.108669
2018-11-05,3572.069274
2018-11-06,3596.223214
2018-11-07,3670.36555
2018-11-08,3663.234127
2018-11-09,3631.926133
2018-11-12,3562.992228
2018-11-13,3554.515704
2018-11-14,3525.912456
2018-11-15,3562.414405
2018-11-16,3559.244329
2018-11-19,3498.021408
2018-11-20,3438.321375
2018-11-21,3435.791974
2018-11-22,3435.791974
2018-11-23,3410.699786
2018-11-26,3456.296642
2018-11-27,3462.067153
2018-11-28,3545.488649
2018-11-29,3528.528279
2018-11-30,3568.828385
2018-12-03,3605.05512
2018-12-04,3491.595736
2018-12-05,3491.595736
2018-12-06,3493.37805
2018-12-07,3412.102503
2018-12-10,3422.950026
2018-12-11,3424.383902
2018-12-12,3442.856213
2018-12-13,3445.415959
2018-12-14,3367.90823
2018-12-17,3296.145777
2018-12-18,3300.537586
2018-12-19,3244.605351
2018-12-20,3196.805688
2018-12-21,3131.85749
2018-12-24,3053.059952
2018-12-25,3053.059952
2018-12-26,3199.954148
2018-12-27,3233.939136
2018-12-28,3227.564639
2018-12-31,3256.728905
2019-01-01,3256.728905
2019-01-02,3258.349194
2019-01-03,3177.716532
2019-01-04,3289.202345
2019-01-07,3308.819011
2019-01-08,3345.555486
2019-01-09,3362.681334
2019-01-10,3378.68842
2019-01-11,3369.11502
2019-01-14,3352.105215
2019-01-15,3382.189824
2019-01-16,3385.169516
2019-01-17,3415.783761
2019-01-18,3462.410109
2019-01-21,3462.410109
2019-01-22,3411.584928
2019-01-23,3414.355152
2019-01-24,3420.160697
2019-01-25,3456.872932
2019-01-28,3432.203019
2019-01-29,3432.10819
2019-01-30,3476.174836
2019-01-31,3529.662076
2019-02-01,3545.542636
2019-02-04,3568.177515
2019-02-05,3591.917777
2019-02-06,3584.687012
2019-02-07,3548.664434
2019-02-08,3559.163461
2019-02-11,3562.113249
2019-02-12,3604.981903
2019-02-13,3623.212018
2019-02-14,3615.400432
2019-02-15,3652.33535
2019-02-18,3652.33535
2019-02-19,3651.934297
2019-02-20,3666.372292
2019-02-21,3647.072554
2019-02-22,3682.981784
2019-02-25,3685.631097
2019-02-26,3684.332677
2019-02-27,3691.597822
2019-02-28,3679.505437
2019-03-01,3707.761471
2019-03-04,3696.679349
2019-03-05,3692.726921
2019-03-06,3678.753621
2019-03-07,3649.403305
2019-03-08,3643.630832
2019-03-11,3698.112092
2019-03-12,3712.335811
2019-03-13,3734.186403
2019-03-14,3732.073343
2019-03-15,3748.36036
2019-03-18,3755.358375
2019-03-19,3751.494482
2019-03-20,3744.946383
2019-03-21,3781.445592
2019-03-22,3711.070476
2019-03-25,3709.959535
2019-03-26,3742.94955
2019-03-27,3727.415583
2019-03-28,3745.909567
2019-03-29,3773.588312
2019-04-01,3812.351314
2019-04-02,3815.025042
2019-04-03,3818.965908
2019-04-04,3829.236946
2019-04-05,3847.562245
2019-04-08,3852.311714
2019-04-09,3830.633352
2019-04-10,3846.555684
2019-04-11,3850.963644
2019-04-12,3884.064891
2019-04-15,3883.384825
2019-04-16,3889.689471
2019-04-17,3878.815448
2019-04-18,3873.890488
2019-04-19,3873.890488
2019-04-22,3873.900229
2019-04-23,3917.356057
2019-04-24,3914.473119
2019-04-25,3902.287957
2019-04-26,3914.886163
2019-04-29,3914.732215
2019-04-30,3916.073945
2019-05-01,3881.591559
2019-05-02,3875.247414
2019-05-03,3906.560946
2019-05-06,3889.219941
2019-05-07,3823.661049
2019-05-08,3820.446617
2019-05-09,3809.278455
2019-05-10,3824.689908
2019-05-13,3731.806872
2019-05-14,3761.970092
2019-05-15,3791.592133
2019-05-16,3822.199735
2019-05-17,3801.297842
2019-05-20,3774.259694
2019-05-21,3806.870373
2019-05-22,3795.92052
2019-05-23,3745.693882
2019-05-24,3746.851992
2019-05-27,3746.851992
2019-05-28,3717.23352
2019-05-29,3687.613368
2019-05-30,3697.536259
2019-05-31,3654.629543
2019-06-03,3646.32935
2019-06-04,3730.575752
2019-06-05,3763.681571
2019-06-06,3786.510327
2019-06-07,3834.820006
2019-06-10,3849.768131
2019-06-11,3851.680819
2019-06-12,3844.636762
2019-06-13,3860.766356
2019-06-14,3848.508805
2019-06-17,3848.225519
2019-06-18,3885.27724
2019-06-19,3899.062108
2019-06-20,3946.614382
2019-06-21,3935.304594
2019-06-24,3922.823108
2019-06-25,3891.163091
2019-06-26,3882.510496
2019-06-27,3895.107177
2019-06-28,3915.990439
2019-07-01,3947.194024
2019-07-02,3955.968494
2019-07-03,3994.09672
2019-07-04,3994.09672
2019-07-05,3984.74681
2019-07-08,3962.898131
2019-07-09,3967.845703
2019-07-10,3985.510769
2019-07-11,3994.147469
2019-07-12,4008.634462
2019-07-15,4009.620463
2019-07-16,4000.335612
2019-07-17,3972.678419
2019-07-18,3989.674551
2019-07-19,3959.170305
2019-07-22,3971.027468
2019-07-23,3999.061521
2019-07-24,4019.319102
2019-07-25,3999.748986
2019-07-26,4026.750767
2019-07-29,4026.19578
2019-07-30,4008.582397
2019-07-31,3967.586636
2019-08-01,3930.178184
2019-08-02,3895.26263
2019-08-05,3769.663608
2019-08-06,3826.674116
2019-08-07,3829.650108
2019-08-08,3910.390282
2019-08-09,3877.280154
2019-08-12,3834.195522
2019-08-13,3897.430447
2019-08-14,3778.096651
2019-08-15,3789.12196
2019-08-16,3846.149184
2019-08-19,3892.545747
2019-08-20,3861.663279
2019-08-21,3893.740099
2019-08-22,3893.457091
2019-08-23,3783.189964
2019-08-26,3827.720881
2019-08-27,3828.089238
2019-08-28,3852.620634
2019-08-29,3898.656733
2019-08-30,3897.822838
2019-09-02,3897.822838
2019-09-03,3865.419057
2019-09-04,3910.220354
2019-09-05,3971.447052
2019-09-06,3977.685782
2019-09-09,3967.898247
2019-09-10,3964.608105
2019-09-11,3987.451921
2019-09-12,3998.276873
2019-09-13,3992.460836
2019-09-16,3974.830319
2019-09-17,3989.733772
2019-09-18,3991.425856
2019-09-19,3986.109113
2019-09-20,3964.023363
2019-09-23,3971.572203
2019-09-24,3943.332361
2019-09-25,3969.256982
2019-09-26,3958.480174
2019-09-27,3941.314527
2019-09-30,3964.12465
2019-10-01,3916.645573
2019-10-02,3847.697101
2019-10-03,3881.576123
2019-10-04,3940.089236
2019-10-07,3920.380466
2019-10-08,3856.095985
2019-10-09,3890.983419
2019-10-10,3916.56895
2019-10-11,3976.865729
2019-10-14,3975.934787
2019-10-15,4009.247404
2019-10-16,4000.622767
2019-10-17,4012.557378
2019-10-18,3991.850495
2019-10-21,4018.220949
2019-10-22,4005.906236
2019-10-23,4009.138082
2019-10-24,4027.848198
2019-10-25,4048.834398
2019-10-28,4068.961451
2019-10-29,4060.08618
2019-10-30,4068.102365
2019-10-31,4052.664227
2019-11-01,4094.308979
2019-11-04,4109.170689
2019-11-05,4104.755885
2019-11-06,4106.442442
2019-11-07,4119.681022
2019-11-08,4128.81214
2019-11-11,4121.559064
2019-11-12,4130.105202
2019-11-13,4140.905441
2019-11-14,4149.096971
2019-11-15,4180.763105
2019-11-18,4181.648941
2019-11-19,4186.001242
2019-11-20,4167.0726
2019-11-21,4160.653419
2019-11-22,4171.165219
2019-11-25,4207.603295
2019-11-26,4223.644373
2019-11-27,4244.098299
2019-11-28,4244.098299
2019-11-29,4229.692394
2019-12-02,4195.004331
2019-12-03,4167.628185
2019-12-04,4199.299701
2019-12-05,4209.440236
2019-12-06,4245.676281
2019-12-09,4238.436229
2019-12-10,4232.677241
2019-12-11,4249.628934
2019-12-12,4280.117201
2019-12-13,4275.180367
2019-12-16,4302.699882
2019-12-17,4302.961281
2019-12-18,4305.012622
2019-12-19,4323.286615
2019-12-20,4347.005409
2019-12-23,4346.658374
2019-12-24,4344.598881
2019-12-25,4344.598881
2019-12-26,4361.369363
2019-12-27,4362.608677
2019-12-30,4340.27801
2019-12-31,4351.592179
2020-01-01,4351.592179
2020-01-02,4388.044304
2020-01-03,4358.805042
2020-01-06,4370.08026
2020-01-07,4362.072171
2020-01-08,4381.072462
2020-01-09,4414.883525
2020-01-10,4409.517189
2020-01-13,4446.468602
2020-01-14,4439.960404
2020-01-15,4452.952641
2020-01-16,4489.652697
2020-01-17,4503.822157
2020-01-20,4503.822157
2020-01-21,4489.150435
2020-01-22,4492.26024
2020-01-23,4488.497665
2020-01-24,4442.62671
2020-01-27,4370.863863
2020-01-28,4407.0024
2020-01-29,4412.951495
2020-01-30,4419.139846
2020-01-31,4321.097174
2020-02-03,4363.245903
2020-02-04,4427.021058
2020-02-05,4479.387661
2020-02-06,4495.760032
2020-02-07,4466.33832
2020-02-10,4487.804902
2020-02-11,4494.306771
2020-02-12,4522.24628
2020-02-13,4509.223005
2020-02-14,4519.878669
2020-02-17,4519.878669
2020-02-18,4505.84963
2020-02-19,4521.295715
2020-02-20,4510.433851
2020-02-21,4464.396906
2020-02-24,4308.803577
2020-02-25,4177.505841
2020-02-26,4167.931549
2020-02-27,3993.489819
2020-02-28,3956.744875
2020-03-02,4131.920306
2020-03-03,4007.91332
2020-03-04,4166.371264
2020-03-05,4033.348291
2020-03-06,3973.182809
2020-03-09,3696.532141
2020-03-10,3882.397937
2020-03-11,3696.102749
2020-03-12,3346.634301
2020-03-13,3648.408401
2020-03-16,3243.085557
2020-03-17,3436.92555
2020-03-18,3277.542318
2020-03-19,3273.666067
2020-03-20,3100.893236
2020-03-23,2986.186953
2020-03-24,3291.478572
2020-03-25,3361.075053
2020-03-26,3560.622003
2020-03-27,3440.939995
2020-03-30,3564.832591
2020-03-31,3503.074234
2020-04-01,3359.808983
2020-04-02,3439.161046
2020-04-03,3385.312297
2020-04-06,3625.775064
2020-04-07,3620.580959
2020-04-08,3744.580465
2020-04-09,3780.671601
2020-04-10,3780.671601
2020-04-13,3720.731907
2020-04-14,3841.236143
2020-04-15,3746.034539
2020-04-16,3756.677103
2020-04-17,3866.333838
2020-04-20,3793.365681
2020-04-21,3681.326361
2020-04-22,3767.870649
2020-04-23,3763.889065
2020-04-24,3821.087006
2020-04-27,3889.121546
2020-04-28,3886.845118
2020-04-29,3989.126031
2020-04-30,3935.400642
2020-05-01,3837.136503
2020-05-04,3851.016785
2020-05-05,3886.961452
2020-05-06,3867.224037
2020-05-07,3910.975129
2020-05-08,3977.51724
2020-05-11,3983.948846
2020-05-12,3894.380646
2020-05-13,3833.058358
2020-05-14,3878.683181
2020-05-15,3907.933598
2020-05-18,4031.117742
2020-05-19,3982.785279
2020-05-20,4048.415213
2020-05-21,4022.537591
2020-05-22,4029.156253
2020-05-25,4029.156253
2020-05-26,4093.474568
2020-05-27,4141.598802
2020-05-28,4130.903106
2020-05-29,4151.782726
2020-06-01,4165.785932
2020-06-02,4199.270782
2020-06-03,4263.552335
2020-06-04,4236.004579
2020-06-05,4345.994753
2020-06-08,4380.763588
2020-06-09,4337.818353
2020-06-10,4315.142754
2020-06-11,4053.653586
2020-06-12,4100.240409
2020-06-15,4133.157513
2020-06-16,4209.168156
2020-06-17,4193.41512
2020-06-18,4190.412417
2020-06-19,4166.22553
2020-06-22,4193.918499
2020-06-23,4216.25267
2020-06-24,4103.320828
2020-06-25,4141.685837
2020-06-26,4033.838911
2020-06-29,4096.111966
2020-06-30,4160.793636
2020-07-01,4182.460853
2020-07-02,4206.638407
2020-07-03,4206.638407
2020-07-06,4268.012233
2020-07-07,4216.237153
2020-07-08,4239.120039
2020-07-09,4209.360636
2020-07-10,4251.297357
2020-07-13,4216.877427
2020-07-14,4274.711914
2020-07-15,4331.864309
2020-07-16,4311.266709
2020-07-17,4331.008983
2020-07-20,4350.730315
2020-07-21,4368.297978
2020-07-22,4402.263358
2020-07-23,4352.618502
2020-07-24,4310.461613
2020-07-27,4338.875661
2020-07-28,4307.341825
2020-07-29,4351.823754
2020-07-30,4331.567795
2020-07-31,4360.648034
2020-08-03,4381.828477
2020-08-04,4392.983839
2020-08-05,4437.485262
2020-08-06,4464.680794
2020-08-07,4474.189154
2020-08-10,4487.69387
2020-08-11,4465.919391
2020-08-12,4519.83151
2020-08-13,4508.264628
2020-08-14,4507.909902
2020-08-17,4518.897882
2020-08-18,4523.885018
2020-08-19,4509.116098
2020-08-20,4518.331875
2020-08-21,4532.6379
2020-08-24,4582.99859
2020-08-25,4599.174589
2020-08-26,4641.643684
2020-08-27,4641.723549
2020-08-28,4691.486661
2020-08-31,4663.245147
2020-09-01,4691.839331
2020-09-02,4773.923345
2020-09-03,4615.710736
2020-09-04,4571.960859
2020-09-07,4571.960859
2020-09-08,4461.186211
2020-09-09,4536.646093
2020-09-10,4460.548257
2020-09-11,4465.267607
2020-09-14,4523.824584
2020-09-15,4547.670442
2020-09-16,4536.799851
2020-09-17,4499.393679
2020-09-18,4457.964201
2020-09-21,4386.555891
2020-09-22,4433.131023
2020-09-23,4355.711996
2020-09-24,4364.993152
2020-09-25,4423.81517
2020-09-28,4494.638022
2020-09-29,4482.37536
2020-09-30,4515.097119
2020-10-01,4539.491334
2020-10-02,4503.907995
2020-10-05,4576.956493
2020-10-06,4523.516859
2020-10-07,4597.214035
2020-10-08,4635.977006
2020-10-09,4680.544216
2020-10-12,4739.262954
2020-10-13,4708.129252
2020-10-14,4678.920725
2020-10-15,4672.367678
2020-10-16,4674.290112
2020-10-19,4598.488698
2020-10-20,4623.533325
2020-10-21,4628.926509
2020-10-22,4655.965104
2020-10-23,4677.77651
2020-10-26,4575.001111
2020-10-27,4556.311218
2020-10-28,4382.804552
2020-10-29,4438.923777
2020-10-30,4388.70886
2020-11-02,4453.565194
2020-11-03,4534.536288
2020-11-04,4645.491697
2020-11-05,4724.304266
2020-11-06,4720.914259
2020-11-09,4827.936696
2020-11-10,4819.671142
2020-11-11,4832.386279
2020-11-12,4776.012233
2020-11-13,4852.640038
2020-11-16,4908.609327
2020-11-17,4892.842725
2020-11-18,4833.330592
2020-11-19,4839.792079
2020-11-20,4804.714808
2020-11-23,4838.859277
2020-11-24,4915.298558
2020-11-25,4898.8647
2020-11-26,4898.8647
2020-11-27,4907.414404
2020-11-30,4889.557461
2020-12-01,4942.507467
2020-12-02,4946.780309
2020-12-03,4950.463423
2020-12-04,4994.958773
2020-12-07,4986.079503
2020-12-08,5006.090714
2020-12-09,4972.461582
2020-12-10,4952.461617
2020-12-11,4953.480249
2020-12-14,4931.344539
2020-12-15,4989.300309
2020-12-16,4989.922401
2020-12-17,5027.946709
2020-12-18,5005.96392
2020-12-21,4984.659772
2020-12-22,4973.744311
2020-12-23,4970.49827
2020-12-24,4993.322482
2020-12-25,4993.322482
2020-12-28,5031.351253
2020-12-29,5026.080287
2020-12-30,5035.864053
2020-12-31,5070.273124
2021-01-01,5070.273124
2021-01-04,4989.876724
2021-01-05,5011.343144
2021-01-06,5033.63024
2021-01-07,5090.689147
2021-01-08,5114.197169
2021-01-11,5088.646728
2021-01-12,5080.478021
2021-01-13,5081.090455
2021-01-14,5050.656758
2021-01-15,5024.693614
2021-01-18,5024.693614
2021-01-19,5065.196012
2021-01-20,5123.19754
2021-01-21,5122.664298
2021-01-22,5092.165584
2021-01-25,5105.992146
2021-01-26,5095.872912
2021-01-27,4973.264992
2021-01-28,5033.616677
2021-01-29,4924.966892
2021-02-01,4997.53386
2021-02-02,5068.300337
2021-02-03,5057.929537
2021-02-04,5118.581458
2021-02-05,5148.72561
2021-02-08,5184.632834
2021-02-09,5178.460485
2021-02-10,5185.082419
2021-02-11,5209.738454
2021-02-12,5224.796394
2021-02-15,5224.796394
2021-02-16,5212.435671
2021-02-17,5216.149701
2021-02-18,5206.729247
2021-02-19,5190.157571
2021-02-22,5156.70045
2021-02-23,5172.642412
2021-02-24,5232.25274
2021-02-25,5104.693488
2021-02-26,5084.933713
2021-03-01,5197.100158
2021-03-02,5158.313225
2021-03-03,5087.016965
2021-03-04,5014.491793
2021-03-05,5132.429282
2021-03-08,5126.198653
2021-03-09,5186.315858
2021-03-10,5221.682789
2021-03-11,5265.954977
2021-03-12,5261.99851
2021-03-15,5312.780538
2021-03-16,5313.573532
2021-03-17,5312.498132
2021-03-18,5237.627161
2021-03-19,5219.561132
2021-03-22,5263.662784
2021-03-23,5230.892909
2021-03-24,5211.375934
2021-03-25,5229.840547
2021-03-26,5341.757898
2021-03-29,5347.825647
2021-03-30,5314.328771
2021-03-31,5327.050656
2021-04-01,5388.850195
2021-04-02,5388.850195
2021-04-05,5459.400672
2021-04-06,5453.944815
2021-04-07,5454.533254
2021-04-08,5474.767637
2021-04-09,5519.326434
2021-04-12,5509.944297
2021-04-13,5511.560433
2021-04-14,5496.342344
2021-04-15,5559.59867
2021-04-16,5586.248293
2021-04-19,5560.912016
2021-04-20,5529.58191
2021-04-21,5580.733349
2021-04-22,5538.028561
2021-04-23,5587.644821
2021-04-26,5586.219358
2021-04-27,5581.780483
2021-04-28,5576.405965
2021-04-29,5630.345162
2021-04-30,5585.634243
2021-05-03,5614.921241
2021-05-04,5586.74789
2021-05-05,5587.002079
2021-05-06,5627.060284
2021-05-07,5671.231382
2021-05-10,5619.948075
2021-05-11,5570.688321
2021-05-12,5448.401338
2021-05-13,5523.955154
2021-05-14,5601.722025
2021-05-17,5578.034248
2021-05-18,5531.891208
2021-05-19,5524.509664
2021-05-20,5586.4641
2021-05-21,5577.686661
2021-05-24,5629.967834
2021-05-25,5623.660203
2021-05-26,5633.302581
2021-05-27,5637.470972
2021-05-28,5645.482854
2021-05-31,5645.482854
2021-06-01,5633.857568
2021-06-02,5658.937975
2021-06-03,5644.420438
2021-06-04,5703.2565
2021-06-07,5707.207614
2021-06-08,5702.07618
2021-06-09,5689.601877
2021-06-10,5719.904439
2021-06-11,5732.644145
2021-06-14,5744.993091
2021-06-15,5729.612768
2021-06-16,5684.52076
2021-06-17,5694.519253
2021-06-18,5620.399207
2021-06-21,5700.316955
2021-06-22,5734.579119
2021-06-23,5716.592634
2021-06-24,5753.528881
2021-06-25,5808.115641
2021-06-28,5831.424818
2021-06-29,5840.515151
2021-06-30,5833.401832
2021-07-01,5868.970906
2021-07-02,5921.923563
2021-07-05,5921.923563
2021-07-06,5907.17819
2021-07-07,5936.26787
2021-07-08,5884.145225
2021-07-09,5940.645924
2021-07-12,5957.631342
2021-07-13,5945.701465
2021-07-14,5951.454158
2021-07-15,5929.503003
2021-07-16,5897.238946
2021-07-19,5819.377421
2021-07-20,5897.692455
2021-07-21,5940.968383
2021-07-22,5955.120454
2021-07-23,6040.865625
2021-07-26,6042.829577
2021-07-27,6017.3629
2021-07-28,6020.196153
2021-07-29,6048.329999
2021-07-30,6030.482722
2021-08-02,6021.397407
2021-08-03,6067.207715
2021-08-04,6058.253413
2021-08-05,6099.053098
2021-08-06,6099.585163
2021-08-09,6090.510363
2021-08-10,6093.087011
2021-08-11,6101.066502
2021-08-12,6108.120135
2021-08-13,6129.258094
2021-08-16,6166.335988
2021-08-17,6115.277671
2021-08-18,6040.770481
2021-08-19,6067.080775
2021-08-20,6126.580089
2021-08-23,6165.945763
2021-08-24,6167.286018
2021-08-25,6178.553257
2021-08-26,6138.70361
2021-08-27,6197.868123
2021-08-30,6226.464944
2021-08-31,6199.901383
2021-09-01,6203.718794
2021-09-02,6206.312472
2021-09-03,6205.616606
2021-09-06,6205.616606
2021-09-07,6157.084833
2021-09-08,6150.555401
2021-09-09,6124.372057
2021-09-10,6094.716222
2021-09-13,6086.506476
2021-09-14,6058.128871
2021-09-15,6096.824014
2021-09-16,6088.298475
2021-09-17,6024.119781
2021-09-20,5929.343509
2021-09-21,5925.563385
2021-09-22,5962.078073
2021-09-23,6025.568815
2021-09-24,6021.999511
2021-09-27,5983.499542
2021-09-28,5853.683566
2021-09-29,5865.824324
2021-09-30,5802.001285
2021-10-01,5857.327563
2021-10-04,5763.518725
2021-10-05,5832.188849
2021-10-06,5847.990221
2021-10-07,5905.491888
2021-10-08,5898.837569
2021-10-11,5864.238454
2021-10-12,5850.933516
2021-10-13,5894.341637
2021-10-14,6002.963756
2021-10-15,6035.902935
2021-10-18,6070.209392
2021-10-19,6120.678812
2021-10-20,6139.935025
2021-10-21,6171.939791
2021-10-22,6169.705265
2021-10-25,6201.244576
2021-10-26,6190.191903
2021-10-27,6140.990692
2021-10-28,6201.189946
2021-10-29,6246.066292
2021-11-01,6233.09164
2021-11-02,6267.949281
2021-11-03,6298.935286
2021-11-04,6369.013429
2021-11-05,6377.063866
2021-11-08,6382.353973
2021-11-09,6388.253051
2021-11-10,6325.153306
2021-11-11,6334.984986
2021-11-12,6404.394993
2021-11-15,6402.114255
2021-11-16,6427.807499
2021-11-17,6376.388833
2021-11-18,6383.938772
2021-11-19,6400.098442
2021-11-22,6351.222342
2021-11-23,6361.91747
2021-11-24,6385.02017
2021-11-25,6385.02017
2021-11-26,6248.054875
2021-11-29,6333.992436
2021-11-30,6204.920888
2021-12-01,6120.700484
2021-12-02,6202.638687
2021-12-03,6149.363524
2021-12-06,6195.601001
2021-12-07,6341.488655
2021-12-08,6350.79786
2021-12-09,6295.826448
2021-12-10,6347.576357
2021-12-13,6301.624218
2021-12-14,6247.352205
2021-12-15,6374.527755
2021-12-16,6296.327544
2021-12-17,6228.401011
2021-12-20,6138.827222
2021-12-21,6252.550454
2021-12-22,6306.349095
2021-12-23,6350.466624
2021-12-24,6350.466624
2021-12-27,6456.320513
2021-12-28,6437.764721
2021-12-29,6456.411328
2021-12-30,6439.09003
2021-12-31,6421.748449
2022-01-03,6408.941526
2022-01-04,6398.55931
2022-01-05,6244.545953
2022-01-06,6251.550336
2022-01-07,6193.912532
2022-01-10,6164.972425
2022-01-11,6221.348202
2022-01-12,6231.547844
2022-01-13,6137.649926
2022-01-14,6129.805732
2022-01-17,6129.805732
2022-01-18,6022.088305
2022-01-19,5967.117131
2022-01-20,5889.013217
2022-01-21,5793.231592
2022-01-24,5828.775089
2022-01-25,5745.495483
2022-01-26,5735.428484
2022-01-27,5707.189104
2022-01-28,5862.393308
2022-01-31,5979.331003
2022-02-01,6010.890388
2022-02-02,6095.810487
2022-02-03,5904.137007
2022-02-04,5888.146596
2022-02-07,5862.419591
2022-02-08,5889.326607
2022-02-09,6001.980057
2022-02-10,5869.827708
2022-02-11,5750.055985
2022-02-14,5715.360616
2022-02-15,5817.890946
2022-02-16,5828.802812
2022-02-17,5699.514212
2022-02-18,5661.067428
2022-02-21,5661.067428
2022-02-22,5589.712461
2022-02-23,5496.323674
2022-02-24,5601.914428
2022-02-25,5738.515034
2022-02-28,5727.418971
2022-03-01,5651.363393
2022-03-02,5760.337931
2022-03-03,5737.904051
2022-03-04,5684.62949
2022-03-07,5514.897758
2022-03-08,5474.892107
2022-03-09,5621.40469
2022-03-10,5585.749459
2022-03-11,5500.792474
2022-03-14,5447.661253
2022-03-15,5564.990525
2022-03-16,5686.78268
2022-03-17,5766.344311
2022-03-18,5851.887132
2022-03-21,5837.824443
2022-03-22,5899.053471
2022-03-23,5815.142232
2022-03-24,5907.788315
2022-03-25,5926.970276
2022-03-28,5969.328724
2022-03-29,6076.975407
2022-03-30,6035.593682
2022-03-31,5941.334036
2022-04-01,5964.249408
2022-04-04,6014.662729
2022-04-05,5934.690487
2022-04-06,5879.269599
2022-04-07,5909.362872
2022-04-08,5882.21015
2022-04-11,5783.485932
2022-04-12,5759.197251
2022-04-13,5827.090566
2022-04-14,5760.602627
2022-04-15,5760.602627
2022-04-18,5745.705189
2022-04-19,5863.59576
2022-04-20,5861.260604
2022-04-21,5760.707838
2022-04-22,5607.621248
2022-04-25,5653.529467
2022-04-26,5511.599018
2022-04-27,5505.176654
2022-04-28,5661.227206
2022-04-29,5461.502918
2022-05-02,5505.417908
2022-05-03,5524.021415
2022-05-04,5698.540199
2022-05-05,5470.369838
2022-05-06,5407.564143
2022-05-09,5249.681266
2022-05-10,5256.149412
2022-05-11,5166.807005
2022-05-12,5190.085957
2022-05-13,5317.314431
2022-05-16,5297.588865
2022-05-17,5396.796765
2022-05-18,5146.012324
2022-05-19,5102.537336
2022-05-20,5129.100461
2022-05-23,5211.368949
2022-05-24,5159.280452
2022-05-25,5220.034512
2022-05-26,5354.350688
2022-05-27,5497.398893
2022-05-30,5497.398893
2022-05-31,5449.019808
2022-06-01,5384.931043
2022-06-02,5510.288072
2022-06-03,5426.8021
2022-06-06,5440.49002
2022-06-07,5496.667787
2022-06-08,5435.126831
2022-06-09,5306.383999
2022-06-10,5145.26111
2022-06-13,4937.138515
2022-06-14,4920.866114
2022-06-15,4989.969869
2022-06-16,4813.234445
2022-06-17,4818.34565
2022-06-20,4818.34565
2022-06-21,4921.617341
2022-06-22,4912.244814
2022-06-23,4981.747564
2022-06-24,5147.426968
2022-06-27,5124.268819
2022-06-28,4992.870653
2022-06-29,4985.563725
2022-06-30,4954.494618
2022-07-01,4981.936287
2022-07-04,4981.936287
2022-07-05,5014.176953
2022-07-06,5040.495793
2022-07-07,5130.407915
2022-07-08,5124.611397
2022-07-11,5064.379384
2022-07-12,5013.482039
2022-07-13,4992.851077
2022-07-14,4989.965294
2022-07-15,5078.421101
2022-07-18,5040.584462
2022-07-19,5189.439682
2022-07-20,5239.177356
2022-07-21,5282.904844
2022-07-22,5218.80027
2022-07-25,5212.000899
2022-07-26,5141.497105
2022-07-27,5270.521198
2022-07-28,5353.864352
2022-07-29,5406.471164
2022-08-01,5395.588722
2022-08-02,5349.795375
2022-08-03,5418.618434
2022-08-04,5432.355921
2022-08-05,5422.23889
2022-08-08,5418.935391
2022-08-09,5367.206849
2022-08-10,5501.638708
2022-08-11,5482.779461
2022-08-12,5576.532015
2022-08-15,5598.516613
2022-08-16,5605.226171
2022-08-17,5559.326739
2022-08-18,5585.442214
2022-08-19,5497.081213
2022-08-22,5382.42963
2022-08-23,5368.680813
2022-08-24,5386.159286
2022-08-25,5477.867547
2022-08-26,5274.457518
2022-08-29,5226.584467
2022-08-30,5171.791143
2022-08-31,5132.544967
2022-09-01,5141.160067
2022-09-02,5088.660072
2022-09-05,5088.660072
2022-09-06,5081.230021
2022-09-07,5172.07932
2022-09-08,5214.493185
2022-09-09,5304.176768
2022-09-12,5339.947459
2022-09-13,5092.437357
2022-09-14,5099.609201
2022-09-15,5025.784538
2022-09-16,4993.394648
2022-09-19,5022.21527
2022-09-20,4949.577627
2022-09-21,4871.716121
2022-09-22,4823.624027
2022-09-23,4753.241859
2022-09-26,4698.475169
2022-09-27,4694.311429
2022-09-28,4803.924016
2022-09-29,4707.110083
2022-09-30,4627.375883
2022-10-03,4755.049888
2022-10-04,4894.238408
2022-10-05,4895.225575
2022-10-06,4855.375849
2022-10-07,4717.470659
2022-10-10,4688.351515
2022-10-11,4662.575371
2022-10-12,4642.968519
2022-10-13,4742.558605
2022-10-14,4620.807859
2022-10-17,4743.855296
2022-10-18,4797.073491
2022-10-19,4756.859612
2022-10-20,4724.094629
2022-10-21,4842.260101
2022-10-24,4900.488098
2022-10-25,5006.38877
2022-10-26,4985.580907
2022-10-27,4940.776525
2022-10-28,5058.292466
2022-10-31,5007.746289
2022-11-01,5005.982367
2022-11-02,4869.109123
2022-11-03,4823.002994
2022-11-04,4902.657317
2022-11-07,4959.71373
2022-11-08,4988.781916
2022-11-09,4885.689575
2022-11-10,5203.955154
2022-11-11,5276.70173
2022-11-14,5231.394921
2022-11-15,5289.921266
2022-11-16,5213.173975
2022-11-17,5205.061426
2022-11-18,5224.966979
2022-11-21,5195.051494
2022-11-22,5280.918793
2022-11-23,5313.361126
2022-11-24,5313.361126
2022-11-25,5303.715021
2022-11-28,5231.839979
2022-11-29,5230.003215
2022-11-30,5397.170726
2022-12-01,5391.987438
2022-12-02,5390.643565
2022-12-05,5301.902711
2022-12-06,5217.614193
2022-12-07,5211.915245
2022-12-08,5255.011097
2022-12-09,5206.157753
2022-12-12,5292.477764
2022-12-13,5338.476524
2022-12-14,5314.859003
2022-12-15,5175.580468
2022-12-16,5121.655957
2022-12-19,5065.198702
2022-12-20,5071.261632
2022-12-21,5161.525859
2022-12-22,5082.715667
2022-12-23,5112.387916
2022-12-26,5112.387916
2022-12-27,5096.111894
2022-12-28,5029.688214
2022-12-29,5117.242672
2022-12-30,5094.509285
2023-01-02,5094.509285
2023-01-03,5074.115889
2023-01-04,5116.170279
2023-01-05,5056.159157
2023-01-06,5187.206199
2023-01-09,5183.474925
2023-01-10,5220.606962
2023-01-11,5295.513576
2023-01-12,5320.926585
2023-01-13,5331.921819
2023-01-16,5331.921819
2023-01-17,5317.259041
2023-01-18,5248.621345
2023-01-19,5203.155111
2023-01-20,5309.706057
2023-01-23,5377.175573
2023-01-24,5374.631204
2023-01-25,5368.541836
2023-01-26,5426.185216
2023-01-27,5440.00384
2023-01-30,5365.58012
2023-01-31,5451.68523
2023-02-01,5520.475448
2023-02-02,5635.395028
2023-02-03,5572.537671
2023-02-06,5521.644503
2023-02-07,5590.907031
2023-02-08,5510.064172
2023-02-09,5454.345011
2023-02-10,5463.868575
2023-02-13,5541.49509
2023-02-14,5534.337874
2023-02-15,5535.280112
2023-02-16,5462.231938
2023-02-17,5439.735503
2023-02-20,5439.735503
2023-02-21,5321.629826
2023-02-22,5311.538149
2023-02-23,5360.850961
2023-02-24,5300.172706
2023-02-27,5308.791474
2023-02-28,5303.405394
2023-03-01,5285.609205
2023-03-02,5335.792168
2023-03-03,5419.625424
2023-03-06,5426.516261
2023-03-07,5349.591391
2023-03-08,5366.253617
2023-03-09,5279.196183
2023-03-10,5190.71148
2023-03-13,5189.062888
2023-03-14,5281.499189
2023-03-15,5252.938549
2023-03-16,5346.315991
2023-03-17,5308.081957
2023-03-20,5356.075301
2023-03-21,5413.293195
2023-03-22,5327.558817
2023-03-23,5363.543115
2023-03-24,5384.523698
2023-03-27,5382.537002
2023-03-28,5369.352227
2023-03-29,5442.399088
2023-03-30,5472.273631
2023-03-31,5556.936426
2023-04-03,5579.278206
2023-04-04,5529.635359
2023-04-05,5522.087746
2023-04-06,5536.875618
2023-04-07,5536.875618
2023-04-10,5555.014538
2023-04-11,5566.648925
2023-04-12,5538.338965
2023-04-13,5603.592303
2023-04-14,5597.804927
2023-04-17,5604.275658
2023-04-18,5612.590615
2023-04-19,5598.265071
2023-04-20,5597.145082
2023-04-21,5589.195477
2023-04-24,5597.253659
2023-04-25,5501.36399
2023-04-26,5464.016332
2023-04-27,5590.733799
2023-04-28,5648.806645
2023-05-01,5662.290064
2023-05-02,5584.160267
2023-05-03,5546.297831
2023-05-04,5484.296302
2023-05-05,5576.116097
2023-05-08,5576.168555
2023-05-09,5551.646638
2023-05-10,5579.870691
2023-05-11,5575.967204
2023-05-12,5578.527627
2023-05-15,5600.882232
2023-05-16,5556.386983
2023-05-17,5625.640728
2023-05-18,5686.402093
2023-05-19,5671.633227
2023-05-22,5676.762158
2023-05-23,5608.802803
2023-05-24,5569.946444
2023-05-25,5663.490996
2023-05-26,5743.796347
2023-05-29,5743.796347
2023-05-30,5742.314089
2023-05-31,5683.908809
2023-06-01,5736.957415
2023-06-02,5821.906668
2023-06-05,5796.172899
2023-06-06,5805.734238
2023-06-07,5770.681128
2023-06-08,5796.018012
2023-06-09,5803.767587
2023-06-12,5870.530316
2023-06-13,5905.907861
2023-06-14,5933.139376
2023-06-15,6002.87079
2023-06-16,5989.75684
2023-06-19,5989.75684
2023-06-20,5962.113367
2023-06-21,5944.98078
2023-06-22,5961.79358
2023-06-23,5922.168012
2023-06-26,5892.635437
2023-06-27,5974.932715
2023-06-28,5956.644258
2023-06-29,5985.585
2023-06-30,6051.918641
2023-07-03,6046.350916
2023-07-04,6046.350916
2023-07-05,6037.342064
2023-07-06,5988.559386
2023-07-07,5963.352227
2023-07-10,5999.582697
2023-07-11,6040.915506
2023-07-12,6094.711324
2023-07-13,6153.489872
2023-07-14,6156.685764
2023-07-17,6191.388521
2023-07-18,6225.106691
2023-07-19,6229.294277
2023-07-20,6183.939463
2023-07-21,6190.584169
2023-07-24,6214.480339
2023-07-25,6251.628181
2023-07-26,6250.455611
2023-07-27,6218.173877
2023-07-28,6277.307178
2023-07-31,6277.404145
2023-08-01,6277.474731
2023-08-02,6182.122322
2023-08-03,6170.865566
2023-08-04,6130.415095
2023-08-07,6198.387064
2023-08-08,6178.371592
2023-08-09,6138.570106
2023-08-10,6127.38672
2023-08-11,6109.63868
2023-08-14,6172.120537
2023-08-15,6119.04649
2023-08-16,6083.689818
2023-08-17,6043.623716
2023-08-18,6048.947743
2023-08-21,6105.57866
2023-08-22,6080.900507
2023-08-23,6144.49229
2023-08-24,6063.734736
2023-08-25,6097.432802
2023-08-28,6139.120179
2023-08-29,6228.977476
2023-08-30,6250.42552
2023-08-31,6249.528379
2023-09-01,6264.436299
2023-09-04,6264.436299
2023-09-05,6228.151724
2023-09-06,6187.951998
2023-09-07,6164.867621
2023-09-08,6164.07838
2023-09-11,6182.932696
2023-09-12,6144.298209
2023-09-13,6154.705918
2023-09-14,6194.104345
2023-09-15,6101.879626
2023-09-18,6120.219562
2023-09-19,6110.198003
2023-09-20,6051.149577
2023-09-21,5937.897585
2023-09-22,5945.933395
2023-09-25,5965.213667
2023-09-26,5886.968436
2023-09-27,5900.977189
2023-09-28,5941.416137
2023-09-29,5929.964158
2023-10-02,5947.522823
2023-10-03,5871.206831
2023-10-04,5918.900054
2023-10-05,5919.694629
2023-10-06,6002.641132
2023-10-09,6048.715684
2023-10-10,6076.26018
2023-10-11,6118.864833
2023-10-12,6097.016084
2023-10-13,6065.321105
2023-10-16,6132.011717
2023-10-17,6121.676061
2023-10-18,6045.66553
2023-10-19,5985.527741
2023-10-20,5917.607626
2023-10-23,5916.812933
2023-10-24,5956.611357
2023-10-25,5861.949212
2023-10-26,5767.695621
2023-10-27,5743.963096
2023-10-30,5817.278428
2023-10-31,5846.123859
2023-11-01,5902.853106
2023-11-02,6025.028456
2023-11-03,6076.839914
2023-11-06,6097.449811
2023-11-07,6124.387996
2023-11-08,6144.117112
2023-11-09,6101.209165
2023-11-10,6200.497851
2023-11-13,6191.879197
2023-11-14,6299.569686
2023-11-15,6295.458369
2023-11-16,6290.327162
2023-11-17,6293.235437
2023-11-20,6345.374178
2023-11-21,6332.364924
2023-11-22,6353.147331
2023-11-23,6353.147331
2023-11-24,6352.428658
2023-11-27,6335.032697
2023-11-28,6328.890123
2023-11-29,6325.338735
2023-11-30,6343.427417
2023-12-01,6383.742024
2023-12-04,6352.5452
2023-12-05,6346.514301
2023-12-06,6328.086311
2023-12-07,6379.554634
2023-12-08,6413.410753
2023-12-11,6465.572013
2023-12-12,6517.617364
2023-12-13,6589.178559
2023-12-14,6586.038505
2023-12-15,6588.632349
2023-12-18,6627.015658
2023-12-19,6657.924156
2023-12-20,6568.647712
2023-12-21,6630.253513
2023-12-22,6619.89839
2023-12-25,6619.89839
2023-12-26,6647.953198
2023-12-27,6655.726938
2023-12-28,6658.524939
2023-12-29,6645.456609
2024-01-01,6645.456609
2024-01-02,6591.886398
2024-01-03,6550.129797
2024-01-04,6527.570863
2024-01-05,6534.506653
2024-01-08,6629.948916
2024-01-09,6627.39639
2024-01-10,6667.074929
2024-01-11,6680.617693
2024-01-12,6697.984734
2024-01-15,6697.984734
2024-01-16,6669.381172
2024-01-17,6641.753956
2024-01-18,6711.96398
2024-01-19,6806.678644
2024-01-22,6829.841804
2024-01-23,6815.835448
2024-01-24,6826.694567
2024-01-25,6847.560492
2024-01-26,6834.822875
2024-01-29,6893.087524
2024-01-30,6894.080577
2024-01-31,6794.169778
2024-02-01,6873.842894
2024-02-02,6967.094235
2024-02-05,6960.723906
2024-02-06,6971.542312
2024-02-07,7056.15009
2024-02-08,7071.441767
2024-02-09,7119.377633
2024-02-12,7112.79293
2024-02-13,7027.643451
2024-02-14,7102.229561
2024-02-15,7138.445974
2024-02-16,7087.881848
2024-02-19,7087.881848
2024-02-20,7029.096686
2024-02-21,7040.777187
2024-02-22,7225.774846
2024-02-23,7234.317023
2024-02-26,7225.978565
2024-02-27,7225.509849
2024-02-28,7207.719573
2024-02-29,7235.686799
2024-03-01,7324.519999
2024-03-04,7323.282868
2024-03-05,7242.899557
2024-03-06,7295.346532
2024-03-07,7383.873801
2024-03-08,7294.418055
2024-03-11,7272.254404
2024-03-12,7378.359259
2024-03-13,7367.500361
2024-03-14,7350.247905
2024-03-15,7284.246684
2024-03-18,7326.670679
2024-03-19,7371.213442
2024-03-20,7440.808221
2024-03-21,7479.872436
2024-03-22,7443.098964
2024-03-25,7412.093562
2024-03-26,7381.313164
2024-03-27,7414.679118
2024-03-28,7426.604592
2024-03-29,7426.604592
2024-04-01,7412.292099
2024-04-02,7359.324278
2024-04-03,7362.817208
2024-04-04,7260.563995
2024-04-05,7351.120548
2024-04-08,7342.05148
2024-04-09,7345.392576
2024-04-10,7276.105472
2024-04-11,7340.023589
2024-04-12,7240.530964
2024-04-15,7154.062796
2024-04-16,7160.353939
2024-04-17,7108.940081
2024-04-18,7094.71616
2024-04-19,6989.369063
2024-04-22,7047.542517
2024-04-23,7130.569166
2024-04-24,7124.621145
2024-04-25,7102.865772
2024-04-26,7192.971234
2024-04-29,7190.123861
2024-04-30,7097.152227
2024-05-01,7063.088123
2024-05-02,7113.879435
2024-05-03,7198.821309
2024-05-06,7294.403118
2024-05-07,7320.530028
2024-05-08,7319.320108
2024-05-09,7342.076508
2024-05-10,7367.05551
2024-05-13,7362.9692
2024-05-14,7397.562706
2024-05-15,7514.790838
2024-05-16,7484.248097
2024-05-17,7483.932325
2024-05-20,7509.764973
2024-05-21,7515.284477
2024-05-22,7491.459417
2024-05-23,7474.271559
2024-05-24,7529.379307
2024-05-27,7529.379307
2024-05-28,7543.800136
2024-05-29,7483.603359
2024-05-30,7444.908884
2024-05-31,7490.336569
2024-06-03,7495.830858
2024-06-04,7517.163943
2024-06-05,7613.202737
2024-06-06,7608.184056
2024-06-07,7600.421485
2024-06-10,7629.368166
2024-06-11,7668.335139
2024-06-12,7717.423403
2024-06-13,7741.903231
2024-06-14,7748.493609
2024-06-17,7811.362486
2024-06-18,7842.390962
2024-06-19,7842.390962
2024-06-20,7806.592679
2024-06-21,7792.394777
2024-06-24,7762.843615
2024-06-25,7799.323205
2024-06-26,7783.098869
2024-06-27,7777.223752
2024-06-28,7725.823211
2024-07-01,7725.896442
2024-07-02,7765.13912
2024-07-03,7801.839154
2024-07-04,7801.839154
2024-07-05,7853.178666
2024-07-08,7843.815347
2024-07-09,7845.055198
2024-07-10,7910.308539
2024-07-11,7837.18334
2024-07-12,7891.894296
2024-07-15,7916.95805
2024-07-16,7973.318696
2024-07-17,7846.67336
2024-07-18,7791.909288
2024-07-19,7732.598721
2024-07-22,7838.049831
2024-07-23,7812.279677
2024-07-24,7626.803937
2024-07-25,7572.17288
2024-07-26,7666.780681
2024-07-29,7669.625107
2024-07-30,7637.12807
2024-07-31,7781.894606
2024-08-01,7694.368513
2024-08-02,7590.480763
2024-08-05,7365.145952
2024-08-06,7449.229373
2024-08-07,7383.461204
2024-08-08,7573.98806
2024-08-09,7618.992178
2024-08-12,7629.277354
2024-08-13,7744.745843
2024-08-14,7766.453093
2024-08-15,7904.475494
2024-08-16,7905.794546
2024-08-19,7967.043647
2024-08-20,7962.150352
2024-08-21,8022.881038
2024-08-22,7955.54721
2024-08-23,8033.825976
2024-08-26,8017.590832
2024-08-27,8047.334875
2024-08-28,7984.838042
2024-08-29,7988.168766
2024-08-30,8052.329676
2024-09-02,8052.329676
2024-09-03,7876.434375
2024-09-04,7868.789403
2024-09-05,7818.955807
2024-09-06,7723.151682
2024-09-09,7811.517167
2024-09-10,7832.648009
2024-09-11,7916.057668
2024-09-12,7969.173994
2024-09-13,8004.228242
2024-09-16,8017.265966
2024-09-17,8015.77261
2024-09-18,7981.21618
2024-09-19,8101.909447
2024-09-20,8074.883181
2024-09-23,8103.375553
2024-09-24,8105.343504
2024-09-25,8093.22667
2024-09-26,8131.534335
2024-09-27,8114.278083
2024-09-30,8140.479694
2024-10-01,8090.740293
2024-10-02,8100.528114
2024-10-03,8097.905287
2024-10-04,8140.005181
2024-10-07,8064.460165
2024-10-08,8146.126095
2024-10-09,8200.143613
2024-10-10,8183.643168
2024-10-11,8236.906254
2024-10-14,8314.40723
2024-10-15,8212.982686
2024-10-16,8259.349752
2024-10-17,8247.385824
2024-10-18,8283.689441
2024-10-21,8261.89176
2024-10-22,8237.067915
2024-10-23,8164.132319
2024-10-24,8160.526095
2024-10-25,8163.497708
2024-10-28,8175.328933
2024-10-29,8194.801452
2024-10-30,8154.665607
2024-10-31,8014.097205
2024-11-01,8041.487121
2024-11-04,8028.549583
2024-11-05,8110.857321
2024-11-06,8272.42969
2024-11-07,8351.510751
2024-11-08,8371.917827
2024-11-11,8365.541355
2024-11-12,8356.935172
2024-11-13,8333.357088
2024-11-14,8289.50817
2024-11-15,8148.373698
2024-11-18,8168.359815
2024-11-19,8191.256876
2024-11-20,8212.780392
2024-11-21,8267.873866
2024-11-22,8296.689341
2024-11-25,8341.2422
2024-11-26,8379.967343
2024-11-27,8364.770451
2024-11-28,8364.770451
2024-11-29,8403.90945
2024-12-02,8439.096346
2024-12-03,8445.426852
2024-12-04,8483.64325
2024-12-05,8441.224292
2024-12-06,8466.722433
2024-12-09,8419.722324
2024-12-10,8400.069664
2024-12-11,8448.186496
2024-12-12,8382.886953
2024-12-13,8347.475327
2024-12-16,8347.698237
2024-12-17,8318.227727
2024-12-18,8100.651292
2024-12-19,8091.27815
2024-12-20,8173.087546
2024-12-23,8228.532154
2024-12-24,8294.634693
2024-12-25,8294.634693
2024-12-26,8294.572832
2024-12-27,8214.117919
2024-12-30,8129.287317
2024-12-31,8105.988155
2025-01-01,8105.988155
2025-01-02,8085.805391
2025-01-03,8159.999822
2025-01-06,8193.191298
2025-01-07,8129.687208
2025-01-08,8150.267521
2025-01-09,8150.267521
2025-01-10,8031.742368
2025-01-13,8042.367458
2025-01-14,8041.297427
2025-01-15,8169.181769
2025-01-16,8167.060801
2025-01-17,8222.553983
2025-01-20,8222.553983
2025-01-21,8289.1922
2025-01-22,8362.190828
2025-01-23,8406.373952
2025-01-24,8379.183727
2025-01-27,8308.270895
2025-01-28,8364.935097
2025-01-29,8339.349026
2025-01-30,8415.037579
2025-01-31,8345.090947
2025-02-03,8302.946576
2025-02-04,8346.072682
2025-02-05,8382.455455
2025-02-06,8394.097834
2025-02-07,8323.497703
2025-02-10,8385.191036
2025-02-11,8392.220849
2025-02-12,8367.188645
2025-02-13,8454.528464
2025-02-14,8424.304765
2025-02-17,8424.304765
2025-02-18,8445.877616
2025-02-19,8470.504479
2025-02-20,8451.996728
2025-02-21,8312.675076
2025-02-24,8282.809542
2025-02-25,8273.208216
2025-02-26,8263.034182
2025-02-27,8141.741445
2025-02-28,8261.906935
2025-03-03,8147.911081
2025-03-04,8068.467049
2025-03-05,8156.844195
2025-03-06,8021.363123
2025-03-07,8051.613942
2025-03-10,7866.598211
2025-03-11,7772.485189
2025-03-12,7788.697639
2025-03-13,7652.919343
2025-03-14,7806.166726
2025-03-17,7873.876729
2025-03-18,7794.288753
2025-03-19,7868.41283
2025-03-20,7842.605525
2025-03-21,7825.279127
2025-03-24,7963.994296
2025-03-25,7972.947146
2025-03-26,7907.241982
2025-03-27,7894.964141
2025-03-28,7734.284668
2025-03-31,7795.076405
2025-04-01,7814.473858
2025-04-02,7857.611568
2025-04-03,7508.320548
2025-04-04,7095.22747
2025-04-07,7052.13064
2025-04-08,6949.08261
2025-04-09,7577.093278
2025-04-10,7331.715325
2025-04-11,7459.866095
2025-04-14,7516.893609
