Date,Value
1998-12-31,86.833612
1999-01-01,86.833612
1999-01-04,88.326635
1999-01-05,89.194115
1999-01-06,91.248288
1999-01-07,92.182441
1999-01-08,91.630872
1999-01-11,90.421392
1999-01-12,88.248728
1999-01-13,83.548754
1999-01-14,82.247069
1999-01-15,85.223811
1999-01-18,86.116374
1999-01-19,86.222352
1999-01-20,87.729782
1999-01-21,85.923066
1999-01-22,84.125075
1999-01-25,82.991978
1999-01-26,84.121991
1999-01-27,85.416476
1999-01-28,85.638599
1999-01-29,85.524636
1999-02-01,87.20009
1999-02-02,87.30959
1999-02-03,86.965716
1999-02-04,86.287353
1999-02-05,85.804978
1999-02-08,86.059074
1999-02-09,84.935708
1999-02-10,85.478779
1999-02-11,86.597832
1999-02-12,87.469221
1999-02-15,87.347696
1999-02-16,87.589216
1999-02-17,87.18345
1999-02-18,86.7039
1999-02-19,86.226557
1999-02-22,86.502155
1999-02-23,85.433037
1999-02-24,85.926351
1999-02-25,85.898257
1999-02-26,86.348692
1999-03-01,86.838788
1999-03-02,86.564039
1999-03-03,87.374546
1999-03-04,87.541566
1999-03-05,88.667518
1999-03-08,90.720519
1999-03-09,91.858883
1999-03-10,92.622442
1999-03-11,92.866006
1999-03-12,93.420139
1999-03-15,94.921297
1999-03-16,95.631964
1999-03-17,95.910953
1999-03-18,96.242164
1999-03-19,97.324096
1999-03-22,97.106837
1999-03-23,96.139355
1999-03-24,95.377222
1999-03-25,96.684608
1999-03-26,96.306626
1999-03-29,96.352966
1999-03-30,97.651224
1999-03-31,97.75929
1999-04-01,97.874044
1999-04-02,98.91843
1999-04-05,99.133961
1999-04-06,100.093756
1999-04-07,101.222628
1999-04-08,101.821761
1999-04-09,101.801046
1999-04-12,102.113356
1999-04-13,102.535021
1999-04-14,103.386327
1999-04-15,104.787077
1999-04-16,107.19461
1999-04-19,108.681423
1999-04-20,107.977733
1999-04-21,106.513821
1999-04-22,107.002041
1999-04-23,107.763926
1999-04-26,107.545212
1999-04-27,108.004184
1999-04-28,109.010497
1999-04-29,108.440284
1999-04-30,109.846647
1999-05-03,111.094187
1999-05-04,112.723975
1999-05-05,113.445217
1999-05-06,116.371168
1999-05-07,116.951051
1999-05-10,117.877649
1999-05-11,117.157314
1999-05-12,115.184035
1999-05-13,115.453554
1999-05-14,115.56789
1999-05-17,114.235641
1999-05-18,115.540477
1999-05-19,114.60172
1999-05-20,113.848416
1999-05-21,112.665985
1999-05-24,111.01357
1999-05-25,109.297483
1999-05-26,110.221858
1999-05-27,109.007231
1999-05-28,108.413384
1999-05-31,109.21134
1999-06-01,110.099817
1999-06-02,110.400791
1999-06-03,111.206564
1999-06-04,112.635193
1999-06-07,114.72292
1999-06-08,115.667995
1999-06-09,114.695037
1999-06-10,116.165348
1999-06-11,115.75791
1999-06-14,114.814395
1999-06-15,114.711549
1999-06-16,117.406709
1999-06-17,119.045671
1999-06-18,119.988847
1999-06-21,122.321724
1999-06-22,122.980721
1999-06-23,121.386548
1999-06-24,120.410137
1999-06-25,119.23659
1999-06-28,120.403532
1999-06-29,121.024912
1999-06-30,121.576668
1999-07-01,123.407976
1999-07-02,124.708017
1999-07-05,126.772787
1999-07-06,126.611889
1999-07-07,126.204888
1999-07-08,125.14727
1999-07-09,125.692604
1999-07-12,124.671352
1999-07-13,123.671033
1999-07-14,123.038201
1999-07-15,124.15946
1999-07-16,124.095703
1999-07-19,124.777912
1999-07-20,123.908413
1999-07-21,123.183633
1999-07-22,122.587603
1999-07-23,119.669628
1999-07-26,117.32357
1999-07-27,117.813051
1999-07-28,119.111433
1999-07-29,119.06755
1999-07-30,118.1948
1999-08-02,116.206937
1999-08-03,117.070311
1999-08-04,117.085329
1999-08-05,115.418106
1999-08-06,114.334801
1999-08-09,114.933085
1999-08-10,115.227258
1999-08-11,114.677758
1999-08-12,115.599503
1999-08-13,115.97246
1999-08-16,117.209052
1999-08-17,116.512079
1999-08-18,116.065467
1999-08-19,115.729565
1999-08-20,116.788396
1999-08-23,119.083008
1999-08-24,119.070679
1999-08-25,121.366771
1999-08-26,120.666736
1999-08-27,120.316667
1999-08-30,119.678151
1999-08-31,119.309451
1999-09-01,119.402078
1999-09-02,118.883326
1999-09-03,118.893258
1999-09-06,120.536568
1999-09-07,119.554535
1999-09-08,118.871074
1999-09-09,119.524996
1999-09-10,120.817982
1999-09-13,121.810522
1999-09-14,121.618346
1999-09-15,120.385395
1999-09-16,118.636078
1999-09-17,118.801459
1999-09-20,119.686445
1999-09-21,118.827154
1999-09-22,118.531764
1999-09-23,117.686766
1999-09-24,117.037403
1999-09-27,115.987915
1999-09-28,116.393063
1999-09-29,116.048828
1999-09-30,115.230698
1999-10-01,115.258944
1999-10-04,115.601145
1999-10-05,115.618624
1999-10-06,117.038249
1999-10-07,118.805244
1999-10-08,118.788605
1999-10-11,119.184757
1999-10-12,119.886753
1999-10-13,118.412297
1999-10-14,118.310248
1999-10-15,115.972181
1999-10-18,114.036263
1999-10-19,114.399062
1999-10-20,116.0447
1999-10-21,115.38238
1999-10-22,116.037342
1999-10-25,115.593169
1999-10-26,115.67613
1999-10-27,115.1223
1999-10-28,116.350205
1999-10-29,117.666094
1999-11-01,119.103582
1999-11-02,120.107111
1999-11-03,121.20182
1999-11-04,122.582552
1999-11-05,123.767164
1999-11-08,124.062862
1999-11-09,125.229716
1999-11-10,125.460641
1999-11-11,126.025629
1999-11-12,126.314241
1999-11-15,126.684138
1999-11-16,127.32456
1999-11-17,126.007939
1999-11-18,126.625652
1999-11-19,128.167106
1999-11-22,128.302332
1999-11-23,128.158731
1999-11-24,127.567894
1999-11-25,128.025094
1999-11-26,127.719989
1999-11-29,128.373354
1999-11-30,128.224398
1999-12-01,129.217909
1999-12-02,130.266907
1999-12-03,131.346591
1999-12-06,132.4379
1999-12-07,132.016294
1999-12-08,132.5586
1999-12-09,132.809783
1999-12-10,134.892102
1999-12-13,135.986304
1999-12-14,134.508971
1999-12-15,133.774916
1999-12-16,133.84244
1999-12-17,134.886268
1999-12-20,136.386107
1999-12-21,137.006628
1999-12-22,138.046446
1999-12-23,138.20286
1999-12-24,138.914303
1999-12-27,139.90603
1999-12-28,140.927798
1999-12-29,142.346921
1999-12-30,143.919904
1999-12-31,144.570735
2000-01-03,146.731818
2000-01-04,147.966108
2000-01-05,145.221071
2000-01-06,143.733594
2000-01-07,145.52539
2000-01-10,149.842871
2000-01-11,147.309618
2000-01-12,148.046085
2000-01-13,150.260578
2000-01-14,152.493506
2000-01-17,155.060482
2000-01-18,154.551381
2000-01-19,151.290309
2000-01-20,151.0732
2000-01-21,150.124185
2000-01-24,150.168817
2000-01-25,147.823696
2000-01-26,148.214109
2000-01-27,148.618332
2000-01-28,147.639777
2000-01-31,145.375607
2000-02-01,146.550867
2000-02-02,147.763214
2000-02-03,150.772255
2000-02-04,152.487134
2000-02-07,154.393436
2000-02-08,155.498423
2000-02-09,156.292392
2000-02-10,157.095077
2000-02-11,156.640319
2000-02-14,154.030296
2000-02-15,153.518841
2000-02-16,153.542696
2000-02-17,154.799147
2000-02-18,153.436129
2000-02-21,152.246939
2000-02-22,149.939852
2000-02-23,150.813104
2000-02-24,151.001274
2000-02-25,149.610516
2000-02-28,147.187965
2000-02-29,147.341935
2000-03-01,150.847006
2000-03-02,153.065122
2000-03-03,152.840224
2000-03-06,153.121645
2000-03-07,152.97653
2000-03-08,153.689377
2000-03-09,154.013126
2000-03-10,153.546926
2000-03-13,148.28853
2000-03-14,147.559876
2000-03-15,146.436759
2000-03-16,147.013332
2000-03-17,148.082105
2000-03-20,146.856961
2000-03-21,148.458882
2000-03-22,148.75251
2000-03-23,150.577622
2000-03-24,152.39719
2000-03-27,153.96252
2000-03-28,152.7323
2000-03-29,152.180629
2000-03-30,149.075641
2000-03-31,148.139134
2000-04-03,146.839091
2000-04-04,144.666743
2000-04-05,143.908524
2000-04-06,145.337857
2000-04-07,148.47788
2000-04-10,149.840486
2000-04-11,147.519384
2000-04-12,145.564707
2000-04-13,142.327581
2000-04-14,137.838491
2000-04-17,130.067007
2000-04-18,133.527051
2000-04-19,132.563097
2000-04-20,133.40033
2000-04-21,133.817221
2000-04-24,131.405884
2000-04-25,133.195056
2000-04-26,132.922457
2000-04-27,132.220717
2000-04-28,134.110184
2000-05-01,134.090452
2000-05-02,134.209167
2000-05-03,131.875319
2000-05-04,131.816675
2000-05-05,132.652674
2000-05-08,131.225022
2000-05-09,131.026245
2000-05-10,129.42859
2000-05-11,128.316237
2000-05-12,128.451934
2000-05-15,129.381111
2000-05-16,131.531497
2000-05-17,130.069596
2000-05-18,128.513162
2000-05-19,126.519462
2000-05-22,123.102131
2000-05-23,121.282616
2000-05-24,121.324385
2000-05-25,122.312554
2000-05-26,122.032758
2000-05-29,122.934908
2000-05-30,126.465637
2000-05-31,128.478929
2000-06-01,129.624629
2000-06-02,133.547571
2000-06-05,134.573234
2000-06-06,133.684827
2000-06-07,133.770895
2000-06-08,133.42401
2000-06-09,134.902315
2000-06-12,134.508722
2000-06-13,133.572723
2000-06-14,134.18649
2000-06-15,132.608765
2000-06-16,132.210881
2000-06-19,132.121767
2000-06-20,132.652471
2000-06-21,132.716107
2000-06-22,132.112953
2000-06-23,130.819944
2000-06-26,130.744879
2000-06-27,131.680058
2000-06-28,132.629839
2000-06-29,131.602703
2000-06-30,132.790999
2000-07-03,134.087835
2000-07-04,133.970883
2000-07-05,134.974309
2000-07-06,134.288148
2000-07-07,134.684393
2000-07-10,135.591098
2000-07-11,134.27791
2000-07-12,135.241898
2000-07-13,135.143912
2000-07-14,135.679682
2000-07-17,135.981316
2000-07-18,134.396302
2000-07-19,132.490749
2000-07-20,131.932838
2000-07-21,131.964442
2000-07-24,129.423749
2000-07-25,128.963316
2000-07-26,128.872503
2000-07-27,127.876046
2000-07-28,125.631974
2000-07-31,125.919719
2000-08-01,126.531177
2000-08-02,126.628381
2000-08-03,126.059709
2000-08-04,126.360427
2000-08-07,125.296856
2000-08-08,125.207
2000-08-09,126.266289
2000-08-10,126.965334
2000-08-11,127.069622
2000-08-14,127.792672
2000-08-15,127.969578
2000-08-16,129.154131
2000-08-17,129.456318
2000-08-18,128.309974
2000-08-21,127.852662
2000-08-22,128.304601
2000-08-23,127.633403
2000-08-24,127.461608
2000-08-25,127.406322
2000-08-28,126.965454
2000-08-29,127.267436
2000-08-30,126.477181
2000-08-31,126.454137
2000-09-01,126.506737
2000-09-04,127.716925
2000-09-05,127.479014
2000-09-06,126.794595
2000-09-07,125.637535
2000-09-08,125.199201
2000-09-11,123.778062
2000-09-12,122.798824
2000-09-13,122.996243
2000-09-14,122.496719
2000-09-15,121.217881
2000-09-18,116.712992
2000-09-19,115.911846
2000-09-20,117.308962
2000-09-21,115.900392
2000-09-22,112.864293
2000-09-25,115.566201
2000-09-26,115.335781
2000-09-27,115.314831
2000-09-28,115.28752
2000-09-29,115.397988
2000-10-02,113.878742
2000-10-03,114.014064
2000-10-04,113.827135
2000-10-05,114.392374
2000-10-06,114.586817
2000-10-09,112.557556
2000-10-10,111.959482
2000-10-11,109.174387
2000-10-12,107.113993
2000-10-13,106.190848
2000-10-16,107.223463
2000-10-17,105.558104
2000-10-18,103.562436
2000-10-19,104.928324
2000-10-20,107.200646
2000-10-23,106.431165
2000-10-24,107.539722
2000-10-25,106.647732
2000-10-26,106.1855
2000-10-27,106.780772
2000-10-30,105.953906
2000-10-31,107.022415
2000-11-01,108.648387
2000-11-02,109.903166
2000-11-03,110.499547
2000-11-06,110.709305
2000-11-07,111.380721
2000-11-08,110.865225
2000-11-09,109.802526
2000-11-10,109.226017
2000-11-13,105.872036
2000-11-14,107.583415
2000-11-15,107.725897
2000-11-16,106.466714
2000-11-17,105.889612
2000-11-20,103.657412
2000-11-21,103.734167
2000-11-22,101.348095
2000-11-23,100.150711
2000-11-24,101.389175
2000-11-27,102.685987
2000-11-28,100.718842
2000-11-29,99.526199
2000-11-30,97.651727
2000-12-01,98.537382
2000-12-04,98.18626
2000-12-05,101.180275
2000-12-06,102.844838
2000-12-07,102.533943
2000-12-08,104.238535
2000-12-11,105.278913
2000-12-12,104.496975
2000-12-13,104.626515
2000-12-14,103.858094
2000-12-15,102.069364
2000-12-18,102.462328
2000-12-19,101.824745
2000-12-20,99.588421
2000-12-21,98.387307
2000-12-22,99.087421
2000-12-25,99.187363
2000-12-26,98.623323
2000-12-27,98.858278
2000-12-28,99.841864
2000-12-29,100
2001-01-01,99.90188
2001-01-02,100.016543
2001-01-03,100.670216
2001-01-04,104.186985
2001-01-05,104.58435
2001-01-08,104.458769
2001-01-09,105.583904
2001-01-10,104.86108
2001-01-11,105.103121
2001-01-12,105.993608
2001-01-15,106.440004
2001-01-16,106.941272
2001-01-17,108.086709
2001-01-18,109.53539
2001-01-19,111.188062
2001-01-22,111.152279
2001-01-23,111.735531
2001-01-24,111.594116
2001-01-25,111.708586
2001-01-26,111.286617
2001-01-29,110.997441
2001-01-30,112.033307
2001-01-31,113.758299
2001-02-01,113.344052
2001-02-02,113.07179
2001-02-05,111.152035
2001-02-06,111.504354
2001-02-07,109.705868
2001-02-08,110.38327
2001-02-09,110.507764
2001-02-12,110.649248
2001-02-13,111.183614
2001-02-14,110.800548
2001-02-15,111.894627
2001-02-16,110.844275
2001-02-19,109.846827
2001-02-20,109.998922
2001-02-21,107.207725
2001-02-22,105.259906
2001-02-23,104.558625
2001-02-26,105.506661
2001-02-27,105.164381
2001-02-28,104.841456
2001-03-01,104.33534
2001-03-02,103.336288
2001-03-05,103.908734
2001-03-06,104.758695
2001-03-07,105.053067
2001-03-08,105.381819
2001-03-09,104.143985
2001-03-12,100.872035
2001-03-13,99.983545
2001-03-14,98.960641
2001-03-15,99.06275
2001-03-16,98.308591
2001-03-19,97.396158
2001-03-20,97.181133
2001-03-21,97.148466
2001-03-22,94.985345
2001-03-23,95.651514
2001-03-26,97.274534
2001-03-27,97.117776
2001-03-28,96.357258
2001-03-29,94.6334
2001-03-30,94.496841
2001-04-02,92.98744
2001-04-03,90.818619
2001-04-04,89.666149
2001-04-05,91.191748
2001-04-06,92.164524
2001-04-09,91.697054
2001-04-10,92.616143
2001-04-11,93.919442
2001-04-12,94.473635
2001-04-13,94.587778
2001-04-16,93.831727
2001-04-17,93.74839
2001-04-18,96.620044
2001-04-19,98.064182
2001-04-20,96.517463
2001-04-23,96.061128
2001-04-24,96.1866
2001-04-25,96.492806
2001-04-26,97.520736
2001-04-27,97.947746
2001-04-30,99.154699
2001-05-01,99.150271
2001-05-02,100.19458
2001-05-03,100.307883
2001-05-04,99.753119
2001-05-07,99.963886
2001-05-08,99.511629
2001-05-09,99.472277
2001-05-10,99.435284
2001-05-11,99.077563
2001-05-14,97.950601
2001-05-15,97.483278
2001-05-16,97.96201
2001-05-17,100.68152
2001-05-18,101.121761
2001-05-21,101.708014
2001-05-22,102.220138
2001-05-23,102.615458
2001-05-24,102.253766
2001-05-25,101.778879
2001-05-28,101.739227
2001-05-29,101.501589
2001-05-30,100.484688
2001-05-31,100.303309
2001-06-01,99.971051
2001-06-04,100.293986
2001-06-05,99.917821
2001-06-06,100.379672
2001-06-07,100.593726
2001-06-08,101.587969
2001-06-11,101.036869
2001-06-12,100.708015
2001-06-13,100.550339
2001-06-14,100.008483
2001-06-15,99.359806
2001-06-18,97.415947
2001-06-19,97.40619
2001-06-20,97.083356
2001-06-21,97.871182
2001-06-22,98.095675
2001-06-25,97.990067
2001-06-26,97.568089
2001-06-27,97.698295
2001-06-28,97.099607
2001-06-29,98.208505
2001-07-02,98.474462
2001-07-03,97.667251
2001-07-04,96.875177
2001-07-05,96.330444
2001-07-06,94.809376
2001-07-09,94.174352
2001-07-10,93.56481
2001-07-11,91.658929
2001-07-12,92.45781
2001-07-13,91.950323
2001-07-16,91.140516
2001-07-17,91.1691
2001-07-18,90.618231
2001-07-19,90.799014
2001-07-20,90.709414
2001-07-23,90.672905
2001-07-24,90.083553
2001-07-25,90.143031
2001-07-26,91.033307
2001-07-27,91.432728
2001-07-30,91.682552
2001-07-31,91.95902
2001-08-01,92.498959
2001-08-02,93.595746
2001-08-03,93.580989
2001-08-06,92.936729
2001-08-07,92.353869
2001-08-08,92.463503
2001-08-09,91.646387
2001-08-10,92.009825
2001-08-13,92.366811
2001-08-14,93.30695
2001-08-15,93.245727
2001-08-16,93.034053
2001-08-17,91.65633
2001-08-20,90.739282
2001-08-21,90.821244
2001-08-22,91.13351
2001-08-23,91.037668
2001-08-24,91.187927
2001-08-27,92.30856
2001-08-28,92.008342
2001-08-29,92.167803
2001-08-30,91.627536
2001-08-31,91.036985
2001-09-03,90.191427
2001-09-04,90.70562
2001-09-05,90.074164
2001-09-06,88.914953
2001-09-07,88.601633
2001-09-10,87.847552
2001-09-11,84.964903
2001-09-12,82.738445
2001-09-13,81.684723
2001-09-14,79.719477
2001-09-17,78.412122
2001-09-18,78.821498
2001-09-19,79.410652
2001-09-20,77.166445
2001-09-21,75.120871
2001-09-24,75.962443
2001-09-25,75.667322
2001-09-26,75.735066
2001-09-27,75.747391
2001-09-28,76.933541
2001-10-01,76.599433
2001-10-02,76.005889
2001-10-03,75.616315
2001-10-04,77.10995
2001-10-05,77.373586
2001-10-08,76.479715
2001-10-09,77.807159
2001-10-10,78.713077
2001-10-11,80.8698
2001-10-12,80.461374
2001-10-15,80.127163
2001-10-16,80.895708
2001-10-17,81.542171
2001-10-18,80.627878
2001-10-19,80.825514
2001-10-22,81.166729
2001-10-23,81.737626
2001-10-24,82.740904
2001-10-25,82.710651
2001-10-26,83.132911
2001-10-29,82.895414
2001-10-30,81.328006
2001-10-31,81.704751
2001-11-01,82.087358
2001-11-02,82.654578
2001-11-05,84.188741
2001-11-06,84.442746
2001-11-07,84.295641
2001-11-08,85.386175
2001-11-09,85.732192
2001-11-12,85.625402
2001-11-13,86.746372
2001-11-14,88.132532
2001-11-15,89.249563
2001-11-16,89.31098
2001-11-19,90.831635
2001-11-20,89.669158
2001-11-21,89.706415
2001-11-22,90.135536
2001-11-23,91.197347
2001-11-26,92.85663
2001-11-27,92.482352
2001-11-28,90.441057
2001-11-29,89.814948
2001-11-30,90.228821
2001-12-03,91.450004
2001-12-04,92.427747
2001-12-05,95.14984
2001-12-06,96.634837
2001-12-07,97.230916
2001-12-10,96.224481
2001-12-11,95.707878
2001-12-12,96.877407
2001-12-13,95.262081
2001-12-14,94.743891
2001-12-17,94.68757
2001-12-18,94.60977
2001-12-19,94.476462
2001-12-20,94.545136
2001-12-21,93.671234
2001-12-24,94.207647
2001-12-25,94.697789
2001-12-26,94.935249
2001-12-27,95.628019
2001-12-28,96.709549
2001-12-31,97.384962
2002-01-01,97.400972
2002-01-02,98.825264
2002-01-03,100.099621
2002-01-04,102.079219
2002-01-07,103.023508
2002-01-08,102.29286
2002-01-09,102.287838
2002-01-10,100.747512
2002-01-11,100.035874
2002-01-14,99.954558
2002-01-15,98.971593
2002-01-16,97.899805
2002-01-17,98.558892
2002-01-18,98.435225
2002-01-21,99.173886
2002-01-22,98.939376
2002-01-23,99.775504
2002-01-24,100.199316
2002-01-25,100.851107
2002-01-28,101.213399
2002-01-29,100.642518
2002-01-30,99.211382
2002-01-31,100.671237
2002-02-01,100.452402
2002-02-04,99.970881
2002-02-05,100.083698
2002-02-06,100.579351
2002-02-07,99.589519
2002-02-08,99.800094
2002-02-11,99.635566
2002-02-12,100.038002
2002-02-13,100.693229
2002-02-14,102.840839
2002-02-15,102.74893
2002-02-18,102.772233
2002-02-19,101.655137
2002-02-20,100.561771
2002-02-21,100.522517
2002-02-22,100.455874
2002-02-25,100.688087
2002-02-26,101.17733
2002-02-27,102.998271
2002-02-28,102.302756
2002-03-01,103.516859
2002-03-04,105.923195
2002-03-05,106.484123
2002-03-06,106.994263
2002-03-07,106.694868
2002-03-08,106.670085
2002-03-11,107.263464
2002-03-12,107.307291
2002-03-13,106.982787
2002-03-14,106.99111
2002-03-15,106.78337
2002-03-18,107.414807
2002-03-19,107.837971
2002-03-20,108.02357
2002-03-21,107.860822
2002-03-22,108.25757
2002-03-25,107.372099
2002-03-26,107.557317
2002-03-27,108.207805
2002-03-28,108.435128
2002-03-29,108.424662
2002-04-01,108.069176
2002-04-02,109.115532
2002-04-03,109.017241
2002-04-04,108.829202
2002-04-05,109.463221
2002-04-08,108.655629
2002-04-09,108.273203
2002-04-10,108.238553
2002-04-11,108.378588
2002-04-12,108.830145
2002-04-15,109.527399
2002-04-16,110.359066
2002-04-17,112.464719
2002-04-18,112.50324
2002-04-19,112.303417
2002-04-22,112.351933
2002-04-23,112.427785
2002-04-24,112.362084
2002-04-25,110.753506
2002-04-26,110.726336
2002-04-29,109.186931
2002-04-30,109.11954
2002-05-01,109.093629
2002-05-02,109.177479
2002-05-03,109.536821
2002-05-06,108.042495
2002-05-07,108.147753
2002-05-08,109.613851
2002-05-09,108.940383
2002-05-10,108.10615
2002-05-13,108.165549
2002-05-14,109.166998
2002-05-15,110.42782
2002-05-16,110.6307
2002-05-17,111.75163
2002-05-20,110.906952
2002-05-21,109.444573
2002-05-22,110.247606
2002-05-23,109.424773
2002-05-24,110.484367
2002-05-27,110.387243
2002-05-28,110.081734
2002-05-29,109.486536
2002-05-30,108.821823
2002-05-31,107.354977
2002-06-03,107.910824
2002-06-04,107.952458
2002-06-05,107.433306
2002-06-06,106.990787
2002-06-07,105.518547
2002-06-10,106.339587
2002-06-11,105.895427
2002-06-12,105.284838
2002-06-13,105.340849
2002-06-14,104.27455
2002-06-17,103.93936
2002-06-18,104.249548
2002-06-19,101.972428
2002-06-20,101.232756
2002-06-21,100.564697
2002-06-24,99.768978
2002-06-25,99.504931
2002-06-26,96.034331
2002-06-27,97.37488
2002-06-28,99.271909
2002-07-01,98.970952
2002-07-02,98.425026
2002-07-03,98.34644
2002-07-04,99.742043
2002-07-05,101.348167
2002-07-08,101.945499
2002-07-09,102.920225
2002-07-10,101.830559
2002-07-11,99.867982
2002-07-12,101.974987
2002-07-15,101.328053
2002-07-16,100.553022
2002-07-17,100.963387
2002-07-18,101.390596
2002-07-19,99.890636
2002-07-22,96.618595
2002-07-23,96.496743
2002-07-24,93.950007
2002-07-25,94.009161
2002-07-26,90.948458
2002-07-29,91.303611
2002-07-30,92.780589
2002-07-31,91.682845
2002-08-01,91.324815
2002-08-02,91.260512
2002-08-05,87.936891
2002-08-06,87.445156
2002-08-07,89.493126
2002-08-08,90.713598
2002-08-09,91.131332
2002-08-12,90.897894
2002-08-13,90.951373
2002-08-14,91.756653
2002-08-15,92.285399
2002-08-16,92.826727
2002-08-19,92.978432
2002-08-20,93.628872
2002-08-21,94.150965
2002-08-22,94.368033
2002-08-23,93.901962
2002-08-26,93.731032
2002-08-27,93.825955
2002-08-28,92.800995
2002-08-29,92.325264
2002-08-30,93.084416
2002-09-02,93.005355
2002-09-03,91.495392
2002-09-04,90.758902
2002-09-05,90.209559
2002-09-06,90.067124
2002-09-09,90.47837
2002-09-10,91.993577
2002-09-11,92.761556
2002-09-12,92.789067
2002-09-13,91.17342
2002-09-16,89.48502
2002-09-17,90.929344
2002-09-18,88.773927
2002-09-19,88.033554
2002-09-20,87.738888
2002-09-23,85.704247
2002-09-24,84.936253
2002-09-25,84.132065
2002-09-26,84.934074
2002-09-27,84.453676
2002-09-30,83.03824
2002-10-01,83.948262
2002-10-02,84.134974
2002-10-03,83.866303
2002-10-04,84.152106
2002-10-07,82.010015
2002-10-08,82.124767
2002-10-09,80.979127
2002-10-10,79.552694
2002-10-11,79.924
2002-10-14,80.695187
2002-10-15,82.836248
2002-10-16,83.559564
2002-10-17,84.929646
2002-10-18,86.461253
2002-10-21,86.202293
2002-10-22,85.573855
2002-10-23,87.440345
2002-10-24,87.402605
2002-10-25,87.427129
2002-10-28,88.558018
2002-10-29,87.527081
2002-10-30,87.24951
2002-10-31,88.433178
2002-11-01,88.09891
2002-11-04,89.838275
2002-11-05,89.48785
2002-11-06,90.579931
2002-11-07,91.268844
2002-11-08,91.431801
2002-11-11,90.198597
2002-11-12,89.687466
2002-11-13,89.493829
2002-11-14,89.774801
2002-11-15,91.399816
2002-11-18,91.779063
2002-11-19,91.104655
2002-11-20,91.096597
2002-11-21,92.379048
2002-11-22,92.946149
2002-11-25,93.597234
2002-11-26,92.928704
2002-11-27,93.263406
2002-11-28,93.780175
2002-11-29,94.519028
2002-12-02,95.167225
2002-12-03,95.309809
2002-12-04,93.878309
2002-12-05,93.852851
2002-12-06,93.569674
2002-12-09,93.777148
2002-12-10,93.052793
2002-12-11,92.877076
2002-12-12,93.487757
2002-12-13,93.360436
2002-12-16,92.987787
2002-12-17,93.762696
2002-12-18,93.653636
2002-12-19,93.845687
2002-12-20,94.427326
2002-12-23,93.598595
2002-12-24,92.93945
2002-12-25,92.834182
2002-12-26,93.025401
2002-12-27,92.587194
2002-12-30,91.331568
2002-12-31,91.374992
2003-01-01,91.409531
2003-01-02,92.048112
2003-01-03,93.894615
2003-01-06,94.97629
2003-01-07,94.356088
2003-01-08,94.578371
2003-01-09,94.360807
2003-01-10,94.818398
2003-01-13,96.158177
2003-01-14,96.319063
2003-01-15,96.440586
2003-01-16,95.808494
2003-01-17,94.545833
2003-01-20,94.210613
2003-01-21,93.420993
2003-01-22,92.707389
2003-01-23,93.232717
2003-01-24,92.025553
2003-01-27,90.431542
2003-01-28,90.866012
2003-01-29,90.514007
2003-01-30,90.785895
2003-01-31,90.972275
2003-02-03,91.43327
2003-02-04,91.335629
2003-02-05,91.307106
2003-02-06,90.158605
2003-02-07,89.152218
2003-02-10,88.402721
2003-02-11,88.716723
2003-02-12,89.072267
2003-02-13,87.697828
2003-02-14,87.667147
2003-02-17,89.898672
2003-02-18,90.074799
2003-02-19,89.630456
2003-02-20,89.832833
2003-02-21,90.076121
2003-02-24,90.455825
2003-02-25,88.717493
2003-02-26,88.495204
2003-02-27,88.514211
2003-02-28,88.415539
2003-03-03,89.497216
2003-03-04,88.517407
2003-03-05,87.478504
2003-03-06,86.841414
2003-03-07,86.289922
2003-03-10,85.534977
2003-03-11,84.923647
2003-03-12,84.925701
2003-03-13,85.738275
2003-03-14,86.673551
2003-03-17,84.988273
2003-03-18,87.200927
2003-03-19,87.193173
2003-03-20,88.576388
2003-03-21,88.926738
2003-03-24,88.03143
2003-03-25,87.632404
2003-03-26,87.872687
2003-03-27,87.464675
2003-03-28,87.476941
2003-03-31,85.890824
2003-04-01,86.380586
2003-04-02,87.179835
2003-04-03,87.697196
2003-04-04,88.740223
2003-04-07,90.76118
2003-04-08,90.303094
2003-04-09,89.591663
2003-04-10,89.660082
2003-04-11,89.991367
2003-04-14,90.568388
2003-04-15,91.97556
2003-04-16,93.09911
2003-04-17,93.193654
2003-04-18,94.085813
2003-04-21,94.120808
2003-04-22,93.01546
2003-04-23,93.094764
2003-04-24,91.834937
2003-04-25,90.487516
2003-04-28,91.113571
2003-04-29,93.159811
2003-04-30,93.529192
2003-05-01,93.567598
2003-05-02,94.041273
2003-05-05,94.926868
2003-05-06,94.907982
2003-05-07,95.84693
2003-05-08,95.226224
2003-05-09,95.945686
2003-05-12,97.037472
2003-05-13,97.021225
2003-05-14,96.810019
2003-05-15,96.882006
2003-05-16,96.183454
2003-05-19,95.38892
2003-05-20,95.178313
2003-05-21,95.315984
2003-05-22,95.914623
2003-05-23,97.508312
2003-05-26,98.700101
2003-05-27,98.167164
2003-05-28,99.387267
2003-05-29,100.021725
2003-05-30,100.216197
2003-06-02,101.499909
2003-06-03,101.098814
2003-06-04,101.654837
2003-06-05,102.563684
2003-06-06,103.126936
2003-06-09,103.540279
2003-06-10,103.32683
2003-06-11,103.42357
2003-06-12,104.597643
2003-06-13,104.974266
2003-06-16,105.460352
2003-06-17,107.353031
2003-06-18,106.731315
2003-06-19,107.285397
2003-06-20,106.970049
2003-06-23,105.499208
2003-06-24,104.876029
2003-06-25,105.837208
2003-06-26,105.806653
2003-06-27,106.144498
2003-06-30,105.896913
2003-07-01,107.207998
2003-07-02,108.678507
2003-07-03,109.306962
2003-07-04,109.818798
2003-07-07,111.396551
2003-07-08,111.965637
2003-07-09,111.390617
2003-07-10,110.472445
2003-07-11,110.355679
2003-07-14,112.607013
2003-07-15,112.158637
2003-07-16,111.644988
2003-07-17,110.329966
2003-07-18,109.798112
2003-07-21,109.527536
2003-07-22,109.95554
2003-07-23,109.733414
2003-07-24,110.859221
2003-07-25,111.760359
2003-07-28,113.0516
2003-07-29,112.710335
2003-07-30,112.044686
2003-07-31,112.482386
2003-08-01,112.682062
2003-08-04,112.292522
2003-08-05,111.726265
2003-08-06,110.738592
2003-08-07,111.599137
2003-08-08,111.571826
2003-08-11,112.445076
2003-08-12,112.589057
2003-08-13,114.112706
2003-08-14,115.203166
2003-08-15,115.616069
2003-08-18,116.452185
2003-08-19,116.880903
2003-08-20,117.060753
2003-08-21,118.657339
2003-08-22,119.112824
2003-08-25,118.646216
2003-08-26,118.00213
2003-08-27,118.566597
2003-08-28,118.725393
2003-08-29,120.009145
2003-09-01,121.105479
2003-09-02,121.04105
2003-09-03,121.984311
2003-09-04,122.36644
2003-09-05,122.994311
2003-09-08,123.452228
2003-09-09,123.066992
2003-09-10,122.659785
2003-09-11,122.838615
2003-09-12,122.820856
2003-09-15,121.728159
2003-09-16,122.748377
2003-09-17,123.111137
2003-09-18,122.962873
2003-09-19,122.529719
2003-09-22,121.259483
2003-09-23,121.776677
2003-09-24,122.688457
2003-09-25,121.51548
2003-09-26,120.565358
2003-09-29,120.675688
2003-09-30,120.883215
2003-10-01,122.175515
2003-10-02,123.906527
2003-10-03,124.981376
2003-10-06,126.128317
2003-10-07,126.820322
2003-10-08,127.66478
2003-10-09,129.306054
2003-10-10,130.649345
2003-10-13,131.504649
2003-10-14,130.945848
2003-10-15,130.661777
2003-10-16,131.88291
2003-10-17,131.264148
2003-10-20,131.749116
2003-10-21,131.413156
2003-10-22,131.062763
2003-10-23,128.433933
2003-10-24,128.432703
2003-10-27,128.548561
2003-10-28,130.50689
2003-10-29,131.0637
2003-10-30,131.415841
2003-10-31,131.167549
2003-11-03,133.213423
2003-11-04,133.853046
2003-11-05,133.884479
2003-11-06,132.723442
2003-11-07,133.591163
2003-11-10,132.833233
2003-11-11,131.404939
2003-11-12,132.334261
2003-11-13,133.971319
2003-11-14,133.997599
2003-11-17,131.634611
2003-11-18,131.789092
2003-11-19,129.709654
2003-11-20,128.709464
2003-11-21,129.538605
2003-11-24,128.681153
2003-11-25,130.111766
2003-11-26,131.325081
2003-11-27,131.239103
2003-11-28,132.76387
2003-12-01,135.322766
2003-12-02,135.775457
2003-12-03,136.087012
2003-12-04,135.305814
2003-12-05,134.82433
2003-12-08,134.551897
2003-12-09,135.980548
2003-12-10,135.547458
2003-12-11,136.106383
2003-12-12,137.035758
2003-12-15,138.076782
2003-12-16,136.834054
2003-12-17,135.656857
2003-12-18,136.88207
2003-12-19,137.519526
2003-12-22,138.427017
2003-12-23,138.450969
2003-12-24,139.011043
2003-12-25,139.029189
2003-12-26,139.329393
2003-12-29,140.278603
2003-12-30,142.007441
2003-12-31,142.377423
2004-01-01,142.493654
2004-01-02,144.968608
2004-01-05,148.7389
2004-01-06,148.309848
2004-01-07,147.955171
2004-01-08,148.60356
2004-01-09,150.602255
2004-01-12,150.373332
2004-01-13,150.540806
2004-01-14,149.403986
2004-01-15,147.67302
2004-01-16,147.83242
2004-01-19,148.995929
2004-01-20,150.498774
2004-01-21,149.990085
2004-01-22,150.046986
2004-01-23,150.775763
2004-01-26,151.385855
2004-01-27,151.926146
2004-01-28,151.090051
2004-01-29,147.992458
2004-01-30,147.348638
2004-02-02,147.217136
2004-02-03,147.385327
2004-02-04,146.874818
2004-02-05,146.226268
2004-02-06,148.280649
2004-02-09,150.849862
2004-02-10,151.170856
2004-02-11,152.182523
2004-02-12,153.828977
2004-02-13,154.759669
2004-02-16,154.639452
2004-02-17,155.968946
2004-02-18,155.809655
2004-02-19,154.31561
2004-02-20,153.343069
2004-02-23,152.667976
2004-02-24,151.736614
2004-02-25,151.904089
2004-02-26,152.440008
2004-02-27,154.106419
2004-03-01,156.545198
2004-03-02,157.567669
2004-03-03,155.676244
2004-03-04,156.658638
2004-03-05,157.595184
2004-03-08,157.061658
2004-03-09,156.724272
2004-03-10,153.847271
2004-03-11,151.588797
2004-03-12,150.784121
2004-03-15,149.985063
2004-03-16,150.106395
2004-03-17,151.901483
2004-03-18,153.398393
2004-03-19,154.115946
2004-03-22,151.455987
2004-03-23,150.473706
2004-03-24,150.681209
2004-03-25,149.836677
2004-03-26,150.908314
2004-03-29,152.9826
2004-03-30,154.190955
2004-03-31,156.032421
2004-04-01,157.109779
2004-04-02,157.736607
2004-04-05,158.848564
2004-04-06,159.708648
2004-04-07,160.288528
2004-04-08,160.625436
2004-04-09,159.985335
2004-04-12,161.078077
2004-04-13,160.172098
2004-04-14,157.924469
2004-04-15,156.725647
2004-04-16,156.359827
2004-04-19,156.145198
2004-04-20,156.334364
2004-04-21,154.684057
2004-04-22,153.36923
2004-04-23,155.13092
2004-04-26,153.893273
2004-04-27,152.923397
2004-04-28,150.276051
2004-04-29,145.967739
2004-04-30,143.255807
2004-05-03,143.076583
2004-05-04,145.289822
2004-05-05,144.860192
2004-05-06,142.499351
2004-05-07,140.836876
2004-05-10,134.166483
2004-05-11,135.162015
2004-05-12,137.118918
2004-05-13,135.533957
2004-05-14,133.01375
2004-05-17,128.722384
2004-05-18,130.964701
2004-05-19,136.438926
2004-05-20,134.748697
2004-05-21,136.45977
2004-05-24,137.704037
2004-05-25,137.479036
2004-05-26,138.700475
2004-05-27,140.986961
2004-05-28,141.320574
2004-05-31,140.398018
2004-06-01,140.531752
2004-06-02,140.005848
2004-06-03,136.816295
2004-06-04,137.51904
2004-06-07,141.569563
2004-06-08,141.524261
2004-06-09,140.15504
2004-06-10,139.002655
2004-06-11,136.586103
2004-06-14,134.313694
2004-06-15,135.270194
2004-06-16,135.243814
2004-06-17,136.496821
2004-06-18,135.985212
2004-06-21,136.691807
2004-06-22,136.132587
2004-06-23,137.021296
2004-06-24,139.490083
2004-06-25,140.603418
2004-06-28,139.8451
2004-06-29,139.663503
2004-06-30,140.99644
2004-07-01,141.337211
2004-07-02,140.32717
2004-07-05,140.195817
2004-07-06,140.135042
2004-07-07,141.004846
2004-07-08,139.415087
2004-07-09,140.135622
2004-07-12,140.402583
2004-07-13,140.529673
2004-07-14,139.244983
2004-07-15,138.727713
2004-07-16,139.980859
2004-07-19,140.615567
2004-07-20,139.395591
2004-07-21,139.948902
2004-07-22,138.546853
2004-07-23,137.759042
2004-07-26,136.824056
2004-07-27,137.266441
2004-07-28,137.307482
2004-07-29,137.050309
2004-07-30,138.414781
2004-08-02,137.706885
2004-08-03,138.017508
2004-08-04,137.66144
2004-08-05,138.72598
2004-08-06,137.889822
2004-08-09,138.288014
2004-08-10,138.508802
2004-08-11,137.25215
2004-08-12,137.70176
2004-08-13,138.10523
2004-08-16,138.284511
2004-08-17,138.904394
2004-08-18,139.498798
2004-08-19,141.538988
2004-08-20,141.587027
2004-08-23,141.406877
2004-08-24,141.548195
2004-08-25,142.202679
2004-08-26,143.434028
2004-08-27,143.609246
2004-08-30,143.84963
2004-08-31,144.155298
2004-09-01,145.361238
2004-09-02,146.064745
2004-09-03,145.077259
2004-09-06,145.823382
2004-09-07,145.948732
2004-09-08,146.174987
2004-09-09,146.484586
2004-09-10,147.862538
2004-09-13,149.121616
2004-09-14,150.249283
2004-09-15,149.720754
2004-09-16,151.097708
2004-09-17,151.290601
2004-09-20,152.219685
2004-09-21,153.240252
2004-09-22,151.968579
2004-09-23,151.7704
2004-09-24,151.517291
2004-09-27,150.796808
2004-09-28,151.271527
2004-09-29,151.680993
2004-09-30,152.471739
2004-10-01,154.697322
2004-10-04,157.977304
2004-10-05,157.931534
2004-10-06,157.981805
2004-10-07,158.339977
2004-10-08,158.407578
2004-10-11,157.877657
2004-10-12,155.221062
2004-10-13,153.808403
2004-10-14,152.867111
2004-10-15,153.480789
2004-10-18,153.786794
2004-10-19,154.507015
2004-10-20,152.50391
2004-10-21,153.357826
2004-10-22,154.076461
2004-10-25,152.837028
2004-10-26,153.364061
2004-10-27,154.607413
2004-10-28,155.50608
2004-10-29,156.115232
2004-11-01,156.650245
2004-11-02,157.687511
2004-11-03,159.916007
2004-11-04,160.212111
2004-11-05,161.43119
2004-11-08,160.599547
2004-11-09,161.073378
2004-11-10,161.917103
2004-11-11,162.152233
2004-11-12,163.884376
2004-11-15,165.154209
2004-11-16,164.731232
2004-11-17,167.280751
2004-11-18,167.477394
2004-11-19,166.542443
2004-11-22,165.083855
2004-11-23,166.114386
2004-11-24,167.442941
2004-11-25,168.188185
2004-11-26,168.497423
2004-11-29,169.598279
2004-11-30,170.567097
2004-12-01,170.766637
2004-12-02,171.7562
2004-12-03,171.526066
2004-12-06,171.833032
2004-12-07,170.771078
2004-12-08,168.3584
2004-12-09,167.068185
2004-12-10,166.017183
2004-12-13,167.205686
2004-12-14,168.912871
2004-12-15,171.073518
2004-12-16,171.844819
2004-12-17,171.675172
2004-12-20,173.001093
2004-12-21,173.851315
2004-12-22,173.991475
2004-12-23,174.730013
2004-12-24,175.213646
2004-12-27,175.637944
2004-12-28,176.181963
2004-12-29,176.831666
2004-12-30,177.658387
2004-12-31,178.759212
2005-01-03,178.835428
2005-01-04,175.76739
2005-01-05,173.231175
2005-01-06,170.943681
2005-01-07,171.177755
2005-01-10,171.500852
2005-01-11,172.135973
2005-01-12,172.298285
2005-01-13,173.206378
2005-01-14,174.248266
2005-01-17,175.436439
2005-01-18,174.299972
2005-01-19,174.614954
2005-01-20,173.186772
2005-01-21,173.574925
2005-01-24,174.177697
2005-01-25,174.355515
2005-01-26,175.988947
2005-01-27,176.367831
2005-01-28,176.978267
2005-01-31,179.212672
2005-02-01,179.086163
2005-02-02,179.617528
2005-02-03,180.542843
2005-02-04,181.653181
2005-02-07,182.249232
2005-02-08,181.636728
2005-02-09,182.468638
2005-02-10,182.320477
2005-02-11,183.169746
2005-02-14,185.577737
2005-02-15,186.137
2005-02-16,186.064459
2005-02-17,186.56867
2005-02-18,187.4466
2005-02-21,187.855758
2005-02-22,189.182352
2005-02-23,189.025029
2005-02-24,191.092911
2005-02-25,192.510707
2005-02-28,194.849007
2005-03-01,194.260889
2005-03-02,192.122971
2005-03-03,192.701592
2005-03-04,193.774149
2005-03-07,194.556497
2005-03-08,194.377999
2005-03-09,194.519696
2005-03-10,192.672438
2005-03-11,193.762937
2005-03-14,191.219825
2005-03-15,187.978476
2005-03-16,187.519596
2005-03-17,186.939707
2005-03-18,186.923839
2005-03-21,185.529998
2005-03-22,184.696902
2005-03-23,181.432854
2005-03-24,181.019753
2005-03-25,181.7855
2005-03-28,180.784163
2005-03-29,178.593988
2005-03-30,179.112061
2005-03-31,181.971569
2005-04-01,184.453974
2005-04-04,182.697008
2005-04-05,182.903966
2005-04-06,183.763817
2005-04-07,184.473326
2005-04-08,184.411138
2005-04-11,184.031454
2005-04-12,183.620588
2005-04-13,184.207106
2005-04-14,180.558891
2005-04-15,178.158496
2005-04-18,175.052408
2005-04-19,177.27656
2005-04-20,177.619172
2005-04-21,178.152277
2005-04-22,178.904122
2005-04-25,179.811726
2005-04-26,180.442114
2005-04-27,178.928329
2005-04-28,176.826439
2005-04-29,177.08716
2005-05-02,177.746197
2005-05-03,177.86803
2005-05-04,180.896312
2005-05-05,182.625877
2005-05-06,183.66849
2005-05-09,183.489337
2005-05-10,182.518548
2005-05-11,181.247826
2005-05-12,180.178221
2005-05-13,179.358462
2005-05-16,179.135223
2005-05-17,178.887972
2005-05-18,180.418175
2005-05-19,182.268903
2005-05-20,181.797982
2005-05-23,181.334383
2005-05-24,182.020448
2005-05-25,181.505875
2005-05-26,181.832608
2005-05-27,184.002594
2005-05-30,184.777947
2005-05-31,183.251201
2005-06-01,182.731137
2005-06-02,184.376795
2005-06-03,185.854536
2005-06-06,185.682779
2005-06-07,185.228034
2005-06-08,185.851363
2005-06-09,184.821519
2005-06-10,186.055752
2005-06-13,186.384127
2005-06-14,186.87193
2005-06-15,188.358266
2005-06-16,189.202435
2005-06-17,190.859545
2005-06-20,190.627254
2005-06-21,189.999977
2005-06-22,191.694553
2005-06-23,191.074449
2005-06-24,190.050277
2005-06-27,189.698482
2005-06-28,190.022818
2005-06-29,189.560202
2005-06-30,189.477085
2005-07-01,190.567017
2005-07-04,189.839869
2005-07-05,188.952833
2005-07-06,189.807111
2005-07-07,188.841323
2005-07-08,189.344741
2005-07-11,192.749848
2005-07-12,195.454672
2005-07-13,195.90815
2005-07-14,197.349071
2005-07-15,195.787102
2005-07-18,196.193594
2005-07-19,197.033805
2005-07-20,197.975977
2005-07-21,199.383987
2005-07-22,200.373596
2005-07-25,200.261158
2005-07-26,198.861719
2005-07-27,199.812037
2005-07-28,201.98036
2005-07-29,202.721043
2005-08-01,204.238026
2005-08-02,206.813499
2005-08-03,208.062117
2005-08-04,208.248631
2005-08-05,207.25032
2005-08-08,207.303405
2005-08-09,207.726054
2005-08-10,209.671738
2005-08-11,210.023963
2005-08-12,209.29722
2005-08-15,209.191593
2005-08-16,208.169336
2005-08-17,207.512919
2005-08-18,204.944989
2005-08-19,203.60748
2005-08-22,206.423748
2005-08-23,205.484105
2005-08-24,203.679895
2005-08-25,204.103235
2005-08-26,203.880335
2005-08-29,202.118459
2005-08-30,202.498901
2005-08-31,204.457423
2005-09-01,208.068637
2005-09-02,210.517993
2005-09-05,210.847769
2005-09-06,211.401364
2005-09-07,212.021992
2005-09-08,212.513554
2005-09-09,213.864884
2005-09-12,214.680551
2005-09-13,213.93241
2005-09-14,214.628295
2005-09-15,215.410856
2005-09-16,216.206126
2005-09-19,217.095332
2005-09-20,218.619428
2005-09-21,219.831394
2005-09-22,218.13859
2005-09-23,216.477964
2005-09-26,218.04126
2005-09-27,218.901512
2005-09-28,219.756068
2005-09-29,221.603482
2005-09-30,223.494527
2005-10-03,223.572563
2005-10-04,224.331149
2005-10-05,220.634793
2005-10-06,215.381303
2005-10-07,215.606231
2005-10-10,217.236814
2005-10-11,218.514476
2005-10-12,215.277843
2005-10-13,210.407535
2005-10-14,209.049537
2005-10-17,210.218202
2005-10-18,208.509924
2005-10-19,204.244085
2005-10-20,204.900464
2005-10-21,205.634473
2005-10-24,207.339043
2005-10-25,207.338745
2005-10-26,208.260452
2005-10-27,205.698934
2005-10-28,204.914298
2005-10-31,208.886817
2005-11-01,211.998941
2005-11-02,214.719714
2005-11-03,216.313849
2005-11-04,215.648143
2005-11-07,215.530246
2005-11-08,215.167493
2005-11-09,216.768305
2005-11-10,217.125694
2005-11-11,218.850049
2005-11-14,219.287882
2005-11-15,218.492619
2005-11-16,219.605381
2005-11-17,221.689998
2005-11-18,222.663059
2005-11-21,223.039641
2005-11-22,221.113982
2005-11-23,224.795937
2005-11-24,225.679811
2005-11-25,225.877681
2005-11-28,226.243753
2005-11-29,225.349746
2005-11-30,226.167072
2005-12-01,227.653942
2005-12-02,229.936635
2005-12-05,231.146624
2005-12-06,232.809181
2005-12-07,233.340514
2005-12-08,231.892666
2005-12-09,231.553258
2005-12-12,233.200365
2005-12-13,234.175037
2005-12-14,234.432309
2005-12-15,233.774595
2005-12-16,233.608014
2005-12-19,235.06027
2005-12-20,234.918535
2005-12-21,236.878565
2005-12-22,237.244363
2005-12-23,238.395146
2005-12-26,238.339818
2005-12-27,239.257427
2005-12-28,237.952401
2005-12-29,239.916885
2005-12-30,239.534858
2006-01-02,239.825921
2006-01-03,244.626334
2006-01-04,249.316511
2006-01-05,250.31801
2006-01-06,252.608818
2006-01-09,255.145414
2006-01-10,254.155016
2006-01-11,255.562571
2006-01-12,256.966683
2006-01-13,256.757481
2006-01-16,258.494556
2006-01-17,255.086644
2006-01-18,250.819924
2006-01-19,255.857681
2006-01-20,256.092384
2006-01-23,255.376184
2006-01-24,258.788657
2006-01-25,261.510539
2006-01-26,262.374582
2006-01-27,264.760409
2006-01-30,264.410968
2006-01-31,266.290083
2006-02-01,267.089937
2006-02-02,264.623005
2006-02-03,260.827836
2006-02-06,264.934337
2006-02-07,262.826736
2006-02-08,258.671338
2006-02-09,261.305507
2006-02-10,262.102349
2006-02-13,258.541376
2006-02-14,258.981777
2006-02-15,259.09064
2006-02-16,261.249662
2006-02-17,264.683894
2006-02-20,266.997352
2006-02-21,266.064716
2006-02-22,264.896687
2006-02-23,266.874848
2006-02-24,267.282295
2006-02-27,268.763458
2006-02-28,265.973572
2006-03-01,267.720525
2006-03-02,269.304752
2006-03-03,266.925904
2006-03-06,265.99853
2006-03-07,257.99068
2006-03-08,254.97795
2006-03-09,255.152398
2006-03-10,255.998988
2006-03-13,259.368253
2006-03-14,259.850791
2006-03-15,263.36025
2006-03-16,265.019056
2006-03-17,266.31601
2006-03-20,267.092841
2006-03-21,264.304105
2006-03-22,262.322383
2006-03-23,263.035994
2006-03-24,263.5699
2006-03-27,264.896173
2006-03-28,262.684537
2006-03-29,263.013618
2006-03-30,266.94808
2006-03-31,268.317274
2006-04-03,273.146281
2006-04-04,275.590103
2006-04-05,276.842341
2006-04-06,278.662275
2006-04-07,277.643808
2006-04-10,276.563296
2006-04-11,275.515816
2006-04-12,274.228559
2006-04-13,274.212794
2006-04-14,276.068115
2006-04-17,278.571614
2006-04-18,282.472843
2006-04-19,286.052016
2006-04-20,286.597376
2006-04-21,287.961977
2006-04-24,287.060237
2006-04-25,285.605998
2006-04-26,288.506734
2006-04-27,286.692257
2006-04-28,287.42485
2006-05-01,288.600486
2006-05-02,292.690318
2006-05-03,293.881927
2006-05-04,295.424874
2006-05-05,297.455744
2006-05-08,301.299297
2006-05-09,301.222969
2006-05-10,300.654545
2006-05-11,298.619398
2006-05-12,293.106868
2006-05-15,280.597223
2006-05-16,279.709455
2006-05-17,279.34917
2006-05-18,271.023279
2006-05-19,269.241214
2006-05-22,256.757229
2006-05-23,261.288948
2006-05-24,256.334849
2006-05-25,257.164546
2006-05-26,263.583282
2006-05-29,265.007344
2006-05-30,259.455895
2006-05-31,257.306185
2006-06-01,257.635008
2006-06-02,262.85953
2006-06-05,260.300327
2006-06-06,254.987316
2006-06-07,248.956287
2006-06-08,239.054392
2006-06-09,242.074379
2006-06-12,238.313026
2006-06-13,228.133285
2006-06-14,230.890787
2006-06-15,236.225766
2006-06-16,242.382678
2006-06-19,240.743917
2006-06-20,237.843474
2006-06-21,239.728065
2006-06-22,241.253753
2006-06-23,240.218362
2006-06-26,240.259456
2006-06-27,242.555841
2006-06-28,243.199388
2006-06-29,248.414695
2006-06-30,256.676789
2006-07-03,260.704753
2006-07-04,262.030176
2006-07-05,256.267104
2006-07-06,257.595238
2006-07-07,258.268696
2006-07-10,259.829846
2006-07-11,258.773384
2006-07-12,258.75062
2006-07-13,252.537943
2006-07-14,248.455347
2006-07-17,244.216925
2006-07-18,244.681706
2006-07-19,248.296926
2006-07-20,252.775071
2006-07-21,251.025336
2006-07-24,251.653039
2006-07-25,254.483972
2006-07-26,254.963562
2006-07-27,260.283307
2006-07-28,260.127819
2006-07-31,260.299694
2006-08-01,257.919727
2006-08-02,260.563389
2006-08-03,260.809034
2006-08-04,263.121871
2006-08-07,262.266163
2006-08-08,263.665356
2006-08-09,266.211327
2006-08-10,264.842373
2006-08-11,265.021529
2006-08-14,264.404409
2006-08-15,265.363074
2006-08-16,269.247854
2006-08-17,270.35319
2006-08-18,268.195884
2006-08-21,266.459331
2006-08-22,268.032205
2006-08-23,265.764177
2006-08-24,264.033862
2006-08-25,264.443206
2006-08-28,264.321365
2006-08-29,266.200314
2006-08-30,268.216866
2006-08-31,266.931445
2006-09-01,268.821884
2006-09-04,272.833091
2006-09-05,272.640643
2006-09-06,269.740309
2006-09-07,266.309103
2006-09-08,266.107324
2006-09-11,260.852822
2006-09-12,262.600642
2006-09-13,265.238518
2006-09-14,265.89905
2006-09-15,266.723115
2006-09-18,270.492251
2006-09-19,270.314063
2006-09-20,268.975847
2006-09-21,267.852338
2006-09-22,264.53
2006-09-25,263.830687
2006-09-26,265.658086
2006-09-27,268.406538
2006-09-28,269.978997
2006-09-29,269.154165
2006-10-02,270.175843
2006-10-03,268.337687
2006-10-04,267.869009
2006-10-05,271.503693
2006-10-06,271.170471
2006-10-09,270.747254
2006-10-10,272.079547
2006-10-11,271.947061
2006-10-12,273.560962
2006-10-13,278.12156
2006-10-16,279.845957
2006-10-17,277.949417
2006-10-18,278.96826
2006-10-19,279.487939
2006-10-20,279.373026
2006-10-23,278.349121
2006-10-24,279.415354
2006-10-25,280.944017
2006-10-26,282.659933
2006-10-27,282.050021
2006-10-30,279.07099
2006-10-31,281.938142
2006-11-01,284.747585
2006-11-02,284.450524
2006-11-03,286.411418
2006-11-06,288.043275
2006-11-07,290.266837
2006-11-08,289.562241
2006-11-09,291.68078
2006-11-10,291.887594
2006-11-13,291.273258
2006-11-14,293.758685
2006-11-15,293.896054
2006-11-16,294.90957
2006-11-17,292.344391
2006-11-20,292.471218
2006-11-21,294.781034
2006-11-22,297.968324
2006-11-23,298.530004
2006-11-24,299.025564
2006-11-27,299.080621
2006-11-28,295.583219
2006-11-29,300.262605
2006-11-30,302.891616
2006-12-01,303.461713
2006-12-04,304.724772
2006-12-05,307.871124
2006-12-06,308.876256
2006-12-07,308.923275
2006-12-08,306.854142
2006-12-11,305.579451
2006-12-12,303.413667
2006-12-13,303.631735
2006-12-14,307.375813
2006-12-15,309.077352
2006-12-18,310.359155
2006-12-19,305.575708
2006-12-20,309.405185
2006-12-21,309.522665
2006-12-22,309.590209
2006-12-25,309.171279
2006-12-26,309.755677
2006-12-27,313.911669
2006-12-28,315.649935
2006-12-29,316.530794
2007-01-01,316.637223
2007-01-02,321.383734
2007-01-03,319.533996
2007-01-04,314.654863
2007-01-05,310.238263
2007-01-08,308.536604
2007-01-09,304.584357
2007-01-10,300.956039
2007-01-11,303.292377
2007-01-12,307.042113
2007-01-15,311.352346
2007-01-16,310.781935
2007-01-17,310.325278
2007-01-18,311.419259
2007-01-19,311.396675
2007-01-22,313.806204
2007-01-23,314.538424
2007-01-24,318.060755
2007-01-25,316.984044
2007-01-26,313.328332
2007-01-29,310.829751
2007-01-30,312.474116
2007-01-31,313.189006
2007-02-01,317.088619
2007-02-02,319.505274
2007-02-05,320.351988
2007-02-06,322.650671
2007-02-07,322.632961
2007-02-08,321.359301
2007-02-09,321.112156
2007-02-12,316.850286
2007-02-13,318.048118
2007-02-14,322.653143
2007-02-15,325.009697
2007-02-16,325.696842
2007-02-19,326.471118
2007-02-20,325.504366
2007-02-21,325.913279
2007-02-22,328.117383
2007-02-23,326.849847
2007-02-26,326.927702
2007-02-27,316.887528
2007-02-28,311.330152
2007-03-01,306.720107
2007-03-02,305.16706
2007-03-05,293.562098
2007-03-06,300.703545
2007-03-07,301.24482
2007-03-08,307.151582
2007-03-09,309.463836
2007-03-12,311.653197
2007-03-13,309.402307
2007-03-14,303.631328
2007-03-15,307.670379
2007-03-16,307.387188
2007-03-19,311.174371
2007-03-20,312.814909
2007-03-21,316.604804
2007-03-22,320.926271
2007-03-23,321.554352
2007-03-26,322.252675
2007-03-27,321.107772
2007-03-28,318.217959
2007-03-29,322.03324
2007-03-30,323.682151
2007-04-02,323.394628
2007-04-03,326.613539
2007-04-04,330.239111
2007-04-05,331.276933
2007-04-06,331.332245
2007-04-09,333.596925
2007-04-10,334.822036
2007-04-11,335.991988
2007-04-12,335.957593
2007-04-13,337.958339
2007-04-16,342.078398
2007-04-17,341.332921
2007-04-18,340.467757
2007-04-19,336.530119
2007-04-20,341.90002
2007-04-23,342.349407
2007-04-24,342.126635
2007-04-25,343.033034
2007-04-26,343.341625
2007-04-27,340.687906
2007-04-30,339.038771
2007-05-01,338.765162
2007-05-02,340.526892
2007-05-03,344.545812
2007-05-04,347.631344
2007-05-07,349.140373
2007-05-08,347.008902
2007-05-09,348.984337
2007-05-10,347.541836
2007-05-11,346.47844
2007-05-14,349.091106
2007-05-15,347.28274
2007-05-16,351.309119
2007-05-17,351.081012
2007-05-18,352.01617
2007-05-21,354.957083
2007-05-22,356.163773
2007-05-23,355.719331
2007-05-24,351.324241
2007-05-25,351.843568
2007-05-28,353.013027
2007-05-29,352.380702
2007-05-30,350.004262
2007-05-31,355.496494
2007-06-01,361.510039
2007-06-04,362.568959
2007-06-05,362.960835
2007-06-06,358.937566
2007-06-07,357.485492
2007-06-08,353.210454
2007-06-11,355.818074
2007-06-12,355.795132
2007-06-13,356.205679
2007-06-14,363.666652
2007-06-15,368.218423
2007-06-18,372.597276
2007-06-19,372.615114
2007-06-20,373.521816
2007-06-21,374.550115
2007-06-22,373.637173
2007-06-25,371.233649
2007-06-26,369.067247
2007-06-27,366.973725
2007-06-28,370.995448
2007-06-29,372.160779
2007-07-02,376.878841
2007-07-03,382.589195
2007-07-04,384.911632
2007-07-05,385.567209
2007-07-06,388.621639
2007-07-09,393.314046
2007-07-10,392.298699
2007-07-11,391.502369
2007-07-12,397.295322
2007-07-13,402.905937
2007-07-16,400.903673
2007-07-17,400.880209
2007-07-18,398.142858
2007-07-19,402.371683
2007-07-20,404.823356
2007-07-23,409.152626
2007-07-24,406.943257
2007-07-25,403.786667
2007-07-26,394.717939
2007-07-27,382.059818
2007-07-30,385.36286
2007-07-31,391.797179
2007-08-01,378.397951
2007-08-02,380.69108
2007-08-03,380.507879
2007-08-06,372.924383
2007-08-07,374.589333
2007-08-08,385.187848
2007-08-09,380.253588
2007-08-10,367.691452
2007-08-13,371.41878
2007-08-14,366.13858
2007-08-15,357.375382
2007-08-16,337.266488
2007-08-17,337.670804
2007-08-20,350.421737
2007-08-21,349.795224
2007-08-22,358.811365
2007-08-23,365.129949
2007-08-24,366.736158
2007-08-27,373.702927
2007-08-28,370.533785
2007-08-29,369.692314
2007-08-30,374.538201
2007-08-31,383.470705
2007-09-03,385.334771
2007-09-04,385.10236
2007-09-05,383.148499
2007-09-06,386.295449
2007-09-07,384.286131
2007-09-10,379.776639
2007-09-11,384.201575
2007-09-12,384.877698
2007-09-13,388.985535
2007-09-14,391.242557
2007-09-17,388.127092
2007-09-18,391.444051
2007-09-19,404.743342
2007-09-20,407.579461
2007-09-21,410.229329
2007-09-24,415.025433
2007-09-25,413.458736
2007-09-26,417.503869
2007-09-27,425.100607
2007-09-28,425.821546
2007-10-01,430.477468
2007-10-02,439.740548
2007-10-03,437.120276
2007-10-04,433.338355
2007-10-05,440.399218
2007-10-08,442.011871
2007-10-09,445.666126
2007-10-10,449.541503
2007-10-11,455.917479
2007-10-12,451.334051
2007-10-15,456.306238
2007-10-16,450.704968
2007-10-17,452.564204
2007-10-18,452.29274
2007-10-19,446.728193
2007-10-22,436.502072
2007-10-23,448.670806
2007-10-24,447.47983
2007-10-25,454.087073
2007-10-26,463.823964
2007-10-29,473.360418
2007-10-30,471.0901
2007-10-31,473.309509
2007-11-01,469.867116
2007-11-02,463.591912
2007-11-05,455.11975
2007-11-06,461.684184
2007-11-07,461.177236
2007-11-08,453.716462
2007-11-09,452.216457
2007-11-12,436.052263
2007-11-13,439.005653
2007-11-14,452.997658
2007-11-15,447.659714
2007-11-16,440.95854
2007-11-19,434.344356
2007-11-20,434.87602
2007-11-21,420.728681
2007-11-22,419.667962
2007-11-23,419.910092
2007-11-26,425.162052
2007-11-27,420.583821
2007-11-28,426.145184
2007-11-29,434.343859
2007-11-30,439.749393
2007-12-03,440.161813
2007-12-04,441.461547
2007-12-05,449.49138
2007-12-06,453.416715
2007-12-07,454.20515
2007-12-10,452.167495
2007-12-11,452.979706
2007-12-12,450.480675
2007-12-13,439.925125
2007-12-14,433.679714
2007-12-17,419.269089
2007-12-18,421.273873
2007-12-19,423.945443
2007-12-20,423.583665
2007-12-21,430.674901
2007-12-24,438.357529
2007-12-25,438.43441
2007-12-26,440.521255
2007-12-27,442.253606
2007-12-28,441.783992
2007-12-31,441.299633
2008-01-01,441.426647
2008-01-02,437.731277
2008-01-03,434.997508
2008-01-04,434.120738
2008-01-07,427.92103
2008-01-08,432.469847
2008-01-09,434.842222
2008-01-10,432.817064
2008-01-11,430.182188
2008-01-14,431.776157
2008-01-15,424.033068
2008-01-16,406.791545
2008-01-17,404.415935
2008-01-18,402.829274
2008-01-21,379.303786
2008-01-22,369.107379
2008-01-23,374.119516
2008-01-24,384.130235
2008-01-25,394.006143
2008-01-28,385.929756
2008-01-29,391.291533
2008-01-30,387.236679
2008-01-31,386.228079
2008-02-01,397.370884
2008-02-04,405.402898
2008-02-05,400.270185
2008-02-06,392.140678
2008-02-07,388.8211
2008-02-08,388.790353
2008-02-11,384.820342
2008-02-12,390.906616
2008-02-13,394.556806
2008-02-14,403.180667
2008-02-15,402.493197
2008-02-18,405.324237
2008-02-19,409.59932
2008-02-20,404.562348
2008-02-21,409.936525
2008-02-22,408.455928
2008-02-25,412.495817
2008-02-26,416.351197
2008-02-27,422.969815
2008-02-28,423.392965
2008-02-29,414.736498
2008-03-03,406.658975
2008-03-04,403.592585
2008-03-05,405.720921
2008-03-06,406.482272
2008-03-07,396.985309
2008-03-10,388.696812
2008-03-11,397.393684
2008-03-12,401.932868
2008-03-13,390.81775
2008-03-14,388.287725
2008-03-17,371.287012
2008-03-18,378.61967
2008-03-19,378.923097
2008-03-20,371.840793
2008-03-21,373.999165
2008-03-24,381.390457
2008-03-25,392.682729
2008-03-26,393.788819
2008-03-27,393.477379
2008-03-28,395.670626
2008-03-31,392.788946
2008-04-01,396.087278
2008-04-02,404.603307
2008-04-03,406.470787
2008-04-04,407.338969
2008-04-07,412.989944
2008-04-08,410.481348
2008-04-09,409.383908
2008-04-10,412.424109
2008-04-11,413.100498
2008-04-14,407.790778
2008-04-15,409.825751
2008-04-16,414.885242
2008-04-17,418.190389
2008-04-18,418.777168
2008-04-21,422.782759
2008-04-22,423.838946
2008-04-23,424.70284
2008-04-24,422.96134
2008-04-25,423.643832
2008-04-28,425.611196
2008-04-29,420.593188
2008-04-30,424.665227
2008-05-01,425.169174
2008-05-02,430.539164
2008-05-05,431.440693
2008-05-06,433.537274
2008-05-07,430.23463
2008-05-08,426.849866
2008-05-09,424.090724
2008-05-12,426.117535
2008-05-13,430.321423
2008-05-14,431.043053
2008-05-15,436.034743
2008-05-16,442.827869
2008-05-19,446.276834
2008-05-20,440.754003
2008-05-21,440.575327
2008-05-22,436.610406
2008-05-23,431.653413
2008-05-26,426.46642
2008-05-27,426.016723
2008-05-28,427.273553
2008-05-29,429.605077
2008-05-30,432.54364
2008-06-02,431.841015
2008-06-03,425.740162
2008-06-04,419.65159
2008-06-05,423.61791
2008-06-06,423.051378
2008-06-09,417.59781
2008-06-10,407.163111
2008-06-11,404.784981
2008-06-12,401.864232
2008-06-13,400.787401
2008-06-16,405.469798
2008-06-17,409.416666
2008-06-18,407.631184
2008-06-19,403.393614
2008-06-20,397.583822
2008-06-23,393.744396
2008-06-24,390.829723
2008-06-25,396.137523
2008-06-26,393.82605
2008-06-27,388.509657
2008-06-30,389.395607
2008-07-01,382.830013
2008-07-02,378.825355
2008-07-03,370.380385
2008-07-04,369.267995
2008-07-07,372.178826
2008-07-08,366.651051
2008-07-09,371.812502
2008-07-10,371.711619
2008-07-11,374.044876
2008-07-14,374.138177
2008-07-15,364.574467
2008-07-16,364.796057
2008-07-17,370.421805
2008-07-18,367.141523
2008-07-21,374.115086
2008-07-22,372.114353
2008-07-23,377.26598
2008-07-24,374.837611
2008-07-25,368.30214
2008-07-28,368.265858
2008-07-29,365.211715
2008-07-30,373.552294
2008-07-31,374.707566
2008-08-01,370.38932
2008-08-04,362.695142
2008-08-05,359.528383
2008-08-06,364.144911
2008-08-07,362.696605
2008-08-08,356.244024
2008-08-11,356.481872
2008-08-12,353.620828
2008-08-13,350.579241
2008-08-14,354.275275
2008-08-15,349.969813
2008-08-18,345.88058
2008-08-19,339.720807
2008-08-20,346.441166
2008-08-21,344.937713
2008-08-22,344.616058
2008-08-25,342.529503
2008-08-26,338.326118
2008-08-27,343.831548
2008-08-28,345.000623
2008-08-29,344.77845
2008-09-01,336.999318
2008-09-02,334.844998
2008-09-03,328.873251
2008-09-04,322.154175
2008-09-05,315.093183
2008-09-08,325.528146
2008-09-09,313.361101
2008-09-10,309.930985
2008-09-11,303.045933
2008-09-12,308.824537
2008-09-15,298.132855
2008-09-16,283.470358
2008-09-17,277.817142
2008-09-18,277.438724
2008-09-19,305.560936
2008-09-22,308.79893
2008-09-23,300.075071
2008-09-24,300.432981
2008-09-25,302.967392
2008-09-26,297.697069
2008-09-29,280.135457
2008-09-30,284.441067
2008-10-01,284.171669
2008-10-02,274.538964
2008-10-03,268.117672
2008-10-06,242.690491
2008-10-07,238.338485
2008-10-08,219.092779
2008-10-09,223.816266
2008-10-10,214.063196
2008-10-13,229.910952
2008-10-14,243.697065
2008-10-15,225.457815
2008-10-16,208.541792
2008-10-17,205.60606
2008-10-20,213.83218
2008-10-21,210.069651
2008-10-22,193.586458
2008-10-23,186.219243
2008-10-24,171.412916
2008-10-27,164.514124
2008-10-28,175.591259
2008-10-29,183.79036
2008-10-30,203.269321
2008-10-31,206.59571
2008-11-03,211.609651
2008-11-04,218.423149
2008-11-05,217.35015
2008-11-06,202.016858
2008-11-07,204.589538
2008-11-10,211.202577
2008-11-11,201.28391
2008-11-12,193.264032
2008-11-13,189.87958
2008-11-14,192.123716
2008-11-17,188.447888
2008-11-18,181.343041
2008-11-19,177.400208
2008-11-20,168.250936
2008-11-21,169.459584
2008-11-24,175.979263
2008-11-25,181.389428
2008-11-26,186.065309
2008-11-27,190.668715
2008-11-28,191.04381
2008-12-01,186.128113
2008-12-02,181.724117
2008-12-03,182.505497
2008-12-04,181.921826
2008-12-05,180.382991
2008-12-08,194.78817
2008-12-09,194.965732
2008-12-10,204.002023
2008-12-11,206.340716
2008-12-12,200.121663
2008-12-15,204.110241
2008-12-16,207.453597
2008-12-17,212.640601
2008-12-18,214.156737
2008-12-19,211.169159
2008-12-22,205.831296
2008-12-23,201.662877
2008-12-24,200.892211
2008-12-25,200.445238
2008-12-26,200.128509
2008-12-29,202.450786
2008-12-30,205.481339
2008-12-31,205.944436
2009-01-01,206.36841
2009-01-02,211.01799
2009-01-05,217.570481
2009-01-06,220.642416
2009-01-07,216.215508
2009-01-08,210.109942
2009-01-09,207.564906
2009-01-12,201.041748
2009-01-13,200.200202
2009-01-14,197.276982
2009-01-15,191.391318
2009-01-16,195.495729
2009-01-19,194.045526
2009-01-20,188.118807
2009-01-21,187.256527
2009-01-22,186.984704
2009-01-23,184.460825
2009-01-26,187.584192
2009-01-27,188.69551
2009-01-28,193.875695
2009-01-29,193.593151
2009-01-30,192.644421
2009-02-02,188.160892
2009-02-03,191.150611
2009-02-04,195.016014
2009-02-05,195.2346
2009-02-06,202.86133
2009-02-09,205.518025
2009-02-10,204.271327
2009-02-11,201.418938
2009-02-12,197.486458
2009-02-13,201.716338
2009-02-16,199.265895
2009-02-17,189.566796
2009-02-18,187.915188
2009-02-19,189.763654
2009-02-20,182.899401
2009-02-23,185.681178
2009-02-24,182.986674
2009-02-25,183.969154
2009-02-26,184.146812
2009-02-27,181.776957
2009-03-02,172.979279
2009-03-03,173.383913
2009-03-04,179.688469
2009-03-05,177.77762
2009-03-06,177.851684
2009-03-09,176.799606
2009-03-10,183.176254
2009-03-11,186.752696
2009-03-12,188.023868
2009-03-13,192.415845
2009-03-16,196.68586
2009-03-17,197.517648
2009-03-18,198.231972
2009-03-19,203.196512
2009-03-20,201.582713
2009-03-23,211.190765
2009-03-24,212.004138
2009-03-25,214.1687
2009-03-26,218.657776
2009-03-27,215.593215
2009-03-30,204.785333
2009-03-31,207.899585
2009-04-01,211.864684
2009-04-02,223.663264
2009-04-03,225.172679
2009-04-06,227.333394
2009-04-07,224.733285
2009-04-08,222.667155
2009-04-09,230.94947
2009-04-10,232.210947
2009-04-13,233.889688
2009-04-14,235.713717
2009-04-15,235.139907
2009-04-16,236.925716
2009-04-17,235.131945
2009-04-20,231.552919
2009-04-21,229.288311
2009-04-22,230.03033
2009-04-23,233.934684
2009-04-24,236.905422
2009-04-27,231.70396
2009-04-28,228.151767
2009-04-29,236.149636
2009-04-30,242.496197
2009-05-01,242.534364
2009-05-04,256.541852
2009-05-05,257.785774
2009-05-06,260.697342
2009-05-07,261.835375
2009-05-08,265.609691
2009-05-11,265.060622
2009-05-12,264.224868
2009-05-13,260.103196
2009-05-14,256.295257
2009-05-15,259.436276
2009-05-18,267.019238
2009-05-19,273.468507
2009-05-20,277.23942
2009-05-21,271.705395
2009-05-22,273.720414
2009-05-25,274.1837
2009-05-26,271.563473
2009-05-27,276.963474
2009-05-28,279.746632
2009-05-29,283.930519
2009-06-01,294.626775
2009-06-02,292.224587
2009-06-03,288.061144
2009-06-04,287.209103
2009-06-05,289.141002
2009-06-08,283.743139
2009-06-09,283.358549
2009-06-10,289.966222
2009-06-11,290.691076
2009-06-12,290.413755
2009-06-15,282.981016
2009-06-16,281.063535
2009-06-17,275.393505
2009-06-18,273.573536
2009-06-19,276.066827
2009-06-22,270.928186
2009-06-23,266.237176
2009-06-24,272.888244
2009-06-25,275.992951
2009-06-26,280.303262
2009-06-29,281.344844
2009-06-30,280.105844
2009-07-01,284.487551
2009-07-02,281.947712
2009-07-03,282.019574
2009-07-06,276.664183
2009-07-07,276.451633
2009-07-08,272.285911
2009-07-09,273.224352
2009-07-10,271.119853
2009-07-13,266.377514
2009-07-14,272.536279
2009-07-15,282.507457
2009-07-16,285.247136
2009-07-17,288.703783
2009-07-20,297.711157
2009-07-21,299.037463
2009-07-22,297.597091
2009-07-23,303.370057
2009-07-24,303.997645
2009-07-27,307.691962
2009-07-28,308.78132
2009-07-29,303.565101
2009-07-30,307.712009
2009-07-31,311.603155
2009-08-03,319.361694
2009-08-04,317.865149
2009-08-05,315.641214
2009-08-06,316.032352
2009-08-07,315.084748
2009-08-10,315.781861
2009-08-11,312.146001
2009-08-12,310.463443
2009-08-13,316.16597
2009-08-14,315.117148
2009-08-17,303.024511
2009-08-18,305.070321
2009-08-19,304.220782
2009-08-20,309.499182
2009-08-21,312.605202
2009-08-24,318.539191
2009-08-25,317.409899
2009-08-26,315.069197
2009-08-27,312.152571
2009-08-28,314.922501
2009-08-31,310.487623
2009-09-01,311.478733
2009-09-02,307.402517
2009-09-03,311.091333
2009-09-04,315.654623
2009-09-07,320.024615
2009-09-08,325.894847
2009-09-09,325.634849
2009-09-10,328.337278
2009-09-11,331.045997
2009-09-14,327.642569
2009-09-15,331.135396
2009-09-16,338.376685
2009-09-17,340.728261
2009-09-18,340.369444
2009-09-21,337.339643
2009-09-22,341.664216
2009-09-23,340.290649
2009-09-24,336.432953
2009-09-25,336.419033
2009-09-28,335.133494
2009-09-29,338.341182
2009-09-30,338.670631
2009-10-01,337.70468
2009-10-02,334.051704
2009-10-05,336.144636
2009-10-06,343.164006
2009-10-07,344.254371
2009-10-08,348.342633
2009-10-09,350.706254
2009-10-12,352.298292
2009-10-13,352.545936
2009-10-14,360.371071
2009-10-15,361.75423
2009-10-16,358.159222
2009-10-19,362.315891
2009-10-20,360.542095
2009-10-21,359.091186
2009-10-22,356.563394
2009-10-23,358.972501
2009-10-26,358.404306
2009-10-27,351.184632
2009-10-28,339.955605
2009-10-29,341.701746
2009-10-30,339.089557
2009-11-02,337.94043
2009-11-03,335.10129
2009-11-04,343.51337
2009-11-05,344.98002
2009-11-06,347.311458
2009-11-09,355.965671
2009-11-10,357.239712
2009-11-11,360.579856
2009-11-12,355.693798
2009-11-13,357.064208
2009-11-16,364.457174
2009-11-17,363.715298
2009-11-18,364.232492
2009-11-19,359.288146
2009-11-20,358.040384
2009-11-23,362.545389
2009-11-24,360.685684
2009-11-25,363.089129
2009-11-26,355.42481
2009-11-27,349.128142
2009-11-30,353.655341
2009-12-01,361.151813
2009-12-02,364.232907
2009-12-03,365.932745
2009-12-04,364.921303
2009-12-07,363.959106
2009-12-08,359.831128
2009-12-09,357.383928
2009-12-10,358.375014
2009-12-11,361.190976
2009-12-14,363.616256
2009-12-15,362.056714
2009-12-16,361.466981
2009-12-17,354.638029
2009-12-18,352.89451
2009-12-21,351.547933
2009-12-22,354.359902
2009-12-23,358.257459
2009-12-24,361.77149
2009-12-25,361.894651
2009-12-28,364.475609
2009-12-29,364.295165
2009-12-30,364.330023
2009-12-31,367.621615
2010-01-01,367.621615
2010-01-04,373.245301
2010-01-05,377.240872
2010-01-06,379.654016
2010-01-07,376.93135
2010-01-08,377.670649
2010-01-11,382.02243
2010-01-12,379.464193
2010-01-13,376.089089
2010-01-14,376.533486
2010-01-15,375.637848
2010-01-18,376.306405
2010-01-19,376.628644
2010-01-20,370.712759
2010-01-21,364.680756
2010-01-22,358.262819
2010-01-25,356.482115
2010-01-26,348.680597
2010-01-27,345.226064
2010-01-28,349.461887
2010-01-29,347.118601
2010-02-01,347.359457
2010-02-02,349.760058
2010-02-03,354.178588
2010-02-04,344.578856
2010-02-05,333.919871
2010-02-08,332.572322
2010-02-09,338.006901
2010-02-10,339.430196
2010-02-11,343.320409
2010-02-12,342.923102
2010-02-15,344.030583
2010-02-16,346.95034
2010-02-17,351.622028
2010-02-18,350.892361
2010-02-19,347.263081
2010-02-22,351.024528
2010-02-23,349.881862
2010-02-24,347.301015
2010-02-25,343.477174
2010-02-26,348.340365
2010-03-01,352.817496
2010-03-02,357.225457
2010-03-03,359.77589
2010-03-04,357.908772
2010-03-05,362.969697
2010-03-08,367.166557
2010-03-09,367.206979
2010-03-10,369.929018
2010-03-11,368.602215
2010-03-12,369.683395
2010-03-15,366.145062
2010-03-16,369.296215
2010-03-17,374.620866
2010-03-18,373.041936
2010-03-19,371.732908
2010-03-22,368.758514
2010-03-23,370.335301
2010-03-24,369.549994
2010-03-25,368.791368
2010-03-26,369.9801
2010-03-29,373.933781
2010-03-30,376.080375
2010-03-31,376.462814
2010-04-01,382.870415
2010-04-02,383.343598
2010-04-05,386.362506
2010-04-06,387.369746
2010-04-07,388.76356
2010-04-08,386.287678
2010-04-09,389.173932
2010-04-12,388.236933
2010-04-13,385.461656
2010-04-14,390.187574
2010-04-15,390.672013
2010-04-16,384.939492
2010-04-19,377.309413
2010-04-20,381.644212
2010-04-21,383.158913
2010-04-22,380.887928
2010-04-23,382.279566
2010-04-26,386.448047
2010-04-27,380.869204
2010-04-28,375.324653
2010-04-29,378.647164
2010-04-30,381.02366
2010-05-03,376.800348
2010-05-04,370.217333
2010-05-05,362.615887
2010-05-06,354.652959
2010-05-07,346.62365
2010-05-10,361.705014
2010-05-11,358.797066
2010-05-12,362.246732
2010-05-13,365.132721
2010-05-14,359.249031
2010-05-17,351.808693
2010-05-18,351.848076
2010-05-19,341.093375
2010-05-20,330.570627
2010-05-21,332.161919
2010-05-24,334.10652
2010-05-25,320.642591
2010-05-26,331.079789
2010-05-27,339.090064
2010-05-28,343.926834
2010-05-31,347.510133
2010-06-01,340.291143
2010-06-02,340.832699
2010-06-03,346.905065
2010-06-04,342.731416
2010-06-07,333.794607
2010-06-08,334.347652
2010-06-09,335.920606
2010-06-10,340.377376
2010-06-11,344.221678
2010-06-14,349.15913
2010-06-15,351.999344
2010-06-16,354.132688
2010-06-17,355.612951
2010-06-18,357.969746
2010-06-21,367.398631
2010-06-22,363.286904
2010-06-23,360.551704
2010-06-24,357.545772
2010-06-25,355.834764
2010-06-28,357.451856
2010-06-29,347.368338
2010-06-30,344.955592
2010-07-01,341.712241
2010-07-02,343.317789
2010-07-05,343.193699
2010-07-06,349.933787
2010-07-07,349.855668
2010-07-08,353.950077
2010-07-09,358.145722
2010-07-12,358.429438
2010-07-13,360.235306
2010-07-14,361.904433
2010-07-15,360.373236
2010-07-16,357.285776
2010-07-19,355.865248
2010-07-20,359.168709
2010-07-21,363.307779
2010-07-22,366.644115
2010-07-23,369.676226
2010-07-26,371.242692
2010-07-27,373.342318
2010-07-28,373.586094
2010-07-29,374.58992
2010-07-30,373.681828
2010-08-02,381.865993
2010-08-03,380.701988
2010-08-04,381.404738
2010-08-05,381.498626
2010-08-06,381.277268
2010-08-09,383.186474
2010-08-10,377.854755
2010-08-11,370.633179
2010-08-12,368.45421
2010-08-13,370.100848
2010-08-16,371.940636
2010-08-17,375.192632
2010-08-18,375.311148
2010-08-19,375.39427
2010-08-20,373.097524
2010-08-23,372.438288
2010-08-24,367.67458
2010-08-25,363.60129
2010-08-26,364.895868
2010-08-27,366.406781
2010-08-30,367.270647
2010-08-31,366.424576
2010-09-01,373.930639
2010-09-02,376.069307
2010-09-03,379.278141
2010-09-06,382.359941
2010-09-07,380.302473
2010-09-08,379.771993
2010-09-09,381.628354
2010-09-10,383.10182
2010-09-13,391.033172
2010-09-14,391.768155
2010-09-15,392.784558
2010-09-16,390.131791
2010-09-17,392.022558
2010-09-20,395.155039
2010-09-21,395.093061
2010-09-22,396.609776
2010-09-23,396.335855
2010-09-24,398.648907
2010-09-27,401.808436
2010-09-28,401.721643
2010-09-29,405.16084
2010-09-30,407.14515
2010-10-01,411.149003
2010-10-04,412.925405
2010-10-05,415.232977
2010-10-06,418.983802
2010-10-07,417.502761
2010-10-08,416.92493
2010-10-11,419.463127
2010-10-12,416.169819
2010-10-13,423.266135
2010-10-14,426.868274
2010-10-15,424.793824
2010-10-18,421.381177
2010-10-19,415.78777
2010-10-20,417.200021
2010-10-21,419.122067
2010-10-22,418.731034
2010-10-25,422.562259
2010-10-26,423.059797
2010-10-27,416.361239
2010-10-28,417.857047
2010-10-29,418.967228
2010-11-01,424.707401
2010-11-02,425.971877
2010-11-03,429.157351
2010-11-04,436.22111
2010-11-05,438.063629
2010-11-08,437.403549
2010-11-09,437.580363
2010-11-10,435.052384
2010-11-11,431.610866
2010-11-12,424.940293
2010-11-15,422.622342
2010-11-16,417.167789
2010-11-17,414.619435
2010-11-18,421.163915
2010-11-19,421.556857
2010-11-22,422.19446
2010-11-23,413.237541
2010-11-24,415.784665
2010-11-25,416.672944
2010-11-26,409.853836
2010-11-29,409.735397
2010-11-30,407.907393
2010-12-01,416.155007
2010-12-02,422.426093
2010-12-03,425.387524
2010-12-06,427.164145
2010-12-07,428.758096
2010-12-08,422.987565
2010-12-09,423.491858
2010-12-10,422.837702
2010-12-13,425.907998
2010-12-14,428.218982
2010-12-15,424.956032
2010-12-16,421.756022
2010-12-17,423.14917
2010-12-20,421.508439
2010-12-21,426.575736
2010-12-22,427.486476
2010-12-23,428.01031
2010-12-24,427.649305
2010-12-27,426.944223
2010-12-28,427.31602
2010-12-29,431.497113
2010-12-30,434.891371
2010-12-31,437.015464
2011-01-03,441.668653
2011-01-04,442.263729
2011-01-05,440.720359
2011-01-06,438.446197
2011-01-07,435.467018
2011-01-10,431.344406
2011-01-11,433.978717
2011-01-12,441.542352
2011-01-13,441.534266
2011-01-14,440.397918
2011-01-17,438.440442
2011-01-18,440.136092
2011-01-19,440.95875
2011-01-20,434.114975
2011-01-21,431.672319
2011-01-24,431.712654
2011-01-25,431.441204
2011-01-26,433.969057
2011-01-27,433.729217
2011-01-28,427.833799
2011-01-31,425.158734
2011-02-01,429.706813
2011-02-02,431.451583
2011-02-03,430.614977
2011-02-04,429.317694
2011-02-07,428.791767
2011-02-08,428.28662
2011-02-09,421.970277
2011-02-10,414.019401
2011-02-11,414.760466
2011-02-14,420.2695
2011-02-15,419.726634
2011-02-16,421.432836
2011-02-17,422.704859
2011-02-18,426.545123
2011-02-21,425.978366
2011-02-22,418.854779
2011-02-23,416.706244
2011-02-24,413.334937
2011-02-25,418.032919
2011-02-28,421.194023
2011-03-01,422.864217
2011-03-02,423.319983
2011-03-03,428.709728
2011-03-04,432.95064
2011-03-07,430.553497
2011-03-08,431.98929
2011-03-09,432.00574
2011-03-10,424.413014
2011-03-11,421.732014
2011-03-14,425.010542
2011-03-15,415.834042
2011-03-16,417.245454
2011-03-17,415.393778
2011-03-18,418.129311
2011-03-21,422.540152
2011-03-22,426.410914
2011-03-23,427.778807
2011-03-24,432.002154
2011-03-25,435.524562
2011-03-28,433.552326
2011-03-29,435.15903
2011-03-30,441.632975
2011-03-31,445.957605
2011-04-01,451.472141
2011-04-04,454.66853
2011-04-05,455.342783
2011-04-06,458.639562
2011-04-07,458.216626
2011-04-08,459.674597
2011-04-11,457.49763
2011-04-12,448.830535
2011-04-13,451.886925
2011-04-14,450.8445
2011-04-15,450.629823
2011-04-18,443.294135
2011-04-19,444.970297
2011-04-20,455.971992
2011-04-21,460.208427
2011-04-22,460.233605
2011-04-25,459.401975
2011-04-26,459.297363
2011-04-27,458.980667
2011-04-28,458.444429
2011-04-29,459.791305
2011-05-02,460.960371
2011-05-03,453.190834
2011-05-04,447.534957
2011-05-05,444.052783
2011-05-06,444.779312
2011-05-09,444.292309
2011-05-10,446.207406
2011-05-11,445.941944
2011-05-12,439.041515
2011-05-13,438.191812
2011-05-16,435.173264
2011-05-17,433.971927
2011-05-18,437.526028
2011-05-19,436.809301
2011-05-20,436.952073
2011-05-23,426.718447
2011-05-24,430.966699
2011-05-25,428.455883
2011-05-26,434.374535
2011-05-27,439.927049
2011-05-30,440.122073
2011-05-31,447.731302
2011-06-01,447.292723
2011-06-02,444.54024
2011-06-03,443.286292
2011-06-06,440.820656
2011-06-07,442.364805
2011-06-08,439.661176
2011-06-09,438.474071
2011-06-10,433.370574
2011-06-13,431.780248
2011-06-14,435.551889
2011-06-15,433.024759
2011-06-16,425.380587
2011-06-17,424.00769
2011-06-20,421.978787
2011-06-21,427.634459
2011-06-22,428.92521
2011-06-23,424.723616
2011-06-24,428.709026
2011-06-27,427.530869
2011-06-28,430.898965
2011-06-29,435.616958
2011-06-30,440.843537
2011-07-01,444.917588
2011-07-04,449.867109
2011-07-05,448.63844
2011-07-06,446.750656
2011-07-07,449.378253
2011-07-08,448.051491
2011-07-11,440.034494
2011-07-12,431.744956
2011-07-13,438.234552
2011-07-14,437.330825
2011-07-15,437.407518
2011-07-18,432.417495
2011-07-19,435.064509
2011-07-20,438.164265
2011-07-21,440.765718
2011-07-22,444.626652
2011-07-25,442.704162
2011-07-26,446.010056
2011-07-27,443.117003
2011-07-28,441.783231
2011-07-29,438.88557
2011-08-01,442.732917
2011-08-02,434.796933
2011-08-03,425.500012
2011-08-04,414.163107
2011-08-05,401.842936
2011-08-08,382.231385
2011-08-09,373.894792
2011-08-10,378.700847
2011-08-11,382.286185
2011-08-12,382.436729
2011-08-15,391.636822
2011-08-16,393.837
2011-08-17,396.118062
2011-08-18,384.799124
2011-08-19,375.04322
2011-08-22,373.488703
2011-08-23,381.159958
2011-08-24,378.262511
2011-08-25,376.291706
2011-08-26,377.402665
2011-08-29,388.557647
2011-08-30,392.121544
2011-08-31,399.664922
2011-09-01,401.549847
2011-09-02,395.326347
2011-09-05,382.962686
2011-09-06,382.392964
2011-09-07,390.86342
2011-09-08,392.512685
2011-09-09,384.317185
2011-09-12,375.832629
2011-09-13,373.704083
2011-09-14,369.110216
2011-09-15,373.456167
2011-09-16,378.557483
2011-09-19,367.98149
2011-09-20,368.671503
2011-09-21,364.361468
2011-09-22,341.370275
2011-09-23,333.973879
2011-09-26,330.10404
2011-09-27,346.388059
2011-09-28,345.49777
2011-09-29,346.832879
2011-09-30,341.395965
2011-10-03,330.539484
2011-10-04,322.388244
2011-10-05,324.454959
2011-10-06,335.138649
2011-10-07,342.827619
2011-10-10,348.566428
2011-10-11,352.90042
2011-10-12,358.228483
2011-10-13,361.071123
2011-10-14,363.025072
2011-10-17,365.363783
2011-10-18,359.194475
2011-10-19,362.233568
2011-10-20,352.451567
2011-10-21,357.251762
2011-10-24,368.645986
2011-10-25,370.939808
2011-10-26,372.918068
2011-10-27,385.913747
2011-10-28,392.259745
2011-10-31,386.61632
2011-11-01,376.192148
2011-11-02,379.46056
2011-11-03,378.257598
2011-11-04,384.34109
2011-11-07,384.614779
2011-11-08,384.716556
2011-11-09,380.644436
2011-11-10,370.521256
2011-11-11,377.209915
2011-11-14,379.530593
2011-11-15,376.582909
2011-11-16,373.032536
2011-11-17,369.896976
2011-11-18,362.967664
2011-11-21,353.562391
2011-11-22,353.376703
2011-11-23,344.020255
2011-11-24,345.184257
2011-11-25,341.003041
2011-11-28,350.696957
2011-11-29,353.52214
2011-11-30,360.849816
2011-12-01,372.824249
2011-12-02,373.491839
2011-12-05,375.583378
2011-12-06,370.65379
2011-12-07,372.941442
2011-12-08,368.386881
2011-12-09,363.18127
2011-12-12,359.615964
2011-12-13,356.559266
2011-12-14,351.575306
2011-12-15,348.752602
2011-12-16,351.609119
2011-12-19,345.660041
2011-12-20,350.337643
2011-12-21,356.333836
2011-12-22,357.656228
2011-12-23,360.8321
2011-12-26,360.804138
2011-12-27,359.550076
2011-12-28,355.204734
2011-12-29,355.648215
2011-12-30,356.500605
2012-01-02,356.783419
2012-01-03,365.739353
2012-01-04,364.822056
2012-01-05,362.838477
2012-01-06,360.75651
2012-01-09,362.259403
2012-01-10,369.244735
2012-01-11,369.182118
2012-01-12,371.064025
2012-01-13,370.847761
2012-01-16,370.436885
2012-01-17,378.424163
2012-01-18,381.76524
2012-01-19,385.87091
2012-01-20,387.311376
2012-01-23,389.092099
2012-01-24,388.301063
2012-01-25,389.124169
2012-01-26,395.110501
2012-01-27,395.746276
2012-01-30,391.715827
2012-01-31,396.937254
2012-02-01,401.022339
2012-02-02,406.537148
2012-02-03,408.255387
2012-02-06,407.856864
2012-02-07,408.37916
2012-02-08,413.112856
2012-02-09,413.503095
2012-02-10,405.90365
2012-02-13,410.216309
2012-02-14,407.884653
2012-02-15,412.395089
2012-02-16,408.801587
2012-02-17,413.980264
2012-02-20,415.566754
2012-02-21,414.766022
2012-02-22,414.828671
2012-02-23,412.786748
2012-02-24,416.025879
2012-02-27,411.734973
2012-02-28,416.5617
2012-02-29,420.713693
2012-03-01,419.65068
2012-03-02,421.043436
2012-03-05,415.402458
2012-03-06,406.011249
2012-03-07,404.67183
2012-03-08,410.516736
2012-03-09,413.395633
2012-03-12,409.742664
2012-03-13,416.017163
2012-03-14,416.14063
2012-03-15,415.623688
2012-03-16,414.853797
2012-03-19,414.07524
2012-03-20,409.649295
2012-03-21,408.803128
2012-03-22,406.059708
2012-03-23,406.608199
2012-03-26,407.737933
2012-03-27,412.080102
2012-03-28,407.595049
2012-03-29,403.19261
2012-03-30,406.670555
2012-04-02,409.162729
2012-04-03,412.267483
2012-04-04,405.12879
2012-04-05,405.156747
2012-04-06,404.965016
2012-04-09,400.907499
2012-04-10,396.979496
2012-04-11,397.011426
2012-04-12,400.462091
2012-04-13,401.499248
2012-04-16,398.865957
2012-04-17,398.948019
2012-04-18,400.388763
2012-04-19,400.399518
2012-04-20,399.701861
2012-04-23,394.423156
2012-04-24,395.663817
2012-04-25,395.902046
2012-04-26,397.63827
2012-04-27,399.126973
2012-04-30,401.810435
2012-05-01,401.630332
2012-05-02,403.406194
2012-05-03,401.270343
2012-05-04,396.858963
2012-05-07,392.532546
2012-05-08,388.896141
2012-05-09,383.203556
2012-05-10,384.316721
2012-05-11,380.53421
2012-05-14,373.309689
2012-05-15,371.353162
2012-05-16,362.80666
2012-05-17,361.492992
2012-05-18,355.979448
2012-05-21,358.860874
2012-05-22,361.258831
2012-05-23,352.564365
2012-05-24,354.664519
2012-05-25,354.744404
2012-05-28,357.650872
2012-05-29,362.541734
2012-05-30,357.25129
2012-05-31,356.74944
2012-06-01,351.907729
2012-06-04,347.45572
2012-06-05,349.059855
2012-06-06,355.856383
2012-06-07,360.085458
2012-06-08,356.971549
2012-06-11,360.84407
2012-06-12,360.182019
2012-06-13,362.771504
2012-06-14,360.716473
2012-06-15,365.347508
2012-06-18,368.871622
2012-06-19,372.642841
2012-06-20,374.5605
2012-06-21,368.309466
2012-06-22,362.35998
2012-06-25,357.237911
2012-06-26,358.317878
2012-06-27,360.826976
2012-06-28,358.384162
2012-06-29,370.518326
2012-07-02,372.135542
2012-07-03,378.229039
2012-07-04,378.33917
2012-07-05,378.020099
2012-07-06,374.393742
2012-07-09,370.427187
2012-07-10,369.86878
2012-07-11,369.177249
2012-07-12,362.061032
2012-07-13,366.849871
2012-07-16,367.139745
2012-07-17,369.799021
2012-07-18,368.940629
2012-07-19,373.030374
2012-07-20,371.35461
2012-07-23,361.697807
2012-07-24,360.510014
2012-07-25,359.043428
2012-07-26,363.375912
2012-07-27,373.433348
2012-07-30,376.295223
2012-07-31,377.745716
2012-08-01,378.502615
2012-08-02,374.855139
2012-08-03,377.995934
2012-08-06,383.833555
2012-08-07,384.026286
2012-08-08,385.166077
2012-08-09,388.678376
2012-08-10,388.723223
2012-08-13,386.110416
2012-08-14,387.999307
2012-08-15,386.807087
2012-08-16,387.465456
2012-08-17,385.579924
2012-08-20,384.934135
2012-08-21,387.448809
2012-08-22,385.098206
2012-08-23,386.955316
2012-08-24,383.532882
2012-08-27,381.771888
2012-08-28,380.186562
2012-08-29,378.676553
2012-08-30,375.316596
2012-08-31,376.487839
2012-09-03,378.723271
2012-09-04,376.565464
2012-09-05,373.527499
2012-09-06,378.072582
2012-09-07,385.388503
2012-09-10,385.941056
2012-09-11,387.19324
2012-09-12,389.367175
2012-09-13,390.775975
2012-09-14,403.55995
2012-09-17,403.038463
2012-09-18,400.731718
2012-09-19,401.764389
2012-09-20,397.356127
2012-09-21,400.700157
2012-09-24,399.849306
2012-09-25,398.872625
2012-09-26,394.307052
2012-09-27,397.495728
2012-09-28,399.205838
2012-10-01,400.243665
2012-10-02,400.703472
2012-10-03,399.222132
2012-10-04,400.425818
2012-10-05,401.87969
2012-10-08,397.520738
2012-10-09,396.984202
2012-10-10,395.192169
2012-10-11,396.742219
2012-10-12,397.037504
2012-10-15,396.454276
2012-10-16,399.692817
2012-10-17,402.883818
2012-10-18,403.904085
2012-10-19,401.01274
2012-10-22,401.511401
2012-10-23,397.33387
2012-10-24,396.427906
2012-10-25,398.253165
2012-10-26,394.897625
2012-10-29,394.717703
2012-10-30,395.887302
2012-10-31,396.782315
2012-11-01,398.537055
2012-11-02,400.552194
2012-11-05,399.006974
2012-11-06,401.242156
2012-11-07,401.734469
2012-11-08,396.908032
2012-11-09,395.190687
2012-11-12,394.525002
2012-11-13,391.796997
2012-11-14,391.184802
2012-11-15,388.677246
2012-11-16,386.878284
2012-11-19,390.147542
2012-11-20,390.747715
2012-11-21,391.290536
2012-11-22,393.250208
2012-11-23,397.331629
2012-11-26,397.02906
2012-11-27,397.568444
2012-11-28,395.530588
2012-11-29,400.530859
2012-11-30,401.819636
2012-12-03,402.100902
2012-12-04,401.946812
2012-12-05,405.976538
2012-12-06,407.539773
2012-12-07,408.656692
2012-12-10,410.669306
2012-12-11,412.865235
2012-12-12,415.600731
2012-12-13,416.081932
2012-12-14,416.184949
2012-12-17,415.086199
2012-12-18,417.573443
2012-12-19,420.342749
2012-12-20,420.15936
2012-12-21,416.311452
2012-12-24,416.596255
2012-12-25,417.269239
2012-12-26,417.985361
2012-12-27,419.156273
2012-12-28,421.460151
2012-12-31,421.467301
2013-01-01,421.692886
2013-01-02,430.65166
2013-01-03,432.463755
2013-01-04,430.556006
2013-01-07,429.723667
2013-01-08,427.364953
2013-01-09,428.631275
2013-01-10,430.214726
2013-01-11,428.636714
2013-01-14,431.709774
2013-01-15,428.820702
2013-01-16,427.917572
2013-01-17,428.694036
2013-01-18,431.72516
2013-01-21,430.681835
2013-01-22,431.115464
2013-01-23,430.105837
2013-01-24,428.405285
2013-01-25,427.152698
2013-01-28,424.372016
2013-01-29,427.591149
2013-01-30,426.930353
2013-01-31,427.278126
2013-02-01,428.818055
2013-02-04,428.790027
2013-02-05,426.768077
2013-02-06,425.239713
2013-02-07,423.57873
2013-02-08,424.116644
2013-02-11,423.27259
2013-02-12,423.523222
2013-02-13,425.863572
2013-02-14,426.248358
2013-02-15,426.525412
2013-02-18,425.672402
2013-02-19,425.532668
2013-02-20,427.332615
2013-02-21,421.227937
2013-02-22,421.327044
2013-02-25,421.744758
2013-02-26,417.07531
2013-02-27,418.636285
2013-02-28,421.909892
2013-03-01,421.348015
2013-03-04,416.655664
2013-03-05,420.123807
2013-03-06,424.185484
2013-03-07,423.437076
2013-03-08,426.652188
2013-03-11,425.73024
2013-03-12,423.379939
2013-03-13,419.956243
2013-03-14,419.447773
2013-03-15,417.281689
2013-03-18,412.46081
2013-03-19,410.399499
2013-03-20,410.953948
2013-03-21,409.395932
2013-03-22,406.787466
2013-03-25,409.514012
2013-03-26,412.089531
2013-03-27,413.474748
2013-03-28,413.725611
2013-03-29,414.642716
2013-04-01,413.20173
2013-04-02,412.420121
2013-04-03,410.79299
2013-04-04,407.639379
2013-04-05,404.100701
2013-04-08,403.745784
2013-04-09,407.365656
2013-04-10,410.828301
2013-04-11,412.738333
2013-04-12,409.006926
2013-04-15,402.517743
2013-04-16,404.775919
2013-04-17,401.825124
2013-04-18,400.378468
2013-04-19,405.968383
2013-04-22,406.357331
2013-04-23,405.508681
2013-04-24,408.687764
2013-04-25,412.602289
2013-04-26,410.652349
2013-04-29,412.736181
2013-04-30,417.768193
2013-05-01,417.233638
2013-05-02,417.121797
2013-05-03,419.119114
2013-05-06,420.681011
2013-05-07,423.385636
2013-05-08,426.8727
2013-05-09,426.687094
2013-05-10,422.76091
2013-05-13,419.251945
2013-05-14,421.31213
2013-05-15,421.329991
2013-05-16,421.458464
2013-05-17,421.249613
2013-05-20,422.295695
2013-05-21,422.340863
2013-05-22,422.3505
2013-05-23,413.451551
2013-05-24,413.775914
2013-05-27,414.542882
2013-05-28,415.53086
2013-05-29,411.452064
2013-05-30,409.892128
2013-05-31,407.050269
2013-06-03,402.900607
2013-06-04,405.345072
2013-06-05,400.264635
2013-06-06,397.735681
2013-06-07,396.197819
2013-06-10,393.1522
2013-06-11,385.684828
2013-06-12,385.695472
2013-06-13,381.693128
2013-06-14,385.788576
2013-06-17,387.463949
2013-06-18,386.030566
2013-06-19,383.34391
2013-06-20,367.91894
2013-06-21,364.743063
2013-06-24,357.807363
2013-06-25,358.862389
2013-06-26,365.426042
2013-06-27,372.610927
2013-06-28,381.137778
2013-07-01,381.836851
2013-07-02,377.871714
2013-07-03,370.032271
2013-07-04,374.090053
2013-07-05,372.270794
2013-07-08,367.634328
2013-07-09,370.378891
2013-07-10,371.614802
2013-07-11,382.682784
2013-07-12,383.699397
2013-07-15,386.525116
2013-07-16,386.950507
2013-07-17,389.642785
2013-07-18,388.90274
2013-07-19,386.090779
2013-07-22,387.549056
2013-07-23,393.687683
2013-07-24,392.681783
2013-07-25,391.058213
2013-07-26,390.742
2013-07-29,387.639715
2013-07-30,387.584446
2013-07-31,385.120032
2013-08-01,387.864662
2013-08-02,388.36676
2013-08-05,388.794731
2013-08-06,384.730333
2013-08-07,381.36957
2013-08-08,384.92873
2013-08-09,386.959644
2013-08-12,389.61485
2013-08-13,392.965245
2013-08-14,393.786043
2013-08-15,390.791586
2013-08-16,389.919482
2013-08-19,384.549413
2013-08-20,379.382792
2013-08-21,376.19311
2013-08-22,375.430849
2013-08-23,379.726356
2013-08-26,379.749876
2013-08-27,372.717136
2013-08-28,370.433991
2013-08-29,374.95645
2013-08-30,378.504556
2013-09-02,382.150966
2013-09-03,380.414629
2013-09-04,382.046641
2013-09-05,386.314289
2013-09-06,389.631167
2013-09-09,397.118939
2013-09-10,404.313824
2013-09-11,404.559363
2013-09-12,403.959517
2013-09-13,402.508906
2013-09-16,408.69756
2013-09-17,409.020104
2013-09-18,408.444007
2013-09-19,417.250787
2013-09-20,413.440013
2013-09-23,414.727679
2013-09-24,412.432523
2013-09-25,411.21901
2013-09-26,409.371696
2013-09-27,408.14932
2013-09-30,403.118846
2013-10-01,406.763387
2013-10-02,407.385426
2013-10-03,410.408903
2013-10-04,411.500387
2013-10-07,410.278792
2013-10-08,412.004085
2013-10-09,410.704511
2013-10-10,414.135735
2013-10-11,417.892431
2013-10-14,417.66587
2013-10-15,420.606796
2013-10-16,421.185972
2013-10-17,422.304519
2013-10-18,425.746079
2013-10-21,425.994951
2013-10-22,426.816139
2013-10-23,422.26156
2013-10-24,421.181081
2013-10-25,419.744331
2013-10-28,422.650972
2013-10-29,423.629059
2013-10-30,426.099985
2013-10-31,422.703723
2013-11-01,420.08857
2013-11-04,419.777751
2013-11-05,415.41273
2013-11-06,415.373402
2013-11-07,412.957688
2013-11-08,406.873038
2013-11-11,405.943582
2013-11-12,405.387343
2013-11-13,400.656085
2013-11-14,405.5325
2013-11-15,411.013965
2013-11-18,419.277564
2013-11-19,418.967602
2013-11-20,416.976159
2013-11-21,410.715421
2013-11-22,412.735612
2013-11-25,413.356893
2013-11-26,411.224757
2013-11-27,412.637325
2013-11-28,413.958394
2013-11-29,416.522704
2013-12-02,414.564967
2013-12-03,410.184104
2013-12-04,407.342844
2013-12-05,408.45128
2013-12-06,409.993877
2013-12-09,414.335217
2013-12-10,414.165077
2013-12-11,410.169018
2013-12-12,405.670108
2013-12-13,405.282126
2013-12-16,405.251576
2013-12-17,405.295655
2013-12-18,406.230647
2013-12-19,405.39554
2013-12-20,404.422489
2013-12-23,406.336402
2013-12-24,407.428691
2013-12-25,407.232868
2013-12-26,406.59758
2013-12-27,408.399692
2013-12-30,410.17675
2013-12-31,410.500991
2014-01-01,410.488232
2014-01-02,405.661384
2014-01-03,401.042303
2014-01-06,398.163032
2014-01-07,397.779528
2014-01-08,398.471433
2014-01-09,394.35821
2014-01-10,397.240341
2014-01-13,400.232731
2014-01-14,399.355629
2014-01-15,400.436998
2014-01-16,399.116826
2014-01-17,398.168095
2014-01-20,397.605959
2014-01-21,397.57637
2014-01-22,399.924921
2014-01-23,394.81206
2014-01-24,389.045277
2014-01-27,381.642883
2014-01-28,382.812713
2014-01-29,383.895205
2014-01-30,383.77466
2014-01-31,383.844989
2014-02-03,379.902331
2014-02-04,376.213553
2014-02-05,375.732698
2014-02-06,381.176367
2014-02-07,384.260448
2014-02-10,383.56827
2014-02-11,387.423579
2014-02-12,390.930538
2014-02-13,387.908602
2014-02-14,392.619094
2014-02-17,395.502472
2014-02-18,393.299221
2014-02-19,393.466455
2014-02-20,390.011862
2014-02-21,393.576103
2014-02-24,393.237762
2014-02-25,392.067959
2014-02-26,392.373246
2014-02-27,395.244569
2014-02-28,396.560239
2014-03-03,390.12456
2014-03-04,392.395011
2014-03-05,393.639934
2014-03-06,398.22378
2014-03-07,396.783393
2014-03-10,392.035944
2014-03-11,392.409144
2014-03-12,387.800899
2014-03-13,387.218861
2014-03-14,384.973913
2014-03-17,387.267752
2014-03-18,391.080889
2014-03-19,390.312697
2014-03-20,386.275571
2014-03-21,388.028088
2014-03-24,391.880722
2014-03-25,393.76709
2014-03-26,397.785363
2014-03-27,400.710202
2014-03-28,404.680657
2014-03-31,408.732699
2014-04-01,411.281281
2014-04-02,413.020884
2014-04-03,411.311702
2014-04-04,412.088175
2014-04-07,413.077094
2014-04-08,416.105108
2014-04-09,417.486703
2014-04-10,420.336397
2014-04-11,417.789918
2014-04-14,416.265318
2014-04-15,411.517531
2014-04-16,412.603988
2014-04-17,415.388471
2014-04-18,416.496379
2014-04-21,416.064989
2014-04-22,415.318275
2014-04-23,413.312674
2014-04-24,413.610732
2014-04-25,409.053508
2014-04-28,408.972096
2014-04-29,411.941329
2014-04-30,410.098492
2014-05-01,410.396443
2014-05-02,413.533628
2014-05-05,412.578694
2014-05-06,413.800857
2014-05-07,414.039427
2014-05-08,415.853081
2014-05-09,415.092536
2014-05-12,418.767027
2014-05-13,421.538494
2014-05-14,425.591898
2014-05-15,424.320668
2014-05-16,425.553797
2014-05-19,427.01462
2014-05-20,424.759308
2014-05-21,425.489805
2014-05-22,429.516119
2014-05-23,430.302932
2014-05-26,429.901505
2014-05-27,426.378733
2014-05-28,428.68725
2014-05-29,428.915696
2014-05-30,424.413277
2014-06-02,425.186356
2014-06-03,427.926189
2014-06-04,426.002528
2014-06-05,427.686397
2014-06-06,431.817795
2014-06-09,433.509372
2014-06-10,437.111169
2014-06-11,436.509682
2014-06-12,436.310188
2014-06-13,434.025639
2014-06-16,433.105157
2014-06-17,431.979409
2014-06-18,432.46053
2014-06-19,434.931202
2014-06-20,432.431762
2014-06-23,431.858749
2014-06-24,434.332677
2014-06-25,431.802234
2014-06-26,433.922831
2014-06-27,433.704927
2014-06-30,435.68944
2014-07-01,435.994072
2014-07-02,440.212946
2014-07-03,441.088179
2014-07-04,441.375608
2014-07-07,442.245129
2014-07-08,442.426877
2014-07-09,440.926425
2014-07-10,441.582324
2014-07-11,440.057904
2014-07-14,442.459853
2014-07-15,443.723744
2014-07-16,444.207908
2014-07-17,442.55884
2014-07-18,442.853295
2014-07-21,442.861981
2014-07-22,447.539896
2014-07-23,448.88512
2014-07-24,450.219641
2014-07-25,449.341306
2014-07-28,449.623756
2014-07-29,450.210092
2014-07-30,449.477008
2014-07-31,444.113818
2014-08-01,441.802001
2014-08-04,445.634296
2014-08-05,443.081347
2014-08-06,440.469373
2014-08-07,438.216706
2014-08-08,435.874228
2014-08-11,442.555603
2014-08-12,443.849662
2014-08-13,446.632846
2014-08-14,447.36483
2014-08-15,448.260238
2014-08-18,449.325244
2014-08-19,452.452377
2014-08-20,452.720935
2014-08-21,451.423027
2014-08-22,451.919173
2014-08-25,452.909522
2014-08-26,453.95724
2014-08-27,456.490312
2014-08-28,453.742797
2014-08-29,454.121993
2014-09-01,455.260312
2014-09-02,453.664372
2014-09-03,459.643591
2014-09-04,459.450017
2014-09-05,458.060621
2014-09-08,457.382274
2014-09-09,454.282335
2014-09-10,449.152629
2014-09-11,446.862483
2014-09-12,443.58306
2014-09-15,441.336523
2014-09-16,440.642037
2014-09-17,444.128012
2014-09-18,441.62373
2014-09-19,440.619707
2014-09-22,434.932113
2014-09-23,431.804657
2014-09-24,432.864264
2014-09-25,428.864116
2014-09-26,428.171174
2014-09-29,422.174225
2014-09-30,420.461738
2014-10-01,416.926191
2014-10-02,415.121326
2014-10-03,417.108134
2014-10-06,422.668288
2014-10-07,422.901318
2014-10-08,417.840462
2014-10-09,421.869273
2014-10-10,414.154874
2014-10-13,414.838813
2014-10-14,415.083257
2014-10-15,411.133494
2014-10-16,406.156625
2014-10-17,408.840908
2014-10-20,410.825026
2014-10-21,410.948138
2014-10-22,413.171791
2014-10-23,410.937526
2014-10-24,412.051279
2014-10-27,409.295647
2014-10-28,415.516008
2014-10-29,420.710529
2014-10-30,421.836177
2014-10-31,425.41936
2014-11-03,423.053516
2014-11-04,421.699915
2014-11-05,418.07668
2014-11-06,415.099977
2014-11-07,413.566066
2014-11-10,417.792127
2014-11-11,416.167605
2014-11-12,417.163956
2014-11-13,415.765193
2014-11-14,414.963407
2014-11-17,412.90296
2014-11-18,414.082699
2014-11-19,414.610833
2014-11-20,414.702395
2014-11-21,420.671806
2014-11-24,423.600551
2014-11-25,422.711747
2014-11-26,423.957476
2014-11-27,424.230987
2014-11-28,420.919544
2014-12-01,412.722037
2014-12-02,412.485518
2014-12-03,413.078893
2014-12-04,413.512065
2014-12-05,413.005538
2014-12-08,409.33764
2014-12-09,404.552908
2014-12-10,401.730348
2014-12-11,396.43998
2014-12-12,393.256131
2014-12-15,387.240616
2014-12-16,381.35522
2014-12-17,384.800577
2014-12-18,391.911696
2014-12-19,395.95113
2014-12-22,401.390971
2014-12-23,399.106199
2014-12-24,398.80018
2014-12-25,398.604485
2014-12-26,399.411072
2014-12-29,402.521123
2014-12-30,400.796684
2014-12-31,401.521102
2015-01-01,401.509924
2015-01-02,400.492574
2015-01-05,395.040804
2015-01-06,392.529527
2015-01-07,395.235598
2015-01-08,402.66693
2015-01-09,403.732813
2015-01-12,401.294594
2015-01-13,403.127969
2015-01-14,401.379546
2015-01-15,403.163253
2015-01-16,402.106349
2015-01-19,400.034024
2015-01-20,402.034412
2015-01-21,409.925099
2015-01-22,413.071046
2015-01-23,416.163704
2015-01-26,415.273892
2015-01-27,415.761148
2015-01-28,413.583507
2015-01-29,408.7704
2015-01-30,403.928022
2015-02-02,404.953621
2015-02-03,410.289496
2015-02-04,412.110244
2015-02-05,412.69822
2015-02-06,411.181029
2015-02-09,408.77981
2015-02-10,406.284091
2015-02-11,404.064326
2015-02-12,408.260754
2015-02-13,414.788942
2015-02-16,413.718118
2015-02-17,413.316742
2015-02-18,414.147845
2015-02-19,414.193249
2015-02-20,413.921602
2015-02-23,413.542601
2015-02-24,415.409432
2015-02-25,417.487626
2015-02-26,417.917498
2015-02-27,416.43475
2015-03-02,415.656379
2015-03-03,414.863861
2015-03-04,410.688992
2015-03-05,410.025848
2015-03-06,408.621143
2015-03-09,403.599554
2015-03-10,397.112232
2015-03-11,396.811734
2015-03-12,399.151578
2015-03-13,395.382503
2015-03-16,395.832198
2015-03-17,399.408004
2015-03-18,402.653468
2015-03-19,406.142012
2015-03-20,408.059207
2015-03-23,410.693949
2015-03-24,411.922935
2015-03-25,411.053673
2015-03-26,405.318537
2015-03-27,403.525966
2015-03-30,408.112037
2015-03-31,410.512841
2015-04-01,414.051551
2015-04-02,418.266218
2015-04-03,418.884752
2015-04-06,423.805262
2015-04-07,423.986229
2015-04-08,430.221811
2015-04-09,433.451198
2015-04-10,435.990266
2015-04-13,438.942685
2015-04-14,436.98096
2015-04-15,437.098223
2015-04-16,443.586219
2015-04-17,439.589359
2015-04-20,435.873178
2015-04-21,439.461742
2015-04-22,441.757587
2015-04-23,444.504764
2015-04-24,447.313091
2015-04-27,449.527613
2015-04-28,450.130627
2015-04-29,447.001067
2015-04-30,442.08749
2015-05-01,441.342014
2015-05-04,442.324639
2015-05-05,442.222091
2015-05-06,439.080208
2015-05-07,432.551961
2015-05-08,436.822111
2015-05-11,437.297162
2015-05-12,434.365645
2015-05-13,436.442223
2015-05-14,437.281241
2015-05-15,440.523671
2015-05-18,439.501257
2015-05-19,439.513053
2015-05-20,437.550534
2015-05-21,436.130653
2015-05-22,438.323735
2015-05-25,437.369003
2015-05-26,433.695121
2015-05-27,430.626528
2015-05-28,426.618282
2015-05-29,424.383478
2015-06-01,423.89284
2015-06-02,422.643904
2015-06-03,421.018517
2015-06-04,417.975914
2015-06-05,415.518921
2015-06-08,413.407499
2015-06-09,410.895319
2015-06-10,413.804122
2015-06-11,413.397751
2015-06-12,414.569477
2015-06-15,410.847855
2015-06-16,408.748844
2015-06-17,410.491962
2015-06-18,413.999523
2015-06-19,412.752044
2015-06-22,418.192446
2015-06-23,420.045323
2015-06-24,421.230202
2015-06-25,419.308927
2015-06-26,416.158195
2015-06-29,407.775906
2015-06-30,413.361578
2015-07-01,413.277678
2015-07-02,413.270172
2015-07-03,410.255583
2015-07-06,401.425835
2015-07-07,395.828976
2015-07-08,384.904025
2015-07-09,391.437099
2015-07-10,397.005718
2015-07-13,401.428264
2015-07-14,400.605107
2015-07-15,399.777281
2015-07-16,401.450376
2015-07-17,401.450685
2015-07-20,398.806251
2015-07-21,400.684286
2015-07-22,396.998452
2015-07-23,393.833521
2015-07-24,388.252263
2015-07-27,380.699518
2015-07-28,380.150407
2015-07-29,383.974517
2015-07-30,381.425465
2015-07-31,384.707821
2015-08-03,380.106965
2015-08-04,381.108895
2015-08-05,380.6234
2015-08-06,377.702202
2015-08-07,377.768654
2015-08-10,378.97436
2015-08-11,374.985483
2015-08-12,367.931723
2015-08-13,369.386377
2015-08-14,368.970301
2015-08-17,365.09754
2015-08-18,362.289391
2015-08-19,359.047796
2015-08-20,354.707086
2015-08-21,347.069039
2015-08-24,329.792736
2015-08-25,336.965072
2015-08-26,336.448067
2015-08-27,347.483729
2015-08-28,350.55319
2015-08-31,349.912203
2015-09-01,342.408552
2015-09-02,340.527981
2015-09-03,342.709239
2015-09-04,337.210304
2015-09-07,332.941458
2015-09-08,338.255796
2015-09-09,346.393914
2015-09-10,344.204788
2015-09-11,343.501911
2015-09-14,345.796316
2015-09-15,345.431887
2015-09-16,352.260407
2015-09-17,354.313096
2015-09-18,355.368578
2015-09-21,349.284736
2015-09-22,346.176844
2015-09-23,339.161605
2015-09-24,336.572844
2015-09-25,338.067445
2015-09-28,334.848417
2015-09-29,332.653037
2015-09-30,339.385516
2015-10-01,341.771738
2015-10-02,344.559755
2015-10-05,352.029974
2015-10-06,355.209617
2015-10-07,364.684291
2015-10-08,363.683456
2015-10-09,368.38791
2015-10-12,370.926234
2015-10-13,366.23744
2015-10-14,364.140999
2015-10-15,370.716604
2015-10-16,371.01385
2015-10-19,371.867424
2015-10-20,370.679498
2015-10-21,368.38408
2015-10-22,367.984136
2015-10-23,372.44734
2015-10-26,372.061193
2015-10-27,369.94196
2015-10-28,368.91528
2015-10-29,362.848963
2015-10-30,363.595192
2015-11-02,364.624619
2015-11-03,369.156933
2015-11-04,372.334613
2015-11-05,370.616695
2015-11-06,365.629809
2015-11-09,361.844152
2015-11-10,357.507394
2015-11-11,357.505641
2015-11-12,357.657123
2015-11-13,352.253688
2015-11-16,348.936128
2015-11-17,353.532725
2015-11-18,352.998801
2015-11-19,359.146445
2015-11-20,361.868749
2015-11-23,360.865179
2015-11-24,360.104691
2015-11-25,358.762366
2015-11-26,359.596937
2015-11-27,354.565334
2015-11-30,349.412186
2015-12-01,354.237126
2015-12-02,352.65775
2015-12-03,351.571154
2015-12-04,348.579356
2015-12-07,346.668095
2015-12-08,341.375741
2015-12-09,341.290234
2015-12-10,338.65207
2015-12-11,332.018817
2015-12-14,331.044744
2015-12-15,334.576511
2015-12-16,339.268991
2015-12-17,342.871423
2015-12-18,339.068761
2015-12-21,339.817106
2015-12-22,341.201779
2015-12-23,344.903029
2015-12-24,345.306471
2015-12-25,345.404043
2015-12-28,343.702863
2015-12-29,344.012773
2015-12-30,340.475278
2015-12-31,341.623221
2016-01-01,341.654971
2016-01-04,330.305132
2016-01-05,330.604482
2016-01-06,326.882931
2016-01-07,317.881739
2016-01-08,318.404449
2016-01-11,311.222225
2016-01-12,311.162094
2016-01-13,313.891571
2016-01-14,311.134367
2016-01-15,305.128862
2016-01-18,302.64367
2016-01-19,307.361169
2016-01-20,298.059468
2016-01-21,296.244835
2016-01-22,305.771793
2016-01-25,308.117772
2016-01-26,304.780116
2016-01-27,308.084856
2016-01-28,310.793615
2016-01-29,319.460701
2016-02-01,319.64621
2016-02-02,313.632236
2016-02-03,310.592758
2016-02-04,318.303492
2016-02-05,318.359403
2016-02-08,316.004895
2016-02-09,314.186035
2016-02-10,314.488729
2016-02-11,306.956045
2016-02-12,306.182695
2016-02-15,312.905893
2016-02-16,314.865579
2016-02-17,316.760505
2016-02-18,321.289106
2016-02-19,319.090529
2016-02-22,322.738132
2016-02-23,320.742997
2016-02-24,317.248637
2016-02-25,316.783607
2016-02-26,318.793869
2016-02-29,318.937982
2016-03-01,324.371699
2016-03-02,331.400055
2016-03-03,336.192185
2016-03-04,340.842798
2016-03-07,342.684636
2016-03-08,339.651329
2016-03-09,339.492703
2016-03-10,340.848864
2016-03-11,345.231824
2016-03-14,346.374757
2016-03-15,340.906526
2016-03-16,341.140125
2016-03-17,352.27265
2016-03-18,356.536486
2016-03-21,357.539449
2016-03-22,358.181101
2016-03-23,354.390538
2016-03-24,351.062686
2016-03-25,350.504398
2016-03-28,350.83831
2016-03-29,351.612251
2016-03-30,359.90618
2016-03-31,361.142234
2016-04-01,356.594924
2016-04-04,356.933845
2016-04-05,351.007107
2016-04-06,349.335158
2016-04-07,349.45478
2016-04-08,352.706672
2016-04-11,355.836464
2016-04-12,358.820893
2016-04-13,364.557739
2016-04-14,365.150715
2016-04-15,365.697478
2016-04-18,364.459392
2016-04-19,368.379328
2016-04-20,366.962438
2016-04-21,368.821054
2016-04-22,365.174832
2016-04-25,362.589294
2016-04-26,364.083107
2016-04-27,364.332964
2016-04-28,364.755138
2016-04-29,363.104989
2016-05-02,361.181069
2016-05-03,354.942271
2016-05-04,351.717066
2016-05-05,349.969592
2016-05-06,348.19691
2016-05-09,346.307321
2016-05-10,348.950611
2016-05-11,349.409462
2016-05-12,348.865805
2016-05-13,344.292767
2016-05-16,344.886493
2016-05-17,346.726294
2016-05-18,343.546324
2016-05-19,338.206959
2016-05-20,339.735442
2016-05-23,341.345098
2016-05-24,340.983108
2016-05-25,346.062948
2016-05-26,347.475697
2016-05-27,349.812228
2016-05-30,349.622452
2016-05-31,349.560424
2016-06-01,349.472423
2016-06-02,350.489701
2016-06-03,353.500836
2016-06-06,356.633312
2016-06-07,362.171433
2016-06-08,365.087791
2016-06-09,362.81062
2016-06-10,357.165709
2016-06-13,350.977279
2016-06-14,348.215524
2016-06-15,350.45641
2016-06-16,347.017047
2016-06-17,349.814678
2016-06-20,356.364346
2016-06-21,358.242489
2016-06-22,360.323934
2016-06-23,363.036437
2016-06-24,350.217014
2016-06-27,345.761338
2016-06-28,350.44602
2016-06-29,358.095157
2016-06-30,363.53137
2016-07-01,365.793834
2016-07-04,367.637421
2016-07-05,362.611985
2016-07-06,357.192562
2016-07-07,360.691819
2016-07-08,361.508019
2016-07-11,369.408018
2016-07-12,372.709962
2016-07-13,373.765784
2016-07-14,377.992335
2016-07-15,378.978334
2016-07-18,379.996896
2016-07-19,379.284236
2016-07-20,380.442916
2016-07-21,380.702919
2016-07-22,379.887135
2016-07-25,379.819349
2016-07-26,380.563237
2016-07-27,382.020982
2016-07-28,382.683588
2016-07-29,381.824909
2016-08-01,385.829667
2016-08-02,383.341347
2016-08-03,379.60197
2016-08-04,383.088262
2016-08-05,387.282771
2016-08-08,391.668521
2016-08-09,393.559534
2016-08-10,394.991935
2016-08-11,397.028442
2016-08-12,398.134221
2016-08-15,400.786777
2016-08-16,400.670716
2016-08-17,398.080217
2016-08-18,401.08592
2016-08-19,398.433231
2016-08-22,395.76494
2016-08-23,396.781441
2016-08-24,392.568643
2016-08-25,393.159362
2016-08-26,394.626836
2016-08-29,392.261783
2016-08-30,393.564365
2016-08-31,391.314081
2016-09-01,390.295606
2016-09-02,394.180314
2016-09-05,398.571112
2016-09-06,404.643778
2016-09-07,405.826326
2016-09-08,406.431165
2016-09-09,398.589473
2016-09-12,389.884034
2016-09-13,388.401281
2016-09-14,388.081386
2016-09-15,389.799319
2016-09-16,388.254666
2016-09-19,393.640902
2016-09-20,394.143541
2016-09-21,397.175195
2016-09-22,403.883196
2016-09-23,402.405698
2016-09-26,397.142518
2016-09-27,399.636037
2016-09-28,400.145814
2016-09-29,400.698764
2016-09-30,396.345813
2016-10-03,399.985073
2016-10-04,401.752084
2016-10-05,401.63751
2016-10-06,402.428611
2016-10-07,401.453397
2016-10-10,403.161633
2016-10-11,397.412524
2016-10-12,396.18002
2016-10-13,390.876989
2016-10-14,393.679069
2016-10-17,392.659878
2016-10-18,398.732053
2016-10-19,400.840289
2016-10-20,400.853219
2016-10-21,399.94244
2016-10-24,403.091045
2016-10-25,403.025033
2016-10-26,399.658106
2016-10-27,397.368795
2016-10-28,396.5893
2016-10-31,397.290848
2016-11-01,396.221928
2016-11-02,390.795408
2016-11-03,388.489445
2016-11-04,386.403089
2016-11-07,392.838863
2016-11-08,396.210841
2016-11-09,386.444997
2016-11-10,384.472808
2016-11-11,372.825119
2016-11-14,368.390421
2016-11-15,369.506993
2016-11-16,372.021591
2016-11-17,372.042884
2016-11-18,370.877323
2016-11-21,372.134623
2016-11-22,376.564009
2016-11-23,375.907687
2016-11-24,374.197794
2016-11-25,375.853963
2016-11-28,379.102302
2016-11-29,377.044019
2016-11-30,379.003171
2016-12-01,377.069378
2016-12-02,374.738974
2016-12-05,375.139676
2016-12-06,378.451664
2016-12-07,381.151069
2016-12-08,386.30418
2016-12-09,385.659118
2016-12-12,383.206219
2016-12-13,385.39109
2016-12-14,383.446957
2016-12-15,377.25609
2016-12-16,376.289548
2016-12-19,373.972457
2016-12-20,374.055524
2016-12-21,374.000497
2016-12-22,370.308167
2016-12-23,369.972166
2016-12-26,370.350261
2016-12-27,371.380428
2016-12-28,374.945069
2016-12-29,378.150799
2016-12-30,379.840076
2017-01-02,379.672535
2017-01-03,382.567273
2017-01-04,383.903525
2017-01-05,388.440594
2017-01-06,388.173951
2017-01-09,386.996788
2017-01-10,390.195729
2017-01-11,390.661421
2017-01-12,395.026434
2017-01-13,394.737806
2017-01-16,391.711125
2017-01-17,394.251383
2017-01-18,395.579249
2017-01-19,394.098104
2017-01-20,393.554551
2017-01-23,397.468364
2017-01-24,400.338675
2017-01-25,401.89922
2017-01-26,403.925067
2017-01-27,403.569305
2017-01-30,402.321493
2017-01-31,400.626073
2017-02-01,402.296353
2017-02-02,403.276792
2017-02-03,404.897939
2017-02-06,406.716331
2017-02-07,405.356173
2017-02-08,406.18225
2017-02-09,407.904947
2017-02-10,409.933347
2017-02-13,412.274257
2017-02-14,411.672873
2017-02-15,415.073056
2017-02-16,416.796077
2017-02-17,413.911878
2017-02-20,415.919896
2017-02-21,416.917458
2017-02-22,419.27004
2017-02-23,419.786452
2017-02-24,416.01261
2017-02-27,414.614628
2017-02-28,412.889994
2017-03-01,413.88635
2017-03-02,413.014658
2017-03-03,410.664775
2017-03-06,412.168606
2017-03-07,413.085183
2017-03-08,412.413094
2017-03-09,407.179302
2017-03-10,408.598598
2017-03-13,414.061136
2017-03-14,414.739352
2017-03-15,416.34112
2017-03-16,425.070908
2017-03-17,426.114866
2017-03-20,429.115971
2017-03-21,429.439253
2017-03-22,426.832733
2017-03-23,427.292833
2017-03-24,427.846644
2017-03-27,426.349231
2017-03-28,428.396694
2017-03-29,429.197315
2017-03-30,428.204515
2017-03-31,423.312743
2017-04-03,426.345072
2017-04-04,426.398135
2017-04-05,428.2512
2017-04-06,425.636895
2017-04-07,424.911392
2017-04-10,423.32505
2017-04-11,421.802476
2017-04-12,423.4883
2017-04-13,425.576432
2017-04-14,424.51022
2017-04-17,425.540412
2017-04-18,423.349137
2017-04-19,421.258707
2017-04-20,423.708528
2017-04-21,425.222687
2017-04-24,429.585985
2017-04-25,434.585467
2017-04-26,434.55182
2017-04-27,433.320022
2017-04-28,432.580492
2017-05-01,433.377772
2017-05-02,437.190532
2017-05-03,436.145378
2017-05-04,433.68055
2017-05-05,432.9059
2017-05-08,435.956389
2017-05-09,438.41758
2017-05-10,440.411562
2017-05-11,442.740588
2017-05-12,443.654427
2017-05-15,447.162358
2017-05-16,449.331058
2017-05-17,446.506742
2017-05-18,437.555044
2017-05-19,440.851667
2017-05-22,444.418791
2017-05-23,444.808944
2017-05-24,445.075068
2017-05-25,449.302488
2017-05-26,450.43851
2017-05-29,449.660425
2017-05-30,448.15569
2017-05-31,445.369462
2017-06-01,446.828702
2017-06-02,449.867529
2017-06-05,451.018798
2017-06-06,450.301344
2017-06-07,450.276068
2017-06-08,451.861199
2017-06-09,451.48152
2017-06-12,447.406897
2017-06-13,447.9654
2017-06-14,449.71781
2017-06-15,445.293268
2017-06-16,445.081422
2017-06-19,449.470924
2017-06-20,447.642268
2017-06-21,446.689144
2017-06-22,448.133885
2017-06-23,449.41329
2017-06-26,453.289397
2017-06-27,452.236753
2017-06-28,450.261881
2017-06-29,451.255524
2017-06-30,449.852805
2017-07-03,451.750883
2017-07-04,448.450051
2017-07-05,449.936645
2017-07-06,448.668198
2017-07-07,447.110211
2017-07-10,450.224587
2017-07-11,454.303079
2017-07-12,459.622953
2017-07-13,464.708964
2017-07-14,467.581446
2017-07-17,469.639815
2017-07-18,470.474253
2017-07-19,473.713539
2017-07-20,473.409669
2017-07-21,473.80779
2017-07-24,475.660052
2017-07-25,474.539803
2017-07-26,474.848256
2017-07-27,477.85866
2017-07-28,475.182612
2017-07-31,476.668313
2017-08-01,477.948724
2017-08-02,478.421524
2017-08-03,475.835571
2017-08-04,477.292804
2017-08-07,480.956571
2017-08-08,482.410384
2017-08-09,478.149526
2017-08-10,472.542632
2017-08-11,466.578026
2017-08-14,471.443173
2017-08-15,470.972273
2017-08-16,474.479613
2017-08-17,475.88641
2017-08-18,474.201402
2017-08-21,476.058782
2017-08-22,480.038016
2017-08-23,481.457868
2017-08-24,484.544533
2017-08-25,485.861291
2017-08-28,485.741242
2017-08-29,484.027824
2017-08-30,487.07285
2017-08-31,487.300587
2017-09-01,488.955808
2017-09-04,485.412554
2017-09-05,486.13982
2017-09-06,485.430714
2017-09-07,488.613562
2017-09-08,489.106578
2017-09-11,492.763927
2017-09-12,494.159006
2017-09-13,492.992931
2017-09-14,493.227321
2017-09-15,494.264604
2017-09-18,499.128587
2017-09-19,497.655839
2017-09-20,498.776702
2017-09-21,497.040548
2017-09-22,494.393342
2017-09-25,488.132385
2017-09-26,484.481891
2017-09-27,483.818803
2017-09-28,481.128461
2017-09-29,485.362974
2017-10-02,485.932935
2017-10-03,492.250511
2017-10-04,494.455253
2017-10-05,494.865853
2017-10-06,495.031205
2017-10-09,493.839859
2017-10-10,499.296444
2017-10-11,501.459868
2017-10-12,503.398022
2017-10-13,505.331264
2017-10-16,507.984779
2017-10-17,505.230418
2017-10-18,505.80551
2017-10-19,501.31416
2017-10-20,502.575579
2017-10-23,500.873775
2017-10-24,499.724269
2017-10-25,500.077592
2017-10-26,497.417717
2017-10-27,498.344633
2017-10-30,500.733029
2017-10-31,502.377752
2017-11-01,506.820331
2017-11-02,506.088667
2017-11-03,505.593682
2017-11-06,507.772573
2017-11-07,509.359867
2017-11-08,509.423825
2017-11-09,509.046678
2017-11-10,506.682213
2017-11-13,504.366241
2017-11-14,502.149168
2017-11-15,498.92652
2017-11-16,505.321004
2017-11-17,510.310335
2017-11-20,510.15332
2017-11-21,516.852196
2017-11-22,519.418243
2017-11-23,517.506262
2017-11-24,518.340122
2017-11-27,513.89856
2017-11-28,514.87766
2017-11-29,512.618996
2017-11-30,503.386216
2017-12-01,501.208432
2017-12-04,503.938106
2017-12-05,502.029671
2017-12-06,494.640645
2017-12-07,494.354445
2017-12-08,498.952698
2017-12-11,503.084082
2017-12-12,499.681008
2017-12-13,502.578825
2017-12-14,503.669899
2017-12-15,502.475072
2017-12-18,507.823087
2017-12-19,508.710716
2017-12-20,509.016424
2017-12-21,509.81451
2017-12-22,512.88773
2017-12-25,512.895554
2017-12-26,511.880385
2017-12-27,515.117815
2017-12-28,519.259216
2017-12-29,521.456347
2018-01-01,521.04721
2018-01-02,530.303909
2018-01-03,533.124664
2018-01-04,536.88023
2018-01-05,540.694743
2018-01-08,543.346486
2018-01-09,542.569046
2018-01-10,539.165033
2018-01-11,538.93184
2018-01-12,543.95925
2018-01-15,545.071867
2018-01-16,548.325552
2018-01-17,550.466295
2018-01-18,552.678793
2018-01-19,554.968306
2018-01-22,557.63834
2018-01-23,563.890565
2018-01-24,566.75877
2018-01-25,568.879343
2018-01-26,573.228177
2018-01-29,570.936741
2018-01-30,561.776141
2018-01-31,564.917531
2018-02-01,562.343587
2018-02-02,554.338035
2018-02-05,544.658224
2018-02-06,529.736453
2018-02-07,528.497105
2018-02-08,523.885205
2018-02-09,514.776544
2018-02-12,519.589151
2018-02-13,524.598626
2018-02-14,533.988923
2018-02-15,541.790392
2018-02-16,540.6899
2018-02-19,541.283833
2018-02-20,538.351633
2018-02-21,545.181707
2018-02-22,541.256458
2018-02-23,548.345438
2018-02-26,550.472328
2018-02-27,546.54948
2018-02-28,538.863922
2018-03-01,537.556663
2018-03-02,532.979802
2018-03-05,530.356518
2018-03-06,538.464179
2018-03-07,536.412179
2018-03-08,539.153786
2018-03-09,544.568612
2018-03-12,551.343581
2018-03-13,552.110578
2018-03-14,549.846894
2018-03-15,548.752988
2018-03-16,547.380926
2018-03-19,543.066272
2018-03-20,545.987941
2018-03-21,545.883905
2018-03-22,540.107894
2018-03-23,529.00744
2018-03-26,533.617816
2018-03-27,535.014291
2018-03-28,524.90604
2018-03-29,528.119964
2018-03-30,528.84462
2018-04-02,528.239963
2018-04-03,528.583132
2018-04-04,522.103212
2018-04-05,527.012605
2018-04-06,524.97769
2018-04-09,525.47501
2018-04-10,531.026309
2018-04-11,531.228487
2018-04-12,531.842243
2018-04-13,528.820999
2018-04-16,525.732463
2018-04-17,526.302453
2018-04-18,531.64832
2018-04-19,535.25887
2018-04-20,528.09915
2018-04-23,523.593799
2018-04-24,521.809194
2018-04-25,515.511369
2018-04-26,517.356423
2018-04-27,522.778922
2018-04-30,526.504861
2018-05-01,525.642127
2018-05-02,520.729419
2018-05-03,514.615316
2018-05-04,513.907381
2018-05-07,515.469576
2018-05-08,516.944799
2018-05-09,517.458877
2018-05-10,523.245231
2018-05-11,526.842885
2018-05-14,528.855455
2018-05-15,520.440843
2018-05-16,522.642892
2018-05-17,517.739452
2018-05-18,514.946902
2018-05-21,514.42632
2018-05-22,516.977172
2018-05-23,512.949935
2018-05-24,513.959834
2018-05-25,514.855073
2018-05-28,515.034738
2018-05-29,510.241989
2018-05-30,504.160606
2018-05-31,507.848666
2018-06-01,512.221606
2018-06-04,519.766695
2018-06-05,518.771802
2018-06-06,521.396588
2018-06-07,521.405301
2018-06-08,514.968419
2018-06-11,516.828147
2018-06-12,517.383387
2018-06-13,515.247536
2018-06-14,510.828153
2018-06-15,505.447048
2018-06-18,501.96146
2018-06-19,492.509425
2018-06-20,496.325836
2018-06-21,490.425512
2018-06-22,493.980756
2018-06-25,486.950414
2018-06-26,485.558055
2018-06-27,478.526668
2018-06-28,476.343065
2018-06-29,486.74909
2018-07-02,482.15734
2018-07-03,481.479851
2018-07-04,480.901946
2018-07-05,480.691959
2018-07-06,483.308748
2018-07-09,490.966416
2018-07-10,491.369657
2018-07-11,486.233645
2018-07-12,488.898881
2018-07-13,491.394377
2018-07-16,488.987582
2018-07-17,489.323781
2018-07-18,488.485554
2018-07-19,484.855465
2018-07-20,489.162427
2018-07-23,488.973334
2018-07-24,493.955893
2018-07-25,497.918761
2018-07-26,498.138482
2018-07-27,499.609007
2018-07-30,498.643093
2018-07-31,497.441635
2018-08-01,497.222791
2018-08-02,488.418618
2018-08-03,491.22757
2018-08-06,490.162002
2018-08-07,494.205749
2018-08-08,494.200809
2018-08-09,493.765889
2018-08-10,486.388821
2018-08-13,477.666338
2018-08-14,477.364767
2018-08-15,468.63504
2018-08-16,467.811687
2018-08-17,468.454148
2018-08-20,473.448494
2018-08-21,478.36793
2018-08-22,481.292205
2018-08-23,480.20485
2018-08-24,481.124741
2018-08-27,489.814236
2018-08-28,490.519102
2018-08-29,490.513173
2018-08-30,484.831255
2018-08-31,483.991229
2018-09-03,479.997142
2018-09-04,476.830556
2018-09-05,468.434453
2018-09-06,466.983007
2018-09-07,469.165506
2018-09-10,463.810162
2018-09-11,460.220365
2018-09-12,460.895427
2018-09-13,466.947994
2018-09-14,471.950247
2018-09-17,466.435927
2018-09-18,468.019305
2018-09-19,473.311047
2018-09-20,476.009052
2018-09-21,482.676345
2018-09-24,478.54226
2018-09-25,478.291447
2018-09-26,480.279627
2018-09-27,482.85604
2018-09-28,481.422524
2018-10-01,480.729908
2018-10-02,474.716574
2018-10-03,475.557719
2018-10-04,464.231062
2018-10-05,459.825116
2018-10-08,457.446414
2018-10-09,456.761734
2018-10-10,452.945271
2018-10-11,438.77813
2018-10-12,450.493517
2018-10-15,446.623101
2018-10-16,452.595278
2018-10-17,452.169501
2018-10-18,446.285302
2018-10-19,446.545327
2018-10-22,451.783721
2018-10-23,441.525643
2018-10-24,438.102544
2018-10-25,436.271947
2018-10-26,431.959758
2018-10-29,429.773321
2018-10-30,430.473885
2018-10-31,439.499005
2018-11-01,446.659748
2018-11-02,458.281249
2018-11-05,456.298124
2018-11-06,456.280835
2018-11-07,458.898206
2018-11-08,456.901203
2018-11-09,448.921392
2018-11-12,444.433133
2018-11-13,444.26157
2018-11-14,445.246785
2018-11-15,451.105603
2018-11-16,453.61639
2018-11-19,454.540803
2018-11-20,447.310988
2018-11-21,448.46193
2018-11-22,448.924608
2018-11-23,445.789212
2018-11-26,449.216315
2018-11-27,450.873124
2018-11-28,456.201531
2018-11-29,459.142952
2018-11-30,457.610639
2018-12-03,467.822381
2018-12-04,466.6243
2018-12-05,460.963132
2018-12-06,450.393846
2018-12-07,451.52053
2018-12-10,442.975603
2018-12-11,443.90748
2018-12-12,450.428736
2018-12-13,453.490272
2018-12-14,447.227379
2018-12-17,445.37157
2018-12-18,443.155605
2018-12-19,445.33577
2018-12-20,441.781618
2018-12-21,440.678875
2018-12-24,438.620594
2018-12-25,437.433185
2018-12-26,437.521694
2018-12-27,439.272311
2018-12-28,444.033828
2018-12-31,445.487949
2019-01-01,445.610436
2019-01-02,440.885579
2019-01-03,438.03854
2019-01-04,445.140156
2019-01-07,451.141903
2019-01-08,450.069191
2019-01-09,458.803689
2019-01-10,460.773244
2019-01-11,461.898319
2019-01-14,458.020554
2019-01-15,463.744633
2019-01-16,465.719217
2019-01-17,465.539034
2019-01-18,469.697771
2019-01-21,469.911575
2019-01-22,466.305241
2019-01-23,466.743448
2019-01-24,470.396069
2019-01-25,476.37103
2019-01-28,474.396995
2019-01-29,475.178914
2019-01-30,478.355124
2019-01-31,484.493782
2019-02-01,484.637554
2019-02-04,483.644945
2019-02-05,485.424351
2019-02-06,483.854984
2019-02-07,480.871003
2019-02-08,478.132433
2019-02-11,477.924347
2019-02-12,481.052855
2019-02-13,480.919933
2019-02-14,479.712542
2019-02-15,475.777201
2019-02-18,478.591202
2019-02-19,478.702114
2019-02-20,484.411898
2019-02-21,485.214145
2019-02-22,489.042097
2019-02-25,493.209624
2019-02-26,492.000731
2019-02-27,490.317372
2019-02-28,485.583059
2019-03-01,485.8764
2019-03-04,486.838041
2019-03-05,487.57171
2019-03-06,487.956549
2019-03-07,482.376475
2019-03-08,476.181717
2019-03-11,481.296417
2019-03-12,486.102413
2019-03-13,485.65486
2019-03-14,484.64768
2019-03-15,488.863748
2019-03-18,494.402815
2019-03-19,495.199185
2019-03-20,494.065141
2019-03-21,494.646823
2019-03-22,490.010064
2019-03-25,484.52852
2019-03-26,485.793565
2019-03-27,482.943446
2019-03-28,483.677962
2019-03-29,489.658464
2019-04-01,495.208806
2019-04-02,495.699798
2019-04-03,499.786776
2019-04-04,500.225122
2019-04-05,502.271336
2019-04-08,503.829083
2019-04-09,506.118906
2019-04-10,507.440504
2019-04-11,503.495188
2019-04-12,504.280385
2019-04-15,502.992779
2019-04-16,506.400687
2019-04-17,507.761308
2019-04-18,505.967964
2019-04-19,505.97381
2019-04-22,504.364912
2019-04-23,504.733598
2019-04-24,502.32868
2019-04-25,498.742996
2019-04-26,499.371752
2019-04-29,501.637159
2019-04-30,499.966676
2019-05-01,500.556762
2019-05-02,499.909242
2019-05-03,501.735433
2019-05-06,492.439418
2019-05-07,489.931557
2019-05-08,487.147555
2019-05-09,476.719748
2019-05-10,479.069222
2019-05-13,471.248384
2019-05-14,470.326551
2019-05-15,471.032677
2019-05-16,468.818413
2019-05-17,462.050266
2019-05-20,460.986936
2019-05-21,463.316964
2019-05-22,462.944269
2019-05-23,457.108327
2019-05-24,458.030336
2019-05-27,459.331235
2019-05-28,458.928705
2019-05-29,457.70015
2019-05-30,462.147412
2019-05-31,463.688396
2019-06-03,468.599728
2019-06-04,467.326285
2019-06-05,467.153464
2019-06-06,466.310726
2019-06-07,468.470958
2019-06-10,475.324765
2019-06-11,480.196877
2019-06-12,477.644853
2019-06-13,475.830774
2019-06-14,472.622503
2019-06-17,470.760268
2019-06-18,476.858364
2019-06-19,483.61002
2019-06-20,490.976871
2019-06-21,490.730954
2019-06-24,491.126608
2019-06-25,487.788309
2019-06-26,489.121718
2019-06-27,492.60918
2019-06-28,492.62772
2019-07-01,497.009474
2019-07-02,497.289126
2019-07-03,495.501705
2019-07-04,498.056697
2019-07-05,495.883661
2019-07-08,489.686712
2019-07-09,487.977321
2019-07-10,491.028151
2019-07-11,494.045686
2019-07-12,492.108259
2019-07-15,495.398095
2019-07-16,496.678447
2019-07-17,494.440148
2019-07-18,492.982794
2019-07-19,495.764127
2019-07-22,494.07228
2019-07-23,494.874227
2019-07-24,494.846124
2019-07-25,494.582799
2019-07-26,491.950283
2019-07-29,490.602082
2019-07-30,489.427821
2019-07-31,486.603885
2019-08-01,480.818583
2019-08-02,471.082879
2019-08-05,456.662361
2019-08-06,456.536622
2019-08-07,456.541959
2019-08-08,462.065522
2019-08-09,460.621013
2019-08-12,457.557882
2019-08-13,455.043609
2019-08-14,453.001424
2019-08-15,452.587513
2019-08-16,455.894968
2019-08-19,459.428898
2019-08-20,460.56866
2019-08-21,462.002564
2019-08-22,458.525872
2019-08-23,457.59542
2019-08-26,451.630803
2019-08-27,453.422152
2019-08-28,453.832443
2019-08-29,456.160094
2019-08-30,462.878662
2019-09-02,462.615996
2019-09-03,457.687155
2019-09-04,465.904535
2019-09-05,471.761725
2019-09-06,474.137516
2019-09-09,475.402207
2019-09-10,474.258552
2019-09-11,478.551558
2019-09-12,481.140963
2019-09-13,483.174703
2019-09-16,483.448827
2019-09-17,479.670747
2019-09-18,480.86735
2019-09-19,478.721402
2019-09-20,480.934241
2019-09-23,478.108646
2019-09-24,476.285924
2019-09-25,473.638451
2019-09-26,475.473908
2019-09-27,471.947057
2019-09-30,471.714916
2019-10-01,470.534009
2019-10-02,466.188071
2019-10-03,467.652861
2019-10-04,469.777476
2019-10-07,468.644278
2019-10-08,468.549774
2019-10-09,468.155419
2019-10-10,469.856601
2019-10-11,476.962753
2019-10-14,479.752171
2019-10-15,480.601669
2019-10-16,482.887475
2019-10-17,484.967285
2019-10-18,483.027827
2019-10-21,485.156623
2019-10-22,487.79877
2019-10-23,486.365586
2019-10-24,489.41368
2019-10-25,488.675582
2019-10-28,492.039986
2019-10-29,492.401049
2019-10-30,491.368237
2019-10-31,491.605643
2019-11-01,495.024752
2019-11-04,502.277474
2019-11-05,505.426083
2019-11-06,504.326282
2019-11-07,506.581133
2019-11-08,502.465618
2019-11-11,496.82232
2019-11-12,498.255232
2019-11-13,492.599918
2019-11-14,491.864749
2019-11-15,494.956591
2019-11-18,496.530923
2019-11-19,498.917797
2019-11-20,496.496716
2019-11-21,492.99919
2019-11-22,494.878471
2019-11-25,497.232798
2019-11-26,494.574729
2019-11-27,496.999429
2019-11-28,495.806503
2019-11-29,490.929216
2019-12-02,491.02186
2019-12-03,489.696464
2019-12-04,489.323911
2019-12-05,492.34218
2019-12-06,495.233062
2019-12-09,496.253199
2019-12-10,495.499626
2019-12-11,499.631027
2019-12-12,505.53962
2019-12-13,513.204926
2019-12-16,513.698677
2019-12-17,520.627339
2019-12-18,523.740274
2019-12-19,522.767655
2019-12-20,523.338539
2019-12-23,525.22926
2019-12-24,524.022724
2019-12-25,524.054686
2019-12-26,525.497223
2019-12-27,529.450118
2019-12-30,529.331753
2019-12-31,527.555146
2020-01-01,527.547155
2020-01-02,533.903388
2020-01-03,531.948478
2020-01-06,526.601022
2020-01-07,528.169126
2020-01-08,526.077578
2020-01-09,534.61729
2020-01-10,536.634469
2020-01-13,541.543794
2020-01-14,541.48245
2020-01-15,538.700178
2020-01-16,539.947955
2020-01-17,542.918412
2020-01-20,542.380005
2020-01-21,533.469237
2020-01-22,536.576595
2020-01-23,531.275451
2020-01-24,529.958207
2020-01-27,522.19288
2020-01-28,521.601368
2020-01-29,519.610865
2020-01-30,507.906681
2020-01-31,502.963339
2020-02-03,501.990126
2020-02-04,513.842085
2020-02-05,515.730112
2020-02-06,521.878672
2020-02-07,516.807583
2020-02-10,514.645113
2020-02-11,520.56337
2020-02-12,525.437009
2020-02-13,523.735447
2020-02-14,523.872612
2020-02-17,524.699195
2020-02-18,518.871754
2020-02-19,522.685017
2020-02-20,518.721042
2020-02-21,513.587954
2020-02-24,499.904722
2020-02-25,500.506423
2020-02-26,494.258133
2020-02-27,488.317381
2020-02-28,476.440498
2020-03-02,481.936334
2020-03-03,487.072487
2020-03-04,491.903587
2020-03-05,492.649487
2020-03-06,479.734118
2020-03-09,449.327268
2020-03-10,457.219662
2020-03-11,448.784516
2020-03-12,418.702127
2020-03-13,422.540316
2020-03-16,395.086173
2020-03-17,392.008253
2020-03-18,373.582904
2020-03-19,363.634038
2020-03-20,381.106124
2020-03-23,359.790629
2020-03-24,380.480548
2020-03-25,397.016414
2020-03-26,404.112522
2020-03-27,399.965363
2020-03-30,395.181812
2020-03-31,403.057794
2020-04-01,393.026837
2020-04-02,398.409164
2020-04-03,395.180577
2020-04-06,405.690952
2020-04-07,417.273892
2020-04-08,415.235269
2020-04-09,421.860252
2020-04-10,422.164149
2020-04-13,419.785506
2020-04-14,426.042895
2020-04-15,422.230047
2020-04-16,420.680855
2020-04-17,428.520765
2020-04-20,427.577792
2020-04-21,417.587922
2020-04-22,422.605463
2020-04-23,424.135759
2020-04-24,418.241666
2020-04-27,425.818144
2020-04-28,429.332648
2020-04-29,437.437299
2020-04-30,439.967342
2020-05-01,436.083132
2020-05-04,422.39151
2020-05-05,426.087017
2020-05-06,427.499504
2020-05-07,426.678595
2020-05-08,433.795083
2020-05-11,435.817558
2020-05-12,432.679965
2020-05-13,432.636801
2020-05-14,428.742868
2020-05-15,428.962491
2020-05-18,434.411548
2020-05-19,440.456293
2020-05-20,443.45836
2020-05-21,442.749402
2020-05-22,431.041759
2020-05-25,434.120669
2020-05-26,441.431084
2020-05-27,441.803738
2020-05-28,440.884604
2020-05-29,443.346622
2020-06-01,453.569124
2020-06-02,461.291001
2020-06-03,471.116739
2020-06-04,471.629654
2020-06-05,478.260068
2020-06-08,480.568068
2020-06-09,481.60226
2020-06-10,483.02891
2020-06-11,474.068832
2020-06-12,470.95674
2020-06-15,461.126631
2020-06-16,472.404685
2020-06-17,474.701946
2020-06-18,475.197525
2020-06-19,478.179245
2020-06-22,477.873651
2020-06-23,484.825314
2020-06-24,483.086505
2020-06-25,480.072381
2020-06-26,477.435851
2020-06-29,475.299203
2020-06-30,475.936602
2020-07-01,478.905399
2020-07-02,490.25122
2020-07-03,494.8762
2020-07-06,508.131638
2020-07-07,504.604447
2020-07-08,513.10545
2020-07-09,517.879732
2020-07-10,512.932158
2020-07-13,514.03558
2020-07-14,508.387634
2020-07-15,511.861539
2020-07-16,502.203821
2020-07-17,506.652807
2020-07-20,511.192963
2020-07-21,521.459182
2020-07-22,517.582769
2020-07-23,517.692951
2020-07-24,509.488395
2020-07-27,515.590007
2020-07-28,519.878829
2020-07-29,522.118444
2020-07-30,519.960847
2020-07-31,518.467172
2020-08-03,517.998455
2020-08-04,523.630286
2020-08-05,530.133188
2020-08-06,531.884969
2020-08-07,523.618971
2020-08-10,522.241977
2020-08-11,524.568922
2020-08-12,525.942828
2020-08-13,527.102409
2020-08-14,525.657119
2020-08-17,528.937619
2020-08-18,531.36818
2020-08-19,528.71711
2020-08-20,519.66253
2020-08-21,525.110496
2020-08-24,533.002928
2020-08-25,536.152921
2020-08-26,538.395685
2020-08-27,537.482273
2020-08-28,539.595236
2020-08-31,529.927672
2020-09-01,538.839747
2020-09-02,538.311541
2020-09-03,533.545236
2020-09-04,529.052436
2020-09-07,526.735866
2020-09-08,523.365821
2020-09-09,522.540109
2020-09-10,522.380868
2020-09-11,525.502553
2020-09-14,531.522571
2020-09-15,535.543897
2020-09-16,537.731364
2020-09-17,532.975146
2020-09-18,533.824641
2020-09-21,525.074539
2020-09-22,521.619706
2020-09-23,519.140815
2020-09-24,509.536251
2020-09-25,510.220114
2020-09-28,515.535235
2020-09-29,515.044525
2020-09-30,521.427996
2020-10-01,522.797704
2020-10-02,521.479756
2020-10-05,526.147054
2020-10-06,531.493874
2020-10-07,534.115895
2020-10-08,538.739056
2020-10-09,541.200984
2020-10-12,548.270033
2020-10-13,547.90737
2020-10-14,547.534318
2020-10-15,540.294216
2020-10-16,542.007483
2020-10-19,543.56375
2020-10-20,546.780115
2020-10-21,548.694306
2020-10-22,548.039199
2020-10-23,548.02697
2020-10-26,545.231271
2020-10-27,546.845594
2020-10-28,540.484979
2020-10-29,540.194611
2020-10-30,532.170963
2020-11-02,537.624008
2020-11-03,540.597355
2020-11-04,547.541486
2020-11-05,562.517561
2020-11-06,567.408987
2020-11-09,575.138266
2020-11-10,569.149414
2020-11-11,568.643318
2020-11-12,570.216024
2020-11-13,573.234034
2020-11-16,580.324359
2020-11-17,579.551113
2020-11-18,582.507047
2020-11-19,579.089304
2020-11-20,583.343669
2020-11-23,588.798215
2020-11-24,591.444712
2020-11-25,587.756405
2020-11-26,593.206658
2020-11-27,593.761032
2020-11-30,581.390109
2020-12-01,590.538282
2020-12-02,592.828316
2020-12-03,598.029389
2020-12-04,603.618093
2020-12-07,604.768204
2020-12-08,605.181959
2020-12-09,605.974831
2020-12-10,605.579026
2020-12-11,606.865881
2020-12-14,603.404365
2020-12-15,603.294729
2020-12-16,609.862049
2020-12-17,614.465566
2020-12-18,612.274319
2020-12-21,606.799459
2020-12-22,602.798639
2020-12-23,607.372247
2020-12-24,605.190118
2020-12-25,605.996782
2020-12-28,604.619205
2020-12-29,612.287785
2020-12-30,623.051352
2020-12-31,624.130112
2021-01-01,624.366591
2021-01-04,630.516648
2021-01-05,638.034045
2021-01-06,635.789473
2021-01-07,639.180076
2021-01-08,654.28714
2021-01-11,652.385733
2021-01-12,654.3078
2021-01-13,659.38794
2021-01-14,662.629201
2021-01-15,656.477162
2021-01-18,656.935612
2021-01-19,667.733364
2021-01-20,677.243892
2021-01-21,679.714999
2021-01-22,673.328824
2021-01-25,681.717078
2021-01-26,671.356505
2021-01-27,662.975677
2021-01-28,652.907893
2021-01-29,643.264561
2021-02-01,658.572375
2021-02-02,668.297569
2021-02-03,673.842114
2021-02-04,671.42423
2021-02-05,675.170212
2021-02-08,677.321594
2021-02-09,681.852724
2021-02-10,688.534488
2021-02-11,690.939905
2021-02-12,691.421099
2021-02-15,695.721485
2021-02-16,697.874346
2021-02-17,699.225926
2021-02-18,689.641142
2021-02-19,692.026269
2021-02-22,676.389194
2021-02-23,676.663811
2021-02-24,666.306414
2021-02-25,669.725519
2021-02-26,648.184689
2021-03-01,659.432266
2021-03-02,658.101749
2021-03-03,667.003946
2021-03-04,651.721523
2021-03-05,648.538291
2021-03-08,633.450359
2021-03-09,638.229708
2021-03-10,641.707268
2021-03-11,657.593654
2021-03-12,653.066072
2021-03-15,649.222282
2021-03-16,653.499149
2021-03-17,650.677067
2021-03-18,652.881475
2021-03-19,647.800109
2021-03-22,647.538697
2021-03-23,641.559635
2021-03-24,629.359041
2021-03-25,624.581407
2021-03-26,633.826675
2021-03-29,635.110601
2021-03-30,639.875554
2021-03-31,638.395408
2021-04-01,647.567668
2021-04-02,649.02017
2021-04-05,649.301528
2021-04-06,653.270758
2021-04-07,649.36594
2021-04-08,651.648655
2021-04-09,645.354829
2021-04-12,641.46755
2021-04-13,642.26567
2021-04-14,648.467077
2021-04-15,650.747605
2021-04-16,654.466211
2021-04-19,654.402846
2021-04-20,653.972572
2021-04-21,648.766794
2021-04-22,651.088059
2021-04-23,656.744868
2021-04-26,660.453833
2021-04-27,661.122679
2021-04-28,662.625207
2021-04-29,662.465526
2021-04-30,654.290022
2021-05-03,650.098798
2021-05-04,648.215549
2021-05-05,647.311596
2021-05-06,651.131644
2021-05-07,654.909696
2021-05-10,653.893016
2021-05-11,645.692386
2021-05-12,638.982009
2021-05-13,628.104025
2021-05-14,635.277068
2021-05-17,637.234451
2021-05-18,647.822433
2021-05-19,645.080806
2021-05-20,645.980542
2021-05-21,646.360503
2021-05-24,644.855239
2021-05-25,654.055557
2021-05-26,657.218207
2021-05-27,658.573388
2021-05-28,661.791082
2021-05-31,669.463223
2021-06-01,676.694367
2021-06-02,675.573981
2021-06-03,673.239827
2021-06-04,672.343691
2021-06-07,671.890482
2021-06-08,670.425146
2021-06-09,668.29433
2021-06-10,671.276048
2021-06-11,672.889636
2021-06-14,673.494695
2021-06-15,671.117572
2021-06-16,667.137466
2021-06-17,663.86168
2021-06-18,663.126074
2021-06-21,657.956809
2021-06-22,656.199626
2021-06-23,662.949205
2021-06-24,666.518104
2021-06-25,672.497721
2021-06-28,673.34675
2021-06-29,671.682548
2021-06-30,670.616973
2021-07-01,667.551972
2021-07-02,661.393057
2021-07-05,661.123903
2021-07-06,657.439033
2021-07-07,655.033729
2021-07-08,643.175639
2021-07-09,644.199308
2021-07-12,648.448529
2021-07-13,654.710882
2021-07-14,654.199934
2021-07-15,659.329228
2021-07-16,655.254218
2021-07-19,644.135591
2021-07-20,641.163198
2021-07-21,641.742115
2021-07-22,648.864146
2021-07-23,641.534403
2021-07-26,626.397433
2021-07-27,612.949542
2021-07-28,620.724394
2021-07-29,634.052471
2021-07-30,625.485491
2021-08-02,633.052225
2021-08-03,633.58057
2021-08-04,638.389965
2021-08-05,636.553381
2021-08-06,632.857631
2021-08-09,633.718671
2021-08-10,636.777272
2021-08-11,635.533134
2021-08-12,632.372041
2021-08-13,627.471835
2021-08-16,623.356636
2021-08-17,615.608062
2021-08-18,618.502371
2021-08-19,604.200276
2021-08-20,598.513374
2021-08-23,606.782836
2021-08-24,622.725325
2021-08-25,625.370551
2021-08-26,620.915008
2021-08-27,624.131766
2021-08-30,630.381823
2021-08-31,641.857743
2021-09-01,643.73102
2021-09-02,643.489802
2021-09-03,645.476815
2021-09-06,649.690979
2021-09-07,650.350347
2021-09-08,644.54677
2021-09-09,638.002422
2021-09-10,642.453216
2021-09-13,638.865842
2021-09-14,636.294531
2021-09-15,632.714753
2021-09-16,627.068666
2021-09-17,628.330025
2021-09-20,617.99032
2021-09-21,619.600557
2021-09-22,620.303696
2021-09-23,625.592379
2021-09-24,621.949524
2021-09-27,623.069825
2021-09-28,619.968269
2021-09-29,615.455395
2021-09-30,616.349862
2021-10-01,613.167887
2021-10-04,608.163302
2021-10-05,608.228906
2021-10-06,603.612293
2021-10-07,616.506193
2021-10-08,618.410116
2021-10-11,622.668419
2021-10-12,616.75755
2021-10-13,620.036724
2021-10-14,623.210277
2021-10-15,631.580942
2021-10-18,631.286846
2021-10-19,636.968977
2021-10-20,640.219809
2021-10-21,636.233167
2021-10-22,636.308326
2021-10-25,638.349291
2021-10-26,637.81242
2021-10-27,631.337914
2021-10-28,627.98547
2021-10-29,622.428813
2021-11-01,622.345743
2021-11-02,622.07061
2021-11-03,621.344611
2021-11-04,624.33929
2021-11-05,622.200771
2021-11-08,624.588474
2021-11-09,626.633263
2021-11-10,627.357597
2021-11-11,630.82466
2021-11-12,632.841177
2021-11-15,633.505359
2021-11-16,635.347169
2021-11-17,633.582263
2021-11-18,627.182889
2021-11-19,624.9
2021-11-22,621.170777
2021-11-23,618.142272
2021-11-24,617.049331
2021-11-25,617.808245
2021-11-26,602.299568
2021-11-29,600.28561
2021-11-30,597.062826
2021-12-01,604.170127
2021-12-02,609.154591
2021-12-03,603.462838
2021-12-06,598.231215
2021-12-07,608.893278
2021-12-08,611.586091
2021-12-09,614.914844
2021-12-10,610.391613
2021-12-13,606.513727
2021-12-14,602.328628
2021-12-15,598.58808
2021-12-16,603.386766
2021-12-17,599.665853
2021-12-20,586.90391
2021-12-21,593.645633
2021-12-22,596.738647
2021-12-23,601.538223
2021-12-24,602.034132
2021-12-27,602.63092
2021-12-28,605.284074
2021-12-29,601.293572
2021-12-30,603.693443
2021-12-31,608.265827
2022-01-03,609.013697
2022-01-04,609.728968
2022-01-05,603.702375
2022-01-06,600.936945
2022-01-07,605.395505
2022-01-10,608.440137
2022-01-11,613.760022
2022-01-12,625.770056
2022-01-13,623.859081
2022-01-14,620.976642
2022-01-17,619.471246
2022-01-18,613.138852
2022-01-19,612.291875
2022-01-20,620.159553
2022-01-21,614.513593
2022-01-24,603.58172
2022-01-25,597.798249
2022-01-26,598.293341
2022-01-27,588.729238
2022-01-28,588.308113
2022-01-31,596.751968
2022-02-01,599.609985
2022-02-02,599.229524
2022-02-03,597.819145
2022-02-04,603.176769
2022-02-07,602.30424
2022-02-08,602.54086
2022-02-09,612.424754
2022-02-10,618.056731
2022-02-11,612.841542
2022-02-14,603.022311
2022-02-15,607.328771
2022-02-16,614.82516
2022-02-17,614.20138
2022-02-18,608.708555
2022-02-21,602.641963
2022-02-22,596.306834
2022-02-23,596.436979
2022-02-24,570.746525
2022-02-25,579.212915
2022-02-28,578.914931
2022-03-01,581.451587
2022-03-02,577.508483
2022-03-03,579.599638
2022-03-04,565.965762
2022-03-07,547.420911
2022-03-08,541.869676
2022-03-09,539.566567
2022-03-10,545.563069
2022-03-11,537.20925
2022-03-14,522.083017
2022-03-15,508.138755
2022-03-16,535.195734
2022-03-17,554.97951
2022-03-18,556.007938
2022-03-21,552.230124
2022-03-22,560.254907
2022-03-23,564.940958
2022-03-24,563.090343
2022-03-25,557.232489
2022-03-28,557.192102
2022-03-29,562.998944
2022-03-30,569.563625
2022-03-31,565.839739
2022-04-01,567.860294
2022-04-04,575.716497
2022-04-05,573.325499
2022-04-06,566.348613
2022-04-07,558.24467
2022-04-08,559.172004
2022-04-11,551.200782
2022-04-12,550.526054
2022-04-13,555.016252
2022-04-14,554.507382
2022-04-15,552.291695
2022-04-18,549.258154
2022-04-19,543.967952
2022-04-20,543.835304
2022-04-21,539.51909
2022-04-22,533.919776
2022-04-25,519.276362
2022-04-26,520.946199
2022-04-27,518.171459
2022-04-28,523.220426
2022-04-29,534.364142
2022-05-02,532.604824
2022-05-03,530.968755
2022-05-04,528.323065
2022-05-05,525.807283
2022-05-06,512.333304
2022-05-09,503.988707
2022-05-10,500.291073
2022-05-11,502.278663
2022-05-12,490.681504
2022-05-13,498.993381
2022-05-16,500.501788
2022-05-17,512.124097
2022-05-18,513.310825
2022-05-19,504.355481
2022-05-20,514.626485
2022-05-23,514.275148
2022-05-24,506.133338
2022-05-25,507.457657
2022-05-26,509.154491
2022-05-27,519.298404
2022-05-30,530.24613
2022-05-31,536.716871
2022-06-01,531.981233
2022-06-02,528.842767
2022-06-03,528.502886
2022-06-06,533.818362
2022-06-07,528.733841
2022-06-08,535.129113
2022-06-09,531.873482
2022-06-10,525.686223
2022-06-13,506.684042
2022-06-14,507.403253
2022-06-15,508.627029
2022-06-16,502.861325
2022-06-17,501.160721
2022-06-20,499.161301
2022-06-21,507.524085
2022-06-22,495.997839
2022-06-23,497.207531
2022-06-24,505.146102
2022-06-27,513.460035
2022-06-28,514.808311
2022-06-29,507.214648
2022-06-30,501.052269
2022-07-01,497.15973
2022-07-04,497.656101
2022-07-05,497.138295
2022-07-06,492.069764
2022-07-07,499.148272
2022-07-08,501.833923
2022-07-11,492.633762
2022-07-12,485.787359
2022-07-13,487.403483
2022-07-14,485.050963
2022-07-15,483.316218
2022-07-18,492.721635
2022-07-19,492.450699
2022-07-20,495.816373
2022-07-21,497.944636
2022-07-22,497.799631
2022-07-25,496.167464
2022-07-26,497.707675
2022-07-27,497.746676
2022-07-28,501.678939
2022-07-29,499.821394
2022-08-01,500.545558
2022-08-02,495.175347
2022-08-03,495.964951
2022-08-04,500.444765
2022-08-05,504.634553
2022-08-08,504.132965
2022-08-09,504.084838
2022-08-10,501.931588
2022-08-11,510.601446
2022-08-12,512.948618
2022-08-15,512.051478
2022-08-16,511.693699
2022-08-17,512.410832
2022-08-18,509.42831
2022-08-19,505.380693
2022-08-22,500.578384
2022-08-23,499.424719
2022-08-24,497.236518
2022-08-25,506.564173
2022-08-26,508.119404
2022-08-29,500.631247
2022-08-30,501.20186
2022-08-31,501.908001
2022-09-01,492.871266
2022-09-02,490.804431
2022-09-05,488.710063
2022-09-06,487.41613
2022-09-07,483.075974
2022-09-08,483.490856
2022-09-09,490.149141
2022-09-12,494.650705
2022-09-13,495.066718
2022-09-14,486.385168
2022-09-15,484.480973
2022-09-16,477.187173
2022-09-19,474.396679
2022-09-20,478.315778
2022-09-21,471.253556
2022-09-22,466.476065
2022-09-23,458.003488
2022-09-26,449.28857
2022-09-27,450.969577
2022-09-28,442.954741
2022-09-29,441.803434
2022-09-30,443.068228
2022-10-03,443.261147
2022-10-04,452.12066
2022-10-05,460.160314
2022-10-06,460.706946
2022-10-07,454.22576
2022-10-10,447.680696
2022-10-11,437.48754
2022-10-12,437.907396
2022-10-13,432.439091
2022-10-14,436.900246
2022-10-17,438.145719
2022-10-18,444.878454
2022-10-19,438.233211
2022-10-20,437.657009
2022-10-21,437.797708
2022-10-24,426.523513
2022-10-25,427.409856
2022-10-26,431.115346
2022-10-27,435.021651
2022-10-28,427.992285
2022-10-31,429.311698
2022-11-01,439.160894
2022-11-02,441.91537
2022-11-03,435.82156
2022-11-04,448.022007
2022-11-07,454.297144
2022-11-08,455.636337
2022-11-09,455.813151
2022-11-10,450.401249
2022-11-11,473.75391
2022-11-14,475.817045
2022-11-15,486.406617
2022-11-16,483.202575
2022-11-17,477.178088
2022-11-18,477.508415
2022-11-21,471.481355
2022-11-22,470.085536
2022-11-23,472.570332
2022-11-24,479.3079
2022-11-25,477.071883
2022-11-28,471.895732
2022-11-29,483.162839
2022-11-30,492.986209
2022-12-01,496.054402
2022-12-02,493.8037
2022-12-05,499.082613
2022-12-06,493.407309
2022-12-07,486.232948
2022-12-08,491.536277
2022-12-09,496.180615
2022-12-12,488.765645
2022-12-13,489.635844
2022-12-14,493.95589
2022-12-15,487.25133
2022-12-16,485.771016
2022-12-19,485.964057
2022-12-20,482.685403
2022-12-21,483.650048
2022-12-22,489.289524
2022-12-23,484.601412
2022-12-26,485.470101
2022-12-27,486.954251
2022-12-28,487.982235
2022-12-29,486.600753
2022-12-30,486.056984
2023-01-02,485.940936
2023-01-03,489.225457
2023-01-04,495.161153
2023-01-05,500.14565
2023-01-06,502.520343
2023-01-09,515.18779
2023-01-10,515.469876
2023-01-11,516.910619
2023-01-12,517.653047
2023-01-13,523.514787
2023-01-16,524.102928
2023-01-17,522.313233
2023-01-18,523.675458
2023-01-19,522.590622
2023-01-20,526.828267
2023-01-23,528.065709
2023-01-24,528.332674
2023-01-25,529.382421
2023-01-26,535.080492
2023-01-27,534.436878
2023-01-30,530.805106
2023-01-31,524.436739
2023-02-01,530.181917
2023-02-02,531.591623
2023-02-03,528.124069
2023-02-06,515.798787
2023-02-07,516.320608
2023-02-08,518.926417
2023-02-09,520.943039
2023-02-10,515.430673
2023-02-13,515.381262
2023-02-14,515.888728
2023-02-15,511.091566
2023-02-16,514.291933
2023-02-17,508.339021
2023-02-20,511.280869
2023-02-21,506.18583
2023-02-22,499.524845
2023-02-23,502.447034
2023-02-24,494.395414
2023-02-27,492.060851
2023-02-28,490.431018
2023-03-01,500.706006
2023-03-02,498.61943
2023-03-03,502.705447
2023-03-06,505.615282
2023-03-07,502.888598
2023-03-08,497.694296
2023-03-09,492.823429
2023-03-10,486.182095
2023-03-13,489.419539
2023-03-14,481.238967
2023-03-15,482.223412
2023-03-16,479.634781
2023-03-17,484.841453
2023-03-20,480.511829
2023-03-21,485.376992
2023-03-22,490.058376
2023-03-23,498.363063
2023-03-24,495.639367
2023-03-27,491.574302
2023-03-28,495.005595
2023-03-29,499.938052
2023-03-30,502.983546
2023-03-31,505.284815
2023-04-03,504.79447
2023-04-04,504.159743
2023-04-05,504.31131
2023-04-06,502.576622
2023-04-07,503.924257
2023-04-10,504.760317
2023-04-11,508.639375
2023-04-12,507.313127
2023-04-13,509.096248
2023-04-14,510.907409
2023-04-17,512.60037
2023-04-18,510.957739
2023-04-19,505.815428
2023-04-20,505.528592
2023-04-21,500.928256
2023-04-24,499.212355
2023-04-25,493.198787
2023-04-26,494.388198
2023-04-27,496.609054
2023-04-28,499.558578
2023-05-01,499.412777
2023-05-02,498.026654
2023-05-03,495.865347
2023-05-04,499.343228
2023-05-05,502.121387
2023-05-08,506.186972
2023-05-09,502.514253
2023-05-10,501.205933
2023-05-11,500.281583
2023-05-12,497.817157
2023-05-15,500.15085
2023-05-16,501.143306
2023-05-17,499.409689
2023-05-18,500.669558
2023-05-19,500.366864
2023-05-22,503.500193
2023-05-23,501.129731
2023-05-24,497.221258
2023-05-25,493.730805
2023-05-26,498.288772
2023-05-29,497.763197
2023-05-30,497.179499
2023-05-31,491.167882
2023-06-01,492.869079
2023-06-02,504.535077
2023-06-05,505.789646
2023-06-06,506.750124
2023-06-07,510.348706
2023-06-08,509.786502
2023-06-09,514.09065
2023-06-12,514.6106
2023-06-13,520.086888
2023-06-14,521.087725
2023-06-15,525.721656
2023-06-16,529.060986
2023-06-19,525.712393
2023-06-20,520.814497
2023-06-21,516.328448
2023-06-22,514.737233
2023-06-23,510.03557
2023-06-26,508.814781
2023-06-27,511.940095
2023-06-28,510.476612
2023-06-29,508.261688
2023-06-30,509.817434
2023-07-03,517.931727
2023-07-04,519.730144
2023-07-05,516.378274
2023-07-06,508.623403
2023-07-07,506.582081
2023-07-10,507.287532
2023-07-11,514.085513
2023-07-12,519.647675
2023-07-13,527.481335
2023-07-14,531.64124
2023-07-17,531.319622
2023-07-18,528.422487
2023-07-19,527.14797
2023-07-20,526.414981
2023-07-21,524.659311
2023-07-24,524.096613
2023-07-25,533.840635
2023-07-26,533.704783
2023-07-27,535.407112
2023-07-28,539.606719
2023-07-31,541.554284
2023-08-01,539.644536
2023-08-02,527.766917
2023-08-03,525.613463
2023-08-04,526.842633
2023-08-07,526.008375
2023-08-08,519.513594
2023-08-09,522.063615
2023-08-10,522.099533
2023-08-11,516.646654
2023-08-14,510.883377
2023-08-15,508.572052
2023-08-16,505.46545
2023-08-17,504.513751
2023-08-18,499.657836
2023-08-21,497.276898
2023-08-22,501.008324
2023-08-23,502.850002
2023-08-24,509.156585
2023-08-25,503.347006
2023-08-28,507.014934
2023-08-29,511.940171
2023-08-30,512.317394
2023-08-31,508.194411
2023-09-01,510.974524
2023-09-04,516.075181
2023-09-05,511.080223
2023-09-06,508.843588
2023-09-07,504.853312
2023-09-08,504.996325
2023-09-11,507.021361
2023-09-12,506.135318
2023-09-13,505.676679
2023-09-14,509.774275
2023-09-15,511.276783
2023-09-18,506.715263
2023-09-19,505.865584
2023-09-20,504.027052
2023-09-21,496.433171
2023-09-22,500.615584
2023-09-25,497.079973
2023-09-26,491.918508
2023-09-27,492.519141
2023-09-28,490.361557
2023-09-29,494.904017
2023-10-02,494.237885
2023-10-03,487.839359
2023-10-04,481.998104
2023-10-05,483.229932
2023-10-06,486.928044
2023-10-09,485.934942
2023-10-10,490.680162
2023-10-11,497.108076
2023-10-12,500.204775
2023-10-13,494.294536
2023-10-16,491.646934
2023-10-17,494.245717
2023-10-18,490.062964
2023-10-19,483.668433
2023-10-20,480.969
2023-10-23,476.867245
2023-10-24,478.373713
2023-10-25,478.533072
2023-10-26,473.403382
2023-10-27,478.019335
2023-10-30,479.128258
2023-10-31,475.6746
2023-11-01,476.098583
2023-11-02,483.741991
2023-11-03,492.937565
2023-11-06,503.699121
2023-11-07,499.427898
2023-11-08,498.003145
2023-11-09,497.161622
2023-11-10,493.05537
2023-11-13,495.111722
2023-11-14,498.676184
2023-11-15,511.379732
2023-11-16,510.747791
2023-11-17,507.775704
2023-11-20,512.422729
2023-11-21,514.052667
2023-11-22,511.818855
2023-11-23,514.171548
2023-11-24,510.145027
2023-11-27,508.727969
2023-11-28,512.86096
2023-11-29,511.614903
2023-11-30,513.742884
2023-12-01,511.168744
2023-12-04,510.216366
2023-12-05,505.954569
2023-12-06,507.493545
2023-12-07,504.991833
2023-12-08,507.553662
2023-12-11,506.639831
2023-12-12,508.408108
2023-12-13,506.78953
2023-12-14,516.851503
2023-12-15,521.220241
2023-12-18,519.678136
2023-12-19,520.048761
2023-12-20,519.68793
2023-12-21,520.153445
2023-12-22,517.096714
2023-12-25,517.602073
2023-12-26,520.362408
2023-12-27,526.564529
2023-12-28,533.379278
2023-12-29,533.827256
2024-01-01,534.311123
2024-01-02,530.02167
2024-01-03,523.116676
2024-01-04,523.796299
2024-01-05,522.65876
2024-01-08,519.883822
2024-01-09,517.943605
2024-01-10,515.84515
2024-01-11,518.858378
2024-01-12,519.669504
2024-01-15,519.073453
2024-01-16,511.01862
2024-01-17,499.897005
2024-01-18,501.437381
2024-01-19,506.456501
2024-01-22,502.934066
2024-01-23,505.968652
2024-01-24,512.441408
2024-01-25,515.554692
2024-01-26,513.881046
2024-01-29,516.533197
2024-01-30,511.536918
2024-01-31,509.039715
2024-02-01,512.339217
2024-02-02,515.513797
2024-02-05,512.954821
2024-02-06,521.599597
2024-02-07,523.014298
2024-02-08,520.427967
2024-02-09,519.397611
2024-02-12,519.752797
2024-02-13,520.168011
2024-02-14,521.250392
2024-02-15,525.883406
2024-02-16,530.343691
2024-02-19,530.454929
2024-02-20,531.835091
2024-02-21,532.694484
2024-02-22,537.427248
2024-02-23,536.865313
2024-02-26,534.705244
2024-02-27,536.642371
2024-02-28,532.068539
2024-02-29,533.255951
2024-03-01,535.257045
2024-03-04,538.25361
2024-03-05,533.733459
2024-03-06,537.0077
2024-03-07,538.290396
2024-03-08,541.887844
2024-03-11,542.93239
2024-03-12,548.317146
2024-03-13,547.106155
2024-03-14,548.433083
2024-03-15,541.21555
2024-03-18,543.122835
2024-03-19,537.830364
2024-03-20,540.178014
2024-03-21,548.679782
2024-03-22,543.996133
2024-03-25,542.460174
2024-03-26,544.620248
2024-03-27,542.912199
2024-03-28,544.983611
2024-03-29,546.469834
2024-04-01,545.889738
2024-04-02,550.041697
2024-04-03,546.661571
2024-04-04,549.590532
2024-04-05,547.999799
2024-04-08,549.886607
2024-04-09,553.169519
2024-04-10,554.54611
2024-04-11,553.083112
2024-04-12,546.121236
2024-04-15,540.377643
2024-04-16,529.439541
2024-04-17,530.88155
2024-04-18,534.105411
2024-04-19,526.567567
2024-04-22,530.61517
2024-04-23,534.600496
2024-04-24,542.666608
2024-04-25,539.483118
2024-04-26,546.414897
2024-04-29,551.69507
2024-04-30,548.91488
2024-05-01,548.757828
2024-05-02,552.711606
2024-05-03,557.482787
2024-05-06,560.269616
2024-05-07,561.110721
2024-05-08,560.272554
2024-05-09,558.646555
2024-05-10,562.963444
2024-05-13,566.698207
2024-05-14,567.915776
2024-05-15,569.93133
2024-05-16,577.319097
2024-05-17,578.231898
2024-05-20,579.355414
2024-05-21,574.910184
2024-05-22,575.988756
2024-05-23,573.980435
2024-05-24,569.65318
2024-05-27,573.52458
2024-05-28,572.355603
2024-05-29,564.006958
2024-05-30,556.698131
2024-05-31,552.015273
2024-06-03,562.764875
2024-06-04,553.67361
2024-06-05,559.44007
2024-06-06,564.974864
2024-06-07,565.067937
2024-06-10,563.592865
2024-06-11,561.243895
2024-06-12,563.211243
2024-06-13,567.084121
2024-06-14,567.866689
2024-06-17,566.479472
2024-06-18,570.598701
2024-06-19,577.752449
2024-06-20,578.071682
2024-06-21,573.436517
2024-06-24,572.084269
2024-06-25,572.663739
2024-06-26,573.216924
2024-06-27,571.418607
2024-06-28,573.788745
2024-07-01,574.518438
2024-07-02,570.736428
2024-07-03,577.56727
2024-07-04,584.369697
2024-07-05,584.81213
2024-07-08,586.569077
2024-07-09,588.945501
2024-07-10,588.790767
2024-07-11,596.076369
2024-07-12,595.458979
2024-07-15,593.799825
2024-07-16,592.303797
2024-07-17,589.221224
2024-07-18,586.403336
2024-07-19,577.816898
2024-07-22,575.633324
2024-07-23,576.442329
2024-07-24,574.05327
2024-07-25,569.599299
2024-07-26,568.779963
2024-07-29,571.461149
2024-07-30,568.462726
2024-07-31,575.496358
2024-08-01,577.16107
2024-08-02,563.09325
2024-08-05,539.477898
2024-08-06,547.125039
2024-08-07,557.511675
2024-08-08,555.464479
2024-08-09,564.615829
2024-08-12,567.790219
2024-08-13,568.893417
2024-08-14,571.875932
2024-08-15,571.598864
2024-08-16,581.001599
2024-08-19,586.337374
2024-08-20,586.847892
2024-08-21,585.013882
2024-08-22,585.214968
2024-08-23,585.079408
2024-08-26,587.020235
2024-08-27,584.639163
2024-08-28,583.313416
2024-08-29,582.138622
2024-08-30,584.787997
2024-09-02,582.888169
2024-09-03,579.620558
2024-09-04,570.923196
2024-09-05,572.327072
2024-09-06,571.689762
2024-09-09,565.68416
2024-09-10,565.460601
2024-09-11,563.379809
2024-09-12,572.591653
2024-09-13,576.186697
2024-09-16,578.236195
2024-09-17,580.64328
2024-09-18,579.192053
2024-09-19,585.842104
2024-09-20,589.184927
2024-09-23,591.464796
2024-09-24,602.869325
2024-09-25,605.449961
2024-09-26,619.623179
2024-09-27,625.783653
2024-09-30,623.837249
2024-10-01,624.782054
2024-10-02,632.996078
2024-10-03,625.029895
2024-10-04,628.4009
2024-10-07,630.767311
2024-10-08,616.110272
2024-10-09,611.910527
2024-10-10,616.556678
2024-10-11,617.94295
2024-10-14,618.222191
2024-10-15,612.717575
2024-10-16,609.725653
2024-10-17,604.988099
2024-10-18,615.657376
2024-10-21,612.084176
2024-10-22,608.767571
2024-10-23,608.567982
2024-10-24,604.683943
2024-10-25,604.876214
2024-10-28,605.776738
2024-10-29,605.05935
2024-10-30,599.765994
2024-10-31,596.09319
2024-11-01,597.567071
2024-11-04,601.59786
2024-11-05,606.581547
2024-11-06,602.745925
2024-11-07,607.391988
2024-11-08,604.816029
2024-11-11,599.64626
2024-11-12,587.570002
2024-11-13,582.519968
2024-11-14,577.611874
2024-11-15,577.922449
2024-11-18,580.484705
2024-11-19,583.290091
2024-11-20,582.708
2024-11-21,578.271108
2024-11-22,579.228227
2024-11-25,581.885785
2024-11-26,579.094909
2024-11-27,579.454631
2024-11-28,575.245214
2024-11-29,574.675429
2024-12-02,578.842883
2024-12-03,584.717839
2024-12-04,586.302125
2024-12-05,587.268917
2024-12-06,588.757906
2024-12-09,593.554252
2024-12-10,592.36559
2024-12-11,590.635991
2024-12-12,593.414067
2024-12-13,590.252346
2024-12-16,588.227439
2024-12-17,582.93607
2024-12-18,584.067904
2024-12-19,576.846696
2024-12-20,571.832619
2024-12-23,577.007045
2024-12-24,578.648881
2024-12-25,579.109985
2024-12-26,578.616543
2024-12-27,577.804588
2024-12-30,575.440803
2024-12-31,573.886266
2025-01-01,574.443052
2025-01-02,571.896671
2025-01-03,573.086172
2025-01-06,576.126436
2025-01-07,576.759484
2025-01-08,571.811391
2025-01-09,569.51291
2025-01-10,564.516574
2025-01-13,554.983114
2025-01-14,562.434457
2025-01-15,563.91626
2025-01-16,569.736479
2025-01-17,571.636456
2025-01-20,577.181615
2025-01-21,577.509783
2025-01-22,578.178579
2025-01-23,577.652693
2025-01-24,582.303478
2025-01-27,580.984678
2025-01-28,581.847544
2025-01-29,583.55041
2025-01-30,585.389703
2025-01-31,584.141734
2025-02-03,573.649788
2025-02-04,583.915773
2025-02-05,585.455793
2025-02-06,588.916401
2025-02-07,592.29303
2025-02-10,592.350943
2025-02-11,590.305473
2025-02-12,593.774932
2025-02-13,594.976725
2025-02-14,601.385767
2025-02-17,604.264316
2025-02-18,608.850902
2025-02-19,607.758795
2025-02-20,605.429125
2025-02-21,613.388903
2025-02-24,607.262503
2025-02-25,600.140611
2025-02-26,607.139282
2025-02-27,601.289815
2025-02-28,586.971706
2025-03-03,587.032815
2025-03-04,584.702033
2025-03-05,596.849773
2025-03-06,605.314507
2025-03-07,603.915377
2025-03-10,595.739292
2025-03-11,593.66897
2025-03-12,594.869619
2025-03-13,592.166316
2025-03-14,599.458916
2025-03-17,605.811095
2025-03-18,613.480053
2025-03-19,612.524313
2025-03-20,611.220094
2025-03-21,606.331677
2025-03-24,608.873496
2025-03-25,605.372662
2025-03-26,606.603036
2025-03-27,606.125517
2025-03-28,601.040777
2025-03-31,590.687458
2025-04-01,595.686022
2025-04-02,596.322204
2025-04-03,591.706011
2025-04-04,583.582512
2025-04-07,537.525896
2025-04-08,538.175872
2025-04-09,533.382493
2025-04-10,552.405214
2025-04-11,561.255585
2025-04-14,569.472274
