Date,Value
1998-12-31,2293.188347
1999-01-01,2293.188829
1999-01-04,2316.363056
1999-01-05,2339.967784
1999-01-06,2384.283305
1999-01-07,2376.704524
1999-01-08,2374.975253
1999-01-11,2354.353734
1999-01-12,2314.558179
1999-01-13,2283.372744
1999-01-14,2267.643398
1999-01-15,2301.960297
1999-01-18,2321.989164
1999-01-19,2327.568102
1999-01-20,2341.090621
1999-01-21,2313.901089
1999-01-22,2278.495614
1999-01-25,2289.560638
1999-01-26,2313.074097
1999-01-27,2302.961939
1999-01-28,2323.719513
1999-01-29,2341.761883
1999-02-01,2344.537833
1999-02-02,2334.722987
1999-02-03,2332.115724
1999-02-04,2305.198921
1999-02-05,2288.807325
1999-02-08,2284.689997
1999-02-09,2242.276378
1999-02-10,2244.028053
1999-02-11,2283.047983
1999-02-12,2270.368738
1999-02-15,2270.496675
1999-02-16,2277.303041
1999-02-17,2256.482795
1999-02-18,2267.243627
1999-02-19,2264.9018
1999-02-22,2303.901756
1999-02-23,2311.46116
1999-02-24,2299.396054
1999-02-25,2289.818553
1999-02-26,2278.619033
1999-03-01,2261.431082
1999-03-02,2249.817597
1999-03-03,2243.820474
1999-03-04,2260.090324
1999-03-05,2316.678117
1999-03-08,2324.034023
1999-03-09,2329.87975
1999-03-10,2348.914085
1999-03-11,2364.30663
1999-03-12,2371.889929
1999-03-15,2387.559675
1999-03-16,2393.078576
1999-03-17,2388.084356
1999-03-18,2396.16968
1999-03-19,2395.309207
1999-03-22,2386.30686
1999-03-23,2337.646802
1999-03-24,2331.691507
1999-03-25,2365.806192
1999-03-26,2347.652258
1999-03-29,2383.939579
1999-03-30,2376.38123
1999-03-31,2375.125434
1999-04-01,2390.178152
1999-04-02,2387.254497
1999-04-05,2408.543013
1999-04-06,2422.998401
1999-04-07,2439.846548
1999-04-08,2468.340101
1999-04-09,2471.238851
1999-04-12,2480.838573
1999-04-13,2481.717438
1999-04-14,2465.901593
1999-04-15,2447.173468
1999-04-16,2443.9916
1999-04-19,2420.870231
1999-04-20,2418.536911
1999-04-21,2444.740808
1999-04-22,2473.756291
1999-04-23,2479.175049
1999-04-26,2488.907615
1999-04-27,2505.894591
1999-04-28,2491.70597
1999-04-29,2476.191267
1999-04-30,2468.27197
1999-05-03,2488.245526
1999-05-04,2468.342875
1999-05-05,2476.478626
1999-05-06,2476.234791
1999-05-07,2477.662416
1999-05-10,2477.168417
1999-05-11,2483.174851
1999-05-12,2483.917798
1999-05-13,2487.804775
1999-05-14,2445.849817
1999-05-17,2425.574752
1999-05-18,2428.703143
1999-05-19,2439.75599
1999-05-20,2441.214801
1999-05-21,2428.754556
1999-05-24,2405.31957
1999-05-25,2375.906907
1999-05-26,2388.794006
1999-05-27,2357.034838
1999-05-28,2378.950105
1999-05-31,2379.499026
1999-06-01,2379.589378
1999-06-02,2383.77307
1999-06-03,2390.870786
1999-06-04,2422.513827
1999-06-07,2438.817777
1999-06-08,2435.529964
1999-06-09,2443.000438
1999-06-10,2427.754795
1999-06-11,2432.611905
1999-06-14,2418.336831
1999-06-15,2426.28759
1999-06-16,2456.412288
1999-06-17,2474.201628
1999-06-18,2480.601664
1999-06-21,2491.75853
1999-06-22,2477.622262
1999-06-23,2460.9201
1999-06-24,2438.641408
1999-06-25,2444.750829
1999-06-28,2458.93452
1999-06-29,2477.884144
1999-06-30,2490.981139
1999-07-01,2521.174335
1999-07-02,2539.507711
1999-07-05,2556.689195
1999-07-06,2549.515528
1999-07-07,2545.39178
1999-07-08,2537.305952
1999-07-09,2545.930839
1999-07-12,2543.673195
1999-07-13,2531.518724
1999-07-14,2545.100224
1999-07-15,2571.432584
1999-07-16,2572.741536
1999-07-19,2564.408732
1999-07-20,2534.079344
1999-07-21,2529.690502
1999-07-22,2500.605444
1999-07-23,2481.786807
1999-07-26,2475.372415
1999-07-27,2492.666816
1999-07-28,2502.647184
1999-07-29,2475.992012
1999-07-30,2482.319079
1999-08-02,2476.410381
1999-08-03,2470.06561
1999-08-04,2454.716429
1999-08-05,2442.570695
1999-08-06,2424.959261
1999-08-09,2419.301483
1999-08-10,2394.71339
1999-08-11,2411.88983
1999-08-12,2427.351882
1999-08-13,2462.705576
1999-08-16,2479.351166
1999-08-17,2489.639509
1999-08-18,2486.128294
1999-08-19,2476.407079
1999-08-20,2506.197934
1999-08-23,2541.510467
1999-08-24,2539.297976
1999-08-25,2557.597779
1999-08-26,2532.452808
1999-08-27,2520.278134
1999-08-30,2501.431221
1999-08-31,2478.177099
1999-09-01,2505.330238
1999-09-02,2490.191021
1999-09-03,2535.555859
1999-09-06,2546.028323
1999-09-07,2532.318061
1999-09-08,2524.811515
1999-09-09,2543.551725
1999-09-10,2542.902959
1999-09-13,2534.797823
1999-09-14,2524.747902
1999-09-15,2503.229884
1999-09-16,2490.231473
1999-09-17,2502.898266
1999-09-20,2511.188142
1999-09-21,2489.475225
1999-09-22,2477.73949
1999-09-23,2450.237259
1999-09-24,2430.009916
1999-09-27,2438.314767
1999-09-28,2442.433218
1999-09-29,2427.281939
1999-09-30,2453.869096
1999-10-01,2457.049473
1999-10-04,2484.168558
1999-10-05,2483.330627
1999-10-06,2510.801166
1999-10-07,2516.028626
1999-10-08,2528.990025
1999-10-11,2533.064883
1999-10-12,2509.785536
1999-10-13,2468.11679
1999-10-14,2469.093207
1999-10-15,2423.490198
1999-10-18,2411.205198
1999-10-19,2433.208226
1999-10-20,2464.923525
1999-10-21,2459.58934
1999-10-22,2486.485641
1999-10-25,2479.573651
1999-10-26,2474.148174
1999-10-27,2478.230828
1999-10-28,2532.290588
1999-10-29,2579.823865
1999-11-01,2570.612059
1999-11-02,2565.07848
1999-11-03,2572.066766
1999-11-04,2590.809407
1999-11-05,2592.185045
1999-11-08,2595.912806
1999-11-09,2591.902684
1999-11-10,2611.506853
1999-11-11,2626.84388
1999-11-12,2635.464663
1999-11-15,2640.238577
1999-11-16,2665.426041
1999-11-17,2666.321554
1999-11-18,2687.762933
1999-11-19,2685.641665
1999-11-22,2686.566967
1999-11-23,2678.610704
1999-11-24,2680.701954
1999-11-25,2694.295608
1999-11-26,2704.062687
1999-11-29,2692.696247
1999-11-30,2651.745934
1999-12-01,2669.468175
1999-12-02,2681.294124
1999-12-03,2722.777512
1999-12-06,2731.80639
1999-12-07,2728.650206
1999-12-08,2718.177834
1999-12-09,2726.822444
1999-12-10,2734.960533
1999-12-13,2731.121507
1999-12-14,2713.481545
1999-12-15,2715.92175
1999-12-16,2738.796189
1999-12-17,2746.676593
1999-12-20,2754.168027
1999-12-21,2763.809829
1999-12-22,2784.61916
1999-12-23,2825.435023
1999-12-24,2833.194003
1999-12-27,2827.204447
1999-12-28,2836.402128
1999-12-29,2848.70279
1999-12-30,2861.972301
1999-12-31,2865.406374
2000-01-03,2868.087501
2000-01-04,2779.660851
2000-01-05,2741.892291
2000-01-06,2710.869879
2000-01-07,2775.04863
2000-01-10,2805.819365
2000-01-11,2796.240098
2000-01-12,2779.454418
2000-01-13,2804.34363
2000-01-14,2828.215675
2000-01-17,2840.685597
2000-01-18,2806.984397
2000-01-19,2796.100925
2000-01-20,2785.221558
2000-01-21,2776.625931
2000-01-24,2737.578162
2000-01-25,2728.792407
2000-01-26,2734.213344
2000-01-27,2737.620058
2000-01-28,2692.0104
2000-01-31,2699.69336
2000-02-01,2721.085735
2000-02-02,2736.268706
2000-02-03,2781.584859
2000-02-04,2785.914811
2000-02-07,2773.907586
2000-02-08,2808.336162
2000-02-09,2787.195328
2000-02-10,2783.843833
2000-02-11,2754.312222
2000-02-14,2744.158672
2000-02-15,2731.715053
2000-02-16,2725.055404
2000-02-17,2738.265362
2000-02-18,2690.911298
2000-02-21,2671.33444
2000-02-22,2685.220177
2000-02-23,2708.708342
2000-02-24,2700.637948
2000-02-25,2688.779894
2000-02-28,2685.862339
2000-02-29,2706.533276
2000-03-01,2744.012436
2000-03-02,2767.504155
2000-03-03,2794.336821
2000-03-06,2778.139091
2000-03-07,2738.836916
2000-03-08,2734.992133
2000-03-09,2778.194953
2000-03-10,2774.396585
2000-03-13,2735.20884
2000-03-14,2712.892975
2000-03-15,2724.602247
2000-03-16,2814.028727
2000-03-17,2827.466077
2000-03-20,2833.458454
2000-03-21,2872.488221
2000-03-22,2872.130621
2000-03-23,2902.711159
2000-03-24,2925.779396
2000-03-27,2927.560102
2000-03-28,2922.515982
2000-03-29,2918.554385
2000-03-30,2869.762629
2000-03-31,2894.793353
2000-04-03,2884.791199
2000-04-04,2872.819312
2000-04-05,2852.781409
2000-04-06,2873.239538
2000-04-07,2896.645653
2000-04-10,2890.665775
2000-04-11,2867.410185
2000-04-12,2835.472171
2000-04-13,2798.968901
2000-04-14,2689.679328
2000-04-17,2697.860186
2000-04-18,2752.757785
2000-04-19,2744.789895
2000-04-20,2757.054532
2000-04-21,2756.110885
2000-04-24,2757.872718
2000-04-25,2800.087793
2000-04-26,2791.124362
2000-04-27,2771.887722
2000-04-28,2772.357482
2000-05-01,2791.456714
2000-05-02,2788.87252
2000-05-03,2728.175379
2000-05-04,2723.238603
2000-05-05,2746.782217
2000-05-08,2729.311264
2000-05-09,2703.986392
2000-05-10,2666.282317
2000-05-11,2688.576419
2000-05-12,2723.605651
2000-05-15,2749.772787
2000-05-16,2773.787033
2000-05-17,2724.89307
2000-05-18,2714.400242
2000-05-19,2662.287743
2000-05-22,2638.242196
2000-05-23,2623.779172
2000-05-24,2634.036626
2000-05-25,2635.301457
2000-05-26,2638.4775
2000-05-29,2649.980706
2000-05-30,2710.983162
2000-05-31,2703.658535
2000-06-01,2748.249193
2000-06-02,2817.402764
2000-06-05,2814.306731
2000-06-06,2817.674209
2000-06-07,2821.379244
2000-06-08,2808.214509
2000-06-09,2796.62501
2000-06-12,2791.260096
2000-06-13,2812.167209
2000-06-14,2818.418876
2000-06-15,2808.56039
2000-06-16,2799.30256
2000-06-19,2824.232773
2000-06-20,2827.839248
2000-06-21,2820.138767
2000-06-22,2787.974439
2000-06-23,2769.885425
2000-06-26,2774.529613
2000-06-27,2777.69568
2000-06-28,2791.13365
2000-06-29,2771.126774
2000-06-30,2794.429282
2000-07-03,2817.29245
2000-07-04,2816.090547
2000-07-05,2791.862876
2000-07-06,2797.228594
2000-07-07,2828.857641
2000-07-10,2832.02139
2000-07-11,2832.544959
2000-07-12,2840.868703
2000-07-13,2832.299722
2000-07-14,2849.713375
2000-07-17,2852.46611
2000-07-18,2818.800903
2000-07-19,2802.766443
2000-07-20,2823.466123
2000-07-21,2795.600967
2000-07-24,2779.216915
2000-07-25,2788.480436
2000-07-26,2768.099429
2000-07-27,2747.165665
2000-07-28,2697.779894
2000-07-31,2714.669587
2000-08-01,2726.506351
2000-08-02,2721.844693
2000-08-03,2712.542266
2000-08-04,2731.025799
2000-08-07,2755.057648
2000-08-08,2753.367237
2000-08-09,2753.563709
2000-08-10,2748.203493
2000-08-11,2756.151216
2000-08-14,2780.576039
2000-08-15,2784.091838
2000-08-16,2785.148902
2000-08-17,2791.612211
2000-08-18,2784.025128
2000-08-21,2784.668867
2000-08-22,2785.271704
2000-08-23,2792.112548
2000-08-24,2800.644442
2000-08-25,2810.125414
2000-08-28,2819.909572
2000-08-29,2810.251277
2000-08-30,2793.158484
2000-08-31,2803.392769
2000-09-01,2834.469892
2000-09-04,2841.247741
2000-09-05,2804.617984
2000-09-06,2772.216124
2000-09-07,2774.525483
2000-09-08,2750.654426
2000-09-11,2733.206018
2000-09-12,2715.480074
2000-09-13,2714.381368
2000-09-14,2715.772839
2000-09-15,2694.980461
2000-09-18,2658.114357
2000-09-19,2675.226407
2000-09-20,2658.933073
2000-09-21,2648.086713
2000-09-22,2661.313661
2000-09-25,2658.296329
2000-09-26,2642.055558
2000-09-27,2637.806659
2000-09-28,2668.193904
2000-09-29,2653.677306
2000-10-02,2657.789069
2000-10-03,2648.863384
2000-10-04,2651.65828
2000-10-05,2655.178639
2000-10-06,2622.156251
2000-10-09,2595.883116
2000-10-10,2581.540398
2000-10-11,2536.635212
2000-10-12,2494.315596
2000-10-13,2538.041101
2000-10-16,2533.787806
2000-10-17,2497.509588
2000-10-18,2475.155278
2000-10-19,2530.64716
2000-10-20,2547.492572
2000-10-23,2552.649233
2000-10-24,2571.589711
2000-10-25,2523.680623
2000-10-26,2518.191598
2000-10-27,2550.020154
2000-10-30,2565.92502
2000-10-31,2607.929438
2000-11-01,2620.35554
2000-11-02,2630.745737
2000-11-03,2635.8846
2000-11-06,2644.629441
2000-11-07,2642.627288
2000-11-08,2613.425695
2000-11-09,2593.51568
2000-11-10,2548.116251
2000-11-13,2513.598201
2000-11-14,2561.184484
2000-11-15,2572.714372
2000-11-16,2540.685319
2000-11-17,2531.284958
2000-11-20,2486.614762
2000-11-21,2487.097847
2000-11-22,2439.585496
2000-11-23,2444.159613
2000-11-24,2472.425269
2000-11-27,2498.609671
2000-11-28,2478.761783
2000-11-29,2480.79953
2000-11-30,2449.046053
2000-12-01,2464.28999
2000-12-04,2475.903589
2000-12-05,2541.193378
2000-12-06,2517.243852
2000-12-07,2505.566762
2000-12-08,2535.526983
2000-12-11,2563.531386
2000-12-12,2551.914535
2000-12-13,2535.132829
2000-12-14,2510.826335
2000-12-15,2466.830914
2000-12-18,2477.996137
2000-12-19,2459.110732
2000-12-20,2399.402683
2000-12-21,2401.751121
2000-12-22,2439.744053
2000-12-25,2447.756203
2000-12-26,2458.039463
2000-12-27,2483.308372
2000-12-28,2489.212099
2000-12-29,2487.613434
2001-01-01,2487.613434
2001-01-02,2448.197152
2001-01-03,2500.506779
2001-01-04,2499.878367
2001-01-05,2467.819376
2001-01-08,2458.662875
2001-01-09,2445.318449
2001-01-10,2449.707362
2001-01-11,2471.715287
2001-01-12,2469.262765
2001-01-15,2466.534694
2001-01-16,2470.0804
2001-01-17,2484.50229
2001-01-18,2513.682154
2001-01-19,2505.329502
2001-01-22,2505.82684
2001-01-23,2522.896738
2001-01-24,2519.215946
2001-01-25,2514.060535
2001-01-26,2510.010481
2001-01-29,2519.313266
2001-01-30,2533.96677
2001-01-31,2535.516204
2001-02-01,2545.726751
2001-02-02,2506.524439
2001-02-05,2511.841956
2001-02-06,2506.911337
2001-02-07,2484.891668
2001-02-08,2461.963762
2001-02-09,2434.866409
2001-02-12,2462.039932
2001-02-13,2443.454853
2001-02-14,2428.684077
2001-02-15,2438.630198
2001-02-16,2406.166378
2001-02-19,2404.608153
2001-02-20,2369.657491
2001-02-21,2338.330107
2001-02-22,2330.329908
2001-02-23,2314.03372
2001-02-26,2345.310616
2001-02-27,2343.26366
2001-02-28,2320.953678
2001-03-01,2319.588326
2001-03-02,2305.371719
2001-03-05,2316.378725
2001-03-06,2344.107954
2001-03-07,2350.446105
2001-03-08,2352.309183
2001-03-09,2313.238073
2001-03-12,2230.395802
2001-03-13,2225.979526
2001-03-14,2176.343488
2001-03-15,2194.596858
2001-03-16,2144.323521
2001-03-19,2162.639374
2001-03-20,2147.818383
2001-03-21,2122.216394
2001-03-22,2071.39961
2001-03-23,2122.50411
2001-03-26,2171.765472
2001-03-27,2218.170342
2001-03-28,2176.440115
2001-03-29,2155.682188
2001-03-30,2168.116678
2001-04-02,2146.21365
2001-04-03,2093.263119
2001-04-04,2107.554073
2001-04-05,2171.277057
2001-04-06,2152.068967
2001-04-09,2162.12462
2001-04-10,2197.571932
2001-04-11,2198.174281
2001-04-12,2225.393756
2001-04-13,2224.349924
2001-04-16,2212.459419
2001-04-17,2219.967615
2001-04-18,2287.311938
2001-04-19,2320.800815
2001-04-20,2311.66089
2001-04-23,2284.174946
2001-04-24,2267.541185
2001-04-25,2290.881103
2001-04-26,2307.727528
2001-04-27,2327.357479
2001-04-30,2327.938366
2001-05-01,2358.673734
2001-05-02,2360.545709
2001-05-03,2330.877152
2001-05-04,2354.644025
2001-05-07,2355.53164
2001-05-08,2341.387114
2001-05-09,2327.120035
2001-05-10,2337.289057
2001-05-11,2318.979699
2001-05-14,2303.468462
2001-05-15,2316.828726
2001-05-16,2352.378626
2001-05-17,2366.373997
2001-05-18,2367.395686
2001-05-21,2393.413788
2001-05-22,2389.085327
2001-05-23,2363.053009
2001-05-24,2364.520339
2001-05-25,2343.039286
2001-05-28,2343.489703
2001-05-29,2328.330148
2001-05-30,2296.340399
2001-05-31,2297.602765
2001-06-01,2300.911133
2001-06-04,2311.28796
2001-06-05,2332.140144
2001-06-06,2313.051476
2001-06-07,2322.028018
2001-06-08,2307.409609
2001-06-11,2282.223422
2001-06-12,2268.137867
2001-06-13,2262.739251
2001-06-14,2239.335136
2001-06-15,2225.799366
2001-06-18,2210.786154
2001-06-19,2213.487817
2001-06-20,2218.749733
2001-06-21,2236.74033
2001-06-22,2230.55098
2001-06-25,2225.856213
2001-06-26,2212.906037
2001-06-27,2204.48069
2001-06-28,2217.281163
2001-06-29,2225.292998
2001-07-02,2247.19921
2001-07-03,2237.550957
2001-07-04,2230.029963
2001-07-05,2198.965818
2001-07-06,2156.135655
2001-07-09,2167.125854
2001-07-10,2154.277475
2001-07-11,2145.950633
2001-07-12,2180.681063
2001-07-13,2189.55389
2001-07-16,2175.981701
2001-07-17,2176.619627
2001-07-18,2173.00016
2001-07-19,2189.849315
2001-07-20,2182.62678
2001-07-23,2153.900136
2001-07-24,2132.688476
2001-07-25,2147.935991
2001-07-26,2161.503702
2001-07-27,2172.636642
2001-07-30,2176.014145
2001-07-31,2195.548848
2001-08-01,2208.126314
2001-08-02,2223.218001
2001-08-03,2210.730507
2001-08-06,2192.729893
2001-08-07,2197.670478
2001-08-08,2167.429093
2001-08-09,2156.708475
2001-08-10,2164.224228
2001-08-13,2166.086933
2001-08-14,2175.50012
2001-08-15,2175.742988
2001-08-16,2169.078607
2001-08-17,2139.698343
2001-08-20,2142.351872
2001-08-21,2137.737005
2001-08-22,2151.899199
2001-08-23,2141.342042
2001-08-24,2174.096693
2001-08-27,2168.835173
2001-08-28,2141.131198
2001-08-29,2123.534324
2001-08-30,2085.422353
2001-08-31,2089.840583
2001-09-03,2075.937835
2001-09-04,2081.203919
2001-09-05,2065.540385
2001-09-06,2026.128407
2001-09-07,1996.999553
2001-09-10,1990.173946
2001-09-11,1960.292743
2001-09-12,1951.377118
2001-09-13,1962.304827
2001-09-14,1945.542859
2001-09-17,1893.672721
2001-09-18,1885.555107
2001-09-19,1866.354867
2001-09-20,1808.407935
2001-09-21,1761.402811
2001-09-24,1827.390059
2001-09-25,1849.731999
2001-09-26,1848.978888
2001-09-27,1865.280564
2001-09-28,1905.413676
2001-10-01,1897.093125
2001-10-02,1918.364978
2001-10-03,1939.741461
2001-10-04,1957.857075
2001-10-05,1960.418638
2001-10-08,1951.542518
2001-10-09,1938.438905
2001-10-10,1970.304144
2001-10-11,1994.572566
2001-10-12,1992.610021
2001-10-15,1977.837992
2001-10-16,1992.784812
2001-10-17,1986.835868
2001-10-18,1961.912658
2001-10-19,1953.913044
2001-10-22,1975.133056
2001-10-23,1985.764056
2001-10-24,1989.76562
2001-10-25,1996.345009
2001-10-26,2009.854134
2001-10-29,1974.259585
2001-10-30,1941.516001
2001-10-31,1941.797583
2001-11-01,1975.096536
2001-11-02,1978.116161
2001-11-05,2003.57404
2001-11-06,2023.972869
2001-11-07,2021.883999
2001-11-08,2036.076124
2001-11-09,2031.126539
2001-11-12,2013.630023
2001-11-13,2041.7594
2001-11-14,2047.38688
2001-11-15,2053.747165
2001-11-16,2057.828295
2001-11-19,2076.630354
2001-11-20,2062.564001
2001-11-21,2051.143283
2001-11-22,2057.879518
2001-11-23,2065.428139
2001-11-26,2077.935966
2001-11-27,2063.948259
2001-11-28,2034.188513
2001-11-29,2045.631407
2001-11-30,2056.379507
2001-12-03,2034.440652
2001-12-04,2057.919093
2001-12-05,2105.062368
2001-12-06,2108.1081
2001-12-07,2089.225756
2001-12-10,2053.930583
2001-12-11,2049.275496
2001-12-12,2053.279724
2001-12-13,2020.417808
2001-12-14,2019.789353
2001-12-17,2044.262552
2001-12-18,2052.837184
2001-12-19,2053.243847
2001-12-20,2040.063367
2001-12-21,2045.863145
2001-12-24,2040.86305
2001-12-25,2040.214008
2001-12-26,2044.670833
2001-12-27,2069.726487
2001-12-28,2078.275225
2001-12-31,2069.098508
2002-01-01,2069.098508
2002-01-02,2076.34191
2002-01-03,2098.601738
2002-01-04,2110.497371
2002-01-07,2096.148509
2002-01-08,2080.221426
2002-01-09,2071.817505
2002-01-10,2066.508762
2002-01-11,2056.324437
2002-01-14,2038.105753
2002-01-15,2046.441294
2002-01-16,2015.922732
2002-01-17,2032.265041
2002-01-18,2021.589006
2002-01-21,2018.463844
2002-01-22,2004.130853
2002-01-23,2015.995023
2002-01-24,2025.846513
2002-01-25,2017.633006
2002-01-28,2022.819323
2002-01-29,1978.598626
2002-01-30,1980.393183
2002-01-31,2006.204155
2002-02-01,1995.943929
2002-02-04,1962.588619
2002-02-05,1946.199154
2002-02-06,1933.35408
2002-02-07,1938.330228
2002-02-08,1958.451816
2002-02-11,1985.325818
2002-02-12,1983.195662
2002-02-13,1997.887496
2002-02-14,2003.115462
2002-02-15,1985.414946
2002-02-18,1980.56379
2002-02-19,1944.883133
2002-02-20,1953.532335
2002-02-21,1945.894891
2002-02-22,1953.639849
2002-02-25,1977.874068
2002-02-26,1979.076879
2002-02-27,1989.955562
2002-02-28,1988.558846
2002-03-01,2025.75202
2002-03-04,2076.129406
2002-03-05,2065.202127
2002-03-06,2089.150402
2002-03-07,2100.825983
2002-03-08,2108.246749
2002-03-11,2112.108464
2002-03-12,2095.528773
2002-03-13,2080.74203
2002-03-14,2087.331187
2002-03-15,2108.748562
2002-03-18,2105.910288
2002-03-19,2117.314699
2002-03-20,2090.914065
2002-03-21,2088.473244
2002-03-22,2080.352766
2002-03-25,2055.302348
2002-03-26,2061.886929
2002-03-27,2068.59972
2002-03-28,2080.13782
2002-03-29,2076.154592
2002-04-01,2079.16823
2002-04-02,2068.25711
2002-04-03,2058.559922
2002-04-04,2055.77572
2002-04-05,2050.266724
2002-04-08,2040.673333
2002-04-09,2031.465354
2002-04-10,2052.869015
2002-04-11,2014.87085
2002-04-12,2020.504689
2002-04-15,2019.257257
2002-04-16,2060.663196
2002-04-17,2066.134158
2002-04-18,2064.280427
2002-04-19,2063.973468
2002-04-22,2043.641098
2002-04-23,2034.011575
2002-04-24,2025.455164
2002-04-25,2024.446396
2002-04-26,2003.969218
2002-04-29,1991.231042
2002-04-30,2005.58746
2002-05-01,2020.09842
2002-05-02,2014.857201
2002-05-03,2006.497151
2002-05-06,1983.292392
2002-05-07,1967.636489
2002-05-08,2022.419162
2002-05-09,2004.678988
2002-05-10,1982.742677
2002-05-13,2005.930249
2002-05-14,2029.66048
2002-05-15,2036.418389
2002-05-16,2045.901842
2002-05-17,2063.578512
2002-05-20,2046.252253
2002-05-21,2031.651831
2002-05-22,2037.15785
2002-05-23,2045.921067
2002-05-24,2034.29709
2002-05-27,2031.723033
2002-05-28,2022.733777
2002-05-29,2014.240607
2002-05-30,2007.432948
2002-05-31,2008.931163
2002-06-03,1980.043593
2002-06-04,1969.685998
2002-06-05,1970.540816
2002-06-06,1949.432658
2002-06-07,1937.731119
2002-06-10,1940.356989
2002-06-11,1924.397082
2002-06-12,1920.667788
2002-06-13,1899.949185
2002-06-14,1881.225302
2002-06-17,1923.089614
2002-06-18,1926.643199
2002-06-19,1898.505938
2002-06-20,1878.333063
2002-06-21,1858.935333
2002-06-24,1855.661957
2002-06-25,1846.101712
2002-06-26,1838.549209
2002-06-27,1861.855667
2002-06-28,1886.694296
2002-07-01,1864.054942
2002-07-02,1824.19726
2002-07-03,1815.233339
2002-07-04,1823.388311
2002-07-05,1881.319708
2002-07-08,1874.8506
2002-07-09,1849.652915
2002-07-10,1792.904432
2002-07-11,1778.592128
2002-07-12,1774.336868
2002-07-15,1749.417178
2002-07-16,1731.289311
2002-07-17,1752.36497
2002-07-18,1736.551777
2002-07-19,1676.259365
2002-07-22,1615.569443
2002-07-23,1573.494815
2002-07-24,1614.009243
2002-07-25,1626.25166
2002-07-26,1634.031538
2002-07-29,1707.613041
2002-07-30,1719.340133
2002-07-31,1727.499235
2002-08-01,1676.909837
2002-08-02,1655.439428
2002-08-05,1608.024606
2002-08-06,1637.510185
2002-08-07,1660.719488
2002-08-08,1709.160481
2002-08-09,1725.966569
2002-08-12,1710.650907
2002-08-13,1693.509656
2002-08-14,1727.331951
2002-08-15,1751.375144
2002-08-16,1754.702673
2002-08-19,1784.694211
2002-08-20,1762.416792
2002-08-21,1784.230397
2002-08-22,1806.277413
2002-08-23,1775.6084
2002-08-26,1782.82603
2002-08-27,1779.769929
2002-08-28,1739.729745
2002-08-29,1729.908112
2002-08-30,1730.449188
2002-09-02,1722.260218
2002-09-03,1662.410163
2002-09-04,1675.357295
2002-09-05,1658.764596
2002-09-06,1684.043427
2002-09-09,1687.951158
2002-09-10,1703.370571
2002-09-11,1712.400159
2002-09-12,1673.121355
2002-09-13,1663.799899
2002-09-16,1659.846959
2002-09-17,1639.059835
2002-09-18,1620.951413
2002-09-19,1589.470183
2002-09-20,1586.162962
2002-09-23,1557.502239
2002-09-24,1532.034719
2002-09-25,1558.336056
2002-09-26,1596.033119
2002-09-27,1568.873391
2002-09-30,1539.926276
2002-10-01,1576.339244
2002-10-02,1565.174224
2002-10-03,1548.500285
2002-10-04,1518.002984
2002-10-07,1488.845374
2002-10-08,1494.342356
2002-10-09,1468.542613
2002-10-10,1505.690694
2002-10-11,1563.835112
2002-10-14,1566.800082
2002-10-15,1640.638936
2002-10-16,1611.398668
2002-10-17,1644.263061
2002-10-18,1648.543036
2002-10-21,1665.755884
2002-10-22,1648.269503
2002-10-23,1642.203147
2002-10-24,1637.369912
2002-10-25,1654.839996
2002-10-28,1656.141529
2002-10-29,1627.530613
2002-10-30,1649.002677
2002-10-31,1653.394243
2002-11-01,1667.960084
2002-11-04,1693.746211
2002-11-05,1709.825417
2002-11-06,1712.592582
2002-11-07,1685.715849
2002-11-08,1671.635864
2002-11-11,1642.404349
2002-11-12,1656.042599
2002-11-13,1649.282752
2002-11-14,1678.039625
2002-11-15,1691.931025
2002-11-18,1684.36691
2002-11-19,1678.034877
2002-11-20,1693.761667
2002-11-21,1733.114576
2002-11-22,1731.653852
2002-11-25,1730.442907
2002-11-26,1698.491794
2002-11-27,1736.015035
2002-11-28,1746.499352
2002-11-29,1742.286996
2002-12-02,1738.727173
2002-12-03,1714.147278
2002-12-04,1705.449113
2002-12-05,1686.159739
2002-12-06,1694.526298
2002-12-09,1661.102939
2002-12-10,1676.755363
2002-12-11,1681.611517
2002-12-12,1675.417256
2002-12-13,1658.97781
2002-12-16,1692.055763
2002-12-17,1682.638201
2002-12-18,1655.616096
2002-12-19,1647.98657
2002-12-20,1665.437117
2002-12-23,1669.929938
2002-12-24,1667.851204
2002-12-25,1667.381022
2002-12-26,1667.163032
2002-12-27,1640.470149
2002-12-30,1651.737593
2002-12-31,1657.635877
2003-01-01,1657.635877
2003-01-02,1697.839951
2003-01-03,1703.198914
2003-01-06,1735.634192
2003-01-07,1720.215178
2003-01-08,1694.207444
2003-01-09,1720.973968
2003-01-10,1725.680759
2003-01-13,1726.137369
2003-01-14,1738.70303
2003-01-15,1719.102032
2003-01-16,1714.174144
2003-01-17,1692.975538
2003-01-20,1684.660854
2003-01-21,1666.00205
2003-01-22,1647.493795
2003-01-23,1659.929377
2003-01-24,1628.778351
2003-01-27,1593.704962
2003-01-28,1604.574714
2003-01-29,1612.259509
2003-01-30,1596.581029
2003-01-31,1607.120983
2003-02-03,1621.971963
2003-02-04,1600.966423
2003-02-05,1602.691661
2003-02-06,1585.522704
2003-02-07,1571.066754
2003-02-10,1572.310038
2003-02-11,1572.39528
2003-02-12,1556.028608
2003-02-13,1555.448386
2003-02-14,1580.25926
2003-02-17,1588.372739
2003-02-18,1609.331855
2003-02-19,1595.229453
2003-02-20,1586.71657
2003-02-21,1600.195067
2003-02-24,1578.47833
2003-02-25,1567.138611
2003-02-26,1554.882412
2003-02-27,1566.218843
2003-02-28,1578.993719
2003-03-03,1578.728853
2003-03-04,1557.412344
2003-03-05,1564.71578
2003-03-06,1550.732768
2003-03-07,1548.61072
2003-03-10,1513.535333
2003-03-11,1502.918057
2003-03-12,1492.32185
2003-03-13,1537.545679
2003-03-14,1554.426963
2003-03-17,1596.220048
2003-03-18,1601.846923
2003-03-19,1614.85687
2003-03-20,1619.063055
2003-03-21,1650.765161
2003-03-24,1606.518065
2003-03-25,1621.238679
2003-03-26,1618.546101
2003-03-27,1611.320447
2003-03-28,1603.876494
2003-03-31,1573.782087
2003-04-01,1590.639387
2003-04-02,1625.957369
2003-04-03,1622.525405
2003-04-04,1629.487878
2003-04-07,1646.324713
2003-04-08,1638.056176
2003-04-09,1623.696448
2003-04-10,1626.328812
2003-04-11,1620.891884
2003-04-14,1643.803247
2003-04-15,1660.525565
2003-04-16,1647.20607
2003-04-17,1668.500783
2003-04-18,1668.730851
2003-04-21,1664.250686
2003-04-22,1692.297169
2003-04-23,1706.985583
2003-04-24,1695.704807
2003-04-25,1672.912688
2003-04-28,1698.950935
2003-04-29,1702.137628
2003-04-30,1713.248465
2003-05-01,1716.848249
2003-05-02,1733.058249
2003-05-05,1736.603323
2003-05-06,1759.13268
2003-05-07,1750.678982
2003-05-08,1731.651946
2003-05-09,1752.770595
2003-05-12,1770.91097
2003-05-13,1768.176629
2003-05-14,1767.562427
2003-05-15,1778.267311
2003-05-16,1781.379656
2003-05-19,1743.57496
2003-05-20,1743.438688
2003-05-21,1743.818986
2003-05-22,1760.720861
2003-05-23,1766.464497
2003-05-26,1768.284392
2003-05-27,1789.326511
2003-05-28,1795.800264
2003-05-29,1799.929416
2003-05-30,1810.790002
2003-06-02,1827.532052
2003-06-03,1828.292209
2003-06-04,1850.001707
2003-06-05,1862.301971
2003-06-06,1865.786052
2003-06-09,1849.655726
2003-06-10,1857.97837
2003-06-11,1885.230016
2003-06-12,1889.731573
2003-06-13,1875.31823
2003-06-16,1908.750199
2003-06-17,1917.176107
2003-06-18,1913.315114
2003-06-19,1887.69858
2003-06-20,1889.795285
2003-06-23,1862.190826
2003-06-24,1855.735927
2003-06-25,1852.922925
2003-06-26,1856.133037
2003-06-27,1848.460296
2003-06-30,1841.900766
2003-07-01,1849.264966
2003-07-02,1874.599584
2003-07-03,1873.538368
2003-07-04,1868.960848
2003-07-07,1899.298987
2003-07-08,1900.887449
2003-07-09,1892.942064
2003-07-10,1872.258869
2003-07-11,1881.906513
2003-07-14,1898.67953
2003-07-15,1888.205545
2003-07-16,1875.402736
2003-07-17,1850.873892
2003-07-18,1865.377018
2003-07-21,1850.374261
2003-07-22,1862.617021
2003-07-23,1870.369599
2003-07-24,1874.55738
2003-07-25,1893.008556
2003-07-28,1896.878109
2003-07-29,1886.941777
2003-07-30,1876.779447
2003-07-31,1879.089322
2003-08-01,1864.354687
2003-08-04,1864.652516
2003-08-05,1847.88795
2003-08-06,1841.821167
2003-08-07,1853.619522
2003-08-08,1859.773355
2003-08-11,1869.297378
2003-08-12,1882.905318
2003-08-13,1880.968852
2003-08-14,1895.838733
2003-08-15,1896.996714
2003-08-18,1909.886198
2003-08-19,1912.788123
2003-08-20,1914.576699
2003-08-21,1917.397352
2003-08-22,1902.97511
2003-08-25,1900.389234
2003-08-26,1897.605501
2003-08-27,1901.74767
2003-08-28,1910.723831
2003-08-29,1919.456085
2003-09-01,1930.777103
2003-09-02,1943.423479
2003-09-03,1957.183181
2003-09-04,1960.500516
2003-09-05,1957.16964
2003-09-08,1975.694038
2003-09-09,1967.643551
2003-09-10,1947.094782
2003-09-11,1950.156827
2003-09-12,1957.910882
2003-09-15,1955.010288
2003-09-16,1976.744503
2003-09-17,1980.032985
2003-09-18,2002.91034
2003-09-19,1999.504582
2003-09-22,1978.878802
2003-09-23,1985.086032
2003-09-24,1964.027617
2003-09-25,1950.413781
2003-09-26,1936.349883
2003-09-29,1946.424274
2003-09-30,1931.008333
2003-10-01,1970.942494
2003-10-02,1981.505862
2003-10-03,2004.668444
2003-10-06,2010.183104
2003-10-07,2020.344937
2003-10-08,2011.708755
2003-10-09,2025.407005
2003-10-10,2030.741037
2003-10-13,2041.963235
2003-10-14,2047.795489
2003-10-15,2045.835736
2003-10-16,2053.944878
2003-10-17,2037.756786
2003-10-20,2045.55883
2003-10-21,2049.724738
2003-10-22,2025.346606
2003-10-23,2011.629969
2003-10-24,2009.582488
2003-10-27,2017.828814
2003-10-28,2040.180622
2003-10-29,2047.488575
2003-10-30,2049.376733
2003-10-31,2045.404934
2003-11-03,2054.251377
2003-11-04,2055.086441
2003-11-05,2048.596262
2003-11-06,2049.551515
2003-11-07,2055.839528
2003-11-10,2046.35587
2003-11-11,2036.804422
2003-11-12,2058.484599
2003-11-13,2068.04476
2003-11-14,2062.446756
2003-11-17,2036.788178
2003-11-18,2033.816557
2003-11-19,2035.883953
2003-11-20,2028.92
2003-11-21,2032.921295
2003-11-24,2053.263717
2003-11-25,2058.963926
2003-11-26,2073.401529
2003-11-27,2075.496843
2003-11-28,2076.320259
2003-12-01,2102.451739
2003-12-02,2104.757546
2003-12-03,2107.576716
2003-12-04,2111.29438
2003-12-05,2101.869133
2003-12-08,2108.031884
2003-12-09,2101.223029
2003-12-10,2092.0723
2003-12-11,2105.65471
2003-12-12,2117.877186
2003-12-15,2119.348156
2003-12-16,2121.875742
2003-12-17,2123.970705
2003-12-18,2143.65661
2003-12-19,2146.557567
2003-12-22,2154.946674
2003-12-23,2162.285704
2003-12-24,2164.09536
2003-12-25,2164.245776
2003-12-26,2167.586216
2003-12-29,2188.964042
2003-12-30,2197.762138
2003-12-31,2206.42336
2004-01-01,2206.42336
2004-01-02,2210.29088
2004-01-05,2239.746443
2004-01-06,2244.982089
2004-01-07,2240.472113
2004-01-08,2256.153668
2004-01-09,2250.509185
2004-01-12,2253.183531
2004-01-13,2245.965526
2004-01-14,2256.857087
2004-01-15,2250.543845
2004-01-16,2256.751251
2004-01-19,2259.194113
2004-01-20,2268.203706
2004-01-21,2284.319877
2004-01-22,2286.895862
2004-01-23,2282.725189
2004-01-26,2287.323486
2004-01-27,2278.33008
2004-01-28,2260.897446
2004-01-29,2245.193684
2004-01-30,2241.827322
2004-02-02,2249.020958
2004-02-03,2253.574063
2004-02-04,2233.701661
2004-02-05,2240.082237
2004-02-06,2267.483697
2004-02-09,2271.519938
2004-02-10,2279.590307
2004-02-11,2293.78845
2004-02-12,2297.690771
2004-02-13,2289.813066
2004-02-16,2292.095013
2004-02-17,2314.383652
2004-02-18,2307.531685
2004-02-19,2301.04772
2004-02-20,2282.957677
2004-02-23,2282.302713
2004-02-24,2276.509896
2004-02-25,2276.535366
2004-02-26,2273.640386
2004-02-27,2279.367118
2004-03-01,2305.934607
2004-03-02,2292.643922
2004-03-03,2281.582276
2004-03-04,2291.881414
2004-03-05,2308.963717
2004-03-08,2294.861453
2004-03-09,2285.706455
2004-03-10,2251.784153
2004-03-11,2213.76633
2004-03-12,2224.154123
2004-03-15,2199.042036
2004-03-16,2219.50327
2004-03-17,2241.303511
2004-03-18,2244.06559
2004-03-19,2229.41457
2004-03-22,2200.245507
2004-03-23,2197.145723
2004-03-24,2191.246873
2004-03-25,2221.166232
2004-03-26,2222.417643
2004-03-29,2249.900384
2004-03-30,2256.950867
2004-03-31,2264.241815
2004-04-01,2284.231019
2004-04-02,2294.741752
2004-04-05,2302.72369
2004-04-06,2299.942968
2004-04-07,2298.248623
2004-04-08,2295.380535
2004-04-09,2291.958884
2004-04-12,2300.344728
2004-04-13,2276.934371
2004-04-14,2259.367466
2004-04-15,2255.771187
2004-04-16,2273.105449
2004-04-19,2273.84211
2004-04-20,2256.413565
2004-04-21,2250.953565
2004-04-22,2271.636434
2004-04-23,2276.005531
2004-04-26,2276.246438
2004-04-27,2277.363452
2004-04-28,2244.168214
2004-04-29,2233.090603
2004-04-30,2217.867215
2004-05-03,2231.165662
2004-05-04,2247.237801
2004-05-05,2257.599697
2004-05-06,2231.569324
2004-05-07,2196.344389
2004-05-10,2146.135926
2004-05-11,2161.368145
2004-05-12,2169.485687
2004-05-13,2163.692026
2004-05-14,2158.943557
2004-05-17,2137.83051
2004-05-18,2152.8182
2004-05-19,2175.215104
2004-05-20,2163.398754
2004-05-21,2179.959923
2004-05-24,2183.626265
2004-05-25,2205.81633
2004-05-26,2217.055744
2004-05-27,2240.58093
2004-05-28,2236.374361
2004-05-31,2238.073687
2004-06-01,2236.00731
2004-06-02,2243.71835
2004-06-03,2228.667499
2004-06-04,2240.768086
2004-06-07,2279.960628
2004-06-08,2282.285665
2004-06-09,2258.90393
2004-06-10,2267.628754
2004-06-11,2260.042346
2004-06-14,2239.255483
2004-06-15,2252.276485
2004-06-16,2261.116288
2004-06-17,2262.77043
2004-06-18,2270.336355
2004-06-21,2266.836088
2004-06-22,2263.266678
2004-06-23,2276.81072
2004-06-24,2288.191888
2004-06-25,2277.478629
2004-06-28,2286.123103
2004-06-29,2280.608848
2004-06-30,2284.019129
2004-07-01,2271.240039
2004-07-02,2267.63985
2004-07-05,2261.251784
2004-07-06,2247.079933
2004-07-07,2254.538168
2004-07-08,2246.382659
2004-07-09,2253.024746
2004-07-12,2255.307281
2004-07-13,2251.532523
2004-07-14,2246.566437
2004-07-15,2232.496211
2004-07-16,2234.893416
2004-07-19,2231.658502
2004-07-20,2235.801729
2004-07-21,2215.811869
2004-07-22,2210.384031
2004-07-23,2186.86025
2004-07-26,2178.54135
2004-07-27,2186.364245
2004-07-28,2189.420543
2004-07-29,2203.502997
2004-07-30,2209.445634
2004-08-02,2215.031959
2004-08-03,2211.142784
2004-08-04,2200.476117
2004-08-05,2180.851679
2004-08-06,2160.441808
2004-08-09,2153.924237
2004-08-10,2175.993884
2004-08-11,2164.66828
2004-08-12,2148.826948
2004-08-13,2152.374692
2004-08-16,2172.160156
2004-08-17,2177.72278
2004-08-18,2193.450193
2004-08-19,2198.805692
2004-08-20,2204.922492
2004-08-23,2204.171854
2004-08-24,2199.82619
2004-08-25,2211.921169
2004-08-26,2218.024445
2004-08-27,2225.342337
2004-08-30,2213.419601
2004-08-31,2219.157442
2004-09-01,2229.708553
2004-09-02,2245.134781
2004-09-03,2233.843946
2004-09-06,2242.01132
2004-09-07,2253.047703
2004-09-08,2249.958237
2004-09-09,2247.182284
2004-09-10,2262.791075
2004-09-13,2270.001091
2004-09-14,2274.989809
2004-09-15,2252.66432
2004-09-16,2259.602764
2004-09-17,2267.84282
2004-09-20,2259.149357
2004-09-21,2277.278693
2004-09-22,2254.354307
2004-09-23,2247.893413
2004-09-24,2246.434743
2004-09-27,2234.303039
2004-09-28,2245.210089
2004-09-29,2254.642721
2004-09-30,2261.138042
2004-10-01,2293.507086
2004-10-04,2300.663456
2004-10-05,2303.932828
2004-10-06,2313.683788
2004-10-07,2298.567074
2004-10-08,2296.932553
2004-10-11,2298.16187
2004-10-12,2281.41847
2004-10-13,2270.272435
2004-10-14,2260.244784
2004-10-15,2269.343856
2004-10-18,2274.120507
2004-10-19,2271.859206
2004-10-20,2269.240044
2004-10-21,2277.022429
2004-10-22,2266.573943
2004-10-25,2260.66435
2004-10-26,2281.006675
2004-10-27,2306.566398
2004-10-28,2316.360915
2004-10-29,2316.469023
2004-11-01,2322.775754
2004-11-02,2329.979029
2004-11-03,2355.154196
2004-11-04,2380.341172
2004-11-05,2394.351548
2004-11-08,2392.561421
2004-11-09,2388.353367
2004-11-10,2387.01802
2004-11-11,2403.353871
2004-11-12,2426.544859
2004-11-15,2430.518989
2004-11-16,2419.284169
2004-11-17,2438.524524
2004-11-18,2436.084186
2004-11-19,2423.558629
2004-11-22,2422.104148
2004-11-23,2425.344322
2004-11-24,2437.261156
2004-11-25,2449.935493
2004-11-26,2449.835881
2004-11-29,2449.3304
2004-11-30,2438.155959
2004-12-01,2464.844273
2004-12-02,2468.305291
2004-12-03,2475.36487
2004-12-06,2472.029744
2004-12-07,2456.017177
2004-12-08,2446.234128
2004-12-09,2443.711398
2004-12-10,2440.650538
2004-12-13,2465.665351
2004-12-14,2472.966798
2004-12-15,2489.284496
2004-12-16,2479.844452
2004-12-17,2465.200825
2004-12-20,2480.172694
2004-12-21,2488.757122
2004-12-22,2500.838877
2004-12-23,2509.950909
2004-12-24,2517.166151
2004-12-27,2516.905921
2004-12-28,2527.364529
2004-12-29,2523.507914
2004-12-30,2532.605524
2004-12-31,2531.227744
2005-01-03,2514.415863
2005-01-04,2487.032752
2005-01-05,2472.917089
2005-01-06,2472.772653
2005-01-07,2468.059567
2005-01-10,2477.306169
2005-01-11,2470.846452
2005-01-12,2481.35035
2005-01-13,2465.983991
2005-01-14,2470.901248
2005-01-17,2475.4247
2005-01-18,2482.551228
2005-01-19,2471.867608
2005-01-20,2449.229535
2005-01-21,2443.240169
2005-01-24,2443.628156
2005-01-25,2444.231594
2005-01-26,2464.441856
2005-01-27,2464.472579
2005-01-28,2454.835573
2005-01-31,2474.239146
2005-02-01,2486.490207
2005-02-02,2496.845628
2005-02-03,2484.914886
2005-02-04,2508.872295
2005-02-07,2505.139358
2005-02-08,2500.620501
2005-02-09,2490.524846
2005-02-10,2505.716744
2005-02-11,2521.570231
2005-02-14,2533.297622
2005-02-15,2541.424033
2005-02-16,2536.202475
2005-02-17,2531.643673
2005-02-18,2535.200372
2005-02-21,2535.647941
2005-02-22,2521.733646
2005-02-23,2517.437928
2005-02-24,2527.939338
2005-02-25,2553.452082
2005-02-28,2552.617563
2005-03-01,2559.772476
2005-03-02,2555.99695
2005-03-03,2557.935588
2005-03-04,2587.733291
2005-03-07,2587.529136
2005-03-08,2589.145772
2005-03-09,2573.692055
2005-03-10,2568.913508
2005-03-11,2565.398229
2005-03-14,2563.767364
2005-03-15,2557.749197
2005-03-16,2546.249823
2005-03-17,2543.451826
2005-03-18,2539.907091
2005-03-21,2524.474709
2005-03-22,2514.39894
2005-03-23,2493.192175
2005-03-24,2490.949291
2005-03-25,2492.148658
2005-03-28,2490.365425
2005-03-29,2478.502044
2005-03-30,2496.866275
2005-03-31,2503.067706
2005-04-01,2496.671949
2005-04-04,2484.388518
2005-04-05,2499.03486
2005-04-06,2506.995635
2005-04-07,2522.242146
2005-04-08,2509.654877
2005-04-11,2514.018154
2005-04-12,2510.832596
2005-04-13,2500.834525
2005-04-14,2474.922524
2005-04-15,2445.566848
2005-04-18,2430.930737
2005-04-19,2451.733521
2005-04-20,2434.897142
2005-04-21,2459.68007
2005-04-22,2460.186019
2005-04-25,2469.553298
2005-04-26,2452.923255
2005-04-27,2447.541339
2005-04-28,2429.302743
2005-04-29,2448.52752
2005-05-02,2453.519523
2005-05-03,2457.773244
2005-05-04,2485.583533
2005-05-05,2486.234906
2005-05-06,2486.84866
2005-05-09,2489.827776
2005-05-10,2473.112902
2005-05-11,2471.643383
2005-05-12,2453.568425
2005-05-13,2440.187699
2005-05-16,2445.221783
2005-05-17,2454.335144
2005-05-18,2477.549149
2005-05-19,2491.652145
2005-05-20,2484.145884
2005-05-23,2499.256162
2005-05-24,2500.391095
2005-05-25,2492.450548
2005-05-26,2501.390392
2005-05-27,2506.917969
2005-05-30,2509.820577
2005-05-31,2492.031521
2005-06-01,2510.74116
2005-06-02,2515.076324
2005-06-03,2506.217434
2005-06-06,2508.322095
2005-06-07,2515.30297
2005-06-08,2516.545376
2005-06-09,2510.815368
2005-06-10,2508.661351
2005-06-13,2507.13928
2005-06-14,2513.105997
2005-06-15,2520.407
2005-06-16,2530.654599
2005-06-17,2551.601924
2005-06-20,2543.887159
2005-06-21,2546.14965
2005-06-22,2548.210356
2005-06-23,2531.22603
2005-06-24,2515.26566
2005-06-27,2509.371985
2005-06-28,2524.438746
2005-06-29,2524.350714
2005-06-30,2513.595117
2005-07-01,2511.696675
2005-07-04,2510.955337
2005-07-05,2520.842109
2005-07-06,2516.83559
2005-07-07,2506.3243
2005-07-08,2531.5873
2005-07-11,2556.921697
2005-07-12,2568.739053
2005-07-13,2564.049563
2005-07-14,2572.994389
2005-07-15,2569.200072
2005-07-18,2562.623505
2005-07-19,2568.438384
2005-07-20,2575.039581
2005-07-21,2581.08632
2005-07-22,2587.779031
2005-07-25,2580.420047
2005-07-26,2578.293733
2005-07-27,2590.51308
2005-07-28,2605.480207
2005-07-29,2601.399413
2005-08-01,2610.01618
2005-08-02,2629.870052
2005-08-03,2638.642701
2005-08-04,2624.423468
2005-08-05,2601.819213
2005-08-08,2606.426223
2005-08-09,2620.494855
2005-08-10,2637.685134
2005-08-11,2656.218707
2005-08-12,2648.034536
2005-08-15,2646.69979
2005-08-16,2626.890651
2005-08-17,2622.2901
2005-08-18,2604.823627
2005-08-19,2611.519545
2005-08-22,2628.461938
2005-08-23,2616.862512
2005-08-24,2607.611445
2005-08-25,2607.552897
2005-08-26,2598.206652
2005-08-29,2598.73559
2005-08-30,2591.27394
2005-08-31,2621.001361
2005-09-01,2646.283171
2005-09-02,2648.649976
2005-09-05,2654.298076
2005-09-06,2673.954192
2005-09-07,2678.232711
2005-09-08,2667.30064
2005-09-09,2689.218089
2005-09-12,2683.113359
2005-09-13,2665.504089
2005-09-14,2667.838605
2005-09-15,2664.959908
2005-09-16,2679.747916
2005-09-19,2671.061227
2005-09-20,2668.018633
2005-09-21,2652.808247
2005-09-22,2646.681337
2005-09-23,2644.009212
2005-09-26,2659.440294
2005-09-27,2651.634584
2005-09-28,2665.43884
2005-09-29,2683.595716
2005-09-30,2689.077779
2005-10-03,2681.309279
2005-10-04,2671.973296
2005-10-05,2637.959562
2005-10-06,2622.32049
2005-10-07,2623.00092
2005-10-10,2610.373395
2005-10-11,2611.637661
2005-10-12,2598.221341
2005-10-13,2579.11889
2005-10-14,2601.141736
2005-10-17,2600.726164
2005-10-18,2574.391705
2005-10-19,2582.445205
2005-10-20,2565.034435
2005-10-21,2566.719029
2005-10-24,2594.747068
2005-10-25,2603.57041
2005-10-26,2599.558674
2005-10-27,2583.094491
2005-10-28,2599.167358
2005-10-31,2623.838124
2005-11-01,2625.862202
2005-11-02,2650.605806
2005-11-03,2666.305667
2005-11-04,2653.934262
2005-11-07,2659.16096
2005-11-08,2654.136386
2005-11-09,2652.330646
2005-11-10,2662.420887
2005-11-11,2675.54271
2005-11-14,2669.539587
2005-11-15,2657.754517
2005-11-16,2657.595194
2005-11-17,2687.019099
2005-11-18,2699.935714
2005-11-21,2715.443343
2005-11-22,2720.738098
2005-11-23,2737.491131
2005-11-24,2735.915618
2005-11-25,2736.819038
2005-11-28,2726.85152
2005-11-29,2725.050435
2005-11-30,2711.263341
2005-12-01,2740.009873
2005-12-02,2751.564023
2005-12-05,2751.642565
2005-12-06,2758.171148
2005-12-07,2748.617352
2005-12-08,2749.786496
2005-12-09,2758.409446
2005-12-12,2775.971529
2005-12-13,2785.625208
2005-12-14,2799.097595
2005-12-15,2785.309625
2005-12-16,2792.333251
2005-12-19,2782.931494
2005-12-20,2779.928416
2005-12-21,2786.573568
2005-12-22,2797.624342
2005-12-23,2799.901492
2005-12-26,2801.792845
2005-12-27,2784.834828
2005-12-28,2793.95703
2005-12-29,2790.603543
2005-12-30,2771.330352
2006-01-02,2774.349343
2006-01-03,2823.246672
2006-01-04,2853.932114
2006-01-05,2854.574242
2006-01-06,2882.913492
2006-01-09,2885.720135
2006-01-10,2874.30129
2006-01-11,2890.878984
2006-01-12,2882.12915
2006-01-13,2880.204298
2006-01-16,2881.681574
2006-01-17,2855.280922
2006-01-18,2832.790386
2006-01-19,2857.790474
2006-01-20,2825.166657
2006-01-23,2835.990345
2006-01-24,2841.354073
2006-01-25,2845.891936
2006-01-26,2868.662267
2006-01-27,2891.609929
2006-01-30,2891.572937
2006-01-31,2895.079156
2006-02-01,2898.305313
2006-02-02,2876.395369
2006-02-03,2857.970789
2006-02-06,2861.790403
2006-02-07,2843.640907
2006-02-08,2842.329485
2006-02-09,2853.882507
2006-02-10,2848.177752
2006-02-13,2837.000272
2006-02-14,2853.763917
2006-02-15,2859.080974
2006-02-16,2875.342032
2006-02-17,2872.493476
2006-02-20,2873.768977
2006-02-21,2874.445157
2006-02-22,2888.092503
2006-02-23,2895.17841
2006-02-24,2898.552339
2006-02-27,2911.939901
2006-02-28,2890.769463
2006-03-01,2906.666447
2006-03-02,2902.042947
2006-03-03,2896.795004
2006-03-06,2890.263163
2006-03-07,2867.949358
2006-03-08,2863.080374
2006-03-09,2870.517434
2006-03-10,2881.103947
2006-03-13,2901.288843
2006-03-14,2929.034677
2006-03-15,2940.559553
2006-03-16,2949.661262
2006-03-17,2958.813304
2006-03-20,2962.277289
2006-03-21,2944.874796
2006-03-22,2956.632237
2006-03-23,2940.918998
2006-03-24,2952.775341
2006-03-27,2949.218643
2006-03-28,2939.708257
2006-03-29,2947.791986
2006-03-30,2971.38265
2006-03-31,2954.334025
2006-04-03,2972.663604
2006-04-04,2988.826335
2006-04-05,3001.713268
2006-04-06,3007.207853
2006-04-07,2980.113883
2006-04-10,2982.344597
2006-04-11,2960.50278
2006-04-12,2952.519289
2006-04-13,2955.891032
2006-04-14,2956.056436
2006-04-17,2965.699915
2006-04-18,2998.055803
2006-04-19,3019.53046
2006-04-20,3020.731673
2006-04-21,3034.653998
2006-04-24,3025.052111
2006-04-25,3022.844388
2006-04-26,3034.652457
2006-04-27,3046.313055
2006-04-28,3044.029617
2006-05-01,3048.114804
2006-05-02,3071.283813
2006-05-03,3054.401627
2006-05-04,3069.333248
2006-05-05,3104.942687
2006-05-08,3111.085482
2006-05-09,3120.36065
2006-05-10,3113.60261
2006-05-11,3088.666558
2006-05-12,3049.095638
2006-05-15,3028.462443
2006-05-16,3021.698658
2006-05-17,2968.117341
2006-05-18,2943.883947
2006-05-19,2937.06203
2006-05-22,2907.116798
2006-05-23,2920.637474
2006-05-24,2903.80571
2006-05-25,2933.087842
2006-05-26,2961.43622
2006-05-29,2966.468519
2006-05-30,2933.693735
2006-05-31,2940.049217
2006-06-01,2961.939476
2006-06-02,2986.185139
2006-06-05,2949.356088
2006-06-06,2904.803162
2006-06-07,2888.350017
2006-06-08,2839.401312
2006-06-09,2856.735625
2006-06-12,2825.043679
2006-06-13,2768.232968
2006-06-14,2783.77303
2006-06-15,2842.084163
2006-06-16,2844.397949
2006-06-19,2824.394487
2006-06-20,2827.612639
2006-06-21,2849.539927
2006-06-22,2848.531535
2006-06-23,2843.756449
2006-06-26,2852.295009
2006-06-27,2837.083936
2006-06-28,2835.389039
2006-06-29,2892.918413
2006-06-30,2939.186724
2006-07-03,2957.676101
2006-07-04,2963.829217
2006-07-05,2926.944797
2006-07-06,2940.510698
2006-07-07,2938.495214
2006-07-10,2940.204481
2006-07-11,2936.205704
2006-07-12,2909.264066
2006-07-13,2873.767789
2006-07-14,2839.875234
2006-07-17,2820.75902
2006-07-18,2809.362976
2006-07-19,2863.294089
2006-07-20,2870.247928
2006-07-21,2851.601009
2006-07-24,2887.112188
2006-07-25,2905.309463
2006-07-26,2905.511853
2006-07-27,2927.110682
2006-07-28,2959.560801
2006-07-31,2957.530205
2006-08-01,2938.639335
2006-08-02,2966.102749
2006-08-03,2958.457257
2006-08-04,2977.650896
2006-08-07,2952.525116
2006-08-08,2952.266655
2006-08-09,2959.439907
2006-08-10,2949.202553
2006-08-11,2941.135579
2006-08-14,2951.718347
2006-08-15,2986.810487
2006-08-16,3016.86331
2006-08-17,3023.484927
2006-08-18,3023.871661
2006-08-21,3022.735244
2006-08-22,3022.369327
2006-08-23,3010.094136
2006-08-24,3010.182977
2006-08-25,3002.584542
2006-08-28,3014.857518
2006-08-29,3021.926141
2006-08-30,3033.858125
2006-08-31,3034.299323
2006-09-01,3048.412097
2006-09-04,3066.052809
2006-09-05,3061.221738
2006-09-06,3028.126931
2006-09-07,2999.517414
2006-09-08,3002.791729
2006-09-11,2987.789629
2006-09-12,3013.724631
2006-09-13,3023.617534
2006-09-14,3030.534902
2006-09-15,3027.222194
2006-09-18,3032.886907
2006-09-19,3026.710348
2006-09-20,3037.172309
2006-09-21,3038.925668
2006-09-22,3026.293001
2006-09-25,3032.625275
2006-09-26,3050.798952
2006-09-27,3071.444264
2006-09-28,3075.908798
2006-09-29,3070.479056
2006-10-02,3075.436896
2006-10-03,3070.322784
2006-10-04,3088.480664
2006-10-05,3109.679586
2006-10-06,3094.514492
2006-10-09,3098.342249
2006-10-10,3103.386266
2006-10-11,3097.876229
2006-10-12,3119.744791
2006-10-13,3126.911212
2006-10-16,3142.722171
2006-10-17,3126.610287
2006-10-18,3135.546214
2006-10-19,3145.676244
2006-10-20,3152.835328
2006-10-23,3163.918597
2006-10-24,3165.001766
2006-10-25,3179.166234
2006-10-26,3198.909459
2006-10-27,3187.484853
2006-10-30,3178.396525
2006-10-31,3183.174027
2006-11-01,3175.741745
2006-11-02,3170.415269
2006-11-03,3164.167113
2006-11-06,3193.874665
2006-11-07,3213.698213
2006-11-08,3208.348967
2006-11-09,3198.028745
2006-11-10,3205.769143
2006-11-13,3202.338836
2006-11-14,3217.104402
2006-11-15,3226.680241
2006-11-16,3229.318697
2006-11-17,3224.50968
2006-11-20,3215.455212
2006-11-21,3223.978129
2006-11-22,3246.397719
2006-11-23,3247.639917
2006-11-24,3243.939629
2006-11-27,3210.022938
2006-11-28,3212.37788
2006-11-29,3250.245215
2006-11-30,3261.123709
2006-12-01,3256.299201
2006-12-04,3276.606937
2006-12-05,3289.040883
2006-12-06,3293.217557
2006-12-07,3292.061754
2006-12-08,3293.839703
2006-12-11,3292.948663
2006-12-12,3298.292242
2006-12-13,3305.956454
2006-12-14,3326.251779
2006-12-15,3326.333172
2006-12-18,3317.819238
2006-12-19,3317.796326
2006-12-20,3326.450808
2006-12-21,3317.126758
2006-12-22,3302.921422
2006-12-25,3301.650124
2006-12-26,3307.193486
2006-12-27,3333.477226
2006-12-28,3334.271483
2006-12-29,3327.426068
2007-01-01,3327.426068
2007-01-02,3351.621572
2007-01-03,3339.081183
2007-01-04,3329.49219
2007-01-05,3296.850521
2007-01-08,3300.742127
2007-01-09,3303.779537
2007-01-10,3287.399942
2007-01-11,3310.219186
2007-01-12,3337.320698
2007-01-15,3350.269534
2007-01-16,3343.27508
2007-01-17,3344.4414
2007-01-18,3338.153995
2007-01-19,3351.052919
2007-01-22,3343.394837
2007-01-23,3357.840761
2007-01-24,3379.07748
2007-01-25,3355.448302
2007-01-26,3337.339695
2007-01-29,3341.226678
2007-01-30,3358.760338
2007-01-31,3366.707056
2007-02-01,3398.176099
2007-02-02,3401.864056
2007-02-05,3394.537602
2007-02-06,3406.038882
2007-02-07,3417.67714
2007-02-08,3405.455436
2007-02-09,3398.704473
2007-02-12,3381.89811
2007-02-13,3406.859219
2007-02-14,3444.585542
2007-02-15,3456.160591
2007-02-16,3451.214507
2007-02-19,3457.258644
2007-02-20,3459.452319
2007-02-21,3446.41801
2007-02-22,3450.220946
2007-02-23,3457.148163
2007-02-26,3463.706395
2007-02-27,3377.834247
2007-02-28,3349.187521
2007-03-01,3329.06646
2007-03-02,3303.437445
2007-03-05,3253.023033
2007-03-06,3298.595283
2007-03-07,3306.304772
2007-03-08,3336.239428
2007-03-09,3340.35992
2007-03-12,3352.142236
2007-03-13,3305.48685
2007-03-14,3276.258237
2007-03-15,3310.115536
2007-03-16,3306.609357
2007-03-19,3344.382629
2007-03-20,3367.93571
2007-03-21,3402.890471
2007-03-22,3431.435549
2007-03-23,3435.997467
2007-03-26,3432.02365
2007-03-27,3418.924072
2007-03-28,3401.387812
2007-03-29,3414.167212
2007-03-30,3410.495602
2007-04-02,3419.547108
2007-04-03,3451.813064
2007-04-04,3465.016621
2007-04-05,3475.264653
2007-04-06,3474.383002
2007-04-09,3471.43334
2007-04-10,3492.161006
2007-04-11,3479.984515
2007-04-12,3490.834449
2007-04-13,3501.492069
2007-04-16,3542.196497
2007-04-17,3548.583199
2007-04-18,3552.482252
2007-04-19,3538.694726
2007-04-20,3569.359585
2007-04-23,3562.253079
2007-04-24,3555.334953
2007-04-25,3581.51271
2007-04-26,3577.627128
2007-04-27,3574.489541
2007-04-30,3560.942408
2007-05-01,3556.559438
2007-05-02,3579.703265
2007-05-03,3589.559064
2007-05-04,3607.704367
2007-05-07,3625.939211
2007-05-08,3605.192792
2007-05-09,3620.693174
2007-05-10,3580.627803
2007-05-11,3602.065043
2007-05-14,3600.916277
2007-05-15,3604.096916
2007-05-16,3613.567514
2007-05-17,3607.778775
2007-05-18,3628.895236
2007-05-21,3632.291906
2007-05-22,3636.16518
2007-05-23,3648.866574
2007-05-24,3614.075326
2007-05-25,3620.110384
2007-05-28,3624.220984
2007-05-29,3634.772291
2007-05-30,3641.891165
2007-05-31,3660.680175
2007-06-01,3679.831398
2007-06-04,3690.892468
2007-06-05,3678.582124
2007-06-06,3641.656092
2007-06-07,3590.162955
2007-06-08,3592.818514
2007-06-11,3605.127813
2007-06-12,3575.106689
2007-06-13,3601.355997
2007-06-14,3632.29816
2007-06-15,3668.848071
2007-06-18,3669.65478
2007-06-19,3670.685349
2007-06-20,3651.272698
2007-06-21,3649.60053
2007-06-22,3621.900652
2007-06-25,3611.594262
2007-06-26,3598.851548
2007-06-27,3600.221428
2007-06-28,3618.80118
2007-06-29,3632.44408
2007-07-02,3665.576219
2007-07-03,3682.895106
2007-07-04,3689.848388
2007-07-05,3682.781527
2007-07-06,3699.41771
2007-07-09,3709.427533
2007-07-10,3680.339628
2007-07-11,3685.559711
2007-07-12,3733.464969
2007-07-13,3752.973324
2007-07-16,3751.285579
2007-07-17,3746.319042
2007-07-18,3728.499317
2007-07-19,3753.453572
2007-07-20,3724.726835
2007-07-23,3732.975938
2007-07-24,3680.552474
2007-07-25,3662.692261
2007-07-26,3581.859154
2007-07-27,3528.549379
2007-07-30,3548.214934
2007-07-31,3551.99883
2007-08-01,3531.326621
2007-08-02,3550.994052
2007-08-03,3499.61926
2007-08-06,3527.505328
2007-08-07,3548.898938
2007-08-08,3608.65775
2007-08-09,3530.490646
2007-08-10,3477.334281
2007-08-13,3495.862114
2007-08-14,3445.752178
2007-08-15,3394.958087
2007-08-16,3346.989854
2007-08-17,3403.512722
2007-08-20,3424.852345
2007-08-21,3438.145785
2007-08-22,3480.451739
2007-08-23,3499.417931
2007-08-24,3528.060897
2007-08-27,3518.72521
2007-08-28,3456.14045
2007-08-29,3493.106374
2007-08-30,3501.081276
2007-08-31,3549.303928
2007-09-03,3551.761872
2007-09-04,3575.140191
2007-09-05,3537.310687
2007-09-06,3554.064435
2007-09-07,3507.206352
2007-09-10,3487.117278
2007-09-11,3536.421143
2007-09-12,3546.380603
2007-09-13,3567.851829
2007-09-14,3562.501737
2007-09-17,3534.427491
2007-09-18,3592.295537
2007-09-19,3661.408313
2007-09-20,3661.937494
2007-09-21,3671.369075
2007-09-24,3666.309259
2007-09-25,3663.376364
2007-09-26,3679.265606
2007-09-27,3712.854817
2007-09-28,3718.092914
2007-10-01,3753.49481
2007-10-02,3756.311944
2007-10-03,3751.005524
2007-10-04,3752.889199
2007-10-05,3787.646364
2007-10-08,3768.141627
2007-10-09,3795.863066
2007-10-10,3802.902892
2007-10-11,3814.158549
2007-10-12,3814.422525
2007-10-15,3790.580212
2007-10-16,3752.008157
2007-10-17,3764.158731
2007-10-18,3770.01354
2007-10-19,3705.734564
2007-10-22,3676.995176
2007-10-23,3719.756051
2007-10-24,3707.119628
2007-10-25,3724.506381
2007-10-26,3777.966483
2007-10-29,3809.244068
2007-10-30,3789.458631
2007-10-31,3832.132712
2007-11-01,3766.254883
2007-11-02,3752.33869
2007-11-05,3724.346232
2007-11-06,3762.76031
2007-11-07,3715.366771
2007-11-08,3694.516499
2007-11-09,3642.270605
2007-11-12,3592.532227
2007-11-13,3651.194253
2007-11-14,3665.718212
2007-11-15,3613.99417
2007-11-16,3605.212489
2007-11-19,3547.65296
2007-11-20,3581.886172
2007-11-21,3518.418042
2007-11-22,3528.999654
2007-11-23,3574.010745
2007-11-26,3543.631806
2007-11-27,3562.859091
2007-11-28,3632.536035
2007-11-29,3654.085311
2007-11-30,3675.491238
2007-12-03,3659.887101
2007-12-04,3634.833769
2007-12-05,3673.788395
2007-12-06,3705.989453
2007-12-07,3720.078991
2007-12-10,3745.446103
2007-12-11,3696.70872
2007-12-12,3704.029148
2007-12-13,3654.973077
2007-12-14,3611.124121
2007-12-17,3544.224001
2007-12-18,3553.523155
2007-12-19,3543.52753
2007-12-20,3554.160751
2007-12-21,3608.378751
2007-12-24,3628.882607
2007-12-25,3635.811476
2007-12-26,3649.054085
2007-12-27,3631.049996
2007-12-28,3641.724503
2007-12-31,3628.072784
2008-01-01,3628.072784
2008-01-02,3604.056158
2008-01-03,3600.268047
2008-01-04,3524.566567
2008-01-07,3510.485025
2008-01-08,3487.502466
2008-01-09,3493.958673
2008-01-10,3494.499634
2008-01-11,3462.732762
2008-01-14,3495.610056
2008-01-15,3413.089705
2008-01-16,3357.1401
2008-01-17,3309.753027
2008-01-18,3284.674619
2008-01-21,3187.63739
2008-01-22,3179.017705
2008-01-23,3192.030875
2008-01-24,3289.935535
2008-01-25,3287.732981
2008-01-28,3297.911257
2008-01-29,3331.953988
2008-01-30,3311.832317
2008-01-31,3350.817265
2008-02-01,3399.407596
2008-02-04,3392.046413
2008-02-05,3282.129526
2008-02-06,3257.69913
2008-02-07,3238.3425
2008-02-08,3234.008032
2008-02-11,3233.836972
2008-02-12,3288.015819
2008-02-13,3305.48302
2008-02-14,3306.625276
2008-02-15,3291.941068
2008-02-18,3306.659528
2008-02-19,3324.02546
2008-02-20,3301.29918
2008-02-21,3311.06808
2008-02-22,3314.780963
2008-02-25,3367.423904
2008-02-26,3403.246592
2008-02-27,3428.439195
2008-02-28,3399.373782
2008-02-29,3331.423027
2008-03-03,3300.021514
2008-03-04,3279.96556
2008-03-05,3309.928071
2008-03-06,3275.358057
2008-03-07,3233.196498
2008-03-10,3186.398492
2008-03-11,3255.283963
2008-03-12,3279.286567
2008-03-13,3274.095649
2008-03-14,3226.943032
2008-03-17,3159.677608
2008-03-18,3265.175655
2008-03-19,3210.433343
2008-03-20,3219.818076
2008-03-21,3225.716182
2008-03-24,3248.890949
2008-03-25,3321.138201
2008-03-26,3320.150851
2008-03-27,3313.445898
2008-03-28,3295.292286
2008-03-31,3299.491283
2008-04-01,3369.416401
2008-04-02,3400.710842
2008-04-03,3410.573964
2008-04-04,3427.097317
2008-04-07,3440.96986
2008-04-08,3414.502896
2008-04-09,3392.165018
2008-04-10,3399.199487
2008-04-11,3357.501309
2008-04-14,3334.093899
2008-04-15,3347.314458
2008-04-16,3427.487819
2008-04-17,3420.252176
2008-04-18,3458.60824
2008-04-21,3477.680247
2008-04-22,3456.271486
2008-04-23,3459.587531
2008-04-24,3451.739053
2008-04-25,3484.35237
2008-04-28,3493.010005
2008-04-29,3474.647013
2008-04-30,3472.905676
2008-05-01,3489.110931
2008-05-02,3523.047184
2008-05-05,3522.201126
2008-05-06,3539.766962
2008-05-07,3508.376519
2008-05-08,3518.393257
2008-05-09,3487.997438
2008-05-12,3517.933672
2008-05-13,3517.467417
2008-05-14,3529.232471
2008-05-15,3563.625412
2008-05-16,3587.743708
2008-05-19,3601.44901
2008-05-20,3572.749755
2008-05-21,3538.400121
2008-05-22,3542.741542
2008-05-23,3504.335276
2008-05-26,3491.735923
2008-05-27,3494.753237
2008-05-28,3500.317977
2008-05-29,3512.848498
2008-05-30,3525.862889
2008-06-02,3503.485547
2008-06-03,3487.979314
2008-06-04,3478.727064
2008-06-05,3511.439773
2008-06-06,3460.341244
2008-06-09,3443.119231
2008-06-10,3397.154357
2008-06-11,3360.668117
2008-06-12,3347.296146
2008-06-13,3376.431609
2008-06-16,3394.19889
2008-06-17,3396.895596
2008-06-18,3369.486535
2008-06-19,3354.276519
2008-06-20,3308.71171
2008-06-23,3295.181234
2008-06-24,3287.48104
2008-06-25,3304.815105
2008-06-26,3247.363461
2008-06-27,3234.120334
2008-06-30,3244.648547
2008-07-01,3222.932259
2008-07-02,3183.315589
2008-07-03,3177.396526
2008-07-04,3163.98706
2008-07-07,3159.315686
2008-07-08,3161.937652
2008-07-09,3152.476986
2008-07-10,3148.364901
2008-07-11,3115.028349
2008-07-14,3106.168206
2008-07-15,3065.262246
2008-07-16,3096.885672
2008-07-17,3148.853898
2008-07-18,3154.788305
2008-07-21,3170.199303
2008-07-22,3189.779842
2008-07-23,3207.975741
2008-07-24,3159.036169
2008-07-25,3150.758051
2008-07-28,3116.286107
2008-07-29,3133.637692
2008-07-30,3184.206019
2008-07-31,3165.368349
2008-08-01,3131.356083
2008-08-04,3100.78854
2008-08-05,3151.924351
2008-08-06,3172.912556
2008-08-07,3133.618932
2008-08-08,3146.650226
2008-08-11,3174.451668
2008-08-12,3145.224873
2008-08-13,3110.431929
2008-08-14,3123.570631
2008-08-15,3113.886753
2008-08-18,3096.391429
2008-08-19,3048.127671
2008-08-20,3067.932043
2008-08-21,3079.850922
2008-08-22,3102.937831
2008-08-25,3072.048468
2008-08-26,3066.796586
2008-08-27,3087.096782
2008-08-28,3126.443885
2008-08-29,3120.897713
2008-09-01,3099.633062
2008-09-02,3083.407064
2008-09-03,3060.175535
2008-09-04,2976.295304
2008-09-05,2946.383409
2008-09-08,3012.756957
2008-09-09,2936.970539
2008-09-10,2935.694418
2008-09-11,2933.314159
2008-09-12,2979.900313
2008-09-15,2872.601844
2008-09-16,2852.173396
2008-09-17,2767.056634
2008-09-18,2826.34594
2008-09-19,2988.179762
2008-09-22,2938.470477
2008-09-23,2903.160868
2008-09-24,2890.222915
2008-09-25,2932.43245
2008-09-26,2907.571118
2008-09-29,2705.71847
2008-09-30,2749.71055
2008-10-01,2754.208681
2008-10-02,2654.674731
2008-10-03,2648.37906
2008-10-06,2495.643446
2008-10-07,2418.257695
2008-10-08,2335.038608
2008-10-09,2228.873567
2008-10-10,2118.03908
2008-10-13,2319.760719
2008-10-14,2379.255939
2008-10-15,2211.351832
2008-10-16,2180.508278
2008-10-17,2212.348191
2008-10-20,2302.687835
2008-10-21,2262.03572
2008-10-22,2117.339808
2008-10-23,2119.375905
2008-10-24,2028.51285
2008-10-27,1941.039682
2008-10-28,2076.399752
2008-10-29,2151.459996
2008-10-30,2216.477526
2008-10-31,2228.362836
2008-11-03,2238.334021
2008-11-04,2345.785612
2008-11-05,2289.374614
2008-11-06,2154.838681
2008-11-07,2188.242606
2008-11-10,2191.786396
2008-11-11,2111.475573
2008-11-12,2027.877743
2008-11-13,2083.855182
2008-11-14,2050.439612
2008-11-17,2002.475476
2008-11-18,2008.917185
2008-11-19,1916.336374
2008-11-20,1799.779782
2008-11-21,1854.320156
2008-11-24,1981.663081
2008-11-25,2014.35651
2008-11-26,2046.635108
2008-11-27,2064.993536
2008-11-28,2084.12382
2008-12-01,1938.092197
2008-12-02,1976.514265
2008-12-03,2008.383199
2008-12-04,1971.963383
2008-12-05,1980.903033
2008-12-08,2089.588286
2008-12-09,2072.757372
2008-12-10,2099.579914
2008-12-11,2083.933187
2008-12-12,2067.78989
2008-12-15,2081.590736
2008-12-16,2141.965811
2008-12-17,2167.84468
2008-12-18,2147.597019
2008-12-19,2118.410824
2008-12-22,2085.346439
2008-12-23,2075.258968
2008-12-24,2074.844095
2008-12-25,2077.815544
2008-12-26,2087.870779
2008-12-29,2106.059606
2008-12-30,2141.025589
2008-12-31,2150.99042
2009-01-01,2150.99042
2009-01-02,2211.462447
2009-01-05,2209.854511
2009-01-06,2220.194801
2009-01-07,2197.033776
2009-01-08,2194.619048
2009-01-09,2157.403136
2009-01-12,2110.62488
2009-01-13,2079.897976
2009-01-14,2016.434926
2009-01-15,1995.705924
2009-01-16,2024.916512
2009-01-19,2010.382322
2009-01-20,1923.853715
2009-01-21,1961.065411
2009-01-22,1942.424079
2009-01-23,1930.632846
2009-01-26,1969.374947
2009-01-27,1998.74839
2009-01-28,2056.079938
2009-01-29,2007.238268
2009-01-30,1962.551349
2009-02-02,1939.533257
2009-02-03,1974.36057
2009-02-04,1985.258251
2009-02-05,1996.994363
2009-02-06,2038.939147
2009-02-09,2053.484403
2009-02-10,1982.079699
2009-02-11,1979.347694
2009-02-12,1962.262446
2009-02-13,1960.782272
2009-02-16,1946.9258
2009-02-17,1866.534988
2009-02-18,1854.774516
2009-02-19,1852.342472
2009-02-20,1811.849692
2009-02-23,1775.684611
2009-02-24,1800.45485
2009-02-25,1791.490535
2009-02-26,1791.509478
2009-02-27,1761.666039
2009-03-02,1674.871668
2009-03-03,1654.963015
2009-03-04,1695.330196
2009-03-05,1643.935947
2009-03-06,1637.23339
2009-03-09,1616.50241
2009-03-10,1702.538732
2009-03-11,1716.464248
2009-03-12,1750.872128
2009-03-13,1776.462326
2009-03-16,1797.391714
2009-03-17,1828.876622
2009-03-18,1853.167239
2009-03-19,1886.796286
2009-03-20,1855.865466
2009-03-23,1950.564651
2009-03-24,1936.323926
2009-03-25,1949.128256
2009-03-26,1979.56105
2009-03-27,1940.141148
2009-03-30,1864.926177
2009-03-31,1894.511234
2009-04-01,1923.786677
2009-04-02,2006.766378
2009-04-03,2011.944147
2009-04-06,1997.085553
2009-04-07,1960.573378
2009-04-08,1967.283561
2009-04-09,2028.343535
2009-04-10,2029.739062
2009-04-13,2040.273751
2009-04-14,2029.630441
2009-04-15,2033.5396
2009-04-16,2062.179499
2009-04-17,2075.5755
2009-04-20,2000.016951
2009-04-21,2017.31883
2009-04-22,2020.421599
2009-04-23,2036.545839
2009-04-24,2080.020581
2009-04-27,2066.362694
2009-04-28,2042.668219
2009-04-29,2090.109376
2009-04-30,2107.036383
2009-05-01,2114.609686
2009-05-04,2175.429092
2009-05-05,2178.111409
2009-05-06,2207.8793
2009-05-07,2206.503443
2009-05-08,2253.004548
2009-05-11,2229.790196
2009-05-12,2226.048071
2009-05-13,2175.236064
2009-05-14,2178.362003
2009-05-15,2178.252874
2009-05-18,2215.636968
2009-05-19,2243.093696
2009-05-20,2257.66536
2009-05-21,2220.349131
2009-05-22,2229.128308
2009-05-25,2232.52019
2009-05-26,2269.518401
2009-05-27,2255.399227
2009-05-28,2262.23874
2009-05-29,2297.946481
2009-06-01,2356.052089
2009-06-02,2369.573976
2009-06-03,2330.063422
2009-06-04,2337.56454
2009-06-05,2328.751706
2009-06-08,2312.09636
2009-06-09,2329.82394
2009-06-10,2341.542393
2009-06-11,2363.941241
2009-06-12,2358.127004
2009-06-15,2296.723206
2009-06-16,2276.627444
2009-06-17,2258.786962
2009-06-18,2273.235453
2009-06-19,2288.245803
2009-06-22,2227.870025
2009-06-23,2225.865324
2009-06-24,2256.311915
2009-06-25,2271.842601
2009-06-26,2286.796902
2009-06-29,2303.479118
2009-06-30,2287.579242
2009-07-01,2308.826011
2009-07-02,2249.253807
2009-07-03,2247.183625
2009-07-06,2233.132311
2009-07-07,2207.1134
2009-07-08,2186.784563
2009-07-09,2199.796557
2009-07-10,2187.527171
2009-07-13,2219.376221
2009-07-14,2245.353711
2009-07-15,2308.377469
2009-07-16,2328.203537
2009-07-17,2332.755508
2009-07-20,2364.035607
2009-07-21,2385.688826
2009-07-22,2387.028803
2009-07-23,2433.224908
2009-07-24,2439.838631
2009-07-27,2451.172587
2009-07-28,2441.565117
2009-07-29,2430.56393
2009-07-30,2467.162413
2009-07-31,2481.330446
2009-08-03,2531.042204
2009-08-04,2533.935894
2009-08-05,2522.634175
2009-08-06,2517.044075
2009-08-07,2526.489093
2009-08-10,2519.243191
2009-08-11,2493.90509
2009-08-12,2516.611891
2009-08-13,2546.363226
2009-08-14,2529.564725
2009-08-17,2459.325401
2009-08-18,2485.265864
2009-08-19,2499.084398
2009-08-20,2528.805081
2009-08-21,2570.477009
2009-08-24,2587.745965
2009-08-25,2594.72127
2009-08-26,2585.347338
2009-08-27,2583.539519
2009-08-28,2603.649905
2009-08-31,2583.697379
2009-09-01,2538.637725
2009-09-02,2520.757299
2009-09-03,2533.506793
2009-09-04,2560.123206
2009-09-07,2583.675793
2009-09-08,2615.557293
2009-09-09,2634.203495
2009-09-10,2654.43069
2009-09-11,2665.204227
2009-09-14,2663.098345
2009-09-15,2666.927811
2009-09-16,2710.863257
2009-09-17,2720.431836
2009-09-18,2713.625546
2009-09-21,2693.466911
2009-09-22,2723.307375
2009-09-23,2710.338408
2009-09-24,2674.848831
2009-09-25,2658.655238
2009-09-28,2687.963879
2009-09-29,2683.198655
2009-09-30,2686.679134
2009-10-01,2627.261717
2009-10-02,2596.048681
2009-10-05,2621.20125
2009-10-06,2674.116978
2009-10-07,2677.809789
2009-10-08,2712.659511
2009-10-09,2718.064487
2009-10-12,2732.618398
2009-10-13,2723.693267
2009-10-14,2772.568865
2009-10-15,2782.307927
2009-10-16,2757.54418
2009-10-19,2792.00284
2009-10-20,2781.035976
2009-10-21,2775.257589
2009-10-22,2775.353258
2009-10-23,2751.310154
2009-10-26,2718.983501
2009-10-27,2698.910162
2009-10-28,2645.498505
2009-10-29,2690.514945
2009-10-30,2638.879682
2009-11-02,2646.247739
2009-11-03,2633.952622
2009-11-04,2661.592749
2009-11-05,2692.884523
2009-11-06,2702.160277
2009-11-09,2763.545681
2009-11-10,2761.707998
2009-11-11,2775.144866
2009-11-12,2752.175849
2009-11-13,2766.483342
2009-11-16,2807.640343
2009-11-17,2793.811203
2009-11-18,2799.422456
2009-11-19,2752.681469
2009-11-20,2737.90434
2009-11-23,2786.172615
2009-11-24,2772.664465
2009-11-25,2798.127396
2009-11-26,2760.344026
2009-11-27,2735.988934
2009-11-30,2746.711751
2009-12-01,2801.623629
2009-12-02,2806.51171
2009-12-03,2798.629602
2009-12-04,2794.661768
2009-12-07,2786.151965
2009-12-08,2752.93775
2009-12-09,2747.271603
2009-12-10,2759.647155
2009-12-11,2763.356645
2009-12-14,2785.723759
2009-12-15,2769.07121
2009-12-16,2787.927375
2009-12-17,2739.377679
2009-12-18,2736.413745
2009-12-21,2764.34558
2009-12-22,2772.894309
2009-12-23,2790.020819
2009-12-24,2804.034874
2009-12-25,2802.58225
2009-12-28,2814.437198
2009-12-29,2818.536068
2009-12-30,2802.730914
2009-12-31,2796.034983
2010-01-01,2796.034983
2010-01-04,2846.21311
2010-01-05,2854.575818
2010-01-06,2856.517224
2010-01-07,2855.086197
2010-01-08,2867.904379
2010-01-11,2889.363505
2010-01-12,2870.536189
2010-01-13,2876.080821
2010-01-14,2891.337356
2010-01-15,2861.896861
2010-01-18,2868.037457
2010-01-19,2880.272085
2010-01-20,2835.414614
2010-01-21,2793.406185
2010-01-22,2752.710383
2010-01-25,2750.554771
2010-01-26,2737.290624
2010-01-27,2729.989274
2010-01-28,2701.50867
2010-01-29,2680.472301
2010-02-01,2703.976123
2010-02-02,2741.499674
2010-02-03,2727.663594
2010-02-04,2649.773528
2010-02-05,2623.76893
2010-02-08,2617.231846
2010-02-09,2637.766162
2010-02-10,2639.206237
2010-02-11,2655.698689
2010-02-12,2653.62896
2010-02-15,2654.062196
2010-02-16,2696.006595
2010-02-17,2717.962939
2010-02-18,2730.37768
2010-02-19,2719.775788
2010-02-22,2732.796996
2010-02-23,2705.85358
2010-02-24,2717.606124
2010-02-25,2695.836852
2010-02-26,2718.257915
2010-03-01,2735.923472
2010-03-02,2757.493221
2010-03-03,2777.115902
2010-03-04,2773.28924
2010-03-05,2809.013527
2010-03-08,2819.394019
2010-03-09,2818.06142
2010-03-10,2833.564225
2010-03-11,2839.622507
2010-03-12,2850.9283
2010-03-15,2838.0615
2010-03-16,2866.258731
2010-03-17,2887.678705
2010-03-18,2873.789199
2010-03-19,2859.551849
2010-03-22,2866.0875
2010-03-23,2884.026046
2010-03-24,2858.905043
2010-03-25,2862.436275
2010-03-26,2866.626919
2010-03-29,2886.555055
2010-03-30,2887.869808
2010-03-31,2886.600555
2010-04-01,2914.927308
2010-04-02,2916.409623
2010-04-05,2927.51638
2010-04-06,2929.36606
2010-04-07,2918.419711
2010-04-08,2913.54877
2010-04-09,2942.584696
2010-04-12,2957.221296
2010-04-13,2949.325911
2010-04-14,2981.630082
2010-04-15,2987.663072
2010-04-16,2940.939215
2010-04-19,2930.042719
2010-04-20,2955.530852
2010-04-21,2949.256068
2010-04-22,2933.445896
2010-04-23,2949.80438
2010-04-26,2957.6161
2010-04-27,2894.955642
2010-04-28,2875.673726
2010-04-29,2909.872526
2010-04-30,2887.006095
2010-05-03,2896.649921
2010-05-04,2822.87328
2010-05-05,2791.695343
2010-05-06,2714.15389
2010-05-07,2652.649153
2010-05-10,2782.845805
2010-05-11,2762.785586
2010-05-12,2796.800049
2010-05-13,2782.201152
2010-05-14,2712.789722
2010-05-17,2694.522786
2010-05-18,2684.883823
2010-05-19,2646.257614
2010-05-20,2569.369527
2010-05-21,2593.605445
2010-05-24,2571.064029
2010-05-25,2533.673657
2010-05-26,2545.352942
2010-05-27,2621.998281
2010-05-28,2611.572083
2010-05-31,2610.464565
2010-06-01,2585.766099
2010-06-02,2610.156378
2010-06-03,2638.708634
2010-06-04,2564.610371
2010-06-07,2519.052651
2010-06-08,2529.069924
2010-06-09,2541.048818
2010-06-10,2601.511191
2010-06-11,2614.803598
2010-06-14,2640.619685
2010-06-15,2682.132826
2010-06-16,2688.949188
2010-06-17,2693.08052
2010-06-18,2699.015672
2010-06-21,2711.78048
2010-06-22,2674.779307
2010-06-23,2652.227863
2010-06-24,2619.783283
2010-06-25,2612.861418
2010-06-28,2620.627651
2010-06-29,2537.150855
2010-06-30,2520.961671
2010-07-01,2508.445467
2010-07-02,2509.913783
2010-07-05,2502.979602
2010-07-06,2546.21836
2010-07-07,2595.45098
2010-07-08,2627.308565
2010-07-09,2643.445752
2010-07-12,2643.359332
2010-07-13,2685.931092
2010-07-14,2695.805282
2010-07-15,2695.91159
2010-07-16,2639.687748
2010-07-19,2638.303474
2010-07-20,2648.489425
2010-07-21,2636.26317
2010-07-22,2688.971222
2010-07-23,2706.778679
2010-07-26,2736.570172
2010-07-27,2739.411301
2010-07-28,2735.886822
2010-07-29,2733.5833
2010-07-30,2725.343876
2010-08-02,2791.754993
2010-08-03,2793.771861
2010-08-04,2793.568094
2010-08-05,2794.868823
2010-08-06,2793.184891
2010-08-09,2807.599203
2010-08-10,2776.614646
2010-08-11,2698.600396
2010-08-12,2682.317611
2010-08-13,2676.320251
2010-08-16,2683.114927
2010-08-17,2714.160434
2010-08-18,2716.632902
2010-08-19,2685.7398
2010-08-20,2653.910629
2010-08-23,2652.747232
2010-08-24,2618.485567
2010-08-25,2606.028277
2010-08-26,2614.589668
2010-08-27,2643.829227
2010-08-30,2630.607461
2010-08-31,2623.593082
2010-09-01,2698.642434
2010-09-02,2717.287764
2010-09-03,2747.301314
2010-09-06,2759.08521
2010-09-07,2728.742294
2010-09-08,2741.249172
2010-09-09,2761.007711
2010-09-10,2766.668278
2010-09-13,2804.717333
2010-09-14,2813.680371
2010-09-15,2816.294233
2010-09-16,2811.284797
2010-09-17,2808.918461
2010-09-20,2846.685813
2010-09-21,2841.671115
2010-09-22,2844.477587
2010-09-23,2826.941437
2010-09-24,2874.855664
2010-09-27,2868.988204
2010-09-28,2879.994315
2010-09-29,2879.775981
2010-09-30,2868.232137
2010-10-01,2880.494952
2010-10-04,2859.034153
2010-10-05,2916.585671
2010-10-06,2932.524433
2010-10-07,2935.054144
2010-10-08,2943.371177
2010-10-11,2945.059294
2010-10-12,2938.703956
2010-10-13,2973.580471
2010-10-14,2983.362909
2010-10-15,2977.093432
2010-10-18,2987.89699
2010-10-19,2941.645858
2010-10-20,2973.533975
2010-10-21,2981.065368
2010-10-22,2976.354742
2010-10-25,2992.762977
2010-10-26,2978.453837
2010-10-27,2954.665855
2010-10-28,2972.955387
2010-10-29,2975.146651
2010-11-01,2977.796044
2010-11-02,3003.817589
2010-11-03,3004.211465
2010-11-04,3076.395261
2010-11-05,3079.672848
2010-11-08,3072.341008
2010-11-09,3066.371178
2010-11-10,3046.473944
2010-11-11,3040.984303
2010-11-12,3012.915216
2010-11-15,3010.597077
2010-11-16,2955.344
2010-11-17,2961.009094
2010-11-18,3008.688732
2010-11-19,3011.711622
2010-11-22,3002.385469
2010-11-23,2951.826443
2010-11-24,2979.375163
2010-11-25,2983.818994
2010-11-26,2951.50279
2010-11-29,2928.676268
2010-11-30,2910.914586
2010-12-01,2967.656308
2010-12-02,3018.280031
2010-12-03,3042.165254
2010-12-06,3036.352233
2010-12-07,3047.624129
2010-12-08,3041.129355
2010-12-09,3052.642611
2010-12-10,3065.590434
2010-12-13,3087.328227
2010-12-14,3093.180241
2010-12-15,3073.669077
2010-12-16,3074.708553
2010-12-17,3069.359849
2010-12-20,3074.213763
2010-12-21,3102.401181
2010-12-22,3108.54178
2010-12-23,3108.151263
2010-12-24,3110.440993
2010-12-27,3106.839646
2010-12-28,3113.461658
2010-12-29,3122.449563
2010-12-30,3116.690956
2010-12-31,3124.941239
2011-01-03,3144.20968
2011-01-04,3147.511872
2011-01-05,3137.593415
2011-01-06,3134.379914
2011-01-07,3128.898229
2011-01-10,3114.810604
2011-01-11,3131.005498
2011-01-12,3170.778882
2011-01-13,3187.618374
2011-01-14,3196.582266
2011-01-17,3192.889956
2011-01-18,3214.294936
2011-01-19,3196.579401
2011-01-20,3163.080875
2011-01-21,3181.309824
2011-01-24,3204.94376
2011-01-25,3201.905704
2011-01-26,3220.379022
2011-01-27,3227.361694
2011-01-28,3180.987085
2011-01-31,3195.539433
2011-02-01,3249.758877
2011-02-02,3256.438169
2011-02-03,3249.673063
2011-02-04,3253.890159
2011-02-07,3272.928819
2011-02-08,3292.712919
2011-02-09,3281.383057
2011-02-10,3270.508442
2011-02-11,3278.366907
2011-02-14,3288.25482
2011-02-15,3287.072154
2011-02-16,3306.244998
2011-02-17,3325.103126
2011-02-18,3332.361442
2011-02-21,3321.384828
2011-02-22,3272.679883
2011-02-23,3252.802909
2011-02-24,3246.684269
2011-02-25,3281.84543
2011-02-28,3307.424083
2011-03-01,3281.181405
2011-03-02,3274.520092
2011-03-03,3309.584529
2011-03-04,3300.888149
2011-03-07,3277.746152
2011-03-08,3283.328078
2011-03-09,3280.60578
2011-03-10,3216.867722
2011-03-11,3221.034026
2011-03-14,3187.381753
2011-03-15,3115.307311
2011-03-16,3087.024325
2011-03-17,3134.993653
2011-03-18,3153.2362
2011-03-21,3203.072489
2011-03-22,3212.012725
2011-03-23,3213.636628
2011-03-24,3244.286432
2011-03-25,3248.887021
2011-03-28,3238.527296
2011-03-29,3247.163359
2011-03-30,3277.352396
2011-03-31,3274.807023
2011-04-01,3291.115108
2011-04-04,3301.981108
2011-04-05,3297.170594
2011-04-06,3310.580148
2011-04-07,3301.786205
2011-04-08,3317.303924
2011-04-11,3310.550978
2011-04-12,3274.296298
2011-04-13,3286.677283
2011-04-14,3281.650182
2011-04-15,3285.449952
2011-04-18,3234.375076
2011-04-19,3253.132727
2011-04-20,3316.807303
2011-04-21,3343.951588
2011-04-22,3344.134524
2011-04-25,3335.488581
2011-04-26,3358.380054
2011-04-27,3370.58512
2011-04-28,3404.136581
2011-04-29,3413.928868
2011-05-02,3422.513915
2011-05-03,3401.210252
2011-05-04,3373.654775
2011-05-05,3335.312175
2011-05-06,3345.86638
2011-05-09,3332.795652
2011-05-10,3364.001222
2011-05-11,3343.458157
2011-05-12,3328.661643
2011-05-13,3309.627303
2011-05-16,3294.424843
2011-05-17,3276.738984
2011-05-18,3308.542521
2011-05-19,3317.916735
2011-05-20,3296.128019
2011-05-23,3240.616585
2011-05-24,3245.778057
2011-05-25,3257.052663
2011-05-26,3274.093439
2011-05-27,3302.881867
2011-05-30,3302.563756
2011-05-31,3343.105624
2011-06-01,3297.334141
2011-06-02,3272.465317
2011-06-03,3259.578218
2011-06-06,3234.211913
2011-06-07,3239.532822
2011-06-08,3214.968342
2011-06-09,3230.012411
2011-06-10,3182.273319
2011-06-13,3182.781817
2011-06-14,3225.708555
2011-06-15,3171.784045
2011-06-16,3146.281967
2011-06-17,3163.623422
2011-06-20,3166.255012
2011-06-21,3216.364247
2011-06-22,3210.963445
2011-06-23,3166.615669
2011-06-24,3151.606727
2011-06-27,3167.236686
2011-06-28,3204.017724
2011-06-29,3247.642472
2011-06-30,3290.219403
2011-07-01,3321.631105
2011-07-04,3332.523637
2011-07-05,3327.063924
2011-07-06,3317.756631
2011-07-07,3343.605489
2011-07-08,3320.774462
2011-07-11,3250.815817
2011-07-12,3232.203663
2011-07-13,3264.729127
2011-07-14,3241.233837
2011-07-15,3247.014208
2011-07-18,3207.179337
2011-07-19,3255.394771
2011-07-20,3274.361495
2011-07-21,3322.923608
2011-07-22,3335.344834
2011-07-25,3316.20611
2011-07-26,3319.82666
2011-07-27,3262.257579
2011-07-28,3246.811402
2011-07-29,3230.559985
2011-08-01,3208.891359
2011-08-02,3140.180791
2011-08-03,3124.966947
2011-08-04,2990.628166
2011-08-05,2955.306939
2011-08-08,2804.191248
2011-08-09,2883.449755
2011-08-10,2798.793123
2011-08-11,2888.65958
2011-08-12,2924.063705
2011-08-15,2983.943605
2011-08-16,2963.840396
2011-08-17,2974.010772
2011-08-18,2844.04365
2011-08-19,2804.044066
2011-08-22,2803.326199
2011-08-23,2868.954364
2011-08-24,2896.061064
2011-08-25,2861.638463
2011-08-26,2882.577948
2011-08-29,2952.147276
2011-08-30,2965.467097
2011-08-31,3002.94391
2011-09-01,2983.181903
2011-09-02,2914.096558
2011-09-05,2860.781575
2011-09-06,2831.944128
2011-09-07,2910.771968
2011-09-08,2901.371108
2011-09-09,2814.719046
2011-09-12,2785.211724
2011-09-13,2815.314988
2011-09-14,2841.294577
2011-09-15,2902.054489
2011-09-16,2918.343071
2011-09-19,2870.36102
2011-09-20,2883.820813
2011-09-21,2822.489469
2011-09-22,2703.747377
2011-09-23,2717.747687
2011-09-26,2753.824851
2011-09-27,2830.112691
2011-09-28,2789.067947
2011-09-29,2807.137959
2011-09-30,2743.578031
2011-10-03,2670.984889
2011-10-04,2670.324425
2011-10-05,2724.687821
2011-10-06,2793.599059
2011-10-07,2799.359519
2011-10-10,2874.893573
2011-10-11,2881.740763
2011-10-12,2922.914651
2011-10-13,2906.844843
2011-10-14,2949.588465
2011-10-17,2913.579735
2011-10-18,2927.755006
2011-10-19,2921.574393
2011-10-20,2901.622539
2011-10-21,2969.806492
2011-10-24,3013.605777
2011-10-25,2973.638505
2011-10-26,2985.196981
2011-10-27,3110.608221
2011-10-28,3119.11413
2011-10-31,3027.364632
2011-11-01,2921.684132
2011-11-02,2958.617985
2011-11-03,3002.288672
2011-11-04,2993.121957
2011-11-07,2998.750677
2011-11-08,3026.073406
2011-11-09,2938.949703
2011-11-10,2935.700115
2011-11-11,3001.787643
2011-11-14,2974.798242
2011-11-15,2966.665859
2011-11-16,2937.273715
2011-11-17,2896.796499
2011-11-18,2883.999369
2011-11-21,2818.219753
2011-11-22,2809.024897
2011-11-23,2748.646716
2011-11-24,2741.057712
2011-11-25,2736.160961
2011-11-28,2822.43404
2011-11-29,2841.15329
2011-11-30,2953.450131
2011-12-01,2953.121881
2011-12-02,2961.106812
2011-12-05,2990.339866
2011-12-06,2976.269579
2011-12-07,2985.730211
2011-12-08,2929.254586
2011-12-09,2960.909031
2011-12-12,2915.267899
2011-12-13,2891.818695
2011-12-14,2841.233234
2011-12-15,2850.844778
2011-12-16,2859.914364
2011-12-19,2832.207817
2011-12-20,2903.773507
2011-12-21,2904.467509
2011-12-22,2928.051605
2011-12-23,2949.979397
2011-12-26,2951.504407
2011-12-27,2953.416777
2011-12-28,2915.123514
2011-12-29,2939.164286
2011-12-30,2951.809224
2012-01-02,2960.496531
2012-01-03,3010.636264
2012-01-04,3004.698111
2012-01-05,2988.25786
2012-01-06,2975.270956
2012-01-09,2977.35603
2012-01-10,3015.127111
2012-01-11,3007.13608
2012-01-12,3014.825107
2012-01-13,2999.069097
2012-01-16,3002.765267
2012-01-17,3025.649829
2012-01-18,3052.267927
2012-01-19,3079.354559
2012-01-20,3085.963452
2012-01-23,3103.614921
2012-01-24,3089.821525
2012-01-25,3105.811987
2012-01-26,3124.056163
2012-01-27,3112.677989
2012-01-30,3094.907288
2012-01-31,3099.939784
2012-02-01,3141.886973
2012-02-02,3147.79069
2012-02-03,3182.498627
2012-02-06,3181.812329
2012-02-07,3193.870984
2012-02-08,3201.699113
2012-02-09,3209.311687
2012-02-10,3172.904995
2012-02-13,3197.067965
2012-02-14,3184.024463
2012-02-15,3187.30344
2012-02-16,3201.422773
2012-02-17,3221.275599
2012-02-20,3242.631793
2012-02-21,3238.25438
2012-02-22,3224.436501
2012-02-23,3238.078194
2012-02-24,3253.824892
2012-02-27,3248.827534
2012-02-28,3261.387178
2012-02-29,3251.368146
2012-03-01,3265.972127
2012-03-02,3251.06761
2012-03-05,3235.148175
2012-03-06,3168.704352
2012-03-07,3182.916611
2012-03-08,3232.651814
2012-03-09,3236.460577
2012-03-12,3230.951111
2012-03-13,3278.98131
2012-03-14,3272.226185
2012-03-15,3294.207812
2012-03-16,3310.538647
2012-03-19,3322.578466
2012-03-20,3300.186148
2012-03-21,3289.675439
2012-03-22,3269.616967
2012-03-23,3279.541061
2012-03-26,3317.538733
2012-03-27,3315.033898
2012-03-28,3293.971227
2012-03-29,3276.462174
2012-03-30,3293.16928
2012-04-02,3324.484861
2012-04-03,3306.264873
2012-04-04,3243.493224
2012-04-05,3239.940709
2012-04-06,3237.276288
2012-04-09,3214.98845
2012-04-10,3162.852659
2012-04-11,3181.36153
2012-04-12,3225.804423
2012-04-13,3186.278716
2012-04-16,3183.003294
2012-04-17,3233.766352
2012-04-18,3226.012075
2012-04-19,3210.761106
2012-04-20,3221.234553
2012-04-23,3178.11145
2012-04-24,3197.286084
2012-04-25,3232.656403
2012-04-26,3252.899411
2012-04-27,3266.742961
2012-04-30,3255.772077
2012-05-01,3263.375502
2012-05-02,3250.103636
2012-05-03,3232.665851
2012-05-04,3184.634148
2012-05-07,3174.857738
2012-05-08,3149.16725
2012-05-09,3126.13332
2012-05-10,3138.107967
2012-05-11,3131.934774
2012-05-14,3086.904319
2012-05-15,3061.124428
2012-05-16,3038.419531
2012-05-17,3005.629345
2012-05-18,2973.298435
2012-05-21,3006.760183
2012-05-22,3028.20043
2012-05-23,2996.726197
2012-05-24,3007.472194
2012-05-25,3000.541491
2012-05-28,3004.561091
2012-05-29,3033.575871
2012-05-30,2983.655874
2012-05-31,2974.720595
2012-06-01,2912.554513
2012-06-04,2908.203876
2012-06-05,2926.194854
2012-06-06,2991.189463
2012-06-07,3009.325707
2012-06-08,3004.793533
2012-06-11,2992.90226
2012-06-12,3012.6949
2012-06-13,3008.840417
2012-06-14,3023.605066
2012-06-15,3055.275145
2012-06-18,3063.73649
2012-06-19,3102.31344
2012-06-20,3109.003475
2012-06-21,3052.00583
2012-06-22,3048.99696
2012-06-25,3005.268379
2012-06-26,3010.816452
2012-06-27,3040.126521
2012-06-28,3035.783373
2012-06-29,3126.299055
2012-07-02,3138.499853
2012-07-03,3166.464329
2012-07-04,3163.519439
2012-07-05,3143.861568
2012-07-06,3111.298278
2012-07-09,3098.081584
2012-07-10,3084.64988
2012-07-11,3084.864088
2012-07-12,3056.186536
2012-07-13,3102.143105
2012-07-16,3101.658544
2012-07-17,3111.196344
2012-07-18,3136.629665
2012-07-19,3158.900888
2012-07-20,3117.242396
2012-07-23,3068.398468
2012-07-24,3045.292342
2012-07-25,3042.596259
2012-07-26,3108.670979
2012-07-27,3164.980387
2012-07-30,3174.908044
2012-07-31,3166.489117
2012-08-01,3160.539469
2012-08-02,3127.369214
2012-08-03,3190.033566
2012-08-06,3210.950203
2012-08-07,3232.639961
2012-08-08,3233.653314
2012-08-09,3238.523016
2012-08-10,3239.998553
2012-08-13,3235.019004
2012-08-14,3238.410358
2012-08-15,3237.884844
2012-08-16,3265.403752
2012-08-17,3272.09998
2012-08-20,3271.478749
2012-08-21,3281.034053
2012-08-22,3267.078237
2012-08-23,3260.647203
2012-08-24,3262.332798
2012-08-27,3264.346041
2012-08-28,3258.690136
2012-08-29,3256.62324
2012-08-30,3228.492034
2012-08-31,3246.765029
2012-09-03,3251.067223
2012-09-04,3235.671081
2012-09-05,3232.731168
2012-09-06,3294.871019
2012-09-07,3331.838009
2012-09-10,3317.394477
2012-09-11,3331.183752
2012-09-12,3344.352424
2012-09-13,3376.982571
2012-09-14,3423.041922
2012-09-17,3409.705237
2012-09-18,3396.68413
2012-09-19,3407.873158
2012-09-20,3390.239774
2012-09-21,3399.315753
2012-09-24,3383.851647
2012-09-25,3372.545166
2012-09-26,3330.405061
2012-09-27,3357.932922
2012-09-28,3335.964597
2012-10-01,3354.791102
2012-10-02,3356.626179
2012-10-03,3355.396712
2012-10-04,3381.086464
2012-10-05,3395.816252
2012-10-08,3374.812632
2012-10-09,3342.007666
2012-10-10,3321.1214
2012-10-11,3330.732681
2012-10-12,3323.619641
2012-10-15,3340.823029
2012-10-16,3383.200948
2012-10-17,3409.613753
2012-10-18,3409.397598
2012-10-19,3365.491617
2012-10-22,3361.945465
2012-10-23,3308.884046
2012-10-24,3306.103527
2012-10-25,3316.349468
2012-10-26,3309.890691
2012-10-29,3301.606747
2012-10-30,3314.953846
2012-10-31,3313.421878
2012-11-01,3343.21843
2012-11-02,3324.420747
2012-11-05,3318.435699
2012-11-06,3338.941713
2012-11-07,3283.575257
2012-11-08,3252.356379
2012-11-09,3251.267105
2012-11-12,3246.996606
2012-11-13,3241.117675
2012-11-14,3204.592808
2012-11-15,3196.400056
2012-11-16,3195.16931
2012-11-19,3265.699827
2012-11-20,3266.950684
2012-11-21,3275.096899
2012-11-22,3290.873076
2012-11-23,3327.662959
2012-11-26,3322.070371
2012-11-27,3313.84153
2012-11-28,3325.840197
2012-11-29,3353.744133
2012-11-30,3355.850205
2012-12-03,3352.840426
2012-12-04,3352.27268
2012-12-05,3356.317056
2012-12-06,3366.053851
2012-12-07,3370.32421
2012-12-10,3373.567159
2012-12-11,3393.963856
2012-12-12,3400.408272
2012-12-13,3388.962829
2012-12-14,3383.645928
2012-12-17,3408.621441
2012-12-18,3441.099452
2012-12-19,3443.676596
2012-12-20,3451.489997
2012-12-21,3424.175605
2012-12-24,3417.559717
2012-12-25,3419.358158
2012-12-26,3411.934773
2012-12-27,3413.133191
2012-12-28,3389.159007
2012-12-31,3418.961084
2013-01-01,3419.095105
2013-01-02,3493.078164
2013-01-03,3485.501103
2013-01-04,3500.133299
2013-01-07,3491.958031
2013-01-08,3480.499219
2013-01-09,3493.067072
2013-01-10,3522.094406
2013-01-11,3531.070455
2013-01-14,3526.644955
2013-01-15,3533.37366
2013-01-16,3523.90381
2013-01-17,3542.430167
2013-01-18,3547.444976
2013-01-21,3551.208668
2013-01-22,3561.683382
2013-01-23,3560.343156
2013-01-24,3568.623408
2013-01-25,3592.470933
2013-01-28,3586.312211
2013-01-29,3605.945216
2013-01-30,3603.270328
2013-01-31,3593.121482
2013-02-01,3622.105943
2013-02-04,3578.391079
2013-02-05,3592.531788
2013-02-06,3600.982467
2013-02-07,3585.096246
2013-02-08,3606.967166
2013-02-11,3594.913508
2013-02-12,3615.802703
2013-02-13,3617.248395
2013-02-14,3611.763788
2013-02-15,3599.962816
2013-02-18,3604.371899
2013-02-19,3633.760731
2013-02-20,3609.180769
2013-02-21,3563.705232
2013-02-22,3589.380144
2013-02-25,3561.811896
2013-02-26,3549.503436
2013-02-27,3584.191098
2013-02-28,3599.05381
2013-03-01,3590.366965
2013-03-04,3598.964625
2013-03-05,3638.322219
2013-03-06,3644.27931
2013-03-07,3651.642907
2013-03-08,3661.637629
2013-03-11,3677.428282
2013-03-12,3673.564937
2013-03-13,3665.935449
2013-03-14,3692.569219
2013-03-15,3703.637501
2013-03-18,3669.360523
2013-03-19,3658.610817
2013-03-20,3678.767741
2013-03-21,3659.426709
2013-03-22,3674.061411
2013-03-25,3659.708266
2013-03-26,3675.559573
2013-03-27,3668.959432
2013-03-28,3683.622507
2013-03-29,3683.356097
2013-04-01,3666.871052
2013-04-02,3685.8691
2013-04-03,3661.139076
2013-04-04,3652.662711
2013-04-05,3644.794418
2013-04-08,3664.630679
2013-04-09,3681.520836
2013-04-10,3731.712214
2013-04-11,3758.878051
2013-04-12,3743.300971
2013-04-15,3678.543339
2013-04-16,3698.467751
2013-04-17,3652.216322
2013-04-18,3634.332076
2013-04-19,3656.772994
2013-04-22,3669.454541
2013-04-23,3712.808422
2013-04-24,3731.566778
2013-04-25,3753.637106
2013-04-26,3750.709056
2013-04-29,3779.133301
2013-04-30,3799.348118
2013-05-01,3774.876276
2013-05-02,3783.625084
2013-05-03,3816.717623
2013-05-06,3815.634299
2013-05-07,3842.245121
2013-05-08,3873.703585
2013-05-09,3854.840719
2013-05-10,3855.375667
2013-05-13,3860.153851
2013-05-14,3882.964651
2013-05-15,3896.786062
2013-05-16,3889.734312
2013-05-17,3903.017515
2013-05-20,3917.654528
2013-05-21,3923.667259
2013-05-22,3904.402721
2013-05-23,3854.432694
2013-05-24,3853.003055
2013-05-27,3844.898229
2013-05-28,3864.468077
2013-05-29,3845.103175
2013-05-30,3851.917011
2013-05-31,3800.782838
2013-06-03,3803.080877
2013-06-04,3805.091458
2013-06-05,3747.745653
2013-06-06,3758.288054
2013-06-07,3797.89418
2013-06-10,3805.548955
2013-06-11,3780.49578
2013-06-12,3766.736754
2013-06-13,3784.070162
2013-06-14,3783.116411
2013-06-17,3817.102
2013-06-18,3832.841655
2013-06-19,3811.916516
2013-06-20,3680.327868
2013-06-21,3673.405227
2013-06-24,3621.641788
2013-06-25,3651.655108
2013-06-26,3686.061151
2013-06-27,3713.485917
2013-06-28,3707.12974
2013-07-01,3735.239415
2013-07-02,3736.927082
2013-07-03,3726.002181
2013-07-04,3745.779762
2013-07-05,3748.004342
2013-07-08,3770.332759
2013-07-09,3798.692287
2013-07-10,3811.400687
2013-07-11,3871.928284
2013-07-12,3876.160819
2013-07-15,3882.977257
2013-07-16,3881.927144
2013-07-17,3889.532894
2013-07-18,3909.730904
2013-07-19,3915.971281
2013-07-22,3934.375583
2013-07-23,3932.281594
2013-07-24,3928.710439
2013-07-25,3927.049565
2013-07-26,3923.140831
2013-07-29,3904.256047
2013-07-30,3908.192288
2013-07-31,3902.294817
2013-08-01,3946.475177
2013-08-02,3969.648281
2013-08-05,3961.131372
2013-08-06,3954.951847
2013-08-07,3933.672937
2013-08-08,3956.043601
2013-08-09,3954.011915
2013-08-12,3946.73613
2013-08-13,3955.227762
2013-08-14,3956.278191
2013-08-15,3907.642515
2013-08-16,3909.484743
2013-08-19,3890.862896
2013-08-20,3889.050944
2013-08-21,3861.401594
2013-08-22,3882.563379
2013-08-23,3910.56431
2013-08-26,3900.218008
2013-08-27,3848.463265
2013-08-28,3837.686931
2013-08-29,3840.757236
2013-08-30,3819.234502
2013-09-02,3841.563804
2013-09-03,3854.386106
2013-09-04,3881.510333
2013-09-05,3885.077111
2013-09-06,3897.778618
2013-09-09,3933.086914
2013-09-10,3967.447828
2013-09-11,3984.93808
2013-09-12,3978.143845
2013-09-13,3980.234946
2013-09-16,4013.52294
2013-09-17,4015.424664
2013-09-18,4052.610121
2013-09-19,4082.951227
2013-09-20,4057.349439
2013-09-23,4043.578232
2013-09-24,4037.930346
2013-09-25,4033.420352
2013-09-26,4043.907216
2013-09-27,4039.5868
2013-09-30,4010.245229
2013-10-01,4035.986823
2013-10-02,4029.839844
2013-10-03,4008.482712
2013-10-04,4020.7752
2013-10-07,3991.933957
2013-10-08,3957.907035
2013-10-09,3949.557238
2013-10-10,4017.748389
2013-10-11,4047.472183
2013-10-14,4061.568895
2013-10-15,4049.65974
2013-10-16,4081.413625
2013-10-17,4123.845434
2013-10-18,4153.780661
2013-10-21,4157.957069
2013-10-22,4186.840164
2013-10-23,4163.506492
2013-10-24,4179.847346
2013-10-25,4179.974619
2013-10-28,4185.871115
2013-10-29,4196.680992
2013-10-30,4190.433796
2013-10-31,4167.220208
2013-11-01,4154.218609
2013-11-04,4169.75871
2013-11-05,4158.563962
2013-11-06,4181.612308
2013-11-07,4132.493945
2013-11-08,4153.351418
2013-11-11,4165.297574
2013-11-12,4159.475519
2013-11-13,4168.480386
2013-11-14,4198.187138
2013-11-15,4220.849646
2013-11-18,4224.530575
2013-11-19,4208.24144
2013-11-20,4195.514276
2013-11-21,4208.699906
2013-11-22,4226.64065
2013-11-25,4228.113688
2013-11-26,4223.675761
2013-11-27,4231.700433
2013-11-28,4242.34122
2013-11-29,4241.278159
2013-12-02,4222.987896
2013-12-03,4202.262369
2013-12-04,4180.561441
2013-12-05,4165.365194
2013-12-06,4201.417784
2013-12-09,4214.513795
2013-12-10,4205.758183
2013-12-11,4169.272637
2013-12-12,4140.031467
2013-12-13,4137.434596
2013-12-16,4165.050057
2013-12-17,4150.916048
2013-12-18,4205.645952
2013-12-19,4218.010553
2013-12-20,4239.580973
2013-12-23,4267.787817
2013-12-24,4274.150987
2013-12-25,4274.352893
2013-12-26,4291.698792
2013-12-27,4312.74377
2013-12-30,4318.122299
2013-12-31,4331.022324
2014-01-01,4331.089778
2014-01-02,4290.004122
2014-01-03,4292.305581
2014-01-06,4279.573657
2014-01-07,4296.517899
2014-01-08,4303.57779
2014-01-09,4293.675794
2014-01-10,4316.469217
2014-01-13,4291.351164
2014-01-14,4307.877026
2014-01-15,4329.70775
2014-01-16,4328.009062
2014-01-17,4322.780905
2014-01-20,4322.250617
2014-01-21,4328.513348
2014-01-22,4334.713124
2014-01-23,4305.375399
2014-01-24,4221.675433
2014-01-27,4186.728856
2014-01-28,4203.516667
2014-01-29,4184.027029
2014-01-30,4194.079969
2014-01-31,4170.607905
2014-02-03,4101.374498
2014-02-04,4096.263901
2014-02-05,4103.222721
2014-02-06,4157.033218
2014-02-07,4206.938694
2014-02-10,4220.029272
2014-02-11,4266.361341
2014-02-12,4276.224729
2014-02-13,4290.740297
2014-02-14,4308.992689
2014-02-17,4318.353375
2014-02-18,4336.907344
2014-02-19,4323.484923
2014-02-20,4326.318677
2014-02-21,4336.604575
2014-02-24,4359.093152
2014-02-25,4362.094897
2014-02-26,4350.773992
2014-02-27,4360.990897
2014-02-28,4379.392895
2014-03-03,4327.613905
2014-03-04,4386.303766
2014-03-05,4390.368082
2014-03-06,4409.697744
2014-03-07,4397.021441
2014-03-10,4384.99454
2014-03-11,4373.755621
2014-03-12,4358.158027
2014-03-13,4322.108209
2014-03-14,4294.567268
2014-03-17,4328.269188
2014-03-18,4358.573081
2014-03-19,4339.308262
2014-03-20,4329.718358
2014-03-21,4327.661227
2014-03-24,4308.507949
2014-03-25,4334.13847
2014-03-26,4331.028872
2014-03-27,4331.076995
2014-03-28,4354.08426
2014-03-31,4385.731168
2014-04-01,4411.703529
2014-04-02,4422.087198
2014-04-03,4416.248318
2014-04-04,4393.459844
2014-04-07,4349.135761
2014-04-08,4361.455897
2014-04-09,4392.196751
2014-04-10,4342.091426
2014-04-11,4296.079261
2014-04-14,4312.551804
2014-04-15,4318.844772
2014-04-16,4366.733447
2014-04-17,4379.990765
2014-04-18,4382.051089
2014-04-21,4386.800216
2014-04-22,4412.316295
2014-04-23,4405.942867
2014-04-24,4411.114019
2014-04-25,4384.237134
2014-04-28,4389.553734
2014-04-29,4415.411987
2014-04-30,4430.670913
2014-05-01,4437.748552
2014-05-02,4434.960819
2014-05-05,4438.003827
2014-05-06,4421.691549
2014-05-07,4424.654517
2014-05-08,4432.798801
2014-05-09,4424.580693
2014-05-12,4456.012833
2014-05-13,4464.938538
2014-05-14,4458.835447
2014-05-15,4426.600505
2014-05-16,4430.869668
2014-05-19,4437.38148
2014-05-20,4417.152025
2014-05-21,4440.34445
2014-05-22,4456.110544
2014-05-23,4471.062687
2014-05-26,4485.013145
2014-05-27,4496.967798
2014-05-28,4493.563711
2014-05-29,4512.665432
2014-05-30,4517.843546
2014-06-02,4523.894952
2014-06-03,4520.219873
2014-06-04,4526.00064
2014-06-05,4546.889428
2014-06-06,4570.663614
2014-06-09,4574.759559
2014-06-10,4573.10898
2014-06-11,4563.148511
2014-06-12,4548.595852
2014-06-13,4553.178978
2014-06-16,4552.633322
2014-06-17,4557.321584
2014-06-18,4581.474604
2014-06-19,4609.761519
2014-06-20,4607.224271
2014-06-23,4604.374034
2014-06-24,4582.22639
2014-06-25,4583.571951
2014-06-26,4582.102918
2014-06-27,4591.838615
2014-06-30,4598.664239
2014-07-01,4628.95926
2014-07-02,4634.971674
2014-07-03,4653.932695
2014-07-04,4652.160561
2014-07-07,4629.525409
2014-07-08,4595.300212
2014-07-09,4607.191926
2014-07-10,4576.730417
2014-07-11,4580.913102
2014-07-14,4610.035428
2014-07-15,4595.271513
2014-07-16,4622.106935
2014-07-17,4578.989732
2014-07-18,4603.290186
2014-07-21,4592.307883
2014-07-22,4620.531215
2014-07-23,4629.543345
2014-07-24,4635.248826
2014-07-25,4614.107659
2014-07-28,4614.120321
2014-07-29,4603.630398
2014-07-30,4593.414577
2014-07-31,4525.272524
2014-08-01,4502.629943
2014-08-04,4514.352201
2014-08-05,4483.05374
2014-08-06,4471.071132
2014-08-07,4449.232997
2014-08-08,4464.793287
2014-08-11,4494.256982
2014-08-12,4488.425102
2014-08-13,4515.086559
2014-08-14,4533.624553
2014-08-15,4529.980269
2014-08-18,4564.89281
2014-08-19,4585.595856
2014-08-20,4588.837551
2014-08-21,4605.089371
2014-08-22,4589.617059
2014-08-25,4614.354248
2014-08-26,4624.747974
2014-08-27,4629.662975
2014-08-28,4613.204356
2014-08-29,4624.987878
2014-09-01,4624.173614
2014-09-02,4621.459858
2014-09-03,4635.068132
2014-09-04,4626.244722
2014-09-05,4631.686628
2014-09-08,4615.397549
2014-09-09,4586.072781
2014-09-10,4593.370511
2014-09-11,4597.166235
2014-09-12,4577.376953
2014-09-15,4570.464645
2014-09-16,4585.551157
2014-09-17,4593.063249
2014-09-18,4612.910667
2014-09-19,4606.591895
2014-09-22,4570.139043
2014-09-23,4543.40987
2014-09-24,4563.255335
2014-09-25,4508.823682
2014-09-26,4524.251276
2014-09-29,4509.349717
2014-09-30,4499.460595
2014-10-01,4448.81799
2014-10-02,4419.303755
2014-10-03,4438.757889
2014-10-06,4450.813215
2014-10-07,4401.911901
2014-10-08,4434.615432
2014-10-09,4380.38823
2014-10-10,4310.99574
2014-10-13,4276.443251
2014-10-14,4268.843185
2014-10-15,4227.872154
2014-10-16,4221.033431
2014-10-17,4276.571944
2014-10-20,4309.741624
2014-10-21,4376.269418
2014-10-22,4366.068462
2014-10-23,4400.441811
2014-10-24,4421.423077
2014-10-27,4418.666034
2014-10-28,4465.667095
2014-10-29,4470.687077
2014-10-30,4478.519714
2014-10-31,4528.567628
2014-11-03,4504.75752
2014-11-04,4502.495977
2014-11-05,4525.117552
2014-11-06,4529.000361
2014-11-07,4528.588435
2014-11-10,4549.127031
2014-11-11,4555.142476
2014-11-12,4551.05185
2014-11-13,4554.876172
2014-11-14,4557.680626
2014-11-17,4551.877646
2014-11-18,4587.568417
2014-11-19,4578.407961
2014-11-20,4580.828761
2014-11-21,4612.403559
2014-11-24,4620.066315
2014-11-25,4627.589236
2014-11-26,4641.760191
2014-11-27,4633.070819
2014-11-28,4619.324321
2014-12-01,4593.983773
2014-12-02,4610.350004
2014-12-03,4620.756567
2014-12-04,4612.654962
2014-12-05,4617.749078
2014-12-08,4586.068471
2014-12-09,4574.151301
2014-12-10,4511.795346
2014-12-11,4514.132973
2014-12-12,4450.403775
2014-12-15,4396.251533
2014-12-16,4398.840443
2014-12-17,4443.79436
2014-12-18,4534.044506
2014-12-19,4562.483163
2014-12-22,4579.38685
2014-12-23,4581.732419
2014-12-24,4587.478729
2014-12-25,4586.310501
2014-12-26,4596.338529
2014-12-29,4603.161509
2014-12-30,4574.978293
2014-12-31,4544.837195
2015-01-01,4544.858975
2015-01-02,4532.065366
2015-01-05,4443.234258
2015-01-06,4398.38114
2015-01-07,4419.785941
2015-01-08,4504.834104
2015-01-09,4477.267616
2015-01-12,4458.430233
2015-01-13,4462.582299
2015-01-14,4428.565585
2015-01-15,4420.983291
2015-01-16,4454.83577
2015-01-19,4472.768212
2015-01-20,4481.821173
2015-01-21,4506.163051
2015-01-22,4549.286745
2015-01-23,4542.02422
2015-01-26,4554.849214
2015-01-27,4536.355245
2015-01-28,4493.253673
2015-01-29,4505.732377
2015-01-30,4462.486303
2015-02-02,4507.261899
2015-02-03,4562.839364
2015-02-04,4563.136791
2015-02-05,4596.718988
2015-02-06,4578.737976
2015-02-09,4562.021969
2015-02-10,4593.04005
2015-02-11,4582.457397
2015-02-12,4635.851691
2015-02-13,4665.23049
2015-02-16,4667.197886
2015-02-17,4672.863732
2015-02-18,4684.338179
2015-02-19,4689.965947
2015-02-20,4709.617233
2015-02-23,4715.729087
2015-02-24,4728.192494
2015-02-25,4734.03206
2015-02-26,4726.884337
2015-02-27,4723.937272
2015-03-02,4734.238983
2015-03-03,4713.367749
2015-03-04,4693.447465
2015-03-05,4702.406975
2015-03-06,4644.726166
2015-03-09,4644.566575
2015-03-10,4566.701289
2015-03-11,4562.689661
2015-03-12,4611.2199
2015-03-13,4587.807395
2015-03-16,4642.056922
2015-03-17,4632.85893
2015-03-18,4679.704948
2015-03-19,4672.867935
2015-03-20,4735.340911
2015-03-23,4744.732831
2015-03-24,4730.044107
2015-03-25,4687.660005
2015-03-26,4657.247152
2015-03-27,4660.340326
2015-03-30,4693.891755
2015-03-31,4649.990896
2015-04-01,4643.162385
2015-04-02,4673.761605
2015-04-03,4676.203764
2015-04-06,4714.242106
2015-04-07,4714.065256
2015-04-08,4720.750832
2015-04-09,4735.463851
2015-04-10,4755.941114
2015-04-13,4736.376456
2015-04-14,4757.2006
2015-04-15,4767.934235
2015-04-16,4775.797671
2015-04-17,4729.10388
2015-04-20,4756.956705
2015-04-21,4764.861038
2015-04-22,4777.886955
2015-04-23,4793.858627
2015-04-24,4814.497595
2015-04-27,4819.260222
2015-04-28,4824.433931
2015-04-29,4804.774927
2015-04-30,4759.0452
2015-05-01,4783.156656
2015-05-04,4793.174313
2015-05-05,4747.1595
2015-05-06,4746.488261
2015-05-07,4738.36187
2015-05-08,4807.180522
2015-05-11,4793.576036
2015-05-12,4782.979005
2015-05-13,4797.593061
2015-05-14,4834.845106
2015-05-15,4845.178137
2015-05-18,4850.508928
2015-05-19,4837.659058
2015-05-20,4838.713643
2015-05-21,4857.941151
2015-05-22,4838.78087
2015-05-25,4839.664491
2015-05-26,4779.027771
2015-05-27,4812.892771
2015-05-28,4807.687649
2015-05-29,4775.43874
2015-06-01,4773.030946
2015-06-02,4784.29919
2015-06-03,4804.921726
2015-06-04,4766.473313
2015-06-05,4726.296282
2015-06-08,4704.751285
2015-06-09,4703.352267
2015-06-10,4770.905314
2015-06-11,4779.327482
2015-06-12,4754.567701
2015-06-15,4719.48148
2015-06-16,4737.221022
2015-06-17,4733.078391
2015-06-18,4783.225067
2015-06-19,4767.818544
2015-06-22,4825.102535
2015-06-23,4824.929985
2015-06-24,4797.373978
2015-06-25,4786.391827
2015-06-26,4773.21303
2015-06-29,4669.631353
2015-06-30,4664.398802
2015-07-01,4695.980814
2015-07-02,4696.39607
2015-07-03,4689.074607
2015-07-06,4648.47153
2015-07-07,4636.322606
2015-07-08,4588.317513
2015-07-09,4616.86355
2015-07-10,4686.366903
2015-07-13,4727.838104
2015-07-14,4756.687611
2015-07-15,4753.264509
2015-07-16,4790.468371
2015-07-17,4787.556551
2015-07-20,4791.265392
2015-07-21,4779.703932
2015-07-22,4749.713213
2015-07-23,4739.731366
2015-07-24,4693.247881
2015-07-27,4661.258561
2015-07-28,4697.525786
2015-07-29,4734.538666
2015-07-30,4732.334311
2015-07-31,4748.124777
2015-08-03,4736.341942
2015-08-04,4730.184449
2015-08-05,4741.351891
2015-08-06,4715.385175
2015-08-07,4701.231489
2015-08-10,4753.164164
2015-08-11,4707.906515
2015-08-12,4689.079448
2015-08-13,4688.726561
2015-08-14,4695.422637
2015-08-17,4709.820578
2015-08-18,4697.474516
2015-08-19,4648.604487
2015-08-20,4571.503501
2015-08-21,4447.169572
2015-08-24,4281.710221
2015-08-25,4266.847439
2015-08-26,4355.012441
2015-08-27,4447.152678
2015-08-28,4467.715997
2015-08-31,4433.919533
2015-09-01,4313.560737
2015-09-02,4354.287944
2015-09-03,4374.043359
2015-09-04,4300.832445
2015-09-07,4308.861732
2015-09-08,4385.761748
2015-09-09,4389.282683
2015-09-10,4382.324105
2015-09-11,4387.208057
2015-09-14,4369.238089
2015-09-15,4406.330836
2015-09-16,4459.810649
2015-09-17,4457.645332
2015-09-18,4397.93081
2015-09-21,4393.330121
2015-09-22,4317.464611
2015-09-23,4306.548328
2015-09-24,4281.598383
2015-09-25,4301.360774
2015-09-28,4211.090125
2015-09-29,4185.259394
2015-09-30,4270.377428
2015-10-01,4286.934321
2015-10-02,4338.935517
2015-10-05,4421.006012
2015-10-06,4430.492637
2015-10-07,4464.848667
2015-10-08,4492.347455
2015-10-09,4519.954524
2015-10-12,4521.62563
2015-10-13,4485.922699
2015-10-14,4464.279656
2015-10-15,4525.824917
2015-10-16,4546.847456
2015-10-19,4537.074559
2015-10-20,4530.655999
2015-10-21,4518.324416
2015-10-22,4563.417946
2015-10-23,4610.118492
2015-10-26,4605.737695
2015-10-27,4582.14937
2015-10-28,4630.70525
2015-10-29,4610.936214
2015-10-30,4608.779714
2015-11-02,4634.150854
2015-11-03,4640.224172
2015-11-04,4631.365296
2015-11-05,4623.945352
2015-11-06,4607.168731
2015-11-09,4573.162566
2015-11-10,4570.717579
2015-11-11,4574.717182
2015-11-12,4520.720477
2015-11-13,4474.259628
2015-11-16,4510.302886
2015-11-17,4534.11671
2015-11-18,4576.081285
2015-11-19,4600.922761
2015-11-20,4607.423378
2015-11-23,4592.611266
2015-11-24,4587.73308
2015-11-25,4594.390855
2015-11-26,4610.868596
2015-11-27,4601.698589
2015-11-30,4585.848058
2015-12-01,4628.601049
2015-12-02,4591.463066
2015-12-03,4542.875543
2015-12-04,4587.687029
2015-12-07,4565.667102
2015-12-08,4522.834659
2015-12-09,4505.931553
2015-12-10,4504.873339
2015-12-11,4434.692486
2015-12-14,4419.796526
2015-12-15,4458.872609
2015-12-16,4518.717585
2015-12-17,4482.448191
2015-12-18,4424.341873
2015-12-21,4438.732165
2015-12-22,4469.409203
2015-12-23,4527.370665
2015-12-24,4534.227057
2015-12-25,4532.334856
2015-12-28,4524.892905
2015-12-29,4566.815234
2015-12-30,4542.098069
2015-12-31,4505.240818
2016-01-01,4505.240818
2016-01-04,4419.219686
2016-01-05,4418.565286
2016-01-06,4363.773219
2016-01-07,4272.13557
2016-01-08,4231.914498
2016-01-11,4221.407624
2016-01-12,4232.593327
2016-01-13,4185.647071
2016-01-14,4198.638584
2016-01-15,4122.668144
2016-01-18,4103.838686
2016-01-19,4121.31768
2016-01-20,4043.607054
2016-01-21,4060.438537
2016-01-22,4166.037519
2016-01-25,4123.647584
2016-01-26,4163.275093
2016-01-27,4151.948395
2016-01-28,4155.714723
2016-01-29,4235.718475
2016-02-01,4247.886617
2016-02-02,4173.02059
2016-02-03,4178.855817
2016-02-04,4201.141739
2016-02-05,4133.454318
2016-02-08,4064.922245
2016-02-09,4038.134371
2016-02-10,4033.887684
2016-02-11,3986.137862
2016-02-12,4033.975586
2016-02-15,4081.501307
2016-02-16,4125.758542
2016-02-17,4192.197963
2016-02-18,4191.365704
2016-02-19,4177.170598
2016-02-22,4231.198907
2016-02-23,4184.352999
2016-02-24,4168.198266
2016-02-25,4221.80428
2016-02-26,4223.625409
2016-02-29,4204.193782
2016-03-01,4280.707376
2016-03-02,4315.856998
2016-03-03,4344.895797
2016-03-04,4371.453415
2016-03-07,4370.547804
2016-03-08,4333.007454
2016-03-09,4346.445623
2016-03-10,4343.26945
2016-03-11,4422.949136
2016-03-14,4426.692307
2016-03-15,4404.064947
2016-03-16,4410.608061
2016-03-17,4469.786019
2016-03-18,4477.129945
2016-03-21,4472.429816
2016-03-22,4472.468739
2016-03-23,4439.27336
2016-03-24,4414.919125
2016-03-25,4419.00264
2016-03-28,4429.680249
2016-03-29,4455.74135
2016-03-30,4502.289881
2016-03-31,4489.48647
2016-04-01,4468.342709
2016-04-04,4470.397731
2016-04-05,4409.889022
2016-04-06,4451.293179
2016-04-07,4420.355075
2016-04-08,4449.289851
2016-04-11,4449.812894
2016-04-12,4482.841499
2016-04-13,4543.136164
2016-04-14,4559.469857
2016-04-15,4555.54807
2016-04-18,4568.921249
2016-04-19,4616.995508
2016-04-20,4622.936683
2016-04-21,4610.870604
2016-04-22,4599.433548
2016-04-25,4590.117534
2016-04-26,4598.735283
2016-04-27,4600.103554
2016-04-28,4577.902256
2016-04-29,4560.525703
2016-05-02,4574.430123
2016-05-03,4528.323159
2016-05-04,4489.062133
2016-05-05,4482.849332
2016-05-06,4488.966147
2016-05-09,4488.5226
2016-05-10,4542.157564
2016-05-11,4518.870924
2016-05-12,4511.002905
2016-05-13,4473.379263
2016-05-16,4508.34693
2016-05-17,4490.860134
2016-05-18,4490.051243
2016-05-19,4454.236201
2016-05-20,4488.115684
2016-05-23,4477.390841
2016-05-24,4528.843456
2016-05-25,4568.89864
2016-05-26,4578.427622
2016-05-27,4589.818606
2016-05-30,4592.011972
2016-05-31,4586.140433
2016-06-01,4581.764322
2016-06-02,4585.111143
2016-06-03,4598.343072
2016-06-06,4620.054217
2016-06-07,4641.832252
2016-06-08,4655.996568
2016-06-09,4627.59287
2016-06-10,4563.429648
2016-06-13,4510.358417
2016-06-14,4468.867411
2016-06-15,4478.241105
2016-06-16,4463.099634
2016-06-17,4484.23941
2016-06-20,4562.274046
2016-06-21,4575.265067
2016-06-22,4572.941459
2016-06-23,4638.520369
2016-06-24,4411.0783
2016-06-27,4309.569921
2016-06-28,4385.686774
2016-06-29,4482.887886
2016-06-30,4534.750823
2016-07-01,4554.442812
2016-07-04,4556.200318
2016-07-05,4514.274855
2016-07-06,4501.930776
2016-07-07,4510.923269
2016-07-08,4561.391464
2016-07-11,4599.574634
2016-07-12,4639.475526
2016-07-13,4649.799866
2016-07-14,4674.13044
2016-07-15,4666.843459
2016-07-18,4676.147447
2016-07-19,4661.900674
2016-07-20,4685.738044
2016-07-21,4680.521483
2016-07-22,4684.913703
2016-07-25,4676.638182
2016-07-26,4682.350563
2016-07-27,4683.61412
2016-07-28,4687.317152
2016-07-29,4726.337003
2016-08-01,4715.02993
2016-08-02,4684.613328
2016-08-03,4676.821357
2016-08-04,4689.566573
2016-08-05,4714.333125
2016-08-08,4723.478071
2016-08-09,4747.206203
2016-08-10,4745.106107
2016-08-11,4770.024994
2016-08-12,4771.233844
2016-08-15,4780.719224
2016-08-16,4757.770615
2016-08-17,4760.636675
2016-08-18,4775.355112
2016-08-19,4761.996421
2016-08-22,4764.173905
2016-08-23,4780.646003
2016-08-24,4760.597976
2016-08-25,4750.139649
2016-08-26,4746.878402
2016-08-29,4746.120266
2016-08-30,4741.16715
2016-08-31,4730.265041
2016-09-01,4741.57925
2016-09-02,4772.162902
2016-09-05,4779.8694
2016-09-06,4803.435078
2016-09-07,4808.387573
2016-09-08,4800.305483
2016-09-09,4699.952554
2016-09-12,4721.610018
2016-09-13,4664.709902
2016-09-14,4658.531537
2016-09-15,4692.795033
2016-09-16,4669.347755
2016-09-19,4688.21141
2016-09-20,4688.702465
2016-09-21,4739.673521
2016-09-22,4791.876015
2016-09-23,4762.016506
2016-09-26,4721.356358
2016-09-27,4735.459214
2016-09-28,4755.110632
2016-09-29,4739.05024
2016-09-30,4755.391863
2016-10-03,4747.806728
2016-10-04,4734.192343
2016-10-05,4744.197196
2016-10-06,4736.898217
2016-10-07,4720.425767
2016-10-10,4739.421432
2016-10-11,4687.166147
2016-10-12,4674.213525
2016-10-13,4657.999485
2016-10-14,4669.290623
2016-10-17,4653.163282
2016-10-18,4689.722026
2016-10-19,4705.566568
2016-10-20,4698.590705
2016-10-21,4690.666446
2016-10-24,4704.83245
2016-10-25,4690.992027
2016-10-26,4687.495989
2016-10-27,4673.369647
2016-10-28,4663.38617
2016-10-31,4663.361264
2016-11-01,4644.19071
2016-11-02,4613.741659
2016-11-03,4598.59576
2016-11-04,4579.883215
2016-11-07,4650.248115
2016-11-08,4668.16307
2016-11-09,4681.338936
2016-11-10,4695.670981
2016-11-11,4683.828303
2016-11-14,4671.857569
2016-11-15,4698.741295
2016-11-16,4689.928445
2016-11-17,4713.818647
2016-11-18,4687.561586
2016-11-21,4723.952285
2016-11-22,4731.220812
2016-11-23,4722.065482
2016-11-24,4732.253079
2016-11-25,4753.221731
2016-11-28,4731.873811
2016-11-29,4739.152925
2016-11-30,4730.415837
2016-12-01,4721.038556
2016-12-02,4721.888019
2016-12-05,4747.486788
2016-12-06,4774.41699
2016-12-07,4834.273954
2016-12-08,4844.610773
2016-12-09,4864.467215
2016-12-12,4864.941022
2016-12-13,4903.36503
2016-12-14,4875.088015
2016-12-15,4849.762788
2016-12-16,4850.450607
2016-12-19,4861.904399
2016-12-20,4869.433402
2016-12-21,4865.975707
2016-12-22,4860.068422
2016-12-23,4863.907982
2016-12-26,4862.065984
2016-12-27,4867.834702
2016-12-28,4840.965287
2016-12-29,4848.326693
2016-12-30,4843.607046
2017-01-02,4848.787855
2017-01-03,4862.390342
2017-01-04,4907.025296
2017-01-05,4930.560738
2017-01-06,4933.026728
2017-01-09,4916.005199
2017-01-10,4923.515542
2017-01-11,4919.670963
2017-01-12,4934.306861
2017-01-13,4947.567538
2017-01-16,4935.220415
2017-01-17,4932.739073
2017-01-18,4940.917275
2017-01-19,4914.306128
2017-01-20,4932.890712
2017-01-23,4929.480756
2017-01-24,4954.887826
2017-01-25,4997.073767
2017-01-26,4991.413199
2017-01-27,4990.590387
2017-01-30,4959.538695
2017-01-31,4960.508237
2017-02-01,4963.69547
2017-02-02,4968.92063
2017-02-03,4997.895795
2017-02-06,4977.750228
2017-02-07,4975.353013
2017-02-08,4989.757665
2017-02-09,5004.906512
2017-02-10,5024.870806
2017-02-13,5049.443591
2017-02-14,5050.830006
2017-02-15,5078.659427
2017-02-16,5088.445327
2017-02-17,5088.376305
2017-02-20,5089.305494
2017-02-21,5106.765812
2017-02-22,5105.532373
2017-02-23,5115.325545
2017-02-24,5103.416063
2017-02-27,5105.923866
2017-02-28,5098.129753
2017-03-01,5147.670887
2017-03-02,5127.893001
2017-03-03,5128.399958
2017-03-06,5119.415301
2017-03-07,5105.399177
2017-03-08,5089.937796
2017-03-09,5093.744926
2017-03-10,5121.505895
2017-03-13,5133.750409
2017-03-14,5114.329221
2017-03-15,5145.560197
2017-03-16,5174.32584
2017-03-17,5171.793863
2017-03-20,5164.985013
2017-03-21,5126.002181
2017-03-22,5115.669091
2017-03-23,5122.297253
2017-03-24,5124.821762
2017-03-27,5123.122537
2017-03-28,5161.30082
2017-03-29,5159.566407
2017-03-30,5169.281011
2017-03-31,5152.434537
2017-04-03,5139.465052
2017-04-04,5142.717961
2017-04-05,5131.842263
2017-04-06,5134.998442
2017-04-07,5132.041214
2017-04-10,5136.508509
2017-04-11,5139.939
2017-04-12,5126.35736
2017-04-13,5099.138709
2017-04-14,5096.788792
2017-04-17,5135.328875
2017-04-18,5111.255784
2017-04-19,5105.351235
2017-04-20,5137.913551
2017-04-21,5125.372114
2017-04-24,5208.086755
2017-04-25,5237.290877
2017-04-26,5238.654187
2017-04-27,5236.251645
2017-04-28,5228.725995
2017-05-01,5240.506094
2017-05-02,5251.586628
2017-05-03,5243.747564
2017-05-04,5254.006028
2017-05-05,5283.079575
2017-05-08,5286.162364
2017-05-09,5275.639798
2017-05-10,5283.73952
2017-05-11,5272.630534
2017-05-12,5278.002612
2017-05-15,5303.311949
2017-05-16,5317.786448
2017-05-17,5252.729961
2017-05-18,5249.521656
2017-05-19,5288.259726
2017-05-22,5317.28643
2017-05-23,5322.421821
2017-05-24,5325.898629
2017-05-25,5345.259002
2017-05-26,5339.037571
2017-05-29,5337.809173
2017-05-30,5333.576611
2017-05-31,5339.337031
2017-06-01,5372.073287
2017-06-02,5406.023425
2017-06-05,5396.611625
2017-06-06,5380.878745
2017-06-07,5384.228055
2017-06-08,5376.873857
2017-06-09,5373.002581
2017-06-12,5361.906518
2017-06-13,5390.615627
2017-06-14,5395.904707
2017-06-15,5357.298256
2017-06-16,5376.114922
2017-06-19,5413.378717
2017-06-20,5374.394782
2017-06-21,5367.602178
2017-06-22,5372.045829
2017-06-23,5381.789283
2017-06-26,5388.784911
2017-06-27,5361.243176
2017-06-28,5402.001418
2017-06-29,5368.584656
2017-06-30,5359.880137
2017-07-03,5371.734382
2017-07-04,5367.084508
2017-07-05,5371.276002
2017-07-06,5340.568258
2017-07-07,5352.282746
2017-07-10,5363.270592
2017-07-11,5359.279611
2017-07-12,5407.569921
2017-07-13,5419.062698
2017-07-14,5450.260993
2017-07-17,5451.756575
2017-07-18,5454.808524
2017-07-19,5479.931684
2017-07-20,5493.380214
2017-07-21,5480.695786
2017-07-24,5469.932062
2017-07-25,5486.063715
2017-07-26,5489.749083
2017-07-27,5494.783597
2017-07-28,5485.951071
2017-07-31,5488.155112
2017-08-01,5514.270552
2017-08-02,5514.599858
2017-08-03,5511.189578
2017-08-04,5508.722171
2017-08-07,5519.964379
2017-08-08,5506.392176
2017-08-09,5492.858051
2017-08-10,5435.252627
2017-08-11,5428.485876
2017-08-14,5470.318583
2017-08-15,5461.49134
2017-08-16,5476.129229
2017-08-17,5427.087601
2017-08-18,5410.761734
2017-08-21,5415.957403
2017-08-22,5452.567227
2017-08-23,5444.437812
2017-08-24,5437.729987
2017-08-25,5451.780769
2017-08-28,5456.744151
2017-08-29,5453.824952
2017-08-30,5461.470247
2017-08-31,5495.883376
2017-09-01,5513.162807
2017-09-04,5506.357851
2017-09-05,5482.070748
2017-09-06,5494.840379
2017-09-07,5511.249126
2017-09-08,5511.220947
2017-09-11,5560.259258
2017-09-12,5578.154334
2017-09-13,5573.926761
2017-09-14,5565.537271
2017-09-15,5577.916362
2017-09-18,5586.224143
2017-09-19,5601.748788
2017-09-20,5609.161294
2017-09-21,5585.884843
2017-09-22,5597.903521
2017-09-25,5582.668465
2017-09-26,5566.505222
2017-09-27,5583.169976
2017-09-28,5596.153139
2017-09-29,5619.234267
2017-10-02,5630.922352
2017-10-03,5644.947728
2017-10-04,5648.789547
2017-10-05,5664.090885
2017-10-06,5658.907131
2017-10-09,5656.373497
2017-10-10,5680.144212
2017-10-11,5688.658796
2017-10-12,5686.688073
2017-10-13,5698.994538
2017-10-16,5704.326783
2017-10-17,5697.242085
2017-10-18,5705.984511
2017-10-19,5714.276207
2017-10-20,5720.907275
2017-10-23,5705.483507
2017-10-24,5709.266011
2017-10-25,5687.1738
2017-10-26,5693.501538
2017-10-27,5718.678892
2017-10-30,5718.898142
2017-10-31,5725.429205
2017-11-01,5737.748096
2017-11-02,5744.032793
2017-11-03,5750.52943
2017-11-06,5754.477722
2017-11-07,5754.568229
2017-11-08,5765.678474
2017-11-09,5743.572225
2017-11-10,5738.49831
2017-11-13,5726.548051
2017-11-14,5716.383079
2017-11-15,5686.407396
2017-11-16,5729.419956
2017-11-17,5722.124777
2017-11-20,5729.553446
2017-11-21,5761.862413
2017-11-22,5770.287195
2017-11-23,5779.757378
2017-11-24,5797.498247
2017-11-27,5787.147194
2017-11-28,5817.637514
2017-11-29,5817.088105
2017-11-30,5849.48515
2017-12-01,5827.098621
2017-12-04,5828.914704
2017-12-05,5811.304323
2017-12-06,5796.130982
2017-12-07,5811.739389
2017-12-08,5839.850548
2017-12-11,5861.813284
2017-12-12,5868.207266
2017-12-13,5870.917964
2017-12-14,5852.251268
2017-12-15,5874.896611
2017-12-18,5927.185355
2017-12-19,5905.773133
2017-12-20,5903.597243
2017-12-21,5918.649443
2017-12-22,5915.343072
2017-12-25,5916.332717
2017-12-26,5914.670903
2017-12-27,5926.429588
2017-12-28,5938.055195
2017-12-29,5928.590589
2018-01-01,5928.654411
2018-01-02,5964.194766
2018-01-03,5991.294504
2018-01-04,6040.05006
2018-01-05,6079.084215
2018-01-08,6082.958794
2018-01-09,6094.558981
2018-01-10,6095.998057
2018-01-11,6122.974118
2018-01-12,6161.135977
2018-01-15,6185.496341
2018-01-16,6169.898438
2018-01-17,6202.461318
2018-01-18,6193.801279
2018-01-19,6223.967947
2018-01-22,6262.518611
2018-01-23,6288.113319
2018-01-24,6294.584821
2018-01-25,6300.457042
2018-01-26,6341.534719
2018-01-29,6300.257935
2018-01-30,6243.907648
2018-01-31,6241.621388
2018-02-01,6240.562553
2018-02-02,6125.116906
2018-02-05,5933.591747
2018-02-06,5920.36907
2018-02-07,5926.727326
2018-02-08,5768.989349
2018-02-09,5786.353639
2018-02-12,5857.020748
2018-02-13,5870.687816
2018-02-14,5942.953306
2018-02-15,6015.681464
2018-02-16,6035.594736
2018-02-19,6030.078083
2018-02-20,6002.888075
2018-02-21,5980.877505
2018-02-22,5978.947436
2018-02-23,6046.204884
2018-02-26,6099.81824
2018-02-27,6046.440685
2018-02-28,5983.046729
2018-03-01,5904.94486
2018-03-02,5904.882476
2018-03-05,5952.255078
2018-03-06,5984.689896
2018-03-07,5979.894767
2018-03-08,6007.635261
2018-03-09,6075.759512
2018-03-12,6089.782755
2018-03-13,6062.678876
2018-03-14,6034.973029
2018-03-15,6032.668506
2018-03-16,6035.187735
2018-03-19,5968.577902
2018-03-20,5970.101141
2018-03-21,5965.683523
2018-03-22,5863.847097
2018-03-23,5761.304408
2018-03-26,5853.529609
2018-03-27,5815.390884
2018-03-28,5798.046231
2018-03-29,5848.907591
2018-03-30,5852.637594
2018-04-02,5772.586429
2018-04-03,5801.792297
2018-04-04,5837.565179
2018-04-05,5893.294421
2018-04-06,5815.519283
2018-04-09,5840.144379
2018-04-10,5922.261874
2018-04-11,5901.162546
2018-04-12,5925.330334
2018-04-13,5920.254883
2018-04-16,5951.975068
2018-04-17,5999.250326
2018-04-18,6020.079588
2018-04-19,5998.743195
2018-04-20,5953.238976
2018-04-23,5946.421795
2018-04-24,5902.399616
2018-04-25,5889.722568
2018-04-26,5935.230107
2018-04-27,5946.229697
2018-04-30,5919.891267
2018-05-01,5912.244861
2018-05-02,5892.469587
2018-05-03,5878.647792
2018-05-04,5930.895434
2018-05-07,5952.974124
2018-05-08,5948.091661
2018-05-09,5990.554773
2018-05-10,6031.91798
2018-05-11,6057.473635
2018-05-14,6070.040478
2018-05-15,6024.899733
2018-05-16,6034.185503
2018-05-17,6043.153434
2018-05-18,6030.795111
2018-05-21,6059.843136
2018-05-22,6054.835243
2018-05-23,6038.378858
2018-05-24,6024.04504
2018-05-25,6004.695033
2018-05-28,5994.928338
2018-05-29,5927.368255
2018-05-30,5977.274677
2018-05-31,5956.987856
2018-06-01,6003.657701
2018-06-04,6039.906127
2018-06-05,6033.139008
2018-06-06,6082.743614
2018-06-07,6086.253304
2018-06-08,6086.923557
2018-06-11,6105.600967
2018-06-12,6109.044328
2018-06-13,6094.599919
2018-06-14,6100.891239
2018-06-15,6078.740799
2018-06-18,6055.151133
2018-06-19,6014.425756
2018-06-20,6032.477709
2018-06-21,5999.319459
2018-06-22,6024.961086
2018-06-25,5941.484624
2018-06-26,5949.518816
2018-06-27,5915.691587
2018-06-28,5926.243484
2018-06-29,5954.146307
2018-07-02,5933.679954
2018-07-03,5933.649981
2018-07-04,5934.038041
2018-07-05,5974.616127
2018-07-06,6024.820266
2018-07-09,6075.243333
2018-07-10,6088.782456
2018-07-11,6035.842617
2018-07-12,6074.778488
2018-07-13,6085.445276
2018-07-16,6080.416935
2018-07-17,6095.727169
2018-07-18,6107.40002
2018-07-19,6086.558651
2018-07-20,6099.013392
2018-07-23,6099.910087
2018-07-24,6133.235172
2018-07-25,6163.832012
2018-07-26,6164.624856
2018-07-27,6148.061478
2018-07-30,6126.075267
2018-07-31,6140.115404
2018-08-01,6129.488917
2018-08-02,6124.918325
2018-08-03,6147.56213
2018-08-06,6153.513072
2018-08-07,6180.688823
2018-08-08,6178.877018
2018-08-09,6174.561153
2018-08-10,6107.310007
2018-08-13,6072.038191
2018-08-14,6100.723319
2018-08-15,6040.005159
2018-08-16,6085.449183
2018-08-17,6105.91132
2018-08-20,6126.621006
2018-08-21,6145.649654
2018-08-22,6157.820183
2018-08-23,6139.015465
2018-08-24,6174.502393
2018-08-27,6227.264856
2018-08-28,6234.719395
2018-08-29,6258.706308
2018-08-30,6233.037712
2018-08-31,6216.086105
2018-09-03,6210.251284
2018-09-04,6180.317111
2018-09-05,6151.717038
2018-09-06,6128.356046
2018-09-07,6110.269875
2018-09-10,6124.775773
2018-09-11,6139.430173
2018-09-12,6153.864467
2018-09-13,6183.385028
2018-09-14,6194.967358
2018-09-17,6177.727412
2018-09-18,6211.493331
2018-09-19,6227.268141
2018-09-20,6278.787646
2018-09-21,6291.274624
2018-09-24,6271.440784
2018-09-25,6275.217227
2018-09-26,6264.96156
2018-09-27,6264.012653
2018-09-28,6250.698124
2018-10-01,6262.762365
2018-10-02,6249.776486
2018-10-03,6249.807757
2018-10-04,6198.696839
2018-10-05,6158.64752
2018-10-08,6136.256851
2018-10-09,6122.523832
2018-10-10,5981.287553
2018-10-11,5855.382335
2018-10-12,5908.578412
2018-10-15,5884.821577
2018-10-16,5988.263054
2018-10-17,5983.500589
2018-10-18,5912.184279
2018-10-19,5906.185309
2018-10-22,5880.764942
2018-10-23,5824.906259
2018-10-24,5695.41043
2018-10-25,5746.044554
2018-10-26,5676.242907
2018-10-29,5658.579405
2018-10-30,5720.476696
2018-10-31,5791.72256
2018-11-01,5846.304301
2018-11-02,5834.411053
2018-11-05,5845.899726
2018-11-06,5874.676611
2018-11-07,5971.545263
2018-11-08,5967.864628
2018-11-09,5913.007485
2018-11-12,5814.522739
2018-11-13,5808.951018
2018-11-14,5777.105466
2018-11-15,5810.653991
2018-11-16,5826.514195
2018-11-19,5763.18837
2018-11-20,5669.638213
2018-11-21,5692.351951
2018-11-22,5690.887326
2018-11-23,5665.410747
2018-11-26,5734.863407
2018-11-27,5737.603167
2018-11-28,5823.033222
2018-11-29,5838.418141
2018-11-30,5857.516002
2018-12-03,5930.031803
2018-12-04,5787.668608
2018-12-05,5763.986403
2018-12-06,5713.872723
2018-12-07,5640.837103
2018-12-10,5605.258746
2018-12-11,5610.613903
2018-12-12,5671.57969
2018-12-13,5667.930141
2018-12-14,5576.769352
2018-12-17,5495.95337
2018-12-18,5478.768318
2018-12-19,5434.644337
2018-12-20,5348.916605
2018-12-21,5268.944747
2018-12-24,5177.199582
2018-12-25,5155.168185
2018-12-26,5315.022223
2018-12-27,5349.147539
2018-12-28,5374.158619
2018-12-31,5412.122265
2019-01-01,5412.194559
2019-01-02,5404.222708
2019-01-03,5324.486178
2019-01-04,5471.031769
2019-01-07,5515.79325
2019-01-08,5561.91655
2019-01-09,5606.423774
2019-01-10,5626.483698
2019-01-11,5624.982868
2019-01-14,5599.444328
2019-01-15,5643.987078
2019-01-16,5652.354444
2019-01-17,5678.924304
2019-01-18,5751.279774
2019-01-21,5751.4867
2019-01-22,5688.519466
2019-01-23,5692.423615
2019-01-24,5701.384745
2019-01-25,5755.01943
2019-01-28,5718.574956
2019-01-29,5719.832965
2019-01-30,5781.74863
2019-01-31,5833.216697
2019-02-01,5836.582557
2019-02-04,5860.258132
2019-02-05,5899.388641
2019-02-06,5887.448463
2019-02-07,5829.804609
2019-02-08,5812.219581
2019-02-11,5815.306052
2019-02-12,5883.212999
2019-02-13,5905.877453
2019-02-14,5892.960693
2019-02-15,5947.893051
2019-02-18,5965.316368
2019-02-19,5975.002099
2019-02-20,5997.788779
2019-02-21,5981.166764
2019-02-22,6008.896043
2019-02-25,6023.286244
2019-02-26,6023.310026
2019-02-27,6025.070557
2019-02-28,6008.620525
2019-03-01,6039.195491
2019-03-04,6022.831758
2019-03-05,6014.590693
2019-03-06,5989.411484
2019-03-07,5942.563204
2019-03-08,5913.211876
2019-03-11,5981.103326
2019-03-12,6006.505503
2019-03-13,6042.155583
2019-03-14,6045.382703
2019-03-15,6081.455303
2019-03-18,6108.114151
2019-03-19,6115.580103
2019-03-20,6091.521919
2019-03-21,6138.002114
2019-03-22,6042.847668
2019-03-25,6020.704104
2019-03-26,6065.677304
2019-03-27,6045.833327
2019-03-28,6050.238064
2019-03-29,6087.540578
2019-04-01,6157.190453
2019-04-02,6157.163624
2019-04-03,6189.883626
2019-04-04,6190.556275
2019-04-05,6211.532082
2019-04-08,6220.535536
2019-04-09,6193.527458
2019-04-10,6207.841259
2019-04-11,6207.339425
2019-04-12,6241.904276
2019-04-15,6247.971507
2019-04-16,6253.694065
2019-04-17,6247.816664
2019-04-18,6246.011641
2019-04-19,6246.455277
2019-04-22,6250.060547
2019-04-23,6287.898604
2019-04-24,6271.972057
2019-04-25,6262.843413
2019-04-26,6287.860231
2019-04-29,6293.970179
2019-04-30,6303.400577
2019-05-01,6278.420008
2019-05-02,6253.983166
2019-05-03,6302.735898
2019-05-06,6271.943778
2019-05-07,6182.212568
2019-05-08,6172.082357
2019-05-09,6138.129558
2019-05-10,6159.578825
2019-05-13,6044.866137
2019-05-14,6081.332853
2019-05-15,6115.831314
2019-05-16,6163.88239
2019-05-17,6136.862333
2019-05-20,6103.998032
2019-05-21,6142.72203
2019-05-22,6125.840337
2019-05-23,6056.233075
2019-05-24,6078.763332
2019-05-27,6083.21962
2019-05-28,6048.869754
2019-05-29,5992.056123
2019-05-30,5997.771533
2019-05-31,5939.688954
2019-06-03,5936.416831
2019-06-04,6031.296072
2019-06-05,6084.428828
2019-06-06,6109.702529
2019-06-07,6175.927561
2019-06-10,6201.079764
2019-06-11,6213.71627
2019-06-12,6198.308933
2019-06-13,6206.855057
2019-06-14,6189.787007
2019-06-17,6189.587133
2019-06-18,6248.147121
2019-06-19,6279.33029
2019-06-20,6342.937669
2019-06-21,6328.011791
2019-06-24,6328.213129
2019-06-25,6286.33218
2019-06-26,6271.536087
2019-06-27,6296.297966
2019-06-28,6331.084152
2019-07-01,6371.520448
2019-07-02,6389.975804
2019-07-03,6433.728221
2019-07-04,6439.085891
2019-07-05,6411.478751
2019-07-08,6379.742527
2019-07-09,6377.823875
2019-07-10,6399.674544
2019-07-11,6411.952176
2019-07-12,6433.441045
2019-07-15,6438.331751
2019-07-16,6420.236854
2019-07-17,6390.762603
2019-07-18,6392.379235
2019-07-19,6381.485788
2019-07-22,6390.593454
2019-07-23,6425.287233
2019-07-24,6449.260751
2019-07-25,6417.959557
2019-07-26,6443.665979
2019-07-29,6434.413181
2019-07-30,6408.316791
2019-07-31,6362.444205
2019-08-01,6320.939826
2019-08-02,6253.765729
2019-08-05,6100.892897
2019-08-06,6135.652809
2019-08-07,6149.850818
2019-08-08,6248.116468
2019-08-09,6215.00337
2019-08-12,6163.954304
2019-08-13,6213.236694
2019-08-14,6074.133155
2019-08-15,6065.992937
2019-08-16,6141.264397
2019-08-19,6209.487659
2019-08-20,6174.071129
2019-08-21,6220.761191
2019-08-22,6210.082886
2019-08-23,6102.290436
2019-08-26,6133.537284
2019-08-27,6132.681728
2019-08-28,6153.514697
2019-08-29,6215.904757
2019-08-30,6232.303357
2019-09-02,6226.825187
2019-09-03,6199.096586
2019-09-04,6266.048072
2019-09-05,6338.981379
2019-09-06,6352.666245
2019-09-09,6351.553211
2019-09-10,6354.76533
2019-09-11,6398.691608
2019-09-12,6420.783455
2019-09-13,6433.257627
2019-09-16,6404.402034
2019-09-17,6421.652516
2019-09-18,6419.607017
2019-09-19,6430.502179
2019-09-20,6409.851353
2019-09-23,6398.894456
2019-09-24,6365.114767
2019-09-25,6372.378258
2019-09-26,6369.45448
2019-09-27,6351.611654
2019-09-30,6364.932802
2019-10-01,6302.1589
2019-10-02,6194.123263
2019-10-03,6224.01457
2019-10-04,6289.643865
2019-10-07,6283.839855
2019-10-08,6203.083424
2019-10-09,6243.380181
2019-10-10,6280.605566
2019-10-11,6366.164979
2019-10-14,6354.364713
2019-10-15,6416.706016
2019-10-16,6413.206662
2019-10-17,6432.695467
2019-10-18,6413.37057
2019-10-21,6454.542825
2019-10-22,6439.865774
2019-10-23,6451.786355
2019-10-24,6473.40324
2019-10-25,6494.27557
2019-10-28,6519.561759
2019-10-29,6522.677717
2019-10-30,6537.388715
2019-10-31,6526.90433
2019-11-01,6581.339738
2019-11-04,6608.868784
2019-11-05,6602.563638
2019-11-06,6608.960785
2019-11-07,6626.207513
2019-11-08,6633.054406
2019-11-11,6626.33039
2019-11-12,6637.461251
2019-11-13,6632.596924
2019-11-14,6625.559444
2019-11-15,6677.305517
2019-11-18,6686.268137
2019-11-19,6683.838865
2019-11-20,6655.333583
2019-11-21,6642.485774
2019-11-22,6652.848904
2019-11-25,6702.291597
2019-11-26,6714.503606
2019-11-27,6738.015884
2019-11-28,6735.889731
2019-11-29,6708.679671
2019-12-02,6662.535909
2019-12-03,6623.751396
2019-12-04,6660.286918
2019-12-05,6670.355212
2019-12-06,6722.637108
2019-12-09,6711.733458
2019-12-10,6703.37206
2019-12-11,6719.081253
2019-12-12,6761.56186
2019-12-13,6792.479526
2019-12-16,6844.471686
2019-12-17,6842.177189
2019-12-18,6832.712056
2019-12-19,6854.580727
2019-12-20,6881.728906
2019-12-23,6884.297642
2019-12-24,6888.118129
2019-12-25,6886.301532
2019-12-26,6912.938073
2019-12-27,6927.426908
2019-12-30,6894.184279
2019-12-31,6909.659925
2020-01-01,6909.679285
2020-01-02,6961.250928
2020-01-03,6924.024935
2020-01-06,6928.355819
2020-01-07,6922.604297
2020-01-08,6935.890473
2020-01-09,6974.676575
2020-01-10,6968.133551
2020-01-13,6999.287814
2020-01-14,7000.342433
2020-01-15,7010.897383
2020-01-16,7052.535835
2020-01-17,7079.987172
2020-01-20,7078.778457
2020-01-21,7062.012955
2020-01-22,7064.866067
2020-01-23,7053.10665
2020-01-24,7021.584377
2020-01-27,6906.624651
2020-01-28,6954.845352
2020-01-29,6957.837407
2020-01-30,6954.057201
2020-01-31,6867.60317
2020-02-03,6893.857767
2020-02-04,6987.246565
2020-02-05,7050.845263
2020-02-06,7085.525607
2020-02-07,7051.80282
2020-02-10,7076.753659
2020-02-11,7100.851362
2020-02-12,7141.143464
2020-02-13,7128.392722
2020-02-14,7133.226384
2020-02-17,7131.273986
2020-02-18,7104.471907
2020-02-19,7133.990361
2020-02-20,7102.372547
2020-02-21,7051.479804
2020-02-24,6840.685336
2020-02-25,6660.772272
2020-02-26,6629.231762
2020-02-27,6392.674474
2020-02-28,6287.117312
2020-03-02,6496.587021
2020-03-03,6400.92662
2020-03-04,6588.023336
2020-03-05,6440.969163
2020-03-06,6314.627705
2020-03-09,5862.356272
2020-03-10,6029.166239
2020-03-11,5794.766388
2020-03-12,5220.979672
2020-03-13,5530.735484
2020-03-16,5005.156153
2020-03-17,5211.461992
2020-03-18,4944.957851
2020-03-19,4981.853846
2020-03-20,4854.302624
2020-03-23,4710.780316
2020-03-24,5124.261338
2020-03-25,5251.880116
2020-03-26,5515.938654
2020-03-27,5373.875447
2020-03-30,5507.079791
2020-03-31,5455.063009
2020-04-01,5244.805482
2020-04-02,5308.506814
2020-04-03,5232.130965
2020-04-06,5540.304445
2020-04-07,5580.409844
2020-04-08,5713.852727
2020-04-09,5804.274835
2020-04-10,5808.055837
2020-04-13,5763.334065
2020-04-14,5911.101085
2020-04-15,5773.998301
2020-04-16,5786.442031
2020-04-17,5943.246219
2020-04-20,5874.100637
2020-04-21,5692.447037
2020-04-22,5798.823067
2020-04-23,5817.274531
2020-04-24,5856.719563
2020-04-27,5960.441353
2020-04-28,5963.010342
2020-04-29,6103.313819
2020-04-30,6050.997296
2020-05-01,5909.753016
2020-05-04,5889.391614
2020-05-05,5949.908748
2020-05-06,5919.111087
2020-05-07,5975.630673
2020-05-08,6081.664108
2020-05-11,6078.399371
2020-05-12,6000.574374
2020-05-13,5895.943102
2020-05-14,5901.323836
2020-05-15,5927.186335
2020-05-18,6106.750767
2020-05-19,6084.747123
2020-05-20,6175.826644
2020-05-21,6123.533081
2020-05-22,6117.666351
2020-05-25,6147.005058
2020-05-26,6242.87018
2020-05-27,6309.743052
2020-05-28,6344.019997
2020-05-29,6343.309861
2020-06-01,6390.871136
2020-06-02,6459.454242
2020-06-03,6564.822101
2020-06-04,6553.524978
2020-06-05,6696.194013
2020-06-08,6759.27395
2020-06-09,6721.895674
2020-06-10,6698.595445
2020-06-11,6365.653302
2020-06-12,6396.201568
2020-06-15,6417.087599
2020-06-16,6557.926065
2020-06-17,6554.467534
2020-06-18,6548.070368
2020-06-19,6529.276288
2020-06-22,6555.93789
2020-06-23,6609.950111
2020-06-24,6444.680414
2020-06-25,6484.16998
2020-06-26,6377.243465
2020-06-29,6435.907946
2020-06-30,6511.097069
2020-07-01,6539.444484
2020-07-02,6588.829784
2020-07-03,6585.250601
2020-07-06,6697.449673
2020-07-07,6635.367498
2020-07-08,6663.464434
2020-07-09,6629.54308
2020-07-10,6685.36558
2020-07-13,6668.101568
2020-07-14,6718.739687
2020-07-15,6801.991681
2020-07-16,6772.57305
2020-07-17,6787.83385
2020-07-20,6844.348259
2020-07-21,6869.834109
2020-07-22,6888.322152
2020-07-23,6830.528166
2020-07-24,6781.781225
2020-07-27,6841.142511
2020-07-28,6806.505539
2020-07-29,6865.150191
2020-07-30,6819.277222
2020-07-31,6822.596784
2020-08-03,6879.23504
2020-08-04,6917.000095
2020-08-05,6973.58522
2020-08-06,6986.293392
2020-08-07,6975.409804
2020-08-10,6990.054692
2020-08-11,6985.909336
2020-08-12,7082.080162
2020-08-13,7079.138612
2020-08-14,7062.162526
2020-08-17,7091.235356
2020-08-18,7107.751792
2020-08-19,7093.94949
2020-08-20,7078.82895
2020-08-21,7087.902272
2020-08-24,7162.360919
2020-08-25,7180.071781
2020-08-26,7248.695058
2020-08-27,7239.305965
2020-08-28,7281.769186
2020-08-31,7278.444279
2020-09-01,7313.536905
2020-09-02,7393.548439
2020-09-03,7192.203608
2020-09-04,7114.623555
2020-09-07,7139.88633
2020-09-08,6981.081096
2020-09-09,7098.029447
2020-09-10,7021.313932
2020-09-11,7022.474069
2020-09-14,7107.217904
2020-09-15,7141.721691
2020-09-16,7128.623906
2020-09-17,7069.602015
2020-09-18,7023.556089
2020-09-21,6909.576541
2020-09-22,6950.835276
2020-09-23,6838.884279
2020-09-24,6823.465683
2020-09-25,6902.628504
2020-09-28,7019.964051
2020-09-29,7004.558181
2020-09-30,7027.344276
2020-10-01,7066.008677
2020-10-02,7013.770591
2020-10-05,7136.247072
2020-10-06,7074.280095
2020-10-07,7153.993612
2020-10-08,7208.482304
2020-10-09,7269.130599
2020-10-12,7358.700263
2020-10-13,7317.904069
2020-10-14,7286.849115
2020-10-15,7234.52545
2020-10-16,7247.08198
2020-10-19,7181.120081
2020-10-20,7195.383589
2020-10-21,7180.986625
2020-10-22,7190.794471
2020-10-23,7219.402265
2020-10-26,7099.255351
2020-10-27,7074.286714
2020-10-28,6851.500015
2020-10-29,6887.094124
2020-10-30,6811.780377
2020-11-02,6898.65699
2020-11-03,7038.756268
2020-11-04,7179.432715
2020-11-05,7328.643292
2020-11-06,7339.426164
2020-11-09,7435.156689
2020-11-10,7450.704616
2020-11-11,7513.686885
2020-11-12,7458.689368
2020-11-13,7518.606438
2020-11-16,7614.482158
2020-11-17,7605.911833
2020-11-18,7561.732753
2020-11-19,7570.829968
2020-11-20,7552.231355
2020-11-23,7573.101035
2020-11-24,7693.220458
2020-11-25,7700.731571
2020-11-26,7702.49285
2020-11-27,7736.576269
2020-11-30,7682.744947
2020-12-01,7760.374045
2020-12-02,7775.39602
2020-12-03,7798.083411
2020-12-04,7852.989615
2020-12-07,7841.875415
2020-12-08,7860.408901
2020-12-09,7817.459823
2020-12-10,7820.932546
2020-12-11,7801.141325
2020-12-14,7794.462677
2020-12-15,7866.855015
2020-12-16,7899.788673
2020-12-17,7960.24601
2020-12-18,7935.058632
2020-12-21,7871.71848
2020-12-22,7866.35104
2020-12-23,7891.298428
2020-12-24,7914.423657
2020-12-25,7915.111994
2020-12-28,7967.29019
2020-12-29,7983.967076
2020-12-30,7996.331238
2020-12-31,8008.46808
2021-01-01,8008.46808
2021-01-04,7949.446398
2021-01-05,7991.971101
2021-01-06,8037.679793
2021-01-07,8141.8608
2021-01-08,8199.244184
2021-01-11,8129.984112
2021-01-12,8142.943414
2021-01-13,8159.297606
2021-01-14,8154.506963
2021-01-15,8085.24722
2021-01-18,8081.521101
2021-01-19,8138.256796
2021-01-20,8224.671708
2021-01-21,8237.128646
2021-01-22,8207.683441
2021-01-25,8211.411528
2021-01-26,8203.234612
2021-01-27,8025.45127
2021-01-28,8074.045122
2021-01-29,7928.874525
2021-02-01,8036.698426
2021-02-02,8138.24535
2021-02-03,8156.065462
2021-02-04,8215.575016
2021-02-05,8263.096562
2021-02-08,8330.045606
2021-02-09,8338.604918
2021-02-10,8345.04833
2021-02-11,8365.281326
2021-02-12,8400.392344
2021-02-15,8432.722581
2021-02-16,8429.15618
2021-02-17,8393.433451
2021-02-18,8355.455106
2021-02-19,8366.288219
2021-02-22,8311.920366
2021-02-23,8315.436451
2021-02-24,8354.966586
2021-02-25,8230.906922
2021-02-26,8132.046927
2021-03-01,8301.845909
2021-03-02,8255.842239
2021-03-03,8177.009576
2021-03-04,8075.357431
2021-03-05,8141.463055
2021-03-08,8123.856829
2021-03-09,8241.441168
2021-03-10,8282.092984
2021-03-11,8374.505619
2021-03-12,8378.887181
2021-03-15,8422.793238
2021-03-16,8428.459473
2021-03-17,8437.816686
2021-03-18,8365.987163
2021-03-19,8348.075338
2021-03-22,8388.462509
2021-03-23,8323.874705
2021-03-24,8262.239657
2021-03-25,8286.708563
2021-03-26,8406.003606
2021-03-29,8396.307079
2021-03-30,8382.336432
2021-03-31,8402.617284
2021-04-01,8488.285325
2021-04-02,8493.368909
2021-04-05,8586.852245
2021-04-06,8597.209805
2021-04-07,8612.038186
2021-04-08,8656.560196
2021-04-09,8700.301568
2021-04-12,8691.866882
2021-04-13,8724.79498
2021-04-14,8711.42378
2021-04-15,8796.228896
2021-04-16,8831.216144
2021-04-19,8804.800787
2021-04-20,8720.890074
2021-04-21,8772.513702
2021-04-22,8746.116921
2021-04-23,8812.726489
2021-04-26,8842.884208
2021-04-27,8830.896352
2021-04-28,8831.058433
2021-04-29,8866.100667
2021-04-30,8793.676052
2021-05-03,8823.50088
2021-05-04,8745.514419
2021-05-05,8777.032907
2021-05-06,8836.443828
2021-05-07,8919.991412
2021-05-10,8867.719519
2021-05-11,8768.321491
2021-05-12,8614.613352
2021-05-13,8663.609067
2021-05-14,8802.255491
2021-05-17,8789.318684
2021-05-18,8773.733329
2021-05-19,8721.248816
2021-05-20,8816.457538
2021-05-21,8819.468424
2021-05-24,8890.474655
2021-05-25,8888.263312
2021-05-26,8900.37011
2021-05-27,8904.346795
2021-05-28,8931.091577
2021-05-31,8920.352837
2021-06-01,8939.298129
2021-06-02,8951.934462
2021-06-03,8913.736513
2021-06-04,8987.271329
2021-06-07,8998.295198
2021-06-08,9001.011131
2021-06-09,8985.664146
2021-06-10,9018.421392
2021-06-11,9034.176135
2021-06-14,9056.817525
2021-06-15,9049.347293
2021-06-16,9023.061505
2021-06-17,8987.425165
2021-06-18,8860.679931
2021-06-21,8944.804464
2021-06-22,9001.90529
2021-06-23,8992.597384
2021-06-24,9039.660509
2021-06-25,9074.543055
2021-06-28,9075.332539
2021-06-29,9074.534968
2021-06-30,9053.309216
2021-07-01,9086.626404
2021-07-02,9140.87511
2021-07-05,9152.29717
2021-07-06,9130.917984
2021-07-07,9152.064114
2021-07-08,9071.006844
2021-07-09,9163.763914
2021-07-12,9209.227361
2021-07-13,9182.255285
2021-07-14,9180.712866
2021-07-15,9135.646162
2021-07-16,9079.013231
2021-07-19,8931.895063
2021-07-20,9022.997093
2021-07-21,9115.645865
2021-07-22,9145.698404
2021-07-23,9223.569807
2021-07-26,9247.770183
2021-07-27,9213.156
2021-07-28,9215.066876
2021-07-29,9276.752563
2021-07-30,9215.479624
2021-08-02,9239.120535
2021-08-03,9285.379375
2021-08-04,9265.438615
2021-08-05,9315.477751
2021-08-06,9303.540318
2021-08-09,9300.871245
2021-08-10,9308.210515
2021-08-11,9339.825543
2021-08-12,9360.73467
2021-08-13,9389.474311
2021-08-16,9380.476322
2021-08-17,9315.485934
2021-08-18,9249.894154
2021-08-19,9207.028802
2021-08-20,9257.76472
2021-08-23,9356.0216
2021-08-24,9384.560348
2021-08-25,9396.275792
2021-08-26,9350.11256
2021-08-27,9420.610969
2021-08-30,9460.137273
2021-08-31,9444.837783
2021-09-01,9476.284798
2021-09-02,9508.611515
2021-09-03,9516.374496
2021-09-06,9533.922803
2021-09-07,9502.016262
2021-09-08,9466.215112
2021-09-09,9433.819319
2021-09-10,9392.009002
2021-09-13,9404.181259
2021-09-14,9375.143732
2021-09-15,9410.311819
2021-09-16,9395.100131
2021-09-17,9317.01995
2021-09-20,9165.55382
2021-09-21,9175.653479
2021-09-22,9249.910209
2021-09-23,9346.654209
2021-09-24,9338.071935
2021-09-27,9314.269529
2021-09-28,9125.768
2021-09-29,9118.700502
2021-09-30,9052.68307
2021-10-01,9101.626057
2021-10-04,9012.465666
2021-10-05,9083.109392
2021-10-06,9082.396805
2021-10-07,9175.773211
2021-10-08,9167.415392
2021-10-11,9130.749958
2021-10-12,9110.126592
2021-10-13,9153.297964
2021-10-14,9291.141667
2021-10-15,9366.095655
2021-10-18,9380.076412
2021-10-19,9446.973963
2021-10-20,9481.670669
2021-10-21,9496.025369
2021-10-22,9492.611927
2021-10-25,9519.084633
2021-10-26,9541.856642
2021-10-27,9495.628681
2021-10-28,9578.584803
2021-10-29,9565.431647
2021-11-01,9613.140438
2021-11-02,9628.697602
2021-11-03,9678.989983
2021-11-04,9716.800097
2021-11-05,9740.509757
2021-11-08,9757.257745
2021-11-09,9727.911982
2021-11-10,9649.891607
2021-11-11,9651.675399
2021-11-12,9718.143234
2021-11-15,9726.67723
2021-11-16,9743.578178
2021-11-17,9711.524388
2021-11-18,9728.35428
2021-11-19,9708.984956
2021-11-22,9654.314388
2021-11-23,9640.551974
2021-11-24,9644.509052
2021-11-25,9657.921486
2021-11-26,9445.555142
2021-11-29,9517.604862
2021-11-30,9355.824709
2021-12-01,9314.534308
2021-12-02,9385.484836
2021-12-03,9311.12511
2021-12-06,9404.378039
2021-12-07,9606.189972
2021-12-08,9643.242848
2021-12-09,9571.763281
2021-12-10,9619.388114
2021-12-13,9540.343359
2021-12-14,9468.906004
2021-12-15,9580.811508
2021-12-16,9557.638469
2021-12-17,9474.749554
2021-12-20,9356.358386
2021-12-21,9513.051526
2021-12-22,9608.015293
2021-12-23,9676.170756
2021-12-24,9678.565046
2021-12-27,9771.81783
2021-12-28,9776.597998
2021-12-29,9791.327
2021-12-30,9771.507837
2021-12-31,9755.694412
2022-01-03,9785.231131
2022-01-04,9805.74784
2022-01-05,9669.989724
2022-01-06,9614.788322
2022-01-07,9594.40306
2022-01-10,9559.986891
2022-01-11,9642.275637
2022-01-12,9705.279084
2022-01-13,9608.967483
2022-01-14,9581.886848
2022-01-17,9591.160242
2022-01-18,9434.253482
2022-01-19,9357.039963
2022-01-20,9308.042541
2022-01-21,9135.487509
2022-01-24,9076.63376
2022-01-25,8986.113066
2022-01-26,8998.88951
2022-01-27,8925.593502
2022-01-28,9078.007272
2022-01-31,9239.511774
2022-02-01,9322.799951
2022-02-02,9405.063536
2022-02-03,9219.987156
2022-02-04,9247.913543
2022-02-07,9241.89195
2022-02-08,9295.394442
2022-02-09,9440.305324
2022-02-10,9329.275246
2022-02-11,9182.436089
2022-02-14,9099.24491
2022-02-15,9229.112989
2022-02-16,9248.263315
2022-02-17,9094.679345
2022-02-18,9018.242004
2022-02-21,8995.106837
2022-02-22,8915.954242
2022-02-23,8794.158927
2022-02-24,8786.726478
2022-02-25,9011.985977
2022-02-28,9005.833281
2022-03-01,8863.333719
2022-03-02,8964.873874
2022-03-03,8899.828699
2022-03-04,8761.278563
2022-03-07,8528.648772
2022-03-08,8463.453672
2022-03-09,8718.644845
2022-03-10,8689.932069
2022-03-11,8594.976485
2022-03-14,8554.96831
2022-03-15,8674.370726
2022-03-16,8888.154424
2022-03-17,9026.089951
2022-03-18,9114.823679
2022-03-21,9113.533606
2022-03-22,9205.465178
2022-03-23,9122.37286
2022-03-24,9210.164652
2022-03-25,9233.976996
2022-03-28,9272.139525
2022-03-29,9421.170761
2022-03-30,9384.404995
2022-03-31,9252.983614
2022-04-01,9265.203469
2022-04-04,9339.048463
2022-04-05,9242.834639
2022-04-06,9130.459131
2022-04-07,9137.53144
2022-04-08,9132.715716
2022-04-11,9013.001591
2022-04-12,8975.090279
2022-04-13,9052.575901
2022-04-14,8978.710998
2022-04-15,8975.774411
2022-04-18,8959.038662
2022-04-19,9052.846519
2022-04-20,9083.060194
2022-04-21,8978.656835
2022-04-22,8744.056558
2022-04-25,8730.08024
2022-04-26,8528.473047
2022-04-27,8518.568243
2022-04-28,8683.538917
2022-04-29,8484.307342
2022-05-02,8488.023729
2022-05-03,8529.445508
2022-05-04,8695.396791
2022-05-05,8452.81218
2022-05-06,8387.903484
2022-05-09,8114.469681
2022-05-10,8131.252653
2022-05-11,8057.20781
2022-05-12,8020.553021
2022-05-13,8208.676809
2022-05-16,8187.054157
2022-05-17,8348.341121
2022-05-18,8100.785093
2022-05-19,8061.644871
2022-05-20,8075.135089
2022-05-23,8217.850553
2022-05-24,8152.170036
2022-05-25,8212.122497
2022-05-26,8345.948253
2022-05-27,8525.008028
2022-05-30,8562.454589
2022-05-31,8490.732977
2022-06-01,8429.150119
2022-06-02,8562.559576
2022-06-03,8456.699706
2022-06-06,8489.650435
2022-06-07,8537.160597
2022-06-08,8470.350006
2022-06-09,8283.955322
2022-06-10,8040.190325
2022-06-13,7746.056819
2022-06-14,7689.058058
2022-06-15,7782.970387
2022-06-16,7582.306899
2022-06-17,7567.955369
2022-06-20,7596.154964
2022-06-21,7743.829079
2022-06-22,7725.320176
2022-06-23,7761.549442
2022-06-24,7976.09261
2022-06-27,7987.603711
2022-06-28,7869.028809
2022-06-29,7840.681124
2022-06-30,7755.248728
2022-07-01,7797.23774
2022-07-04,7821.59262
2022-07-05,7780.094173
2022-07-06,7802.268307
2022-07-07,7927.525302
2022-07-08,7932.657626
2022-07-11,7837.398229
2022-07-12,7782.171738
2022-07-13,7753.28409
2022-07-14,7681.388071
2022-07-15,7826.797823
2022-07-18,7824.066259
2022-07-19,8009.059793
2022-07-20,8056.65131
2022-07-21,8117.643662
2022-07-22,8078.023928
2022-07-25,8079.430339
2022-07-26,7998.008076
2022-07-27,8152.232925
2022-07-28,8258.741451
2022-07-29,8370.98686
2022-08-01,8379.846582
2022-08-02,8315.990268
2022-08-03,8398.249397
2022-08-04,8418.825749
2022-08-05,8390.127609
2022-08-08,8410.749109
2022-08-09,8364.96185
2022-08-10,8547.324128
2022-08-11,8546.516273
2022-08-12,8646.010861
2022-08-15,8670.595569
2022-08-16,8676.794266
2022-08-17,8612.21046
2022-08-18,8624.812794
2022-08-19,8506.834014
2022-08-22,8350.074684
2022-08-23,8332.695171
2022-08-24,8350.104843
2022-08-25,8449.665631
2022-08-26,8224.44467
2022-08-29,8145.874976
2022-08-30,8075.07766
2022-08-31,8021.014269
2022-09-01,7971.570032
2022-09-02,7956.589077
2022-09-05,7930.910507
2022-09-06,7895.45963
2022-09-07,7984.691439
2022-09-08,8052.990153
2022-09-09,8196.166573
2022-09-12,8306.500466
2022-09-13,8002.614529
2022-09-14,7998.665937
2022-09-15,7920.423337
2022-09-16,7851.142129
2022-09-19,7885.658601
2022-09-20,7804.659155
2022-09-21,7690.933964
2022-09-22,7607.91405
2022-09-23,7452.595717
2022-09-26,7360.738736
2022-09-27,7347.083166
2022-09-28,7454.138458
2022-09-29,7344.573132
2022-09-30,7275.381586
2022-10-03,7432.324788
2022-10-04,7682.885342
2022-10-05,7647.628431
2022-10-06,7582.486708
2022-10-07,7396.998947
2022-10-10,7329.385094
2022-10-11,7270.317714
2022-10-12,7244.105442
2022-10-13,7379.319584
2022-10-14,7272.234848
2022-10-17,7441.123033
2022-10-18,7520.831714
2022-10-19,7464.056769
2022-10-20,7433.825689
2022-10-21,7535.403584
2022-10-24,7629.197574
2022-10-25,7765.473413
2022-10-26,7759.946355
2022-10-27,7723.08243
2022-10-28,7838.17775
2022-10-31,7797.848024
2022-11-01,7793.862084
2022-11-02,7651.247942
2022-11-03,7554.152362
2022-11-04,7675.37684
2022-11-07,7756.764963
2022-11-08,7821.926518
2022-11-09,7684.595647
2022-11-10,8073.599628
2022-11-11,8188.694066
2022-11-14,8128.12871
2022-11-15,8203.134688
2022-11-16,8140.805073
2022-11-17,8095.556897
2022-11-18,8146.523854
2022-11-21,8090.86583
2022-11-22,8198.328934
2022-11-23,8265.722521
2022-11-24,8292.64402
2022-11-25,8285.668715
2022-11-28,8177.756388
2022-11-29,8162.260898
2022-11-30,8340.035728
2022-12-01,8402.938303
2022-12-02,8378.627029
2022-12-05,8266.143966
2022-12-06,8161.713716
2022-12-07,8138.195205
2022-12-08,8187.626805
2022-12-09,8165.068596
2022-12-12,8228.586898
2022-12-13,8326.766054
2022-12-14,8296.38965
2022-12-15,8087.08879
2022-12-16,7992.597314
2022-12-19,7930.983796
2022-12-20,7952.52011
2022-12-21,8057.4915
2022-12-22,7960.630088
2022-12-23,7991.326937
2022-12-26,7992.221505
2022-12-27,7978.598357
2022-12-28,7899.523281
2022-12-29,8014.155307
2022-12-30,7985.85692
2023-01-02,8000.080341
2023-01-03,7980.869525
2023-01-04,8052.994114
2023-01-05,7962.738318
2023-01-06,8131.835582
2023-01-09,8173.893175
2023-01-10,8198.544861
2023-01-11,8289.328647
2023-01-12,8349.242603
2023-01-13,8397.352042
2023-01-16,8397.898013
2023-01-17,8399.65421
2023-01-18,8329.343625
2023-01-19,8243.266097
2023-01-20,8366.385084
2023-01-23,8457.444871
2023-01-24,8460.615486
2023-01-25,8463.190348
2023-01-26,8527.581666
2023-01-27,8552.984656
2023-01-30,8471.968617
2023-01-31,8550.904705
2023-02-01,8627.510354
2023-02-02,8744.049718
2023-02-03,8661.129318
2023-02-06,8578.125189
2023-02-07,8660.834212
2023-02-08,8604.083639
2023-02-09,8569.623316
2023-02-10,8550.523532
2023-02-13,8631.365253
2023-02-14,8639.748207
2023-02-15,8649.71076
2023-02-16,8574.537184
2023-02-17,8542.293108
2023-02-20,8552.823865
2023-02-21,8421.169863
2023-02-22,8392.45455
2023-02-23,8413.873861
2023-02-24,8320.342338
2023-02-27,8366.562977
2023-02-28,8345.35372
2023-03-01,8321.782429
2023-03-02,8363.183172
2023-03-03,8481.325898
2023-03-06,8502.146138
2023-03-07,8379.78173
2023-03-08,8382.067473
2023-03-09,8280.220655
2023-03-10,8176.675908
2023-03-13,8134.41925
2023-03-14,8230.009349
2023-03-15,8119.729373
2023-03-16,8243.456246
2023-03-17,8176.572821
2023-03-20,8244.720134
2023-03-21,8348.34475
2023-03-22,8269.746652
2023-03-23,8303.594068
2023-03-24,8290.977698
2023-03-27,8321.673046
2023-03-28,8329.062885
2023-03-29,8435.998005
2023-03-30,8505.144312
2023-03-31,8603.222564
2023-04-03,8641.181774
2023-04-04,8620.462819
2023-04-05,8582.309
2023-04-06,8602.58268
2023-04-07,8603.44533
2023-04-10,8590.853537
2023-04-11,8624.383602
2023-04-12,8620.255056
2023-04-13,8725.218456
2023-04-14,8715.013322
2023-04-17,8719.732941
2023-04-18,8746.494223
2023-04-19,8738.795352
2023-04-20,8706.008015
2023-04-21,8707.876259
2023-04-24,8721.648999
2023-04-25,8607.535907
2023-04-26,8577.882389
2023-04-27,8690.02811
2023-04-28,8754.033498
2023-05-01,8746.845836
2023-05-02,8653.211143
2023-05-03,8632.774432
2023-05-04,8581.6953
2023-05-05,8714.854464
2023-05-08,8732.423418
2023-05-09,8696.388122
2023-05-10,8719.462598
2023-05-11,8697.989107
2023-05-12,8682.940023
2023-05-15,8715.666015
2023-05-16,8663.257947
2023-05-17,8721.633544
2023-05-18,8782.860213
2023-05-19,8791.347361
2023-05-22,8802.286404
2023-05-23,8713.746496
2023-05-24,8627.144671
2023-05-25,8652.345005
2023-05-26,8748.85849
2023-05-29,8756.69375
2023-05-30,8743.196139
2023-05-31,8666.638323
2023-06-01,8764.0779
2023-06-02,8893.625258
2023-06-05,8884.222917
2023-06-06,8908.338786
2023-06-07,8873.317817
2023-06-08,8922.338736
2023-06-09,8933.402836
2023-06-12,8996.637359
2023-06-13,9070.308117
2023-06-14,9102.126574
2023-06-15,9186.274718
2023-06-16,9173.710018
2023-06-19,9151.479341
2023-06-20,9103.281477
2023-06-21,9067.202603
2023-06-22,9076.028956
2023-06-23,8989.26253
2023-06-26,8966.441197
2023-06-27,9047.84834
2023-06-28,9059.391955
2023-06-29,9088.825972
2023-06-30,9190.777442
2023-07-03,9207.70301
2023-07-04,9206.95902
2023-07-05,9173.672536
2023-07-06,9061.878219
2023-07-07,9061.621117
2023-07-10,9082.904133
2023-07-11,9151.43326
2023-07-12,9257.119234
2023-07-13,9358.644193
2023-07-14,9353.303659
2023-07-17,9365.803817
2023-07-18,9429.558696
2023-07-19,9446.5484
2023-07-20,9390.282311
2023-07-21,9387.22361
2023-07-24,9414.668273
2023-07-25,9439.573108
2023-07-26,9437.536273
2023-07-27,9406.196856
2023-07-28,9479.347946
2023-07-31,9499.521016
2023-08-01,9451.108605
2023-08-02,9302.275248
2023-08-03,9270.83508
2023-08-04,9260.159988
2023-08-07,9313.903804
2023-08-08,9265.397203
2023-08-09,9229.228788
2023-08-10,9258.014122
2023-08-11,9221.40114
2023-08-14,9234.978842
2023-08-15,9146.825962
2023-08-16,9077.876655
2023-08-17,9005.397268
2023-08-18,8992.469449
2023-08-21,9032.988836
2023-08-22,9029.008974
2023-08-23,9117.647274
2023-08-24,9020.65111
2023-08-25,9038.994787
2023-08-28,9112.820543
2023-08-29,9236.757343
2023-08-30,9287.604188
2023-08-31,9272.618079
2023-09-01,9283.74269
2023-09-04,9286.095015
2023-09-05,9234.500904
2023-09-06,9179.927775
2023-09-07,9154.267667
2023-09-08,9159.848479
2023-09-11,9224.189302
2023-09-12,9182.207566
2023-09-13,9185.391776
2023-09-14,9267.297695
2023-09-15,9200.024229
2023-09-18,9185.152504
2023-09-19,9169.767747
2023-09-20,9124.454462
2023-09-21,8968.332057
2023-09-22,8949.113839
2023-09-25,8949.004657
2023-09-26,8840.659145
2023-09-27,8828.340948
2023-09-28,8880.55523
2023-09-29,8872.612339
2023-10-02,8827.670319
2023-10-03,8706.281031
2023-10-04,8741.23716
2023-10-05,8759.544505
2023-10-06,8849.771116
2023-10-09,8891.842401
2023-10-10,8982.726504
2023-10-11,9019.044139
2023-10-12,8971.628635
2023-10-13,8903.504471
2023-10-16,8975.833767
2023-10-17,8986.015596
2023-10-18,8871.763594
2023-10-19,8786.958404
2023-10-20,8683.773873
2023-10-23,8669.875503
2023-10-24,8717.304111
2023-10-25,8624.725615
2023-10-26,8527.909931
2023-10-27,8500.203149
2023-10-30,8580.25816
2023-10-31,8615.166062
2023-11-01,8705.140386
2023-11-02,8876.818515
2023-11-03,8974.286973
2023-11-06,8992.129711
2023-11-07,8985.861917
2023-11-08,8989.241732
2023-11-09,8961.55768
2023-11-10,9030.130657
2023-11-13,9042.632924
2023-11-14,9227.064626
2023-11-15,9264.724323
2023-11-16,9260.119534
2023-11-17,9298.407431
2023-11-20,9360.757352
2023-11-21,9345.333749
2023-11-22,9360.797447
2023-11-23,9373.666864
2023-11-24,9393.955047
2023-11-27,9371.625554
2023-11-28,9385.941375
2023-11-29,9391.046726
2023-11-30,9422.855751
2023-12-01,9476.420155
2023-12-04,9432.762475
2023-12-05,9422.544231
2023-12-06,9415.776663
2023-12-07,9467.975139
2023-12-08,9498.566677
2023-12-11,9527.288778
2023-12-12,9561.959587
2023-12-13,9666.896052
2023-12-14,9754.993178
2023-12-15,9746.66147
2023-12-18,9762.970478
2023-12-19,9831.940463
2023-12-20,9734.153506
2023-12-21,9807.141374
2023-12-22,9829.507861
2023-12-25,9830.238229
2023-12-26,9861.944482
2023-12-27,9903.708133
2023-12-28,9912.907953
2023-12-29,9885.463761
2024-01-01,9885.691136
2024-01-02,9811.843025
2024-01-03,9719.291966
2024-01-04,9715.070482
2024-01-05,9735.132265
2024-01-08,9838.396396
2024-01-09,9818.550884
2024-01-10,9863.960006
2024-01-11,9851.187463
2024-01-12,9885.854147
2024-01-15,9876.017606
2024-01-16,9816.538866
2024-01-17,9736.775195
2024-01-18,9808.293881
2024-01-19,9908.92227
2024-01-22,9952.060761
2024-01-23,9957.80254
2024-01-24,9997.491118
2024-01-25,10025.143375
2024-01-26,10037.357576
2024-01-29,10100.253786
2024-01-30,10102.050125
2024-01-31,10004.09409
2024-02-01,10071.379423
2024-02-02,10136.677992
2024-02-05,10092.797159
2024-02-06,10127.223396
2024-02-07,10191.449013
2024-02-08,10195.45642
2024-02-09,10244.132171
2024-02-12,10242.89762
2024-02-13,10116.341377
2024-02-14,10196.834754
2024-02-15,10273.90422
2024-02-16,10260.267006
2024-02-19,10265.70779
2024-02-20,10226.888672
2024-02-21,10220.821312
2024-02-22,10402.088567
2024-02-23,10415.300799
2024-02-26,10389.86081
2024-02-27,10409.104799
2024-02-28,10381.236215
2024-02-29,10428.244322
2024-03-01,10512.664485
2024-03-04,10507.341202
2024-03-05,10429.255944
2024-03-06,10491.778445
2024-03-07,10602.796327
2024-03-08,10568.481585
2024-03-11,10527.775375
2024-03-12,10622.382909
2024-03-13,10619.423259
2024-03-14,10579.427205
2024-03-15,10518.897016
2024-03-18,10574.222093
2024-03-19,10613.984347
2024-03-20,10682.401848
2024-03-21,10745.101998
2024-03-22,10725.741353
2024-03-25,10701.1418
2024-03-26,10682.790137
2024-03-27,10754.990322
2024-03-28,10760.286696
2024-03-29,10763.354051
2024-04-01,10722.698779
2024-04-02,10656.231573
2024-04-03,10675.945312
2024-04-04,10603.735606
2024-04-05,10654.201278
2024-04-08,10674.232174
2024-04-09,10686.016127
2024-04-10,10584.776823
2024-04-11,10621.376072
2024-04-12,10497.262782
2024-04-15,10392.993171
2024-04-16,10329.178135
2024-04-17,10278.999356
2024-04-18,10276.382016
2024-04-19,10200.139868
2024-04-22,10285.131565
2024-04-23,10412.570273
2024-04-24,10415.539932
2024-04-25,10364.076953
2024-04-26,10454.503162
2024-04-29,10492.983169
2024-04-30,10363.552441
2024-05-01,10328.208124
2024-05-02,10416.479508
2024-05-03,10541.325886
2024-05-06,10635.248218
2024-05-07,10669.334301
2024-05-08,10650.636218
2024-05-09,10703.331853
2024-05-10,10732.129405
2024-05-13,10737.442463
2024-05-14,10782.647285
2024-05-15,10900.394005
2024-05-16,10892.419064
2024-05-17,10905.160646
2024-05-20,10920.955972
2024-05-21,10930.614097
2024-05-22,10885.982457
2024-05-23,10826.292842
2024-05-24,10875.978821
2024-05-27,10895.156308
2024-05-28,10884.85287
2024-05-29,10776.852845
2024-05-30,10747.491387
2024-05-31,10826.305639
2024-06-03,10853.0274
2024-06-04,10854.327537
2024-06-05,10947.970395
2024-06-06,10969.242604
2024-06-07,10935.126741
2024-06-10,10946.939684
2024-06-11,10939.817475
2024-06-12,11054.309183
2024-06-13,11017.34341
2024-06-14,10979.836956
2024-06-17,11031.562898
2024-06-18,11077.217785
2024-06-19,11080.536802
2024-06-20,11068.261737
2024-06-21,11031.220324
2024-06-24,11035.335656
2024-06-25,11072.400249
2024-06-26,11070.77741
2024-06-27,11077.372015
2024-06-28,11046.598229
2024-07-01,11072.888995
2024-07-02,11128.055666
2024-07-03,11206.110207
2024-07-04,11228.677777
2024-07-05,11265.860859
2024-07-08,11271.686292
2024-07-09,11261.249761
2024-07-10,11369.947568
2024-07-11,11346.692407
2024-07-12,11413.947444
2024-07-15,11421.019927
2024-07-16,11463.113431
2024-07-17,11352.461427
2024-07-18,11264.691118
2024-07-19,11182.99015
2024-07-22,11280.809639
2024-07-23,11268.86936
2024-07-24,11064.721829
2024-07-25,10985.896114
2024-07-26,11090.991811
2024-07-29,11098.81346
2024-07-30,11060.741623
2024-07-31,11241.266074
2024-08-01,11073.386433
2024-08-02,10855.624782
2024-08-05,10522.155573
2024-08-06,10642.448255
2024-08-07,10615.595547
2024-08-08,10791.245176
2024-08-09,10854.854784
2024-08-12,10851.465583
2024-08-13,11026.575515
2024-08-14,11091.374433
2024-08-15,11238.90552
2024-08-16,11290.537944
2024-08-19,11398.992859
2024-08-20,11390.945632
2024-08-21,11438.699784
2024-08-22,11366.53214
2024-08-23,11498.798053
2024-08-26,11474.676126
2024-08-27,11492.42289
2024-08-28,11441.910404
2024-08-29,11445.787456
2024-08-30,11538.37827
2024-09-02,11532.733344
2024-09-03,11332.123078
2024-09-04,11284.274738
2024-09-05,11245.321917
2024-09-06,11091.872595
2024-09-09,11180.424471
2024-09-10,11198.372676
2024-09-11,11282.458587
2024-09-12,11386.278477
2024-09-13,11461.843915
2024-09-16,11481.596314
2024-09-17,11481.014211
2024-09-18,11447.029228
2024-09-19,11636.274618
2024-09-20,11596.364835
2024-09-23,11632.79347
2024-09-24,11676.992197
2024-09-25,11656.95212
2024-09-26,11735.266213
2024-09-27,11760.982846
2024-09-30,11749.691393
2024-10-01,11656.737719
2024-10-02,11633.34326
2024-10-03,11601.778545
2024-10-04,11673.378946
2024-10-07,11611.387898
2024-10-08,11660.755177
2024-10-09,11729.95856
2024-10-10,11713.969087
2024-10-11,11781.001738
2024-10-14,11849.098305
2024-10-15,11770.498577
2024-10-16,11792.348751
2024-10-17,11800.625843
2024-10-18,11848.954302
2024-10-21,11808.902278
2024-10-22,11780.731936
2024-10-23,11674.344753
2024-10-24,11704.889083
2024-10-25,11700.640938
2024-10-28,11734.82737
2024-10-29,11738.872851
2024-10-30,11702.75807
2024-10-31,11516.613707
2024-11-01,11557.629714
2024-11-04,11545.644145
2024-11-05,11662.062939
2024-11-06,11849.081208
2024-11-07,11961.209041
2024-11-08,11974.994844
2024-11-11,11988.156038
2024-11-12,11919.13672
2024-11-13,11900.168136
2024-11-14,11856.198415
2024-11-15,11724.030302
2024-11-18,11766.872714
2024-11-19,11816.24012
2024-11-20,11797.016044
2024-11-21,11863.744481
2024-11-22,11903.443479
2024-11-25,11953.5824
2024-11-26,11980.928439
2024-11-27,11967.917617
2024-11-28,11978.405885
2024-11-29,12045.071732
2024-12-02,12069.990823
2024-12-03,12109.476103
2024-12-04,12171.643243
2024-12-05,12168.155078
2024-12-06,12189.75139
2024-12-09,12135.601783
2024-12-10,12069.640452
2024-12-11,12150.800375
2024-12-12,12099.30383
2024-12-13,12072.286633
2024-12-16,12103.920055
2024-12-17,12056.982564
2024-12-18,11767.181309
2024-12-19,11690.449364
2024-12-20,11776.713781
2024-12-23,11846.347567
2024-12-24,11950.018254
2024-12-25,11952.034129
2024-12-26,11953.033635
2024-12-27,11880.490347
2024-12-30,11765.522706
2024-12-31,11731.170265
2025-01-01,11731.29332
2025-01-02,11715.330266
2025-01-03,11825.986539
2025-01-06,11907.619686
2025-01-07,11814.15282
2025-01-08,11810.101979
2025-01-09,11809.998413
2025-01-10,11640.779125
2025-01-13,11630.326542
2025-01-14,11654.245719
2025-01-15,11851.11811
2025-01-16,11858.94136
2025-01-17,11957.168354
2025-01-20,11990.761255
2025-01-21,12082.320351
2025-01-22,12148.601457
2025-01-23,12205.621202
2025-01-24,12208.141159
2025-01-27,12070.854438
2025-01-28,12143.416962
2025-01-29,12118.750885
2025-01-30,12198.248098
2025-01-31,12145.146701
2025-02-03,12018.735797
2025-02-04,12113.213696
2025-02-05,12183.840714
2025-02-06,12232.5611
2025-02-07,12134.175713
2025-02-10,12202.499272
2025-02-11,12205.384637
2025-02-12,12184.61569
2025-02-13,12331.024731
2025-02-14,12347.831767
2025-02-17,12358.301225
2025-02-18,12386.457036
2025-02-19,12374.713266
2025-02-20,12334.801959
2025-02-21,12174.972712
2025-02-24,12128.057539
2025-02-25,12084.451554
2025-02-26,12105.989269
2025-02-27,11936.580776
2025-02-28,12057.735537
2025-03-03,11947.471657
2025-03-04,11803.175929
2025-03-05,11971.481783
2025-03-06,11825.98364
2025-03-07,11856.828595
2025-03-10,11576.313867
2025-03-11,11487.570776
2025-03-12,11550.83231
2025-03-13,11414.262627
2025-03-14,11625.051896
2025-03-17,11725.496225
2025-03-18,11647.639016
2025-03-19,11740.763928
2025-03-20,11715.210306
2025-03-21,11704.41967
2025-03-24,11850.142352
2025-03-25,11885.713364
2025-03-26,11766.570812
2025-03-27,11727.33075
2025-03-28,11539.098748
2025-03-31,11520.918542
2025-04-01,11587.605619
2025-04-02,11648.404113
2025-04-03,11217.756431
2025-04-04,10563.245147
2025-04-07,10375.238465
2025-04-08,10335.089999
2025-04-09,11003.799998
2025-04-10,10870.072074
2025-04-11,11027.749579
2025-04-14,11164.113458
