Date,Value
1998-12-31,3076.327018
1999-01-01,3076.328895
1999-01-04,3186.00026
1999-01-05,3220.21923
1999-01-06,3276.046598
1999-01-07,3222.545672
1999-01-08,3209.213178
1999-01-11,3158.087423
1999-01-12,3116.224057
1999-01-13,3035.706919
1999-01-14,3042.213105
1999-01-15,3063.990147
1999-01-18,3134.786922
1999-01-19,3124.469936
1999-01-20,3143.866086
1999-01-21,3113.965325
1999-01-22,3033.068477
1999-01-25,3040.128955
1999-01-26,3044.597597
1999-01-27,3038.863569
1999-01-28,3053.240353
1999-01-29,3053.656857
1999-02-01,3087.253886
1999-02-02,3080.383155
1999-02-03,3043.595083
1999-02-04,3030.577082
1999-02-05,3016.517499
1999-02-08,2985.682458
1999-02-09,2937.754329
1999-02-10,2922.555243
1999-02-11,2956.719362
1999-02-12,2978.798284
1999-02-15,2984.61285
1999-02-16,2986.702045
1999-02-17,2971.770661
1999-02-18,2975.916904
1999-02-19,2957.721783
1999-02-22,2979.076692
1999-02-23,3003.976852
1999-02-24,3027.11763
1999-02-25,3002.549928
1999-02-26,2974.346839
1999-03-01,2926.040783
1999-03-02,2937.646535
1999-03-03,2914.24473
1999-03-04,2919.957039
1999-03-05,2985.288165
1999-03-08,2976.42782
1999-03-09,2987.299468
1999-03-10,3000.954545
1999-03-11,3014.343889
1999-03-12,3048.103902
1999-03-15,3032.14644
1999-03-16,3032.947239
1999-03-17,3036.429487
1999-03-18,3019.277887
1999-03-19,3037.844782
1999-03-22,3015.910017
1999-03-23,2960.688655
1999-03-24,2944.108452
1999-03-25,2975.931886
1999-03-26,2934.281094
1999-03-29,2974.635737
1999-03-30,2975.629575
1999-03-31,3010.337804
1999-04-01,3015.480254
1999-04-02,3010.157562
1999-04-05,2995.882974
1999-04-06,3040.897083
1999-04-07,3066.223745
1999-04-08,3085.490258
1999-04-09,3086.391499
1999-04-12,3094.576436
1999-04-13,3113.11023
1999-04-14,3108.288702
1999-04-15,3065.166134
1999-04-16,3051.718832
1999-04-19,3076.607979
1999-04-20,3013.670266
1999-04-21,3016.637876
1999-04-22,3044.99112
1999-04-23,3051.467712
1999-04-26,3065.770202
1999-04-27,3130.789481
1999-04-28,3118.701915
1999-04-29,3087.970085
1999-04-30,3101.537364
1999-05-03,3115.048746
1999-05-04,3123.346123
1999-05-05,3094.878439
1999-05-06,3110.130007
1999-05-07,3097.811748
1999-05-10,3103.108598
1999-05-11,3088.899198
1999-05-12,3062.903927
1999-05-13,3077.573546
1999-05-14,3041.087538
1999-05-17,2979.650827
1999-05-18,3004.947002
1999-05-19,3038.184193
1999-05-20,3061.516903
1999-05-21,3039.695777
1999-05-24,3028.091687
1999-05-25,3005.674831
1999-05-26,2976.432096
1999-05-27,2941.029971
1999-05-28,2949.791751
1999-05-31,2958.610596
1999-06-01,2964.437528
1999-06-02,2960.876095
1999-06-03,2982.373714
1999-06-04,2991.220923
1999-06-07,3018.069967
1999-06-08,3048.583717
1999-06-09,3058.503025
1999-06-10,3039.703806
1999-06-11,3072.749096
1999-06-14,3044.373732
1999-06-15,3044.732155
1999-06-16,3048.761897
1999-06-17,3058.783033
1999-06-18,3087.60471
1999-06-21,3104.413453
1999-06-22,3086.778593
1999-06-23,3053.944832
1999-06-24,3034.148083
1999-06-25,3054.808234
1999-06-28,3033.924188
1999-06-29,3022.81514
1999-06-30,3011.367451
1999-07-01,3060.508545
1999-07-02,3068.457989
1999-07-05,3119.955457
1999-07-06,3116.460903
1999-07-07,3089.012068
1999-07-08,3068.652167
1999-07-09,3073.842699
1999-07-12,3067.254407
1999-07-13,3032.650281
1999-07-14,3053.588962
1999-07-15,3096.750322
1999-07-16,3080.166982
1999-07-19,3059.091927
1999-07-20,3062.841323
1999-07-21,3049.865991
1999-07-22,3029.119273
1999-07-23,2988.69935
1999-07-26,3005.419249
1999-07-27,3020.916708
1999-07-28,3025.998216
1999-07-29,2987.289716
1999-07-30,3038.085228
1999-08-02,3031.593316
1999-08-03,3020.522754
1999-08-04,3035.420298
1999-08-05,2977.761347
1999-08-06,2979.050205
1999-08-09,2985.904261
1999-08-10,2946.468148
1999-08-11,2950.522317
1999-08-12,3006.263209
1999-08-13,3034.460792
1999-08-16,3045.063906
1999-08-17,3032.695472
1999-08-18,3042.112324
1999-08-19,3034.563202
1999-08-20,3069.700764
1999-08-23,3094.570437
1999-08-24,3080.01012
1999-08-25,3096.89977
1999-08-26,3093.981259
1999-08-27,3103.120134
1999-08-30,3095.507394
1999-08-31,3071.159927
1999-09-01,3096.304717
1999-09-02,3076.341015
1999-09-03,3119.33124
1999-09-06,3139.610418
1999-09-07,3129.389968
1999-09-08,3126.074979
1999-09-09,3140.571124
1999-09-10,3119.148567
1999-09-13,3074.671739
1999-09-14,3061.567632
1999-09-15,3041.895013
1999-09-16,3025.966622
1999-09-17,3032.334311
1999-09-20,3051.919655
1999-09-21,3033.620708
1999-09-22,3024.472204
1999-09-23,3035.571499
1999-09-24,3005.189509
1999-09-27,3043.04559
1999-09-28,3019.481017
1999-09-29,3031.353178
1999-09-30,3044.891694
1999-10-01,3039.822307
1999-10-04,3080.292219
1999-10-05,3093.075804
1999-10-06,3110.626926
1999-10-07,3144.421547
1999-10-08,3124.025284
1999-10-11,3134.472367
1999-10-12,3122.481645
1999-10-13,3100.098258
1999-10-14,3083.216391
1999-10-15,3054.768611
1999-10-18,3021.712246
1999-10-19,3073.518393
1999-10-20,3068.544311
1999-10-21,3059.622993
1999-10-22,3088.657614
1999-10-25,3066.440503
1999-10-26,3078.727845
1999-10-27,3054.953467
1999-10-28,3101.651465
1999-10-29,3153.688552
1999-11-01,3152.951218
1999-11-02,3151.131786
1999-11-03,3165.580802
1999-11-04,3182.077298
1999-11-05,3178.826143
1999-11-08,3173.956994
1999-11-09,3198.301908
1999-11-10,3223.49678
1999-11-11,3258.125978
1999-11-12,3228.270993
1999-11-15,3254.60183
1999-11-16,3271.751
1999-11-17,3290.412615
1999-11-18,3296.159132
1999-11-19,3278.67655
1999-11-22,3253.246031
1999-11-23,3263.938359
1999-11-24,3236.661214
1999-11-25,3303.501032
1999-11-26,3293.15596
1999-11-29,3280.212406
1999-11-30,3236.835949
1999-12-01,3265.975165
1999-12-02,3267.472936
1999-12-03,3326.703337
1999-12-06,3381.510718
1999-12-07,3399.298656
1999-12-08,3397.638546
1999-12-09,3391.310911
1999-12-10,3376.532944
1999-12-13,3378.33764
1999-12-14,3369.6903
1999-12-15,3329.51833
1999-12-16,3390.287202
1999-12-17,3391.696221
1999-12-20,3409.924012
1999-12-21,3402.182897
1999-12-22,3430.141941
1999-12-23,3508.809437
1999-12-24,3526.195607
1999-12-27,3523.499514
1999-12-28,3516.293772
1999-12-29,3525.035524
1999-12-30,3566.479986
1999-12-31,3566.479986
2000-01-03,3591.393497
2000-01-04,3502.216438
2000-01-05,3426.685103
2000-01-06,3414.313931
2000-01-07,3471.428649
2000-01-10,3513.089654
2000-01-11,3501.897207
2000-01-12,3489.976471
2000-01-13,3511.532417
2000-01-14,3545.401332
2000-01-17,3557.420941
2000-01-18,3484.697094
2000-01-19,3471.635686
2000-01-20,3465.739167
2000-01-21,3442.689756
2000-01-24,3436.311023
2000-01-25,3388.640105
2000-01-26,3410.099209
2000-01-27,3414.502633
2000-01-28,3379.569832
2000-01-31,3309.574163
2000-02-01,3345.786532
2000-02-02,3389.260601
2000-02-03,3477.970151
2000-02-04,3465.753718
2000-02-07,3428.649584
2000-02-08,3536.320138
2000-02-09,3551.867064
2000-02-10,3525.455443
2000-02-11,3517.868697
2000-02-14,3470.865128
2000-02-15,3419.307671
2000-02-16,3462.607989
2000-02-17,3501.989805
2000-02-18,3481.875548
2000-02-21,3452.134418
2000-02-22,3509.734396
2000-02-23,3550.136291
2000-02-24,3527.959911
2000-02-25,3535.15261
2000-02-28,3455.653767
2000-02-29,3481.706935
2000-03-01,3544.596719
2000-03-02,3613.273935
2000-03-03,3634.174993
2000-03-06,3665.216302
2000-03-07,3620.875908
2000-03-08,3577.344312
2000-03-09,3629.481748
2000-03-10,3642.951785
2000-03-13,3567.238239
2000-03-14,3559.590706
2000-03-15,3497.523316
2000-03-16,3565.776646
2000-03-17,3576.895076
2000-03-20,3619.661836
2000-03-21,3625.35787
2000-03-22,3600.41498
2000-03-23,3613.621837
2000-03-24,3694.442639
2000-03-27,3684.507641
2000-03-28,3682.21187
2000-03-29,3621.661356
2000-03-30,3541.73635
2000-03-31,3567.024035
2000-04-03,3504.227894
2000-04-04,3515.90557
2000-04-05,3477.631417
2000-04-06,3530.582972
2000-04-07,3572.511341
2000-04-10,3572.525553
2000-04-11,3514.2031
2000-04-12,3494.816979
2000-04-13,3491.141537
2000-04-14,3399.009266
2000-04-17,3349.269549
2000-04-18,3371.477585
2000-04-19,3387.418557
2000-04-20,3406.466559
2000-04-21,3406.466559
2000-04-24,3406.89746
2000-04-25,3397.733943
2000-04-26,3417.920678
2000-04-27,3347.377516
2000-04-28,3412.209692
2000-05-01,3401.263813
2000-05-02,3462.925404
2000-05-03,3353.682725
2000-05-04,3347.693977
2000-05-05,3359.134407
2000-05-08,3340.266063
2000-05-09,3316.166425
2000-05-10,3281.8743
2000-05-11,3312.984426
2000-05-12,3367.28692
2000-05-15,3366.204945
2000-05-16,3396.383159
2000-05-17,3298.501909
2000-05-18,3312.958585
2000-05-19,3209.311498
2000-05-22,3193.114697
2000-05-23,3227.745064
2000-05-24,3193.3808
2000-05-25,3259.713609
2000-05-26,3292.319045
2000-05-29,3327.937651
2000-05-30,3392.516062
2000-05-31,3390.427051
2000-06-01,3445.498566
2000-06-02,3580.238151
2000-06-05,3550.654683
2000-06-06,3578.843621
2000-06-07,3549.025922
2000-06-08,3540.154072
2000-06-09,3526.059264
2000-06-12,3537.665692
2000-06-13,3552.134919
2000-06-14,3585.66147
2000-06-15,3541.937357
2000-06-16,3555.216907
2000-06-19,3542.933656
2000-06-20,3559.845733
2000-06-21,3495.353214
2000-06-22,3459.28008
2000-06-23,3443.642771
2000-06-26,3445.733136
2000-06-27,3444.769907
2000-06-28,3464.178731
2000-06-29,3405.628291
2000-06-30,3464.646917
2000-07-03,3495.801688
2000-07-04,3488.724673
2000-07-05,3487.664755
2000-07-06,3495.649562
2000-07-07,3531.610102
2000-07-10,3533.052992
2000-07-11,3523.491066
2000-07-12,3526.589341
2000-07-13,3511.472504
2000-07-14,3528.166035
2000-07-17,3539.501805
2000-07-18,3498.365264
2000-07-19,3470.602875
2000-07-20,3495.716172
2000-07-21,3469.67318
2000-07-24,3478.214932
2000-07-25,3494.897286
2000-07-26,3496.643232
2000-07-27,3432.463631
2000-07-28,3378.813517
2000-07-31,3408.258729
2000-08-01,3402.64935
2000-08-02,3369.257415
2000-08-03,3296.619808
2000-08-04,3342.102071
2000-08-07,3371.546213
2000-08-08,3347.506118
2000-08-09,3369.65104
2000-08-10,3398.985
2000-08-11,3388.215168
2000-08-14,3416.363646
2000-08-15,3443.333066
2000-08-16,3453.860769
2000-08-17,3444.905774
2000-08-18,3425.88205
2000-08-21,3410.087102
2000-08-22,3395.748616
2000-08-23,3377.097663
2000-08-24,3392.175291
2000-08-25,3410.646089
2000-08-28,3404.412274
2000-08-29,3381.752576
2000-08-30,3367.176609
2000-08-31,3369.98071
2000-09-01,3463.783019
2000-09-04,3493.947544
2000-09-05,3421.165532
2000-09-06,3376.052036
2000-09-07,3354.623979
2000-09-08,3289.094245
2000-09-11,3270.254851
2000-09-12,3251.825439
2000-09-13,3229.029424
2000-09-14,3248.731512
2000-09-15,3225.429469
2000-09-18,3172.589892
2000-09-19,3171.356865
2000-09-20,3115.594341
2000-09-21,3087.472623
2000-09-22,3192.588924
2000-09-25,3197.704958
2000-09-26,3190.158538
2000-09-27,3208.497179
2000-09-28,3206.495405
2000-09-29,3209.319159
2000-10-02,3228.270873
2000-10-03,3229.77973
2000-10-04,3200.057129
2000-10-05,3210.210274
2000-10-06,3183.577886
2000-10-09,3117.792354
2000-10-10,3119.403002
2000-10-11,3072.038881
2000-10-12,3051.068891
2000-10-13,3068.884116
2000-10-16,3049.05162
2000-10-17,3021.076875
2000-10-18,2989.049235
2000-10-19,3033.286973
2000-10-20,3044.031917
2000-10-23,3061.121589
2000-10-24,3128.102772
2000-10-25,3072.213141
2000-10-26,3051.555309
2000-10-27,3125.620872
2000-10-30,3143.839475
2000-10-31,3182.732855
2000-11-01,3216.176871
2000-11-02,3219.050002
2000-11-03,3231.566842
2000-11-06,3221.057671
2000-11-07,3217.039934
2000-11-08,3195.101831
2000-11-09,3177.202088
2000-11-10,3155.587442
2000-11-13,3100.010299
2000-11-14,3168.852303
2000-11-15,3186.204828
2000-11-16,3153.506243
2000-11-17,3135.202176
2000-11-20,3076.032183
2000-11-21,3081.324538
2000-11-22,3005.533157
2000-11-23,3021.729575
2000-11-24,3056.965231
2000-11-27,3104.638006
2000-11-28,3081.157801
2000-11-29,3085.867104
2000-11-30,3057.615788
2000-12-01,3102.854645
2000-12-04,3113.614965
2000-12-05,3181.586444
2000-12-06,3164.68593
2000-12-07,3168.00876
2000-12-08,3177.776917
2000-12-11,3204.766442
2000-12-12,3192.089437
2000-12-13,3171.081415
2000-12-14,3160.729535
2000-12-15,3135.935943
2000-12-18,3146.541678
2000-12-19,3166.102218
2000-12-20,3124.778399
2000-12-21,3117.865753
2000-12-22,3151.860229
2000-12-25,3151.860229
2000-12-26,3167.4278
2000-12-27,3219.73907
2000-12-28,3227.824213
2000-12-29,3266.806171
2001-01-01,3266.806171
2001-01-02,3252.237785
2001-01-03,3209.753218
2001-01-04,3266.27564
2001-01-05,3272.08177
2001-01-08,3251.795072
2001-01-09,3195.655417
2001-01-10,3178.255088
2001-01-11,3241.832842
2001-01-12,3259.309137
2001-01-15,3248.510006
2001-01-16,3202.397117
2001-01-17,3243.314914
2001-01-18,3275.318701
2001-01-19,3237.773318
2001-01-22,3240.011049
2001-01-23,3248.341989
2001-01-24,3225.429638
2001-01-25,3228.237826
2001-01-26,3228.814386
2001-01-29,3223.890494
2001-01-30,3240.192777
2001-01-31,3268.301532
2001-02-01,3269.734172
2001-02-02,3229.541031
2001-02-05,3246.143771
2001-02-06,3236.525649
2001-02-07,3200.554284
2001-02-08,3157.155581
2001-02-09,3131.48147
2001-02-12,3174.507755
2001-02-13,3149.07126
2001-02-14,3105.780773
2001-02-15,3095.403646
2001-02-16,3068.009331
2001-02-19,3074.777193
2001-02-20,3016.421596
2001-02-21,3000.44929
2001-02-22,2974.240362
2001-02-23,2927.459333
2001-02-26,2951.645673
2001-02-27,2985.135707
2001-02-28,2981.381589
2001-03-01,2985.39024
2001-03-02,3002.591155
2001-03-05,3018.013428
2001-03-06,3061.129518
2001-03-07,3052.563459
2001-03-08,3049.444146
2001-03-09,3015.755388
2001-03-12,2939.7012
2001-03-13,2874.248211
2001-03-14,2817.103652
2001-03-15,2848.994034
2001-03-16,2748.043218
2001-03-19,2732.777133
2001-03-20,2788.503407
2001-03-21,2721.797566
2001-03-22,2571.963798
2001-03-23,2655.896219
2001-03-26,2751.555618
2001-03-27,2818.680757
2001-03-28,2755.24357
2001-03-29,2741.776986
2001-03-30,2759.003984
2001-04-02,2743.12717
2001-04-03,2673.037783
2001-04-04,2728.848368
2001-04-05,2774.068179
2001-04-06,2779.47333
2001-04-09,2821.288558
2001-04-10,2852.612576
2001-04-11,2844.365205
2001-04-12,2866.143385
2001-04-13,2866.143385
2001-04-16,2842.542278
2001-04-17,2823.294122
2001-04-18,2873.768458
2001-04-19,2913.120595
2001-04-20,2925.101061
2001-04-23,2890.552229
2001-04-24,2892.681496
2001-04-25,2897.156735
2001-04-26,2927.597191
2001-04-27,2944.052417
2001-04-30,2955.067527
2001-05-01,2961.385857
2001-05-02,2948.624922
2001-05-03,2896.73613
2001-05-04,2922.079444
2001-05-07,2929.753602
2001-05-08,2910.850202
2001-05-09,2890.720223
2001-05-10,2940.258686
2001-05-11,2905.611039
2001-05-14,2850.604786
2001-05-15,2895.870187
2001-05-16,2915.543556
2001-05-17,2934.638468
2001-05-18,2940.333726
2001-05-21,2952.305554
2001-05-22,2946.526393
2001-05-23,2905.536289
2001-05-24,2898.609018
2001-05-25,2881.213097
2001-05-28,2892.838845
2001-05-29,2858.941611
2001-05-30,2831.28036
2001-05-31,2811.003108
2001-06-01,2802.066208
2001-06-04,2815.863299
2001-06-05,2848.433794
2001-06-06,2824.939637
2001-06-07,2827.901437
2001-06-08,2817.639116
2001-06-11,2771.732743
2001-06-12,2738.464892
2001-06-13,2769.212071
2001-06-14,2757.255853
2001-06-15,2744.249167
2001-06-18,2717.989425
2001-06-19,2716.098596
2001-06-20,2689.952353
2001-06-21,2695.281984
2001-06-22,2708.073717
2001-06-25,2725.082105
2001-06-26,2684.431832
2001-06-27,2680.593584
2001-06-28,2684.48611
2001-06-29,2704.739364
2001-07-02,2743.069175
2001-07-03,2710.213109
2001-07-04,2689.681686
2001-07-05,2645.764552
2001-07-06,2611.753144
2001-07-09,2622.791087
2001-07-10,2624.906397
2001-07-11,2605.315034
2001-07-12,2614.796461
2001-07-13,2628.784043
2001-07-16,2624.303792
2001-07-17,2591.403445
2001-07-18,2614.407507
2001-07-19,2651.131457
2001-07-20,2638.753403
2001-07-23,2635.444966
2001-07-24,2615.633394
2001-07-25,2594.474685
2001-07-26,2608.991739
2001-07-27,2648.707553
2001-07-30,2682.400811
2001-07-31,2711.464729
2001-08-01,2731.36818
2001-08-02,2741.460977
2001-08-03,2726.720713
2001-08-06,2711.883805
2001-08-07,2707.33728
2001-08-08,2673.557109
2001-08-09,2656.916209
2001-08-10,2655.273976
2001-08-13,2677.667394
2001-08-14,2707.726045
2001-08-15,2729.235642
2001-08-16,2704.838934
2001-08-17,2672.45071
2001-08-20,2663.19709
2001-08-21,2692.577425
2001-08-22,2707.416771
2001-08-23,2692.809002
2001-08-24,2733.072447
2001-08-27,2726.695377
2001-08-28,2694.980631
2001-08-29,2692.493187
2001-08-30,2637.846547
2001-08-31,2640.869845
2001-09-03,2607.579939
2001-09-04,2599.863007
2001-09-05,2558.585389
2001-09-06,2508.019295
2001-09-07,2479.949305
2001-09-10,2447.124287
2001-09-11,2317.740894
2001-09-12,2353.157681
2001-09-13,2384.080277
2001-09-14,2293.361105
2001-09-17,2349.597332
2001-09-18,2330.140329
2001-09-19,2295.687936
2001-09-20,2201.028923
2001-09-21,2119.87243
2001-09-24,2228.742419
2001-09-25,2273.960214
2001-09-26,2302.392085
2001-09-27,2329.754404
2001-09-28,2377.325435
2001-10-01,2340.288537
2001-10-02,2359.463307
2001-10-03,2378.200636
2001-10-04,2441.343377
2001-10-05,2441.416207
2001-10-08,2440.818414
2001-10-09,2433.010549
2001-10-10,2473.853991
2001-10-11,2482.326495
2001-10-12,2479.222093
2001-10-15,2433.176713
2001-10-16,2458.950227
2001-10-17,2505.933065
2001-10-18,2459.945265
2001-10-19,2409.488697
2001-10-22,2429.939871
2001-10-23,2478.11497
2001-10-24,2492.699492
2001-10-25,2458.311747
2001-10-26,2505.56011
2001-10-29,2483.70881
2001-10-30,2435.363952
2001-10-31,2452.905249
2001-11-01,2481.962527
2001-11-02,2486.016776
2001-11-05,2524.914282
2001-11-06,2525.057213
2001-11-07,2553.028736
2001-11-08,2580.55247
2001-11-09,2555.761471
2001-11-12,2503.451199
2001-11-13,2546.519479
2001-11-14,2549.469361
2001-11-15,2549.213853
2001-11-16,2575.907176
2001-11-19,2587.463648
2001-11-20,2565.526724
2001-11-21,2546.562094
2001-11-22,2575.118265
2001-11-23,2555.029838
2001-11-26,2559.274411
2001-11-27,2536.723135
2001-11-28,2518.66914
2001-11-29,2520.394633
2001-11-30,2551.366567
2001-12-03,2525.9364
2001-12-04,2560.295349
2001-12-05,2625.886219
2001-12-06,2643.890672
2001-12-07,2617.044121
2001-12-10,2571.622009
2001-12-11,2573.297639
2001-12-12,2566.427146
2001-12-13,2530.660326
2001-12-14,2521.889179
2001-12-17,2585.929684
2001-12-18,2580.285485
2001-12-19,2549.554319
2001-12-20,2531.646282
2001-12-21,2549.217015
2001-12-24,2533.741923
2001-12-25,2533.741923
2001-12-26,2539.711708
2001-12-27,2593.698556
2001-12-28,2599.037796
2001-12-31,2616.72091
2002-01-01,2616.72091
2002-01-02,2619.884025
2002-01-03,2657.955388
2002-01-04,2649.199466
2002-01-07,2618.924803
2002-01-08,2594.07776
2002-01-09,2589.487014
2002-01-10,2573.759154
2002-01-11,2582.211362
2002-01-14,2537.004814
2002-01-15,2549.471862
2002-01-16,2503.087696
2002-01-17,2525.920095
2002-01-18,2523.134313
2002-01-21,2509.965272
2002-01-22,2510.639388
2002-01-23,2527.94239
2002-01-24,2547.794162
2002-01-25,2502.160173
2002-01-28,2512.3486
2002-01-29,2479.161787
2002-01-30,2450.719382
2002-01-31,2479.990028
2002-02-01,2486.566839
2002-02-04,2473.126913
2002-02-05,2438.637031
2002-02-06,2414.857374
2002-02-07,2438.272293
2002-02-08,2444.758359
2002-02-11,2479.342567
2002-02-12,2472.749299
2002-02-13,2482.499092
2002-02-14,2503.640342
2002-02-15,2490.192537
2002-02-18,2468.314087
2002-02-19,2432.418146
2002-02-20,2411.850462
2002-02-21,2432.820249
2002-02-22,2424.791542
2002-02-25,2445.88421
2002-02-26,2456.515324
2002-02-27,2480.652356
2002-02-28,2479.571872
2002-03-01,2502.470609
2002-03-04,2564.897649
2002-03-05,2553.816622
2002-03-06,2575.535506
2002-03-07,2605.579373
2002-03-08,2608.968908
2002-03-11,2594.726938
2002-03-12,2565.1729
2002-03-13,2572.787882
2002-03-14,2594.585933
2002-03-15,2619.264321
2002-03-18,2627.392506
2002-03-19,2638.662204
2002-03-20,2619.322007
2002-03-21,2607.423621
2002-03-22,2612.130099
2002-03-25,2588.376515
2002-03-26,2593.644692
2002-03-27,2586.322697
2002-03-28,2613.94741
2002-03-29,2613.94741
2002-04-01,2638.145159
2002-04-02,2625.78023
2002-04-03,2620.162884
2002-04-04,2599.134035
2002-04-05,2592.933249
2002-04-08,2546.284488
2002-04-09,2555.484035
2002-04-10,2583.899799
2002-04-11,2553.523889
2002-04-12,2556.338534
2002-04-15,2577.980652
2002-04-16,2624.461904
2002-04-17,2640.281049
2002-04-18,2629.269068
2002-04-19,2630.270166
2002-04-22,2610.361008
2002-04-23,2602.713488
2002-04-24,2601.026105
2002-04-25,2592.847364
2002-04-26,2581.780673
2002-04-29,2582.348575
2002-04-30,2593.99608
2002-05-01,2600.440517
2002-05-02,2590.878709
2002-05-03,2600.599193
2002-05-06,2600.383693
2002-05-07,2562.20108
2002-05-08,2607.124194
2002-05-09,2598.308658
2002-05-10,2581.507694
2002-05-13,2599.84486
2002-05-14,2604.990554
2002-05-15,2632.586965
2002-05-16,2629.799712
2002-05-17,2645.347426
2002-05-20,2631.945419
2002-05-21,2618.567474
2002-05-22,2605.820427
2002-05-23,2596.103351
2002-05-24,2601.009221
2002-05-27,2596.309366
2002-05-28,2595.558991
2002-05-29,2596.465423
2002-05-30,2574.794229
2002-05-31,2586.052894
2002-06-03,2575.232216
2002-06-04,2541.668313
2002-06-05,2511.653234
2002-06-06,2520.334394
2002-06-07,2487.689725
2002-06-10,2491.076037
2002-06-11,2511.290211
2002-06-12,2466.731736
2002-06-13,2435.962853
2002-06-14,2380.621263
2002-06-17,2448.327671
2002-06-18,2446.815365
2002-06-19,2424.818776
2002-06-20,2394.173937
2002-06-21,2399.852977
2002-06-24,2359.405669
2002-06-25,2399.980598
2002-06-26,2397.18118
2002-06-27,2411.261782
2002-06-28,2496.275068
2002-07-01,2502.912408
2002-07-02,2425.550547
2002-07-03,2347.730284
2002-07-04,2391.627874
2002-07-05,2468.393756
2002-07-08,2490.365558
2002-07-09,2477.541448
2002-07-10,2389.681367
2002-07-11,2305.410801
2002-07-12,2309.150384
2002-07-15,2226.405945
2002-07-16,2233.954784
2002-07-17,2302.078793
2002-07-18,2336.06917
2002-07-19,2241.060959
2002-07-22,2119.36871
2002-07-23,2053.073561
2002-07-24,2027.761038
2002-07-25,2116.965549
2002-07-26,2115.919558
2002-07-29,2212.732035
2002-07-30,2219.766432
2002-07-31,2218.519347
2002-08-01,2133.654631
2002-08-02,2138.364603
2002-08-05,2075.265525
2002-08-06,2114.820831
2002-08-07,2103.695442
2002-08-08,2177.610157
2002-08-09,2215.823082
2002-08-12,2179.61917
2002-08-13,2202.465235
2002-08-14,2171.513914
2002-08-15,2222.46389
2002-08-16,2240.424785
2002-08-19,2286.232131
2002-08-20,2250.359597
2002-08-21,2281.754431
2002-08-22,2307.966939
2002-08-23,2278.687567
2002-08-26,2261.341999
2002-08-27,2318.208367
2002-08-28,2235.308261
2002-08-29,2205.385339
2002-08-30,2218.112865
2002-09-02,2187.456723
2002-09-03,2126.09663
2002-09-04,2130.281112
2002-09-05,2116.010434
2002-09-06,2165.222462
2002-09-09,2129.802986
2002-09-10,2167.536151
2002-09-11,2203.548954
2002-09-12,2136.619937
2002-09-13,2100.834601
2002-09-16,2083.75325
2002-09-17,2059.773771
2002-09-18,2003.27708
2002-09-19,1977.669436
2002-09-20,1984.233844
2002-09-23,1920.292155
2002-09-24,1886.554642
2002-09-25,1911.505383
2002-09-26,1992.531922
2002-09-27,1991.446962
2002-09-30,1926.31978
2002-10-01,1947.348739
2002-10-02,2002.089987
2002-10-03,1980.793496
2002-10-04,1930.765781
2002-10-07,1906.7913
2002-10-08,1869.797364
2002-10-09,1870.151867
2002-10-10,1909.095702
2002-10-11,2002.382918
2002-10-14,1985.503626
2002-10-15,2091.351574
2002-10-16,2058.474391
2002-10-17,2104.663217
2002-10-18,2092.954281
2002-10-21,2100.22559
2002-10-22,2087.789193
2002-10-23,2024.540762
2002-10-24,2071.371465
2002-10-25,2067.365565
2002-10-28,2100.262831
2002-10-29,2022.187678
2002-10-30,2069.082178
2002-10-31,2112.507504
2002-11-01,2099.77992
2002-11-04,2167.911919
2002-11-05,2186.15139
2002-11-06,2157.811421
2002-11-07,2140.345637
2002-11-08,2126.072419
2002-11-11,2109.573563
2002-11-12,2136.998813
2002-11-13,2117.097695
2002-11-14,2147.710253
2002-11-15,2165.24703
2002-11-18,2189.320964
2002-11-19,2183.912358
2002-11-20,2164.827419
2002-11-21,2225.088246
2002-11-22,2225.796171
2002-11-25,2195.900756
2002-11-26,2156.909343
2002-11-27,2196.101569
2002-11-28,2222.628505
2002-11-29,2216.238868
2002-12-02,2215.757565
2002-12-03,2174.056976
2002-12-04,2170.139509
2002-12-05,2147.010368
2002-12-06,2152.543755
2002-12-09,2106.714723
2002-12-10,2115.944751
2002-12-11,2136.858378
2002-12-12,2120.23475
2002-12-13,2105.065818
2002-12-16,2158.109063
2002-12-17,2146.111105
2002-12-18,2101.560638
2002-12-19,2092.628693
2002-12-20,2116.12148
2002-12-23,2121.078065
2002-12-24,2129.847302
2002-12-25,2129.847302
2002-12-26,2132.714265
2002-12-27,2082.044753
2002-12-30,2113.58659
2002-12-31,2135.875497
2003-01-01,2135.875497
2003-01-02,2175.461651
2003-01-03,2195.121593
2003-01-06,2216.645972
2003-01-07,2189.87123
2003-01-08,2150.982012
2003-01-09,2181.424816
2003-01-10,2197.753752
2003-01-13,2199.863495
2003-01-14,2215.19566
2003-01-15,2183.184622
2003-01-16,2180.13013
2003-01-17,2147.385878
2003-01-20,2120.530743
2003-01-21,2100.055464
2003-01-22,2066.948772
2003-01-23,2061.888364
2003-01-24,2053.669493
2003-01-27,1986.752162
2003-01-28,1990.952914
2003-01-29,2005.210051
2003-01-30,2035.370303
2003-01-31,2034.831261
2003-02-03,2069.700001
2003-02-04,2027.376779
2003-02-05,2057.862851
2003-02-06,2013.358116
2003-02-07,1992.111978
2003-02-10,1971.901321
2003-02-11,2007.734159
2003-02-12,1973.642389
2003-02-13,1979.820275
2003-02-14,2003.435333
2003-02-17,2029.733599
2003-02-18,2039.76032
2003-02-19,2003.2108
2003-02-20,2004.998941
2003-02-21,2021.224724
2003-02-24,1989.362879
2003-02-25,1929.31499
2003-02-26,1923.547993
2003-02-27,1929.574872
2003-02-28,1968.423602
2003-03-03,1987.649926
2003-03-04,1953.236079
2003-03-05,1946.907212
2003-03-06,1931.654857
2003-03-07,1902.355123
2003-03-10,1860.71912
2003-03-11,1862.22219
2003-03-12,1797.209658
2003-03-13,1876.297248
2003-03-14,1932.449553
2003-03-17,1980.662771
2003-03-18,1977.476675
2003-03-19,1996.905999
2003-03-20,1992.50987
2003-03-21,2044.519395
2003-03-24,1980.946016
2003-03-25,2008.081854
2003-03-26,2008.395331
2003-03-27,1980.605221
2003-03-28,1978.821252
2003-03-31,1939.056985
2003-04-01,1962.885426
2003-04-02,2007.572208
2003-04-03,2017.569619
2003-04-04,2035.329617
2003-04-07,2089.324277
2003-04-08,2065.033841
2003-04-09,2068.148633
2003-04-10,2053.407738
2003-04-11,2058.872647
2003-04-14,2085.09803
2003-04-15,2120.962017
2003-04-16,2110.895501
2003-04-17,2135.739473
2003-04-18,2135.739473
2003-04-21,2121.168114
2003-04-22,2155.376507
2003-04-23,2182.572609
2003-04-24,2163.622199
2003-04-25,2138.249397
2003-04-28,2182.351295
2003-04-29,2176.935653
2003-04-30,2200.582192
2003-05-01,2210.301668
2003-05-02,2216.871934
2003-05-05,2242.538443
2003-05-06,2286.843669
2003-05-07,2262.367962
2003-05-08,2228.658349
2003-05-09,2252.963342
2003-05-12,2265.982753
2003-05-13,2266.869659
2003-05-14,2268.745568
2003-05-15,2289.476033
2003-05-16,2313.324791
2003-05-19,2265.337124
2003-05-20,2269.610614
2003-05-21,2258.596462
2003-05-22,2285.516272
2003-05-23,2290.314821
2003-05-26,2294.515175
2003-05-27,2309.341768
2003-05-28,2335.464743
2003-05-29,2358.556713
2003-05-30,2343.315498
2003-06-02,2381.79218
2003-06-03,2365.19862
2003-06-04,2381.519088
2003-06-05,2398.364157
2003-06-06,2425.880548
2003-06-09,2407.543716
2003-06-10,2401.911167
2003-06-11,2450.785171
2003-06-12,2463.961117
2003-06-13,2443.641121
2003-06-16,2492.201018
2003-06-17,2511.645141
2003-06-18,2500.436504
2003-06-19,2461.097415
2003-06-20,2464.72731
2003-06-23,2407.172426
2003-06-24,2392.279438
2003-06-25,2410.50456
2003-06-26,2382.874976
2003-06-27,2382.759854
2003-06-30,2365.909375
2003-07-01,2342.834526
2003-07-02,2373.27229
2003-07-03,2388.386735
2003-07-04,2376.193576
2003-07-07,2401.86591
2003-07-08,2389.742445
2003-07-09,2376.259911
2003-07-10,2358.352369
2003-07-11,2376.511759
2003-07-14,2407.091055
2003-07-15,2378.548879
2003-07-16,2360.15803
2003-07-17,2332.643201
2003-07-18,2342.790903
2003-07-21,2341.262679
2003-07-22,2358.941129
2003-07-23,2375.582151
2003-07-24,2421.880997
2003-07-25,2415.878317
2003-07-28,2434.958668
2003-07-29,2427.190582
2003-07-30,2416.244971
2003-07-31,2413.972487
2003-08-01,2388.689063
2003-08-04,2390.214947
2003-08-05,2407.14177
2003-08-06,2380.314947
2003-08-07,2390.093867
2003-08-08,2397.261577
2003-08-11,2405.274009
2003-08-12,2413.801814
2003-08-13,2422.847435
2003-08-14,2445.38754
2003-08-15,2449.122679
2003-08-18,2452.258574
2003-08-19,2441.767609
2003-08-20,2440.763232
2003-08-21,2430.400118
2003-08-22,2417.689301
2003-08-25,2407.792501
2003-08-26,2380.804739
2003-08-27,2401.197241
2003-08-28,2412.450641
2003-08-29,2409.412619
2003-09-01,2436.951097
2003-09-02,2421.389422
2003-09-03,2454.582292
2003-09-04,2465.067441
2003-09-05,2480.947799
2003-09-08,2507.805273
2003-09-09,2496.358729
2003-09-10,2477.490112
2003-09-11,2480.562482
2003-09-12,2490.016015
2003-09-15,2498.202369
2003-09-16,2500.474145
2003-09-17,2520.036963
2003-09-18,2543.460427
2003-09-19,2539.84649
2003-09-22,2522.930124
2003-09-23,2515.481175
2003-09-24,2513.445871
2003-09-25,2504.751851
2003-09-26,2478.34868
2003-09-29,2478.944909
2003-09-30,2458.425668
2003-10-01,2507.143269
2003-10-02,2515.521116
2003-10-03,2562.726922
2003-10-06,2562.408545
2003-10-07,2564.077292
2003-10-08,2568.578853
2003-10-09,2598.644973
2003-10-10,2601.9537
2003-10-13,2619.046684
2003-10-14,2613.587203
2003-10-15,2626.389631
2003-10-16,2628.900089
2003-10-17,2610.694913
2003-10-20,2618.791165
2003-10-21,2625.806109
2003-10-22,2604.344004
2003-10-23,2584.088874
2003-10-24,2589.843548
2003-10-27,2600.836501
2003-10-28,2608.91012
2003-10-29,2619.010165
2003-10-30,2636.720754
2003-10-31,2622.885556
2003-11-03,2632.410388
2003-11-04,2627.149023
2003-11-05,2608.837581
2003-11-06,2608.990374
2003-11-07,2644.900058
2003-11-10,2629.71607
2003-11-11,2622.191966
2003-11-12,2656.745498
2003-11-13,2679.985575
2003-11-14,2706.542835
2003-11-17,2661.284251
2003-11-18,2683.609998
2003-11-19,2673.896188
2003-11-20,2667.224151
2003-11-21,2677.894265
2003-11-24,2694.085741
2003-11-25,2700.010931
2003-11-26,2719.384208
2003-11-27,2726.689212
2003-11-28,2734.518503
2003-12-01,2772.019302
2003-12-02,2786.062754
2003-12-03,2806.163115
2003-12-04,2791.766146
2003-12-05,2790.731651
2003-12-08,2795.570754
2003-12-09,2812.369641
2003-12-10,2798.400182
2003-12-11,2793.285891
2003-12-12,2816.257649
2003-12-15,2828.569711
2003-12-16,2823.926746
2003-12-17,2837.565119
2003-12-18,2862.635143
2003-12-19,2865.296049
2003-12-22,2869.329354
2003-12-23,2884.216053
2003-12-24,2897.459049
2003-12-25,2897.459049
2003-12-26,2897.339525
2003-12-29,2913.633973
2003-12-30,2935.003086
2003-12-31,2959.090824
2004-01-01,2959.090824
2004-01-02,2984.486163
2004-01-05,3019.577729
2004-01-06,3036.476541
2004-01-07,3009.158077
2004-01-08,3046.524865
2004-01-09,3059.638872
2004-01-12,3045.298817
2004-01-13,3047.237273
2004-01-14,3050.498013
2004-01-15,3031.855345
2004-01-16,3013.15578
2004-01-19,3015.811348
2004-01-20,3047.21829
2004-01-21,3075.453103
2004-01-22,3096.306635
2004-01-23,3084.914993
2004-01-26,3046.742153
2004-01-27,3062.349298
2004-01-28,3072.87143
2004-01-29,2997.23016
2004-01-30,2993.686314
2004-02-02,3003.454544
2004-02-03,3024.61396
2004-02-04,3007.263698
2004-02-05,3022.497085
2004-02-06,3065.359985
2004-02-09,3095.543812
2004-02-10,3101.192513
2004-02-11,3102.962498
2004-02-12,3134.995191
2004-02-13,3119.841318
2004-02-16,3127.444592
2004-02-17,3164.892494
2004-02-18,3166.783317
2004-02-19,3171.295267
2004-02-20,3126.808801
2004-02-23,3127.457953
2004-02-24,3123.33612
2004-02-25,3108.183545
2004-02-26,3082.242945
2004-02-27,3081.368531
2004-03-01,3119.27494
2004-03-02,3100.632738
2004-03-03,3050.931284
2004-03-04,3079.809716
2004-03-05,3126.667924
2004-03-08,3122.496252
2004-03-09,3103.442454
2004-03-10,3052.764031
2004-03-11,2977.588131
2004-03-12,2971.574376
2004-03-15,2924.293447
2004-03-16,2966.692272
2004-03-17,2978.688061
2004-03-18,2974.900644
2004-03-19,2979.686768
2004-03-22,2931.492158
2004-03-23,2923.643981
2004-03-24,2897.986087
2004-03-25,2926.087419
2004-03-26,2913.490137
2004-03-29,2958.7209
2004-03-30,2965.715883
2004-03-31,2985.342154
2004-04-01,3039.188846
2004-04-02,3037.217974
2004-04-05,3023.287426
2004-04-06,3020.158109
2004-04-07,3043.427662
2004-04-08,3041.149612
2004-04-09,3041.149612
2004-04-12,3035.800623
2004-04-13,3019.275238
2004-04-14,2978.261824
2004-04-15,2979.708959
2004-04-16,3022.687979
2004-04-19,3029.163662
2004-04-20,3021.126882
2004-04-21,2981.97066
2004-04-22,2997.5976
2004-04-23,3000.973604
2004-04-26,3019.482258
2004-04-27,3030.69262
2004-04-28,2974.744232
2004-04-29,2975.738646
2004-04-30,2960.581418
2004-05-03,2970.954167
2004-05-04,3015.659219
2004-05-05,3040.790013
2004-05-06,2989.206319
2004-05-07,2950.078133
2004-05-10,2859.456941
2004-05-11,2878.678194
2004-05-12,2872.179696
2004-05-13,2888.197022
2004-05-14,2875.504432
2004-05-17,2867.85294
2004-05-18,2880.727133
2004-05-19,2946.633639
2004-05-20,2902.515418
2004-05-21,2921.160012
2004-05-24,2926.843892
2004-05-25,2945.351327
2004-05-26,2968.749395
2004-05-27,3026.316927
2004-05-28,3003.204342
2004-05-31,3008.662097
2004-06-01,2990.97934
2004-06-02,3016.983863
2004-06-03,3021.344958
2004-06-04,3041.926573
2004-06-07,3080.412303
2004-06-08,3077.657375
2004-06-09,3035.809635
2004-06-10,3040.443973
2004-06-11,3016.977985
2004-06-14,2992.748737
2004-06-15,3013.791219
2004-06-16,3027.143776
2004-06-17,3038.103538
2004-06-18,3064.593816
2004-06-21,3054.403169
2004-06-22,3022.111594
2004-06-23,3032.299369
2004-06-24,3066.920838
2004-06-25,3056.584376
2004-06-28,3089.761368
2004-06-29,3057.414975
2004-06-30,3048.905034
2004-07-01,3038.24765
2004-07-02,3053.838306
2004-07-05,3045.296123
2004-07-06,3030.573485
2004-07-07,3048.367193
2004-07-08,3066.761127
2004-07-09,3061.99265
2004-07-12,3053.214955
2004-07-13,3036.957516
2004-07-14,3048.159361
2004-07-15,3011.653448
2004-07-16,3036.455497
2004-07-19,3015.73808
2004-07-20,3011.187262
2004-07-21,3003.467572
2004-07-22,2968.677927
2004-07-23,2937.370574
2004-07-26,2919.469266
2004-07-27,2924.071659
2004-07-28,2926.823855
2004-07-29,2968.562736
2004-07-30,2965.001231
2004-08-02,2961.249502
2004-08-03,2977.460128
2004-08-04,2953.609972
2004-08-05,2956.041898
2004-08-06,2939.855899
2004-08-09,2914.664274
2004-08-10,2946.17378
2004-08-11,2902.569004
2004-08-12,2902.665438
2004-08-13,2921.268915
2004-08-16,2947.217276
2004-08-17,2947.618728
2004-08-18,2941.962238
2004-08-19,2963.688165
2004-08-20,2948.90315
2004-08-23,2959.656525
2004-08-24,2935.651912
2004-08-25,2939.285518
2004-08-26,2961.986628
2004-08-27,2971.675281
2004-08-30,2968.589621
2004-08-31,2966.790302
2004-09-01,2991.278545
2004-09-02,2998.732997
2004-09-03,2997.193683
2004-09-06,3013.099535
2004-09-07,3011.456341
2004-09-08,3022.516111
2004-09-09,3014.183483
2004-09-10,3056.528271
2004-09-13,3069.773528
2004-09-14,3068.493047
2004-09-15,3030.369694
2004-09-16,3041.008263
2004-09-17,3064.666683
2004-09-20,3050.234239
2004-09-21,3091.876805
2004-09-22,3070.200379
2004-09-23,3061.521325
2004-09-24,3063.285635
2004-09-27,3050.962548
2004-09-28,3069.028273
2004-09-29,3080.87943
2004-09-30,3085.773103
2004-10-01,3133.430141
2004-10-04,3130.102993
2004-10-05,3144.844938
2004-10-06,3141.376889
2004-10-07,3135.867937
2004-10-08,3154.786638
2004-10-11,3144.071854
2004-10-12,3100.280951
2004-10-13,3099.359624
2004-10-14,3109.076782
2004-10-15,3125.186948
2004-10-18,3125.397319
2004-10-19,3155.678696
2004-10-20,3146.684609
2004-10-21,3165.384016
2004-10-22,3169.460889
2004-10-25,3152.86033
2004-10-26,3160.885941
2004-10-27,3197.924847
2004-10-28,3209.660343
2004-10-29,3197.155888
2004-11-01,3230.130284
2004-11-02,3248.199814
2004-11-03,3286.156705
2004-11-04,3297.830284
2004-11-05,3323.61364
2004-11-08,3330.482291
2004-11-09,3319.212812
2004-11-10,3328.079943
2004-11-11,3353.461849
2004-11-12,3374.850601
2004-11-15,3373.027509
2004-11-16,3360.573846
2004-11-17,3402.803721
2004-11-18,3393.931275
2004-11-19,3385.555975
2004-11-22,3364.000396
2004-11-23,3380.520017
2004-11-24,3397.556375
2004-11-25,3442.390319
2004-11-26,3442.057922
2004-11-29,3445.094018
2004-11-30,3431.701305
2004-12-01,3475.372542
2004-12-02,3480.399914
2004-12-03,3498.606509
2004-12-06,3496.631195
2004-12-07,3509.899663
2004-12-08,3461.415764
2004-12-09,3433.848831
2004-12-10,3438.116878
2004-12-13,3483.756461
2004-12-14,3484.139454
2004-12-15,3517.988316
2004-12-16,3495.217646
2004-12-17,3459.590364
2004-12-20,3515.779028
2004-12-21,3497.366444
2004-12-22,3519.974577
2004-12-23,3551.356897
2004-12-24,3564.641412
2004-12-27,3580.759052
2004-12-28,3579.169966
2004-12-29,3574.312495
2004-12-30,3585.610783
2004-12-31,3577.024502
2005-01-03,3563.349848
2005-01-04,3531.909442
2005-01-05,3504.013106
2005-01-06,3493.754269
2005-01-07,3483.410251
2005-01-10,3495.508355
2005-01-11,3483.963332
2005-01-12,3492.530939
2005-01-13,3484.365396
2005-01-14,3473.270374
2005-01-17,3483.985341
2005-01-18,3471.328513
2005-01-19,3480.570934
2005-01-20,3444.434004
2005-01-21,3453.495859
2005-01-24,3463.594014
2005-01-25,3463.073977
2005-01-26,3496.072791
2005-01-27,3501.86801
2005-01-28,3481.005149
2005-01-31,3510.726138
2005-02-01,3531.639784
2005-02-02,3550.068676
2005-02-03,3526.624523
2005-02-04,3557.102165
2005-02-07,3545.421196
2005-02-08,3533.968796
2005-02-09,3535.3589
2005-02-10,3560.54115
2005-02-11,3588.22074
2005-02-14,3618.173961
2005-02-15,3633.82699
2005-02-16,3618.590531
2005-02-17,3644.212776
2005-02-18,3649.038245
2005-02-21,3646.755039
2005-02-22,3663.097169
2005-02-23,3636.418193
2005-02-24,3638.013419
2005-02-25,3675.747357
2005-02-28,3686.349934
2005-03-01,3689.158464
2005-03-02,3669.403099
2005-03-03,3673.521015
2005-03-04,3731.664435
2005-03-07,3713.545977
2005-03-08,3736.127206
2005-03-09,3719.795719
2005-03-10,3702.394959
2005-03-11,3724.272565
2005-03-14,3694.60376
2005-03-15,3709.153506
2005-03-16,3695.008172
2005-03-17,3681.83655
2005-03-18,3664.479321
2005-03-21,3627.544412
2005-03-22,3641.104055
2005-03-23,3576.703261
2005-03-24,3585.146317
2005-03-25,3585.146317
2005-03-28,3566.411051
2005-03-29,3580.809485
2005-03-30,3584.220774
2005-03-31,3593.521621
2005-04-01,3600.719513
2005-04-04,3547.919625
2005-04-05,3581.153091
2005-04-06,3598.341377
2005-04-07,3625.059522
2005-04-08,3617.228701
2005-04-11,3641.258862
2005-04-12,3607.937701
2005-04-13,3628.855206
2005-04-14,3595.600847
2005-04-15,3574.591284
2005-04-18,3534.960241
2005-04-19,3565.890755
2005-04-20,3556.992651
2005-04-21,3563.521619
2005-04-22,3585.530693
2005-04-25,3574.0406
2005-04-26,3555.746738
2005-04-27,3511.45638
2005-04-28,3496.158217
2005-04-29,3502.439121
2005-05-02,3495.175015
2005-05-03,3523.950647
2005-05-04,3562.173347
2005-05-05,3577.99922
2005-05-06,3568.717625
2005-05-09,3551.032773
2005-05-10,3539.674748
2005-05-11,3517.072969
2005-05-12,3511.286625
2005-05-13,3494.419135
2005-05-16,3473.095495
2005-05-17,3480.293042
2005-05-18,3523.442793
2005-05-19,3535.769358
2005-05-20,3518.406643
2005-05-23,3545.362595
2005-05-24,3544.39778
2005-05-25,3545.635394
2005-05-26,3550.281629
2005-05-27,3553.776316
2005-05-30,3552.191109
2005-05-31,3514.869266
2005-06-01,3539.665233
2005-06-02,3545.241503
2005-06-03,3535.118799
2005-06-06,3526.311364
2005-06-07,3564.561435
2005-06-08,3574.147662
2005-06-09,3535.402709
2005-06-10,3536.287592
2005-06-13,3525.556328
2005-06-14,3532.805147
2005-06-15,3537.698633
2005-06-16,3549.16823
2005-06-17,3597.130212
2005-06-20,3570.182694
2005-06-21,3586.713052
2005-06-22,3590.849911
2005-06-23,3581.724674
2005-06-24,3562.948772
2005-06-27,3550.421138
2005-06-28,3556.298714
2005-06-29,3563.881311
2005-06-30,3563.281988
2005-07-01,3550.881247
2005-07-04,3541.557146
2005-07-05,3534.393457
2005-07-06,3562.127148
2005-07-07,3504.146814
2005-07-08,3546.86232
2005-07-11,3606.142867
2005-07-12,3630.533999
2005-07-13,3619.722169
2005-07-14,3639.826763
2005-07-15,3614.736164
2005-07-18,3610.746742
2005-07-19,3604.101513
2005-07-20,3601.459624
2005-07-21,3637.204314
2005-07-22,3637.387322
2005-07-25,3638.65529
2005-07-26,3628.293501
2005-07-27,3644.130575
2005-07-28,3674.695525
2005-07-29,3693.062967
2005-08-01,3716.147226
2005-08-02,3744.908306
2005-08-03,3776.315758
2005-08-04,3763.852062
2005-08-05,3740.235836
2005-08-08,3771.512831
2005-08-09,3788.994236
2005-08-10,3835.675041
2005-08-11,3842.073179
2005-08-12,3830.982689
2005-08-15,3809.389915
2005-08-16,3788.548354
2005-08-17,3774.413253
2005-08-18,3721.456812
2005-08-19,3747.837756
2005-08-22,3776.983344
2005-08-23,3745.700754
2005-08-24,3742.922019
2005-08-25,3727.981565
2005-08-26,3716.618334
2005-08-29,3708.462445
2005-08-30,3684.542668
2005-08-31,3748.126254
2005-09-01,3826.492325
2005-09-02,3848.266277
2005-09-05,3859.845918
2005-09-06,3880.695366
2005-09-07,3884.29501
2005-09-08,3869.418794
2005-09-09,3886.87807
2005-09-12,3851.088578
2005-09-13,3822.294853
2005-09-14,3844.662606
2005-09-15,3820.107636
2005-09-16,3842.248611
2005-09-19,3830.588191
2005-09-20,3842.049727
2005-09-21,3820.459751
2005-09-22,3782.428883
2005-09-23,3775.768419
2005-09-26,3809.05508
2005-09-27,3788.543596
2005-09-28,3822.221408
2005-09-29,3811.000256
2005-09-30,3839.070408
2005-10-03,3822.114862
2005-10-04,3840.199715
2005-10-05,3805.70228
2005-10-06,3809.266127
2005-10-07,3786.736947
2005-10-10,3774.559685
2005-10-11,3767.020894
2005-10-12,3750.016011
2005-10-13,3682.491665
2005-10-14,3731.573862
2005-10-17,3718.114935
2005-10-18,3679.16726
2005-10-19,3634.385606
2005-10-20,3648.578759
2005-10-21,3641.957016
2005-10-24,3673.910128
2005-10-25,3699.700033
2005-10-26,3707.841407
2005-10-27,3680.034224
2005-10-28,3671.919613
2005-10-31,3718.179178
2005-11-01,3723.265774
2005-11-02,3763.025387
2005-11-03,3800.328669
2005-11-04,3735.821149
2005-11-07,3745.031922
2005-11-08,3735.618107
2005-11-09,3724.966476
2005-11-10,3730.101859
2005-11-11,3755.334231
2005-11-14,3754.893898
2005-11-15,3734.144379
2005-11-16,3702.197739
2005-11-17,3739.463104
2005-11-18,3756.199494
2005-11-21,3777.840894
2005-11-22,3774.173248
2005-11-23,3815.266509
2005-11-24,3805.388179
2005-11-25,3798.700898
2005-11-28,3792.161007
2005-11-29,3790.949325
2005-11-30,3780.876406
2005-12-01,3817.102129
2005-12-02,3839.472667
2005-12-05,3846.6875
2005-12-06,3872.822382
2005-12-07,3852.194589
2005-12-08,3888.531901
2005-12-09,3889.156481
2005-12-12,3927.495213
2005-12-13,3926.088547
2005-12-14,3946.498928
2005-12-15,3910.923393
2005-12-16,3955.976406
2005-12-19,3947.541839
2005-12-20,3926.592046
2005-12-21,3921.925609
2005-12-22,3931.194711
2005-12-23,3933.446985
2005-12-26,3933.446985
2005-12-27,3942.51318
2005-12-28,3954.742855
2005-12-29,3953.519941
2005-12-30,3913.902021
2006-01-02,3928.061328
2006-01-03,4014.122955
2006-01-04,4090.44737
2006-01-05,4078.595739
2006-01-06,4124.540169
2006-01-09,4107.174276
2006-01-10,4080.520727
2006-01-11,4112.859848
2006-01-12,4106.926654
2006-01-13,4095.663651
2006-01-16,4118.614425
2006-01-17,4069.310018
2006-01-18,4046.134288
2006-01-19,4073.104246
2006-01-20,4040.227292
2006-01-23,4093.807175
2006-01-24,4082.044841
2006-01-25,4123.061124
2006-01-26,4157.523688
2006-01-27,4167.855012
2006-01-30,4149.584952
2006-01-31,4169.619554
2006-02-01,4198.415879
2006-02-02,4155.851787
2006-02-03,4127.036723
2006-02-06,4124.14386
2006-02-07,4100.339939
2006-02-08,4094.904577
2006-02-09,4143.012152
2006-02-10,4113.252253
2006-02-13,4131.611657
2006-02-14,4112.879208
2006-02-15,4127.237871
2006-02-16,4144.707196
2006-02-17,4168.333951
2006-02-20,4187.586069
2006-02-21,4184.536172
2006-02-22,4201.230393
2006-02-23,4207.964627
2006-02-24,4202.362046
2006-02-27,4209.529093
2006-02-28,4173.089276
2006-03-01,4215.240218
2006-03-02,4194.836864
2006-03-03,4205.079198
2006-03-06,4227.39679
2006-03-07,4162.791869
2006-03-08,4147.598078
2006-03-09,4181.3288
2006-03-10,4199.481175
2006-03-13,4246.766703
2006-03-14,4286.356296
2006-03-15,4301.379751
2006-03-16,4346.192083
2006-03-17,4354.741323
2006-03-20,4364.547827
2006-03-21,4339.562687
2006-03-22,4354.158698
2006-03-23,4312.479227
2006-03-24,4345.590664
2006-03-27,4317.857354
2006-03-28,4312.135308
2006-03-29,4293.122179
2006-03-30,4377.387672
2006-03-31,4335.196231
2006-04-03,4374.695711
2006-04-04,4405.371772
2006-04-05,4424.919196
2006-04-06,4422.000065
2006-04-07,4363.754271
2006-04-10,4382.532737
2006-04-11,4341.969287
2006-04-12,4328.049311
2006-04-13,4337.11069
2006-04-14,4337.11069
2006-04-17,4401.488039
2006-04-18,4403.443942
2006-04-19,4473.387414
2006-04-20,4477.408389
2006-04-21,4519.691473
2006-04-24,4507.981946
2006-04-25,4518.719928
2006-04-26,4543.717815
2006-04-27,4554.883399
2006-04-28,4556.6364
2006-05-01,4576.916228
2006-05-02,4622.845794
2006-05-03,4575.058489
2006-05-04,4626.272545
2006-05-05,4691.036472
2006-05-08,4686.483706
2006-05-09,4723.789476
2006-05-10,4714.834889
2006-05-11,4707.634131
2006-05-12,4634.22789
2006-05-15,4552.037808
2006-05-16,4566.989619
2006-05-17,4419.012995
2006-05-18,4411.577758
2006-05-19,4377.44393
2006-05-22,4295.203583
2006-05-23,4415.737541
2006-05-24,4323.041987
2006-05-25,4383.370946
2006-05-26,4446.184029
2006-05-29,4455.763312
2006-05-30,4404.347609
2006-05-31,4430.804686
2006-06-01,4440.023566
2006-06-02,4491.98251
2006-06-05,4468.400738
2006-06-06,4337.680791
2006-06-07,4351.193962
2006-06-08,4188.711375
2006-06-09,4262.275376
2006-06-12,4209.279732
2006-06-13,4108.882252
2006-06-14,4133.298897
2006-06-15,4234.898857
2006-06-16,4211.880974
2006-06-19,4213.314447
2006-06-20,4243.205857
2006-06-21,4267.246702
2006-06-22,4262.248704
2006-06-23,4249.878567
2006-06-26,4247.850159
2006-06-27,4234.984123
2006-06-28,4220.824636
2006-06-29,4299.765594
2006-06-30,4445.218809
2006-07-03,4474.673831
2006-07-04,4482.001105
2006-07-05,4402.504632
2006-07-06,4454.012582
2006-07-07,4470.919569
2006-07-10,4456.828659
2006-07-11,4421.045171
2006-07-12,4410.1578
2006-07-13,4347.876938
2006-07-14,4274.748592
2006-07-17,4218.129469
2006-07-18,4200.714912
2006-07-19,4318.660706
2006-07-20,4355.695771
2006-07-21,4329.266002
2006-07-24,4388.817718
2006-07-25,4393.118315
2006-07-26,4406.076902
2006-07-27,4493.048387
2006-07-28,4531.563158
2006-07-31,4512.988134
2006-08-01,4472.533889
2006-08-02,4543.922422
2006-08-03,4499.63996
2006-08-04,4586.942277
2006-08-07,4524.389209
2006-08-08,4519.566336
2006-08-09,4569.722536
2006-08-10,4494.348788
2006-08-11,4497.208121
2006-08-14,4529.050147
2006-08-15,4583.428129
2006-08-16,4627.670323
2006-08-17,4636.424206
2006-08-18,4610.67075
2006-08-21,4643.550003
2006-08-22,4619.252622
2006-08-23,4592.730376
2006-08-24,4605.176157
2006-08-25,4592.069551
2006-08-28,4627.089681
2006-08-29,4624.10182
2006-08-30,4677.985009
2006-08-31,4655.422815
2006-09-01,4679.227931
2006-09-04,4720.845673
2006-09-05,4684.726496
2006-09-06,4627.422561
2006-09-07,4563.749071
2006-09-08,4559.554012
2006-09-11,4542.862783
2006-09-12,4599.61353
2006-09-13,4608.881223
2006-09-14,4633.686975
2006-09-15,4610.955902
2006-09-18,4624.854863
2006-09-19,4606.783179
2006-09-20,4654.453786
2006-09-21,4680.4837
2006-09-22,4655.746115
2006-09-25,4628.790784
2006-09-26,4668.346401
2006-09-27,4709.046755
2006-09-28,4705.555779
2006-09-29,4695.279726
2006-10-02,4721.460867
2006-10-03,4707.278915
2006-10-04,4721.933227
2006-10-05,4749.188665
2006-10-06,4718.264415
2006-10-09,4729.428393
2006-10-10,4737.579321
2006-10-11,4746.532218
2006-10-12,4780.580067
2006-10-13,4777.61105
2006-10-16,4795.975627
2006-10-17,4755.674393
2006-10-18,4789.512601
2006-10-19,4819.668734
2006-10-20,4836.963974
2006-10-23,4832.948463
2006-10-24,4833.969658
2006-10-25,4865.674288
2006-10-26,4890.729058
2006-10-27,4899.197115
2006-10-30,4880.780297
2006-10-31,4896.649386
2006-11-01,4918.101397
2006-11-02,4897.12643
2006-11-03,4889.484444
2006-11-06,4946.810561
2006-11-07,5003.78321
2006-11-08,4984.635694
2006-11-09,4989.548514
2006-11-10,5009.842466
2006-11-13,5000.547612
2006-11-14,4986.944258
2006-11-15,5014.968255
2006-11-16,5025.02191
2006-11-17,4994.960572
2006-11-20,5007.500818
2006-11-21,5018.181647
2006-11-22,5056.247898
2006-11-23,5049.915431
2006-11-24,5067.601722
2006-11-27,5003.520849
2006-11-28,4998.701227
2006-11-29,5065.703555
2006-11-30,5070.741166
2006-12-01,5061.968608
2006-12-04,5090.99964
2006-12-05,5118.789598
2006-12-06,5124.572685
2006-12-07,5146.093022
2006-12-08,5158.345489
2006-12-11,5147.817659
2006-12-12,5176.18049
2006-12-13,5201.277889
2006-12-14,5212.645952
2006-12-15,5208.013147
2006-12-18,5195.969826
2006-12-19,5202.287788
2006-12-20,5222.58312
2006-12-21,5209.444593
2006-12-22,5183.390951
2006-12-25,5183.390951
2006-12-26,5174.746454
2006-12-27,5224.775051
2006-12-28,5233.048924
2006-12-29,5233.5655
2007-01-01,5233.5655
2007-01-02,5337.297915
2007-01-03,5305.55424
2007-01-04,5247.511277
2007-01-05,5163.999128
2007-01-08,5164.4459
2007-01-09,5173.067363
2007-01-10,5118.540023
2007-01-11,5183.966504
2007-01-12,5225.627569
2007-01-15,5259.593266
2007-01-16,5228.441466
2007-01-17,5232.691053
2007-01-18,5230.870546
2007-01-19,5265.350097
2007-01-22,5249.91764
2007-01-23,5279.268211
2007-01-24,5298.423572
2007-01-25,5287.105823
2007-01-26,5223.983989
2007-01-29,5249.515366
2007-01-30,5276.289385
2007-01-31,5264.485486
2007-02-01,5335.314516
2007-02-02,5342.367966
2007-02-05,5326.231522
2007-02-06,5354.47459
2007-02-07,5398.584833
2007-02-08,5361.085821
2007-02-09,5370.275284
2007-02-12,5325.599192
2007-02-13,5355.405003
2007-02-14,5444.76232
2007-02-15,5446.786688
2007-02-16,5431.32872
2007-02-19,5458.015121
2007-02-20,5446.6902
2007-02-21,5400.700762
2007-02-22,5410.654221
2007-02-23,5447.686594
2007-02-26,5473.145402
2007-02-27,5340.418918
2007-02-28,5245.542903
2007-03-01,5180.502637
2007-03-02,5168.097998
2007-03-05,5079.656014
2007-03-06,5130.11968
2007-03-07,5180.958325
2007-03-08,5243.144594
2007-03-09,5250.555295
2007-03-12,5252.780806
2007-03-13,5203.439345
2007-03-14,5078.841423
2007-03-15,5189.061761
2007-03-16,5211.899959
2007-03-19,5284.251583
2007-03-20,5321.69881
2007-03-21,5351.867414
2007-03-22,5450.896083
2007-03-23,5454.194909
2007-03-26,5421.724152
2007-03-27,5422.031676
2007-03-28,5397.88349
2007-03-29,5445.149382
2007-03-30,5435.64986
2007-04-02,5481.091159
2007-04-03,5537.281604
2007-04-04,5546.225914
2007-04-05,5577.144878
2007-04-06,5577.144878
2007-04-09,5545.846234
2007-04-10,5612.880602
2007-04-11,5607.538775
2007-04-12,5611.911496
2007-04-13,5658.298928
2007-04-16,5737.786696
2007-04-17,5751.269097
2007-04-18,5729.095464
2007-04-19,5720.166962
2007-04-20,5786.107139
2007-04-23,5771.00515
2007-04-24,5743.271503
2007-04-25,5799.18012
2007-04-26,5786.932503
2007-04-27,5775.844059
2007-04-30,5786.773008
2007-05-01,5762.553947
2007-05-02,5793.224789
2007-05-03,5799.106896
2007-05-04,5858.748183
2007-05-07,5877.370528
2007-05-08,5789.16805
2007-05-09,5813.919296
2007-05-10,5756.487208
2007-05-11,5790.73958
2007-05-14,5786.912806
2007-05-15,5830.821215
2007-05-16,5812.257728
2007-05-17,5795.275213
2007-05-18,5852.119147
2007-05-21,5836.154126
2007-05-22,5837.363689
2007-05-23,5894.217477
2007-05-24,5831.401233
2007-05-25,5840.973538
2007-05-28,5849.456444
2007-05-29,5865.114974
2007-05-30,5832.294917
2007-05-31,5888.526588
2007-06-01,5927.009227
2007-06-04,5939.868223
2007-06-05,5921.713795
2007-06-06,5818.258162
2007-06-07,5739.916557
2007-06-08,5693.130796
2007-06-11,5739.599976
2007-06-12,5697.168276
2007-06-13,5713.394957
2007-06-14,5805.491405
2007-06-15,5901.303523
2007-06-18,5895.676703
2007-06-19,5880.575812
2007-06-20,5906.808008
2007-06-21,5838.081016
2007-06-22,5831.712583
2007-06-25,5835.65135
2007-06-26,5802.676024
2007-06-27,5765.343378
2007-06-28,5838.154922
2007-06-29,5887.36724
2007-07-02,5920.088375
2007-07-03,5965.916898
2007-07-04,5997.565102
2007-07-05,5949.701706
2007-07-06,5999.836981
2007-07-09,6018.709651
2007-07-10,5991.412768
2007-07-11,5995.80274
2007-07-12,6062.924505
2007-07-13,6088.401605
2007-07-16,6097.346736
2007-07-17,6073.681225
2007-07-18,6013.633312
2007-07-19,6077.56545
2007-07-20,6015.694403
2007-07-23,6044.90621
2007-07-24,5955.462906
2007-07-25,5852.908012
2007-07-26,5692.817261
2007-07-27,5639.698596
2007-07-30,5640.455129
2007-07-31,5761.999243
2007-08-01,5672.536067
2007-08-02,5712.455131
2007-08-03,5677.308372
2007-08-06,5638.598479
2007-08-07,5700.316535
2007-08-08,5837.120471
2007-08-09,5688.672706
2007-08-10,5504.260828
2007-08-13,5602.19966
2007-08-14,5516.536218
2007-08-15,5466.398015
2007-08-16,5249.621732
2007-08-17,5407.74616
2007-08-20,5427.74643
2007-08-21,5432.928464
2007-08-22,5537.379409
2007-08-23,5570.711446
2007-08-24,5618.447104
2007-08-27,5628.711312
2007-08-28,5529.406556
2007-08-29,5565.227615
2007-08-30,5625.289749
2007-08-31,5698.378289
2007-09-03,5704.655844
2007-09-04,5734.461244
2007-09-05,5659.585833
2007-09-06,5696.499092
2007-09-07,5601.77004
2007-09-10,5563.861809
2007-09-11,5675.134944
2007-09-12,5710.370924
2007-09-13,5757.207371
2007-09-14,5686.237239
2007-09-17,5604.262417
2007-09-18,5686.962283
2007-09-19,5873.964621
2007-09-20,5891.25763
2007-09-21,5921.868315
2007-09-24,5916.611599
2007-09-25,5864.066921
2007-09-26,5902.803179
2007-09-27,5960.397248
2007-09-28,5986.866937
2007-10-01,6043.459545
2007-10-02,6031.367739
2007-10-03,6039.698089
2007-10-04,6042.682894
2007-10-05,6090.576706
2007-10-08,6039.730919
2007-10-09,6081.732682
2007-10-10,6120.798858
2007-10-11,6190.497448
2007-10-12,6166.315634
2007-10-15,6133.125318
2007-10-16,6059.850671
2007-10-17,6116.190527
2007-10-18,6102.382812
2007-10-19,6050.802542
2007-10-22,5929.188588
2007-10-23,6028.657526
2007-10-24,5989.690961
2007-10-25,6090.196045
2007-10-26,6160.701931
2007-10-29,6211.489131
2007-10-30,6190.10604
2007-10-31,6265.865755
2007-11-01,6158.661234
2007-11-02,6134.716165
2007-11-05,6090.33699
2007-11-06,6144.413905
2007-11-07,6148.066013
2007-11-08,6126.157254
2007-11-09,6023.757925
2007-11-12,5965.607603
2007-11-13,6005.941146
2007-11-14,6073.665898
2007-11-15,5971.732554
2007-11-16,5926.273276
2007-11-19,5807.696493
2007-11-20,5924.631717
2007-11-21,5792.905224
2007-11-22,5847.120755
2007-11-23,5919.712364
2007-11-26,5902.452778
2007-11-27,5881.727636
2007-11-28,6000.127044
2007-11-29,6031.045061
2007-11-30,6065.304907
2007-12-03,6032.703081
2007-12-04,5985.537285
2007-12-05,6050.310576
2007-12-06,6039.468865
2007-12-07,6100.952511
2007-12-10,6159.9698
2007-12-11,6127.938466
2007-12-12,6143.39827
2007-12-13,5963.620213
2007-12-14,5922.82856
2007-12-17,5797.389467
2007-12-18,5800.183668
2007-12-19,5769.138426
2007-12-20,5765.216292
2007-12-21,5856.103441
2007-12-24,5874.570324
2007-12-25,5874.570324
2007-12-26,5908.992023
2007-12-27,5947.039943
2007-12-28,5989.954664
2007-12-31,5959.052183
2008-01-01,5959.052183
2008-01-02,5927.972938
2008-01-03,5912.008041
2008-01-04,5818.680066
2008-01-07,5789.717205
2008-01-08,5822.428488
2008-01-09,5728.728101
2008-01-10,5699.263816
2008-01-11,5689.768779
2008-01-14,5742.356175
2008-01-15,5584.94428
2008-01-16,5469.390305
2008-01-17,5443.573141
2008-01-18,5361.366752
2008-01-21,5005.748522
2008-01-22,5160.975464
2008-01-23,4982.742779
2008-01-24,5302.928383
2008-01-25,5301.864834
2008-01-28,5278.345745
2008-01-29,5357.580049
2008-01-30,5328.936724
2008-01-31,5337.280633
2008-02-01,5444.195201
2008-02-04,5452.224659
2008-02-05,5221.251056
2008-02-06,5256.746434
2008-02-07,5100.381576
2008-02-08,5121.797001
2008-02-11,5075.254294
2008-02-12,5278.940847
2008-02-13,5274.223981
2008-02-14,5299.202517
2008-02-15,5218.319574
2008-02-18,5306.437251
2008-02-19,5350.055199
2008-02-20,5254.423208
2008-02-21,5340.319204
2008-02-22,5307.605437
2008-02-25,5403.828755
2008-02-26,5499.536949
2008-02-27,5569.582899
2008-02-28,5496.358019
2008-02-29,5422.984246
2008-03-03,5355.05369
2008-03-04,5294.130994
2008-03-05,5404.786294
2008-03-06,5363.62069
2008-03-07,5304.4255
2008-03-10,5245.777163
2008-03-11,5291.309805
2008-03-12,5413.283523
2008-03-13,5373.622434
2008-03-14,5328.198168
2008-03-17,5138.830464
2008-03-18,5328.215354
2008-03-19,5229.484167
2008-03-20,5140.230316
2008-03-21,5140.230316
2008-03-24,5132.104541
2008-03-25,5369.603505
2008-03-26,5392.263121
2008-03-27,5470.507009
2008-03-28,5427.55442
2008-03-31,5445.551248
2008-04-01,5533.878616
2008-04-02,5602.747549
2008-04-03,5585.421022
2008-04-04,5646.682109
2008-04-07,5688.603555
2008-04-08,5631.84346
2008-04-09,5620.071969
2008-04-10,5605.254742
2008-04-11,5536.07226
2008-04-14,5500.948283
2008-04-15,5513.184327
2008-04-16,5665.26699
2008-04-17,5615.591463
2008-04-18,5688.295231
2008-04-21,5691.310075
2008-04-22,5686.619982
2008-04-23,5689.586066
2008-04-24,5633.284652
2008-04-25,5693.874483
2008-04-28,5723.125342
2008-04-29,5663.500376
2008-04-30,5691.985894
2008-05-01,5656.632036
2008-05-02,5742.557963
2008-05-05,5754.463405
2008-05-06,5753.907083
2008-05-07,5744.734446
2008-05-08,5751.32036
2008-05-09,5685.169003
2008-05-12,5731.263317
2008-05-13,5719.8969
2008-05-14,5742.447613
2008-05-15,5772.346628
2008-05-16,5833.257329
2008-05-19,5882.409898
2008-05-20,5809.659884
2008-05-21,5815.541017
2008-05-22,5821.663382
2008-05-23,5745.078358
2008-05-26,5735.170668
2008-05-27,5694.489209
2008-05-28,5714.313511
2008-05-29,5695.756946
2008-05-30,5717.157726
2008-06-02,5647.675303
2008-06-03,5668.806903
2008-06-04,5596.290157
2008-06-05,5621.397856
2008-06-06,5581.027384
2008-06-09,5553.512672
2008-06-10,5428.460375
2008-06-11,5356.508938
2008-06-12,5361.950968
2008-06-13,5361.998467
2008-06-16,5391.087496
2008-06-17,5431.345877
2008-06-18,5355.521975
2008-06-19,5319.821053
2008-06-20,5275.019451
2008-06-23,5224.051511
2008-06-24,5221.148491
2008-06-25,5273.461691
2008-06-26,5199.930962
2008-06-27,5179.545679
2008-06-30,5219.57897
2008-07-01,5106.734076
2008-07-02,5101.73088
2008-07-03,5096.114593
2008-07-04,5025.920746
2008-07-07,5083.062235
2008-07-08,5013.833633
2008-07-09,5117.663987
2008-07-10,5030.440564
2008-07-11,4930.749253
2008-07-14,4963.312688
2008-07-15,4877.6877
2008-07-16,4864.884274
2008-07-17,5021.96825
2008-07-18,5090.84399
2008-07-21,5123.601552
2008-07-22,5091.781466
2008-07-23,5148.922545
2008-07-24,5060.277671
2008-07-25,5053.078122
2008-07-28,5023.246555
2008-07-29,4993.007921
2008-07-30,5060.017059
2008-07-31,5069.56741
2008-08-01,4993.08011
2008-08-04,4961.457608
2008-08-05,5050.981571
2008-08-06,5079.807001
2008-08-07,5051.796272
2008-08-08,4978.224133
2008-08-11,5033.284834
2008-08-12,4984.730002
2008-08-13,4848.903113
2008-08-14,4885.756575
2008-08-15,4837.359571
2008-08-18,4838.258362
2008-08-19,4716.971218
2008-08-20,4747.415589
2008-08-21,4757.679209
2008-08-22,4827.628565
2008-08-25,4788.52044
2008-08-26,4755.377532
2008-08-27,4783.899442
2008-08-28,4853.763489
2008-08-29,4869.939167
2008-09-01,4807.77422
2008-09-02,4830.795116
2008-09-03,4737.730438
2008-09-04,4590.785304
2008-09-05,4455.644482
2008-09-08,4583.54598
2008-09-09,4533.50798
2008-09-10,4474.717891
2008-09-11,4406.754963
2008-09-12,4563.907826
2008-09-15,4409.594666
2008-09-16,4272.058156
2008-09-17,4205.755128
2008-09-18,4237.471391
2008-09-19,4596.305601
2008-09-22,4575.121668
2008-09-23,4521.027622
2008-09-24,4475.462823
2008-09-25,4567.473964
2008-09-26,4463.539061
2008-09-29,4172.361679
2008-09-30,4135.332401
2008-10-01,4149.647008
2008-10-02,4033.304745
2008-10-03,4152.165365
2008-10-06,3750.357001
2008-10-07,3777.764571
2008-10-08,3554.175194
2008-10-09,3481.227964
2008-10-10,3184.037554
2008-10-13,3524.848512
2008-10-14,3646.681064
2008-10-15,3397.73656
2008-10-16,3186.488359
2008-10-17,3324.231129
2008-10-20,3411.819918
2008-10-21,3361.347222
2008-10-22,3120.588663
2008-10-23,3105.109039
2008-10-24,2923.611923
2008-10-27,2804.670832
2008-10-28,2876.965019
2008-10-29,3179.010047
2008-10-30,3213.126786
2008-10-31,3256.796627
2008-11-03,3293.133859
2008-11-04,3498.70806
2008-11-05,3442.587426
2008-11-06,3182.378922
2008-11-07,3238.470136
2008-11-10,3270.886641
2008-11-11,3073.652855
2008-11-12,2970.103558
2008-11-13,2965.11381
2008-11-14,3016.206602
2008-11-17,2929.79042
2008-11-18,2956.506424
2008-11-19,2840.027374
2008-11-20,2709.019296
2008-11-21,2639.072757
2008-11-24,2938.410158
2008-11-25,2992.670193
2008-11-26,2972.506689
2008-11-27,3038.676464
2008-11-28,3033.463394
2008-12-01,2830.180299
2008-12-02,2906.998676
2008-12-03,2916.986776
2008-12-04,2914.578388
2008-12-05,2786.753418
2008-12-08,3035.952881
2008-12-09,3068.973111
2008-12-10,3089.441035
2008-12-11,3125.374134
2008-12-12,3071.582578
2008-12-15,3129.412476
2008-12-16,3173.003151
2008-12-17,3280.518256
2008-12-18,3311.310768
2008-12-19,3171.459171
2008-12-22,3118.366572
2008-12-23,3117.597156
2008-12-24,3115.096906
2008-12-25,3115.096906
2008-12-26,3124.24289
2008-12-29,3189.178897
2008-12-30,3224.435532
2008-12-31,3192.716107
2009-01-01,3192.716107
2009-01-02,3301.205473
2009-01-05,3296.08388
2009-01-06,3300.583918
2009-01-07,3323.210794
2009-01-08,3317.202425
2009-01-09,3249.716643
2009-01-12,3160.570867
2009-01-13,3076.529628
2009-01-14,2938.384083
2009-01-15,2890.606743
2009-01-16,2959.552058
2009-01-19,2888.543626
2009-01-20,2777.235823
2009-01-21,2750.801964
2009-01-22,2742.295474
2009-01-23,2703.204156
2009-01-26,2861.530604
2009-01-27,2874.267307
2009-01-28,2977.640138
2009-01-29,2892.88916
2009-01-30,2839.639455
2009-02-02,2765.789845
2009-02-03,2853.482769
2009-02-04,2909.231166
2009-02-05,2895.653275
2009-02-06,2959.628958
2009-02-09,3021.066356
2009-02-10,2929.814378
2009-02-11,2890.428316
2009-02-12,2825.995457
2009-02-13,2865.723768
2009-02-16,2801.856131
2009-02-17,2685.289818
2009-02-18,2669.062505
2009-02-19,2704.112884
2009-02-20,2593.563054
2009-02-23,2592.428579
2009-02-24,2560.056061
2009-02-25,2541.463068
2009-02-26,2608.461923
2009-02-27,2551.140349
2009-03-02,2400.932545
2009-03-03,2350.97905
2009-03-04,2442.184747
2009-03-05,2352.224146
2009-03-06,2344.551788
2009-03-09,2318.965303
2009-03-10,2460.009019
2009-03-11,2469.889016
2009-03-12,2490.816635
2009-03-13,2526.794029
2009-03-16,2618.055982
2009-03-17,2595.848507
2009-03-18,2603.363127
2009-03-19,2743.367822
2009-03-20,2721.828137
2009-03-23,2804.497377
2009-03-24,2802.277501
2009-03-25,2817.298411
2009-03-26,2826.944504
2009-03-27,2745.080069
2009-03-30,2611.874165
2009-03-31,2727.939001
2009-04-01,2759.817133
2009-04-02,2944.968568
2009-04-03,2907.805487
2009-04-06,2885.4309
2009-04-07,2832.733109
2009-04-08,2832.72839
2009-04-09,2889.699637
2009-04-10,2889.788707
2009-04-13,2916.285879
2009-04-14,2945.375049
2009-04-15,2921.17491
2009-04-16,2976.095289
2009-04-17,2989.982925
2009-04-20,2857.796567
2009-04-21,2870.773583
2009-04-22,2918.443881
2009-04-23,2916.615043
2009-04-24,3033.78633
2009-04-27,3016.813845
2009-04-28,2960.183079
2009-04-29,3065.021874
2009-04-30,3108.29553
2009-05-01,3112.128297
2009-05-04,3188.578679
2009-05-05,3211.371387
2009-05-06,3247.512406
2009-05-07,3250.844138
2009-05-08,3320.456673
2009-05-11,3308.025561
2009-05-12,3310.355577
2009-05-13,3218.790188
2009-05-14,3229.646237
2009-05-15,3249.529786
2009-05-18,3307.67466
2009-05-19,3384.497092
2009-05-20,3445.998964
2009-05-21,3374.814375
2009-05-22,3420.11814
2009-05-25,3430.534264
2009-05-26,3453.222368
2009-05-27,3463.622948
2009-05-28,3428.031269
2009-05-29,3485.340293
2009-06-01,3589.295986
2009-06-02,3623.745899
2009-06-03,3525.634463
2009-06-04,3518.373998
2009-06-05,3494.998178
2009-06-08,3434.033478
2009-06-09,3486.553339
2009-06-10,3528.992395
2009-06-11,3577.980355
2009-06-12,3549.795195
2009-06-15,3420.330769
2009-06-16,3430.56572
2009-06-17,3357.964563
2009-06-18,3398.728186
2009-06-19,3434.910411
2009-06-22,3329.308552
2009-06-23,3343.288713
2009-06-24,3427.554236
2009-06-25,3368.701362
2009-06-26,3404.147946
2009-06-29,3461.628066
2009-06-30,3417.08845
2009-07-01,3504.908877
2009-07-02,3387.53215
2009-07-03,3383.240875
2009-07-06,3324.785523
2009-07-07,3318.735627
2009-07-08,3259.002397
2009-07-09,3301.257652
2009-07-10,3257.911527
2009-07-13,3318.169207
2009-07-14,3360.900282
2009-07-15,3487.65726
2009-07-16,3508.701172
2009-07-17,3521.349937
2009-07-20,3588.659615
2009-07-21,3622.211961
2009-07-22,3628.038798
2009-07-23,3708.866443
2009-07-24,3694.749669
2009-07-27,3717.4141
2009-07-28,3672.663722
2009-07-29,3673.88719
2009-07-30,3754.41986
2009-07-31,3775.976637
2009-08-03,3899.750616
2009-08-04,3882.897577
2009-08-05,3863.70724
2009-08-06,3874.81836
2009-08-07,3880.172287
2009-08-10,3847.82927
2009-08-11,3788.901965
2009-08-12,3849.617237
2009-08-13,3900.158658
2009-08-14,3853.426565
2009-08-17,3735.016751
2009-08-18,3793.976642
2009-08-19,3815.871998
2009-08-20,3873.307466
2009-08-21,3980.900072
2009-08-24,4017.809136
2009-08-25,4037.405427
2009-08-26,3987.55763
2009-08-27,3966.012818
2009-08-28,4045.043961
2009-08-31,4014.117059
2009-09-01,3927.852513
2009-09-02,3894.396293
2009-09-03,3899.45186
2009-09-04,3944.683008
2009-09-07,4029.27224
2009-09-08,4091.490807
2009-09-09,4149.126408
2009-09-10,4149.483533
2009-09-11,4184.054491
2009-09-14,4176.647606
2009-09-15,4173.956259
2009-09-16,4259.136828
2009-09-17,4297.356466
2009-09-18,4272.150665
2009-09-21,4220.224837
2009-09-22,4281.840389
2009-09-23,4286.960039
2009-09-24,4183.89903
2009-09-25,4161.729988
2009-09-28,4218.347228
2009-09-29,4199.272889
2009-09-30,4200.40024
2009-10-01,4117.578247
2009-10-02,4052.703348
2009-10-05,4093.15246
2009-10-06,4215.127606
2009-10-07,4180.397974
2009-10-08,4257.697582
2009-10-09,4243.446601
2009-10-12,4287.067745
2009-10-13,4250.005679
2009-10-14,4361.946248
2009-10-15,4377.860453
2009-10-16,4330.682138
2009-10-19,4418.994328
2009-10-20,4398.295568
2009-10-21,4434.86208
2009-10-22,4385.209478
2009-10-23,4364.610796
2009-10-26,4289.703187
2009-10-27,4265.314616
2009-10-28,4166.114167
2009-10-29,4255.337322
2009-10-30,4151.616599
2009-11-02,4182.918447
2009-11-03,4096.729038
2009-11-04,4213.89166
2009-11-05,4253.903078
2009-11-06,4256.637055
2009-11-09,4379.829859
2009-11-10,4360.800131
2009-11-11,4385.148912
2009-11-12,4360.283736
2009-11-13,4383.259058
2009-11-16,4473.370403
2009-11-17,4416.35648
2009-11-18,4444.862354
2009-11-19,4340.416314
2009-11-20,4302.729019
2009-11-23,4430.062836
2009-11-24,4390.815088
2009-11-25,4442.248127
2009-11-26,4276.624239
2009-11-27,4322.829406
2009-11-30,4272.136099
2009-12-01,4410.613752
2009-12-02,4426.011965
2009-12-03,4420.6871
2009-12-04,4410.770783
2009-12-07,4371.937559
2009-12-08,4276.077596
2009-12-09,4235.47577
2009-12-10,4272.135701
2009-12-11,4264.710367
2009-12-14,4308.885576
2009-12-15,4282.923283
2009-12-16,4344.707625
2009-12-17,4220.032671
2009-12-18,4182.092757
2009-12-21,4252.286364
2009-12-22,4255.799956
2009-12-23,4299.115389
2009-12-24,4306.917563
2009-12-25,4306.917563
2009-12-28,4339.020145
2009-12-29,4358.400957
2009-12-30,4309.468182
2009-12-31,4336.617856
2010-01-01,4336.617856
2010-01-04,4427.725251
2010-01-05,4419.870286
2010-01-06,4415.420473
2010-01-07,4396.830671
2010-01-08,4414.28572
2010-01-11,4477.788325
2010-01-12,4434.154213
2010-01-13,4433.045071
2010-01-14,4455.242423
2010-01-15,4380.851443
2010-01-18,4416.243777
2010-01-19,4420.456166
2010-01-20,4301.910031
2010-01-21,4223.295636
2010-01-22,4198.355694
2010-01-25,4177.366959
2010-01-26,4168.374031
2010-01-27,4128.185669
2010-01-28,4058.062781
2010-01-29,4080.388347
2010-02-01,4104.008428
2010-02-02,4158.755074
2010-02-03,4125.500418
2010-02-04,3976.350297
2010-02-05,3860.874123
2010-02-08,3895.16475
2010-02-09,3910.087807
2010-02-10,3929.506588
2010-02-11,3916.795704
2010-02-12,3906.778707
2010-02-15,3918.050941
2010-02-16,3989.198867
2010-02-17,4029.114326
2010-02-18,4045.03069
2010-02-19,4030.438602
2010-02-22,4042.926755
2010-02-23,3988.816395
2010-02-24,4010.677198
2010-02-25,3922.171511
2010-02-26,3999.202289
2010-03-01,3995.554902
2010-03-02,4053.287223
2010-03-03,4125.686506
2010-03-04,4107.855657
2010-03-05,4174.280451
2010-03-08,4185.112762
2010-03-09,4161.241798
2010-03-10,4213.097999
2010-03-11,4205.697606
2010-03-12,4242.830852
2010-03-15,4182.580508
2010-03-16,4254.051093
2010-03-17,4287.594899
2010-03-18,4242.629599
2010-03-19,4203.581431
2010-03-22,4202.249718
2010-03-23,4230.391811
2010-03-24,4178.190049
2010-03-25,4217.398102
2010-03-26,4215.828385
2010-03-29,4243.91798
2010-03-30,4228.595704
2010-03-31,4258.382256
2010-04-01,4325.287161
2010-04-02,4325.287161
2010-04-05,4314.79359
2010-04-06,4302.658478
2010-04-07,4278.385335
2010-04-08,4245.337397
2010-04-09,4329.748021
2010-04-12,4377.102268
2010-04-13,4352.807386
2010-04-14,4403.621417
2010-04-15,4412.658039
2010-04-16,4325.573152
2010-04-19,4287.214122
2010-04-20,4343.981329
2010-04-21,4297.191443
2010-04-22,4221.169323
2010-04-23,4274.193733
2010-04-26,4304.567515
2010-04-27,4167.905279
2010-04-28,4085.219662
2010-04-29,4152.822788
2010-04-30,4143.168028
2010-05-03,4117.923139
2010-05-04,3958.112161
2010-05-05,3875.819328
2010-05-06,3774.887789
2010-05-07,3615.082387
2010-05-10,3928.691295
2010-05-11,3867.030943
2010-05-12,3919.039747
2010-05-13,3893.802369
2010-05-14,3719.627937
2010-05-17,3689.654392
2010-05-18,3749.104721
2010-05-19,3629.028437
2010-05-20,3552.546659
2010-05-21,3597.731048
2010-05-24,3561.932565
2010-05-25,3438.585306
2010-05-26,3513.673651
2010-05-27,3632.727001
2010-05-28,3641.276455
2010-05-31,3638.745064
2010-06-01,3649.268286
2010-06-02,3627.734623
2010-06-03,3680.570962
2010-06-04,3566.257633
2010-06-07,3508.838
2010-06-08,3476.055091
2010-06-09,3573.215102
2010-06-10,3643.112052
2010-06-11,3654.145174
2010-06-14,3755.203112
2010-06-15,3790.459946
2010-06-16,3797.844383
2010-06-17,3816.069496
2010-06-18,3831.141334
2010-06-21,3872.325971
2010-06-22,3822.518243
2010-06-23,3772.588017
2010-06-24,3726.688486
2010-06-25,3697.651307
2010-06-28,3755.784866
2010-06-29,3597.797139
2010-06-30,3611.694427
2010-07-01,3581.023028
2010-07-02,3622.006397
2010-07-05,3592.281536
2010-07-06,3718.33338
2010-07-07,3764.443989
2010-07-08,3817.699967
2010-07-09,3827.140977
2010-07-12,3829.452216
2010-07-13,3929.679919
2010-07-14,3948.130999
2010-07-15,3953.094847
2010-07-16,3894.67946
2010-07-19,3870.031532
2010-07-20,3848.531948
2010-07-21,3872.847904
2010-07-22,3980.558461
2010-07-23,3976.250142
2010-07-26,4030.379711
2010-07-27,4061.583148
2010-07-28,4057.885569
2010-07-29,4064.202068
2010-07-30,4032.262084
2010-08-02,4190.199557
2010-08-03,4202.166988
2010-08-04,4182.513608
2010-08-05,4173.37604
2010-08-06,4171.888684
2010-08-09,4214.762533
2010-08-10,4128.884761
2010-08-11,3990.115147
2010-08-12,3979.129955
2010-08-13,3962.662502
2010-08-16,3989.394448
2010-08-17,4041.358499
2010-08-18,4024.123854
2010-08-19,3968.418555
2010-08-20,3886.855929
2010-08-23,3903.263356
2010-08-24,3845.469335
2010-08-25,3799.529919
2010-08-26,3866.355344
2010-08-27,3885.039822
2010-08-30,3874.732692
2010-08-31,3883.892808
2010-09-01,4025.003933
2010-09-02,4026.494641
2010-09-03,4072.265165
2010-09-06,4085.712693
2010-09-07,4019.463516
2010-09-08,4067.101297
2010-09-09,4107.414841
2010-09-10,4097.100184
2010-09-13,4170.027276
2010-09-14,4203.513795
2010-09-15,4207.488569
2010-09-16,4198.650872
2010-09-17,4169.538505
2010-09-20,4237.351687
2010-09-21,4232.119823
2010-09-22,4260.581522
2010-09-23,4234.032122
2010-09-24,4326.603251
2010-09-27,4306.403023
2010-09-28,4320.964418
2010-09-29,4315.394174
2010-09-30,4310.71762
2010-10-01,4330.889916
2010-10-04,4286.75499
2010-10-05,4394.212943
2010-10-06,4432.556159
2010-10-07,4445.487808
2010-10-08,4441.96064
2010-10-11,4445.374206
2010-10-12,4414.210124
2010-10-13,4518.400717
2010-10-14,4549.119242
2010-10-15,4529.407731
2010-10-18,4529.223368
2010-10-19,4447.619854
2010-10-20,4520.775348
2010-10-21,4555.297785
2010-10-22,4515.746024
2010-10-25,4544.895887
2010-10-26,4500.603686
2010-10-27,4439.229297
2010-10-28,4496.602123
2010-10-29,4497.480992
2010-11-01,4501.1347
2010-11-02,4565.889499
2010-11-03,4546.586572
2010-11-04,4690.367089
2010-11-05,4646.635055
2010-11-08,4603.096721
2010-11-09,4632.855355
2010-11-10,4530.933243
2010-11-11,4521.925021
2010-11-12,4514.476113
2010-11-15,4514.286601
2010-11-16,4394.753363
2010-11-17,4415.400612
2010-11-18,4498.346001
2010-11-19,4489.522188
2010-11-22,4442.179481
2010-11-23,4317.879482
2010-11-24,4348.910365
2010-11-25,4364.944783
2010-11-26,4295.353617
2010-11-29,4183.199091
2010-11-30,4156.003606
2010-12-01,4254.841685
2010-12-02,4359.663389
2010-12-03,4418.531126
2010-12-06,4393.869784
2010-12-07,4453.093035
2010-12-08,4427.735579
2010-12-09,4430.181397
2010-12-10,4449.890875
2010-12-13,4518.738582
2010-12-14,4528.61055
2010-12-15,4490.784286
2010-12-16,4462.311143
2010-12-17,4427.089937
2010-12-20,4441.490518
2010-12-21,4497.128377
2010-12-22,4489.948982
2010-12-23,4485.355127
2010-12-24,4498.712937
2010-12-27,4471.790898
2010-12-28,4474.724059
2010-12-29,4490.022715
2010-12-30,4480.394455
2010-12-31,4504.815999
2011-01-03,4521.014693
2011-01-04,4547.312674
2011-01-05,4490.493302
2011-01-06,4469.341898
2011-01-07,4444.833914
2011-01-10,4391.374121
2011-01-11,4443.07754
2011-01-12,4547.950522
2011-01-13,4613.687712
2011-01-14,4618.214088
2011-01-17,4598.486866
2011-01-18,4677.798946
2011-01-19,4649.328601
2011-01-20,4567.088113
2011-01-21,4657.323027
2011-01-24,4701.893619
2011-01-25,4668.928794
2011-01-26,4716.728002
2011-01-27,4736.53674
2011-01-28,4659.501937
2011-01-31,4682.370954
2011-02-01,4782.173377
2011-02-02,4798.153403
2011-02-03,4741.980017
2011-02-04,4727.354502
2011-02-07,4769.971297
2011-02-08,4812.384586
2011-02-09,4806.799186
2011-02-10,4761.580311
2011-02-11,4764.229489
2011-02-14,4749.26698
2011-02-15,4775.010423
2011-02-16,4798.316622
2011-02-17,4828.430896
2011-02-18,4848.30079
2011-02-21,4796.051472
2011-02-22,4775.702221
2011-02-23,4749.520119
2011-02-24,4731.597297
2011-02-25,4774.697134
2011-02-28,4836.101599
2011-03-01,4810.905254
2011-03-02,4797.18909
2011-03-03,4834.673063
2011-03-04,4822.827916
2011-03-07,4809.697232
2011-03-08,4788.834611
2011-03-09,4786.865935
2011-03-10,4689.102128
2011-03-11,4662.630877
2011-03-14,4657.57086
2011-03-15,4549.681024
2011-03-16,4465.700423
2011-03-17,4581.935151
2011-03-18,4628.919065
2011-03-21,4725.16317
2011-03-22,4725.844084
2011-03-23,4720.800942
2011-03-24,4792.599018
2011-03-25,4778.822772
2011-03-28,4769.972414
2011-03-29,4763.354758
2011-03-30,4808.997729
2011-03-31,4795.782212
2011-04-01,4853.317435
2011-04-04,4889.036512
2011-04-05,4890.547942
2011-04-06,4950.973969
2011-04-07,4918.795199
2011-04-08,4985.971446
2011-04-11,4980.59451
2011-04-12,4908.9689
2011-04-13,4948.325626
2011-04-14,4912.786588
2011-04-15,4912.601175
2011-04-18,4759.853085
2011-04-19,4820.162963
2011-04-20,4973.041357
2011-04-21,5019.950782
2011-04-22,5019.950782
2011-04-25,5008.453535
2011-04-26,5054.258169
2011-04-27,5078.544904
2011-04-28,5157.008435
2011-04-29,5179.521014
2011-05-02,5203.772047
2011-05-03,5161.055604
2011-05-04,5105.267939
2011-05-05,5002.119349
2011-05-06,5033.599553
2011-05-09,4934.414631
2011-05-10,5010.822154
2011-05-11,5008.037499
2011-05-12,4939.2586
2011-05-13,4920.250964
2011-05-16,4927.411277
2011-05-17,4853.805626
2011-05-18,4901.163766
2011-05-19,4933.12934
2011-05-20,4895.273713
2011-05-23,4770.876436
2011-05-24,4809.166064
2011-05-25,4833.767796
2011-05-26,4841.109422
2011-05-27,4929.887772
2011-05-30,4929.15061
2011-05-31,5008.588977
2011-06-01,4979.785329
2011-06-02,4916.153299
2011-06-03,4940.664278
2011-06-06,4926.452794
2011-06-07,4947.574437
2011-06-08,4872.217342
2011-06-09,4890.021382
2011-06-10,4776.237787
2011-06-13,4793.398378
2011-06-14,4864.131375
2011-06-15,4750.093795
2011-06-16,4680.948248
2011-06-17,4743.138523
2011-06-20,4722.093488
2011-06-21,4810.7275
2011-06-22,4803.817168
2011-06-23,4643.459766
2011-06-24,4643.10937
2011-06-27,4682.131242
2011-06-28,4731.506946
2011-06-29,4822.881683
2011-06-30,4912.624669
2011-07-01,4943.416547
2011-07-04,4964.218632
2011-07-05,4950.544365
2011-07-06,4883.170779
2011-07-07,4924.778409
2011-07-08,4850.580817
2011-07-11,4695.055207
2011-07-12,4662.02619
2011-07-13,4752.883628
2011-07-14,4712.491564
2011-07-15,4690.173042
2011-07-18,4576.417701
2011-07-19,4667.436017
2011-07-20,4729.908171
2011-07-21,4840.221445
2011-07-22,4862.572914
2011-07-25,4840.996626
2011-07-26,4870.651325
2011-07-27,4782.654756
2011-07-28,4756.890236
2011-07-29,4746.096295
2011-08-01,4635.128824
2011-08-02,4556.062897
2011-08-03,4493.140246
2011-08-04,4296.106788
2011-08-05,4228.991812
2011-08-08,4056.779114
2011-08-09,4120.860223
2011-08-10,3956.824656
2011-08-11,4081.205363
2011-08-12,4215.031757
2011-08-15,4288.935307
2011-08-16,4271.287696
2011-08-17,4298.573169
2011-08-18,4056.852774
2011-08-19,4021.023146
2011-08-22,4041.981518
2011-08-23,4076.890945
2011-08-24,4138.621626
2011-08-25,4070.880088
2011-08-26,4045.676913
2011-08-29,4142.989457
2011-08-30,4158.164468
2011-08-31,4270.597335
2011-09-01,4253.557732
2011-09-02,4137.685314
2011-09-05,3938.641943
2011-09-06,3895.075238
2011-09-07,4018.381747
2011-09-08,4038.30869
2011-09-09,3853.533033
2011-09-12,3729.631322
2011-09-13,3782.005081
2011-09-14,3837.175382
2011-09-15,3965.397245
2011-09-16,3971.262817
2011-09-19,3835.187027
2011-09-20,3936.22641
2011-09-21,3864.501252
2011-09-22,3624.005136
2011-09-23,3661.566275
2011-09-26,3718.026646
2011-09-27,3927.241008
2011-09-28,3873.790101
2011-09-29,3912.084944
2011-09-30,3801.836224
2011-10-03,3717.680819
2011-10-04,3618.012935
2011-10-05,3738.880402
2011-10-06,3867.762943
2011-10-07,3921.797192
2011-10-10,4036.889424
2011-10-11,4020.6307
2011-10-12,4134.117555
2011-10-13,4062.952888
2011-10-14,4145.102893
2011-10-17,4079.334883
2011-10-18,4039.754089
2011-10-19,4099.73852
2011-10-20,4008.201889
2011-10-21,4169.231409
2011-10-24,4216.130532
2011-10-25,4193.376029
2011-10-26,4177.833144
2011-10-27,4425.8958
2011-10-28,4429.337676
2011-10-31,4261.977325
2011-11-01,4038.623899
2011-11-02,4115.19086
2011-11-03,4180.208609
2011-11-04,4142.977779
2011-11-07,4120.950152
2011-11-08,4173.427756
2011-11-09,4036.461656
2011-11-10,4021.988265
2011-11-11,4161.652269
2011-11-14,4089.158342
2011-11-15,4032.228284
2011-11-16,4036.941967
2011-11-17,3981.160224
2011-11-18,3953.27412
2011-11-21,3811.846365
2011-11-22,3794.872293
2011-11-23,3706.378146
2011-11-24,3690.783748
2011-11-25,3702.466732
2011-11-28,3863.574945
2011-11-29,3888.497199
2011-11-30,4069.657962
2011-12-01,4045.786907
2011-12-02,4072.998488
2011-12-05,4118.100375
2011-12-06,4078.550845
2011-12-07,4073.456801
2011-12-08,3988.711098
2011-12-09,4051.811472
2011-12-12,3934.747014
2011-12-13,3918.954083
2011-12-14,3799.377368
2011-12-15,3849.355553
2011-12-16,3847.143937
2011-12-19,3840.747965
2011-12-20,3944.648185
2011-12-21,3906.395911
2011-12-22,3953.395348
2011-12-23,3979.388647
2011-12-26,3979.388647
2011-12-27,3988.175954
2011-12-28,3923.883601
2011-12-29,3952.551644
2011-12-30,4006.780581
2012-01-02,4048.645741
2012-01-03,4134.118058
2012-01-04,4066.98997
2012-01-05,3995.101549
2012-01-06,3972.649178
2012-01-09,3961.776495
2012-01-10,4046.103292
2012-01-11,4000.177733
2012-01-12,4023.834047
2012-01-13,3977.118965
2012-01-16,4010.299511
2012-01-17,4064.700435
2012-01-18,4093.338294
2012-01-19,4166.007795
2012-01-20,4162.148348
2012-01-23,4223.588733
2012-01-24,4188.902757
2012-01-25,4168.465755
2012-01-26,4274.471592
2012-01-27,4224.453773
2012-01-30,4172.909199
2012-01-31,4194.567345
2012-02-01,4311.768602
2012-02-02,4310.99729
2012-02-03,4367.481795
2012-02-06,4347.777884
2012-02-07,4391.367292
2012-02-08,4386.874727
2012-02-09,4414.166421
2012-02-10,4336.979119
2012-02-13,4378.463073
2012-02-14,4340.8542
2012-02-15,4350.495598
2012-02-16,4346.308922
2012-02-17,4411.470213
2012-02-20,4481.459631
2012-02-21,4458.79515
2012-02-22,4414.369576
2012-02-23,4431.556444
2012-02-24,4491.307926
2012-02-27,4457.317065
2012-02-28,4474.037685
2012-02-29,4460.228576
2012-03-01,4490.955177
2012-03-02,4450.272555
2012-03-05,4432.821086
2012-03-06,4278.575952
2012-03-07,4308.212359
2012-03-08,4427.33615
2012-03-09,4397.855677
2012-03-12,4393.918054
2012-03-13,4460.726196
2012-03-14,4446.932838
2012-03-15,4474.213932
2012-03-16,4532.119796
2012-03-19,4551.943615
2012-03-20,4493.160747
2012-03-21,4479.149583
2012-03-22,4428.405661
2012-03-23,4454.030455
2012-03-26,4515.47224
2012-03-27,4493.619205
2012-03-28,4436.520189
2012-03-29,4377.279479
2012-03-30,4433.987987
2012-04-02,4497.159346
2012-04-03,4459.481719
2012-04-04,4295.870603
2012-04-05,4285.010329
2012-04-06,4285.010329
2012-04-09,4287.877139
2012-04-10,4184.757926
2012-04-11,4228.48692
2012-04-12,4292.409589
2012-04-13,4199.716592
2012-04-16,4208.753248
2012-04-17,4320.082601
2012-04-18,4286.833667
2012-04-19,4273.120442
2012-04-20,4318.915818
2012-04-23,4196.042974
2012-04-24,4264.737465
2012-04-25,4303.183705
2012-04-26,4326.048457
2012-04-27,4367.554163
2012-04-30,4332.391222
2012-05-01,4349.044342
2012-05-02,4308.563298
2012-05-03,4312.14358
2012-05-04,4229.799725
2012-05-07,4239.691389
2012-05-08,4153.511537
2012-05-09,4125.229164
2012-05-10,4158.17752
2012-05-11,4168.599419
2012-05-14,4060.750473
2012-05-15,4015.074296
2012-05-16,3983.307692
2012-05-17,3928.464748
2012-05-18,3891.848563
2012-05-21,3928.659292
2012-05-22,4001.176214
2012-05-23,3861.546933
2012-05-24,3901.955223
2012-05-25,3891.807613
2012-05-28,3898.45349
2012-05-29,3925.84885
2012-05-30,3823.996083
2012-05-31,3801.381143
2012-06-01,3729.601056
2012-06-04,3749.992411
2012-06-05,3751.896536
2012-06-06,3852.021105
2012-06-07,3914.720941
2012-06-08,3875.031665
2012-06-11,3890.635897
2012-06-12,3901.810181
2012-06-13,3926.315564
2012-06-14,3920.671434
2012-06-15,3965.730588
2012-06-18,3956.03857
2012-06-19,4050.985578
2012-06-20,4081.125328
2012-06-21,4028.428996
2012-06-22,3976.675935
2012-06-25,3899.993038
2012-06-26,3894.541985
2012-06-27,3944.422616
2012-06-28,3916.711206
2012-06-29,4102.879114
2012-07-02,4127.69091
2012-07-03,4177.336444
2012-07-04,4145.991262
2012-07-05,4098.165804
2012-07-06,4034.834241
2012-07-09,4016.71634
2012-07-10,4036.409419
2012-07-11,4036.433378
2012-07-12,3972.628216
2012-07-13,4045.444841
2012-07-16,4051.3098
2012-07-17,4032.081064
2012-07-18,4094.648175
2012-07-19,4137.55713
2012-07-20,4048.74065
2012-07-23,3933.690879
2012-07-24,3904.351082
2012-07-25,3914.725529
2012-07-26,4066.831643
2012-07-27,4141.536272
2012-07-30,4164.732973
2012-07-31,4149.053879
2012-08-01,4163.511222
2012-08-02,4067.048927
2012-08-03,4227.644991
2012-08-06,4270.43686
2012-08-07,4304.415424
2012-08-08,4296.530269
2012-08-09,4297.2499
2012-08-10,4292.498838
2012-08-13,4287.382269
2012-08-14,4305.483445
2012-08-15,4291.83862
2012-08-16,4333.168711
2012-08-17,4334.568419
2012-08-20,4329.119077
2012-08-21,4393.74652
2012-08-22,4336.150475
2012-08-23,4350.837662
2012-08-24,4333.757768
2012-08-27,4353.40577
2012-08-28,4340.554098
2012-08-29,4320.875183
2012-08-30,4277.97952
2012-08-31,4332.073623
2012-09-03,4361.71319
2012-09-04,4303.680159
2012-09-05,4319.94553
2012-09-06,4431.95536
2012-09-07,4500.055661
2012-09-10,4484.387147
2012-09-11,4520.571577
2012-09-12,4540.031213
2012-09-13,4539.459854
2012-09-14,4682.061813
2012-09-17,4663.06351
2012-09-18,4614.52735
2012-09-19,4634.74521
2012-09-20,4589.350955
2012-09-21,4623.736176
2012-09-24,4582.312763
2012-09-25,4617.609137
2012-09-26,4491.422968
2012-09-27,4513.366309
2012-09-28,4459.975768
2012-10-01,4538.320293
2012-10-02,4536.412539
2012-10-03,4521.064459
2012-10-04,4554.341416
2012-10-05,4620.120414
2012-10-08,4543.708469
2012-10-09,4498.075038
2012-10-10,4476.898735
2012-10-11,4526.225682
2012-10-12,4510.887072
2012-10-15,4522.936834
2012-10-16,4613.469476
2012-10-17,4671.256269
2012-10-18,4668.501941
2012-10-19,4610.844779
2012-10-22,4606.211552
2012-10-23,4492.570244
2012-10-24,4515.54969
2012-10-25,4522.713942
2012-10-26,4518.821227
2012-10-29,4492.568517
2012-10-30,4557.404707
2012-10-31,4524.799204
2012-11-01,4575.037876
2012-11-02,4561.939595
2012-11-05,4513.356174
2012-11-06,4545.770365
2012-11-07,4469.4784
2012-11-08,4452.305661
2012-11-09,4441.695
2012-11-12,4430.935089
2012-11-13,4450.594609
2012-11-14,4417.163648
2012-11-15,4396.230396
2012-11-16,4321.381584
2012-11-19,4454.755965
2012-11-20,4464.883831
2012-11-21,4483.286956
2012-11-22,4531.69752
2012-11-23,4584.699466
2012-11-26,4565.054634
2012-11-27,4566.882089
2012-11-28,4564.83182
2012-11-29,4641.548099
2012-11-30,4642.301874
2012-12-03,4671.134007
2012-12-04,4678.397551
2012-12-05,4683.455354
2012-12-06,4686.775825
2012-12-07,4671.401258
2012-12-10,4678.33333
2012-12-11,4720.151499
2012-12-12,4738.236229
2012-12-13,4737.870874
2012-12-14,4740.539865
2012-12-17,4757.441455
2012-12-18,4797.356233
2012-12-19,4833.85288
2012-12-20,4827.51826
2012-12-21,4791.330937
2012-12-24,4791.281153
2012-12-25,4791.281153
2012-12-26,4798.01209
2012-12-27,4802.71623
2012-12-28,4771.359122
2012-12-31,4772.92986
2013-01-01,4772.92986
2013-01-02,4888.089263
2013-01-03,4861.890472
2013-01-04,4860.842594
2013-01-07,4859.134837
2013-01-08,4840.02988
2013-01-09,4864.866933
2013-01-10,4915.219965
2013-01-11,4958.082913
2013-01-14,4948.259789
2013-01-15,4942.571545
2013-01-16,4925.511756
2013-01-17,4969.968643
2013-01-18,4939.037569
2013-01-21,4961.2201
2013-01-22,4949.063373
2013-01-23,4957.400193
2013-01-24,5004.778228
2013-01-25,5057.685648
2013-01-28,5046.563243
2013-01-29,5072.001739
2013-01-30,5077.57029
2013-01-31,5051.93223
2013-02-01,5111.579434
2013-02-04,4984.866684
2013-02-05,5002.836962
2013-02-06,4986.556583
2013-02-07,4919.078601
2013-02-08,4974.807613
2013-02-11,4945.038439
2013-02-12,5000.704841
2013-02-13,5013.418149
2013-02-14,4970.817108
2013-02-15,4964.277336
2013-02-18,4955.548878
2013-02-19,5013.010949
2013-02-20,5003.405576
2013-02-21,4876.362661
2013-02-22,4916.317832
2013-02-25,4933.634476
2013-02-26,4819.536487
2013-02-27,4877.687799
2013-02-28,4912.219358
2013-03-01,4861.955011
2013-03-04,4870.278054
2013-03-05,4964.227993
2013-03-06,4944.113695
2013-03-07,4974.949176
2013-03-08,4977.14347
2013-03-11,4985.153995
2013-03-12,4988.573335
2013-03-13,4963.964048
2013-03-14,5030.185255
2013-03-15,5044.212211
2013-03-18,4991.200022
2013-03-19,4942.882499
2013-03-20,4985.736702
2013-03-21,4943.643297
2013-03-22,4964.560211
2013-03-25,4907.357151
2013-03-26,4906.988816
2013-03-27,4858.331889
2013-03-28,4902.051776
2013-03-29,4902.051776
2013-04-01,4907.677561
2013-04-02,4964.099575
2013-04-03,4921.945745
2013-04-04,4874.060212
2013-04-05,4862.885049
2013-04-08,4871.402684
2013-04-09,4893.299193
2013-04-10,4989.942141
2013-04-11,5035.602156
2013-04-12,4982.700262
2013-04-15,4948.16849
2013-04-16,4927.472432
2013-04-17,4819.860386
2013-04-18,4834.175502
2013-04-19,4861.745221
2013-04-22,4851.614133
2013-04-23,4964.824825
2013-04-24,4996.764562
2013-04-25,5039.025242
2013-04-26,5032.429516
2013-04-29,5091.244674
2013-04-30,5114.706759
2013-05-01,5121.667821
2013-05-02,5094.870154
2013-05-03,5166.418835
2013-05-06,5144.365335
2013-05-07,5169.370886
2013-05-08,5242.048637
2013-05-09,5214.339081
2013-05-10,5186.780686
2013-05-13,5182.087022
2013-05-14,5203.066085
2013-05-15,5197.108458
2013-05-16,5216.948604
2013-05-17,5194.888142
2013-05-20,5228.098837
2013-05-21,5239.969687
2013-05-22,5254.60067
2013-05-23,5153.515547
2013-05-24,5154.591916
2013-05-27,5174.666657
2013-05-28,5206.108356
2013-05-29,5154.505347
2013-05-30,5208.468957
2013-05-31,5124.164585
2013-06-03,5112.508253
2013-06-04,5145.449121
2013-06-05,5076.58113
2013-06-06,5059.490188
2013-06-07,5134.527209
2013-06-10,5121.684321
2013-06-11,5093.861318
2013-06-12,5102.097919
2013-06-13,5084.449277
2013-06-14,5108.338919
2013-06-17,5148.960879
2013-06-18,5161.70752
2013-06-19,5154.633606
2013-06-20,4916.815806
2013-06-21,4846.567616
2013-06-24,4753.578299
2013-06-25,4814.998645
2013-06-26,4871.245365
2013-06-27,4902.51437
2013-06-28,4876.846261
2013-07-01,4946.355143
2013-07-02,4925.258857
2013-07-03,4873.23735
2013-07-04,4965.16273
2013-07-05,4868.554172
2013-07-08,4949.098864
2013-07-09,4956.261955
2013-07-10,4990.569833
2013-07-11,5090.618585
2013-07-12,5089.210408
2013-07-15,5108.865006
2013-07-16,5108.458975
2013-07-17,5121.793077
2013-07-18,5165.834938
2013-07-19,5186.012533
2013-07-22,5215.149575
2013-07-23,5210.142785
2013-07-24,5247.081895
2013-07-25,5221.086086
2013-07-26,5219.862974
2013-07-29,5218.037066
2013-07-30,5221.019753
2013-07-31,5235.993936
2013-08-01,5278.888367
2013-08-02,5311.868768
2013-08-05,5303.175983
2013-08-06,5310.045171
2013-08-07,5304.991502
2013-08-08,5353.889476
2013-08-09,5372.144882
2013-08-12,5352.543774
2013-08-13,5360.040336
2013-08-14,5389.948147
2013-08-15,5329.544524
2013-08-16,5378.796095
2013-08-19,5356.459766
2013-08-20,5343.077848
2013-08-21,5295.955055
2013-08-22,5334.896747
2013-08-23,5379.047502
2013-08-26,5364.616161
2013-08-27,5278.448556
2013-08-28,5241.092547
2013-08-29,5232.437366
2013-08-30,5169.189274
2013-09-02,5265.462963
2013-09-03,5231.201414
2013-09-04,5259.379187
2013-09-05,5266.373836
2013-09-06,5308.213441
2013-09-09,5339.769372
2013-09-10,5413.112564
2013-09-11,5448.007147
2013-09-12,5449.189476
2013-09-13,5441.682912
2013-09-16,5514.499084
2013-09-17,5486.871089
2013-09-18,5511.382347
2013-09-19,5624.136432
2013-09-20,5594.688681
2013-09-23,5560.964535
2013-09-24,5570.35549
2013-09-25,5573.726324
2013-09-26,5564.21882
2013-09-27,5573.890222
2013-09-30,5540.820121
2013-10-01,5576.599019
2013-10-02,5565.690708
2013-10-03,5556.891005
2013-10-04,5551.274536
2013-10-07,5528.651158
2013-10-08,5496.389148
2013-10-09,5434.472998
2013-10-10,5527.884712
2013-10-11,5568.82597
2013-10-14,5588.856521
2013-10-15,5601.098245
2013-10-16,5610.529593
2013-10-17,5689.666891
2013-10-18,5747.308056
2013-10-21,5757.847868
2013-10-22,5827.742391
2013-10-23,5797.210643
2013-10-24,5832.103233
2013-10-25,5824.376701
2013-10-28,5812.1691
2013-10-29,5826.61041
2013-10-30,5828.114411
2013-10-31,5778.194829
2013-11-01,5717.557072
2013-11-04,5747.021613
2013-11-05,5721.517759
2013-11-06,5769.370561
2013-11-07,5708.318724
2013-11-08,5686.505761
2013-11-11,5725.952017
2013-11-12,5705.746445
2013-11-13,5662.952641
2013-11-14,5732.629715
2013-11-15,5751.891807
2013-11-18,5804.543867
2013-11-19,5766.163213
2013-11-20,5750.148152
2013-11-21,5739.813357
2013-11-22,5771.685107
2013-11-25,5787.660587
2013-11-26,5772.692495
2013-11-27,5809.624531
2013-11-28,5840.521366
2013-11-29,5846.499026
2013-12-02,5802.150704
2013-12-03,5727.766415
2013-12-04,5681.285381
2013-12-05,5671.466736
2013-12-06,5721.640653
2013-12-09,5747.44561
2013-12-10,5726.732161
2013-12-11,5705.549886
2013-12-12,5636.848804
2013-12-13,5618.032556
2013-12-16,5700.397678
2013-12-17,5648.023477
2013-12-18,5709.600348
2013-12-19,5768.518069
2013-12-20,5800.381193
2013-12-23,5857.706811
2013-12-24,5856.041848
2013-12-25,5856.041848
2013-12-26,5869.166482
2013-12-27,5966.585581
2013-12-30,5971.179258
2013-12-31,5977.34403
2014-01-01,5977.34403
2014-01-02,5877.665882
2014-01-03,5890.018419
2014-01-06,5889.360983
2014-01-07,5917.328151
2014-01-08,5920.814865
2014-01-09,5889.362386
2014-01-10,5954.016773
2014-01-13,5959.860703
2014-01-14,5984.519946
2014-01-15,6005.531545
2014-01-16,6002.148503
2014-01-17,6014.960042
2014-01-20,6012.154566
2014-01-21,6009.825766
2014-01-22,6024.640327
2014-01-23,6015.61637
2014-01-24,5875.380292
2014-01-27,5821.744414
2014-01-28,5853.447572
2014-01-29,5813.694309
2014-01-30,5794.66857
2014-01-31,5746.343334
2014-02-03,5682.950161
2014-02-04,5666.632218
2014-02-05,5684.402247
2014-02-06,5795.987897
2014-02-07,5845.904548
2014-02-10,5862.20845
2014-02-11,5951.882071
2014-02-12,5959.270541
2014-02-13,5985.01063
2014-02-14,6025.986326
2014-02-17,6055.112565
2014-02-18,6078.046933
2014-02-19,6089.784869
2014-02-20,6069.100757
2014-02-21,6106.725785
2014-02-24,6136.042685
2014-02-25,6140.282211
2014-02-26,6098.945165
2014-02-27,6097.707084
2014-02-28,6165.98719
2014-03-03,6011.154574
2014-03-04,6119.790317
2014-03-05,6118.153517
2014-03-06,6167.994685
2014-03-07,6099.955881
2014-03-10,6078.568047
2014-03-11,6073.270274
2014-03-12,6030.137025
2014-03-13,5975.62544
2014-03-14,5933.163166
2014-03-17,5997.320375
2014-03-18,6030.260485
2014-03-19,6023.991992
2014-03-20,5972.414574
2014-03-21,5980.947876
2014-03-24,5920.373136
2014-03-25,5994.27994
2014-03-26,6040.097851
2014-03-27,6030.531328
2014-03-28,6081.494459
2014-03-31,6103.023385
2014-04-01,6143.838252
2014-04-02,6142.753928
2014-04-03,6127.884576
2014-04-04,6154.692559
2014-04-07,6101.528355
2014-04-08,6112.234769
2014-04-09,6147.971764
2014-04-10,6142.042909
2014-04-11,6062.896166
2014-04-14,6064.047095
2014-04-15,6011.772371
2014-04-16,6079.315349
2014-04-17,6120.521903
2014-04-18,6120.521903
2014-04-21,6109.117285
2014-04-22,6186.096515
2014-04-23,6169.300324
2014-04-24,6187.274863
2014-04-25,6149.951458
2014-04-28,6167.779031
2014-04-29,6230.615146
2014-04-30,6255.260079
2014-05-01,6265.294716
2014-05-02,6253.675432
2014-05-05,6248.283457
2014-05-06,6255.927205
2014-05-07,6258.124949
2014-05-08,6299.19194
2014-05-09,6234.337213
2014-05-12,6281.153609
2014-05-13,6278.504347
2014-05-14,6283.30479
2014-05-15,6237.46185
2014-05-16,6249.34335
2014-05-19,6249.415004
2014-05-20,6232.497421
2014-05-21,6254.819938
2014-05-22,6260.449573
2014-05-23,6262.106066
2014-05-26,6306.512107
2014-05-27,6301.676759
2014-05-28,6289.504914
2014-05-29,6303.783507
2014-05-30,6311.212631
2014-06-02,6309.908328
2014-06-03,6289.14888
2014-06-04,6291.039964
2014-06-05,6312.22639
2014-06-06,6363.021819
2014-06-09,6365.18682
2014-06-10,6364.450991
2014-06-11,6327.815678
2014-06-12,6338.616208
2014-06-13,6318.37043
2014-06-16,6311.257714
2014-06-17,6317.57468
2014-06-18,6326.139982
2014-06-19,6390.301074
2014-06-20,6363.336542
2014-06-23,6341.001035
2014-06-24,6331.612269
2014-06-25,6282.380968
2014-06-26,6257.771162
2014-06-27,6283.749507
2014-06-30,6304.72143
2014-07-01,6354.919625
2014-07-02,6357.345524
2014-07-03,6395.474845
2014-07-04,6368.228866
2014-07-07,6315.217189
2014-07-08,6237.928523
2014-07-09,6251.338376
2014-07-10,6168.956336
2014-07-11,6177.847288
2014-07-14,6243.090516
2014-07-15,6194.928045
2014-07-16,6262.834858
2014-07-17,6194.896651
2014-07-18,6190.669593
2014-07-21,6164.247341
2014-07-22,6220.742911
2014-07-23,6226.656976
2014-07-24,6254.634482
2014-07-25,6194.87686
2014-07-28,6186.88547
2014-07-29,6190.737725
2014-07-30,6142.615938
2014-07-31,6066.397738
2014-08-01,6014.465709
2014-08-04,5996.798005
2014-08-05,5993.625011
2014-08-06,5942.132062
2014-08-07,5899.0666
2014-08-08,5890.054945
2014-08-11,5955.951781
2014-08-12,5930.170519
2014-08-13,5969.136042
2014-08-14,5986.270441
2014-08-15,5963.009674
2014-08-18,6025.252745
2014-08-19,6038.590638
2014-08-20,6024.668765
2014-08-21,6061.653506
2014-08-22,6022.374974
2014-08-25,6073.823786
2014-08-26,6120.30399
2014-08-27,6126.735436
2014-08-28,6075.307739
2014-08-29,6091.857104
2014-09-01,6089.555868
2014-09-02,6081.452594
2014-09-03,6129.126206
2014-09-04,6118.06665
2014-09-05,6090.656179
2014-09-08,6061.438635
2014-09-09,6023.33093
2014-09-10,6023.599336
2014-09-11,6027.240312
2014-09-12,6024.131462
2014-09-15,6019.643127
2014-09-16,6004.846043
2014-09-17,6038.546303
2014-09-18,6080.63898
2014-09-19,6054.205517
2014-09-22,6014.955045
2014-09-23,5951.790189
2014-09-24,5965.343123
2014-09-25,5889.364258
2014-09-26,5881.005764
2014-09-29,5854.461777
2014-09-30,5863.134814
2014-10-01,5797.442446
2014-10-02,5683.535553
2014-10-03,5671.911915
2014-10-06,5711.393312
2014-10-07,5653.33288
2014-10-08,5632.47227
2014-10-09,5622.035441
2014-10-10,5495.593
2014-10-13,5520.755403
2014-10-14,5513.466811
2014-10-15,5377.44327
2014-10-16,5362.266164
2014-10-17,5505.250932
2014-10-20,5480.726954
2014-10-21,5572.910077
2014-10-22,5584.577626
2014-10-23,5616.810499
2014-10-24,5606.985564
2014-10-27,5591.393657
2014-10-28,5659.693517
2014-10-29,5677.440159
2014-10-30,5647.943275
2014-10-31,5708.558211
2014-11-03,5642.398215
2014-11-04,5621.881243
2014-11-05,5678.259046
2014-11-06,5671.526994
2014-11-07,5633.634619
2014-11-10,5687.147438
2014-11-11,5700.309505
2014-11-12,5659.251938
2014-11-13,5672.196164
2014-11-14,5670.521013
2014-11-17,5687.35026
2014-11-18,5756.10116
2014-11-19,5759.287821
2014-11-20,5746.266049
2014-11-21,5806.179408
2014-11-24,5824.173415
2014-11-25,5856.368693
2014-11-26,5877.108333
2014-11-27,5871.926609
2014-11-28,5860.297797
2014-12-01,5837.698304
2014-12-02,5834.174029
2014-12-03,5826.978321
2014-12-04,5804.018418
2014-12-05,5839.775811
2014-12-08,5795.386515
2014-12-09,5723.443827
2014-12-10,5698.138312
2014-12-11,5684.459337
2014-12-12,5570.25189
2014-12-15,5429.413869
2014-12-16,5565.222821
2014-12-17,5522.215147
2014-12-18,5631.708567
2014-12-19,5646.650707
2014-12-22,5672.273386
2014-12-23,5669.917747
2014-12-24,5673.797453
2014-12-25,5673.797453
2014-12-26,5668.293367
2014-12-29,5677.271942
2014-12-30,5613.539426
2014-12-31,5608.027177
2015-01-01,5608.027177
2015-01-02,5554.800782
2015-01-05,5388.742976
2015-01-06,5344.33796
2015-01-07,5318.437816
2015-01-08,5462.068253
2015-01-09,5407.494872
2015-01-12,5430.772174
2015-01-13,5490.74325
2015-01-14,5410.224194
2015-01-15,5462.049933
2015-01-16,5483.381885
2015-01-19,5557.783502
2015-01-20,5573.703707
2015-01-21,5616.847335
2015-01-22,5627.362809
2015-01-23,5643.385021
2015-01-26,5678.008112
2015-01-27,5694.179051
2015-01-28,5671.156467
2015-01-29,5662.369917
2015-01-30,5607.827505
2015-02-02,5643.755275
2015-02-03,5743.102539
2015-02-04,5758.206729
2015-02-05,5768.087401
2015-02-06,5737.166957
2015-02-09,5692.537983
2015-02-10,5719.907414
2015-02-11,5695.729892
2015-02-12,5772.258027
2015-02-13,5823.661601
2015-02-16,5816.937879
2015-02-17,5823.088157
2015-02-18,5853.683003
2015-02-19,5885.215556
2015-02-20,5887.292084
2015-02-23,5922.035982
2015-02-24,5946.150244
2015-02-25,5949.521192
2015-02-26,5934.27971
2015-02-27,5959.911688
2015-03-02,5934.478855
2015-03-03,5876.47134
2015-03-04,5860.43392
2015-03-05,5891.23924
2015-03-06,5806.398489
2015-03-09,5784.380222
2015-03-10,5656.453356
2015-03-11,5670.953909
2015-03-12,5692.770045
2015-03-13,5658.171436
2015-03-16,5741.980646
2015-03-17,5717.467154
2015-03-18,5758.770794
2015-03-19,5782.16907
2015-03-20,5925.91981
2015-03-23,5959.142726
2015-03-24,5964.643363
2015-03-25,5941.949753
2015-03-26,5857.924569
2015-03-27,5858.565697
2015-03-30,5890.123333
2015-03-31,5801.582185
2015-04-01,5830.441281
2015-04-02,5888.3285
2015-04-03,5888.3285
2015-04-06,5958.007404
2015-04-07,5976.780889
2015-04-08,5937.547912
2015-04-09,5940.393743
2015-04-10,5967.232459
2015-04-13,5946.61337
2015-04-14,5989.459137
2015-04-15,5978.770901
2015-04-16,5987.169075
2015-04-17,5924.23912
2015-04-20,5963.742256
2015-04-21,5988.277506
2015-04-22,5976.999361
2015-04-23,5998.058238
2015-04-24,6052.260721
2015-04-27,6123.031711
2015-04-28,6085.741651
2015-04-29,6043.204944
2015-04-30,6053.452686
2015-05-01,6045.12445
2015-05-04,6048.428988
2015-05-05,5978.371856
2015-05-06,6033.160461
2015-05-07,5987.297718
2015-05-08,6135.227829
2015-05-11,6121.656302
2015-05-12,6095.148748
2015-05-13,6140.901522
2015-05-14,6198.688227
2015-05-15,6203.768916
2015-05-18,6191.883522
2015-05-19,6163.039633
2015-05-20,6176.526866
2015-05-21,6212.956257
2015-05-22,6157.75067
2015-05-25,6140.818201
2015-05-26,6023.87803
2015-05-27,6091.695901
2015-05-28,6087.147824
2015-05-29,6006.799965
2015-06-01,5978.820611
2015-06-02,6043.390998
2015-06-03,6110.131576
2015-06-04,6069.205233
2015-06-05,5922.660929
2015-06-08,5919.056339
2015-06-09,5915.644674
2015-06-10,6055.07367
2015-06-11,6053.62949
2015-06-12,6015.735533
2015-06-15,5910.834918
2015-06-16,5938.407772
2015-06-17,5911.294286
2015-06-18,6009.720398
2015-06-19,5991.123468
2015-06-22,6165.036902
2015-06-23,6118.673636
2015-06-24,6097.734269
2015-06-25,6085.445864
2015-06-26,6064.183829
2015-06-29,5905.514973
2015-06-30,5822.244201
2015-07-01,5888.038281
2015-07-02,5867.321529
2015-07-03,5834.097439
2015-07-06,5748.162882
2015-07-07,5586.205693
2015-07-08,5659.379236
2015-07-09,5773.57212
2015-07-10,5959.15549
2015-07-13,5986.428632
2015-07-14,6010.797645
2015-07-15,6010.662607
2015-07-16,6063.140418
2015-07-17,6037.136348
2015-07-20,6059.240177
2015-07-21,6037.001386
2015-07-22,5975.70642
2015-07-23,5991.788802
2015-07-24,5931.06749
2015-07-27,5873.194522
2015-07-28,5900.502559
2015-07-29,5957.709002
2015-07-30,5936.432309
2015-07-31,6004.098138
2015-08-03,6009.748748
2015-08-04,5991.937549
2015-08-05,6020.039294
2015-08-06,6001.432717
2015-08-07,5963.997868
2015-08-10,6027.179444
2015-08-11,5966.495606
2015-08-12,5880.307871
2015-08-13,5910.315281
2015-08-14,5891.872297
2015-08-17,5887.586753
2015-08-18,5876.678321
2015-08-19,5782.172804
2015-08-20,5740.492151
2015-08-21,5610.351193
2015-08-24,5431.968382
2015-08-25,5577.501095
2015-08-26,5473.518785
2015-08-27,5572.631917
2015-08-28,5592.809305
2015-08-31,5576.550748
2015-09-01,5447.173742
2015-09-02,5446.961345
2015-09-03,5509.771063
2015-09-04,5377.570818
2015-09-07,5424.511068
2015-09-08,5501.804893
2015-09-09,5567.027403
2015-09-10,5525.55231
2015-09-11,5500.994034
2015-09-14,5470.94957
2015-09-15,5507.402217
2015-09-16,5604.097994
2015-09-17,5603.039631
2015-09-18,5528.380161
2015-09-21,5486.383654
2015-09-22,5283.569867
2015-09-23,5293.470047
2015-09-24,5246.461679
2015-09-25,5341.726654
2015-09-28,5237.480169
2015-09-29,5209.808013
2015-09-30,5316.230266
2015-10-01,5312.470414
2015-10-02,5372.753624
2015-10-05,5507.33191
2015-10-06,5567.911337
2015-10-07,5569.335431
2015-10-08,5601.190717
2015-10-09,5662.081173
2015-10-12,5655.332405
2015-10-13,5603.457362
2015-10-14,5591.740964
2015-10-15,5647.749329
2015-10-16,5677.148551
2015-10-19,5658.393354
2015-10-20,5648.130628
2015-10-21,5653.151492
2015-10-22,5674.547663
2015-10-23,5719.578128
2015-10-26,5705.670331
2015-10-27,5645.300823
2015-10-28,5714.170026
2015-10-29,5657.40274
2015-10-30,5696.891566
2015-11-02,5709.942185
2015-11-03,5693.790265
2015-11-04,5676.52384
2015-11-05,5653.775491
2015-11-06,5605.027624
2015-11-09,5545.421824
2015-11-10,5523.471372
2015-11-11,5576.448726
2015-11-12,5501.442432
2015-11-13,5443.833756
2015-11-16,5452.109801
2015-11-17,5555.004836
2015-11-18,5547.124775
2015-11-19,5619.964458
2015-11-20,5597.293082
2015-11-23,5549.615442
2015-11-24,5494.500996
2015-11-25,5549.909248
2015-11-26,5612.057901
2015-11-27,5586.950415
2015-11-30,5592.470247
2015-12-01,5597.801644
2015-12-02,5578.327909
2015-12-03,5542.092115
2015-12-04,5536.484086
2015-12-07,5544.215784
2015-12-08,5453.582905
2015-12-09,5476.725985
2015-12-10,5448.694583
2015-12-11,5362.783504
2015-12-14,5280.411796
2015-12-15,5381.181649
2015-12-16,5405.833646
2015-12-17,5418.715492
2015-12-18,5368.343819
2015-12-21,5344.055433
2015-12-22,5365.668654
2015-12-23,5468.577077
2015-12-24,5507.394796
2015-12-25,5507.394796
2015-12-28,5487.516831
2015-12-29,5531.506432
2015-12-30,5503.325175
2015-12-31,5448.548709
2016-01-01,5448.548709
2016-01-04,5282.477533
2016-01-05,5274.400437
2016-01-06,5221.451062
2016-01-07,5145.169557
2016-01-08,5099.262647
2016-01-11,5058.541453
2016-01-12,5091.970471
2016-01-13,5124.784114
2016-01-14,5047.085187
2016-01-15,4954.761723
2016-01-18,4904.706401
2016-01-19,4978.548851
2016-01-20,4817.693357
2016-01-21,4880.622005
2016-01-22,5028.432207
2016-01-25,4999.676109
2016-01-26,5051.013223
2016-01-27,5080.948162
2016-01-28,5033.77205
2016-01-29,5089.404019
2016-02-01,5112.512139
2016-02-02,5007.518072
2016-02-03,4998.442863
2016-02-04,5047.713819
2016-02-05,4994.817072
2016-02-08,4825.007723
2016-02-09,4815.778211
2016-02-10,4853.127178
2016-02-11,4735.822769
2016-02-12,4834.457138
2016-02-15,4933.719347
2016-02-16,4912.58114
2016-02-17,5037.884279
2016-02-18,5024.254215
2016-02-19,4987.276049
2016-02-22,5038.828511
2016-02-23,4972.596495
2016-02-24,4855.743096
2016-02-25,4960.508423
2016-02-26,4990.212861
2016-02-29,4998.228781
2016-03-01,5066.264748
2016-03-02,5088.520072
2016-03-03,5120.352737
2016-03-04,5192.167042
2016-03-07,5168.347609
2016-03-08,5149.752783
2016-03-09,5156.338069
2016-03-10,5131.46146
2016-03-11,5272.069734
2016-03-14,5284.114208
2016-03-15,5226.551443
2016-03-16,5211.820898
2016-03-17,5324.274479
2016-03-18,5328.291485
2016-03-21,5301.579941
2016-03-22,5277.377609
2016-03-23,5249.670156
2016-03-24,5167.051765
2016-03-25,5167.051765
2016-03-28,5195.095374
2016-03-29,5202.008724
2016-03-30,5351.390862
2016-03-31,5311.972719
2016-04-01,5220.270102
2016-04-04,5258.741989
2016-04-05,5155.738628
2016-04-06,5195.384688
2016-04-07,5165.052724
2016-04-08,5238.199049
2016-04-11,5274.597435
2016-04-12,5273.679634
2016-04-13,5365.969841
2016-04-14,5375.4537
2016-04-15,5374.369113
2016-04-18,5411.539812
2016-04-19,5516.161477
2016-04-20,5522.744258
2016-04-21,5486.081929
2016-04-22,5444.725169
2016-04-25,5426.426632
2016-04-26,5457.195098
2016-04-27,5476.642521
2016-04-28,5493.155191
2016-04-29,5441.740726
2016-05-02,5470.260288
2016-05-03,5379.437315
2016-05-04,5305.694128
2016-05-05,5285.642439
2016-05-06,5280.065961
2016-05-09,5291.783472
2016-05-10,5341.073975
2016-05-11,5335.649997
2016-05-12,5299.241486
2016-05-13,5277.834587
2016-05-16,5296.176868
2016-05-17,5298.661597
2016-05-18,5316.554674
2016-05-19,5226.057406
2016-05-20,5293.890187
2016-05-23,5266.438401
2016-05-24,5365.062802
2016-05-25,5430.125365
2016-05-26,5457.825315
2016-05-27,5443.680974
2016-05-30,5455.095393
2016-05-31,5409.75498
2016-06-01,5377.859047
2016-06-02,5378.298158
2016-06-03,5413.183491
2016-06-06,5449.376293
2016-06-07,5506.623819
2016-06-08,5501.087563
2016-06-09,5417.73806
2016-06-10,5274.324422
2016-06-13,5181.458297
2016-06-14,5042.150327
2016-06-15,5101.832752
2016-06-16,5029.626757
2016-06-17,5144.053597
2016-06-20,5372.319179
2016-06-21,5380.063647
2016-06-22,5405.586089
2016-06-23,5519.840881
2016-06-24,5035.741584
2016-06-27,4779.374729
2016-06-28,4932.483628
2016-06-29,5111.290361
2016-06-30,5169.115635
2016-07-01,5215.891469
2016-07-04,5182.966611
2016-07-05,5087.88207
2016-07-06,4985.546655
2016-07-07,5038.367428
2016-07-08,5099.898054
2016-07-11,5185.773378
2016-07-12,5251.601041
2016-07-13,5260.905566
2016-07-14,5302.260486
2016-07-15,5277.996425
2016-07-18,5286.182635
2016-07-19,5238.312956
2016-07-20,5290.534038
2016-07-21,5281.50141
2016-07-22,5269.523158
2016-07-25,5273.510952
2016-07-26,5285.172592
2016-07-27,5309.102055
2016-07-28,5300.78564
2016-07-29,5385.53339
2016-08-01,5347.819722
2016-08-02,5300.615674
2016-08-03,5279.648143
2016-08-04,5302.496218
2016-08-05,5325.26515
2016-08-08,5329.762935
2016-08-09,5396.772938
2016-08-10,5410.734567
2016-08-11,5469.124341
2016-08-12,5459.316962
2016-08-15,5469.345414
2016-08-16,5456.600586
2016-08-17,5419.731496
2016-08-18,5484.024099
2016-08-19,5438.706058
2016-08-22,5443.115934
2016-08-23,5489.192723
2016-08-24,5474.195601
2016-08-25,5445.173104
2016-08-26,5472.713793
2016-08-29,5409.792057
2016-08-30,5427.297783
2016-08-31,5401.424379
2016-09-01,5427.301173
2016-09-02,5521.404949
2016-09-05,5515.645998
2016-09-06,5540.647639
2016-09-07,5560.462235
2016-09-08,5557.859937
2016-09-09,5466.628481
2016-09-12,5419.367497
2016-09-13,5374.066233
2016-09-14,5371.02594
2016-09-15,5399.12696
2016-09-16,5319.233659
2016-09-19,5384.911683
2016-09-20,5374.723684
2016-09-21,5384.021632
2016-09-22,5520.432496
2016-09-23,5471.275163
2016-09-26,5408.61031
2016-09-27,5378.173836
2016-09-28,5411.929072
2016-09-29,5440.840752
2016-09-30,5448.478766
2016-10-03,5443.150346
2016-10-04,5462.285749
2016-10-05,5454.63315
2016-10-06,5418.866853
2016-10-07,5375.328364
2016-10-10,5404.939213
2016-10-11,5329.171275
2016-10-12,5281.989042
2016-10-13,5243.361642
2016-10-14,5298.156138
2016-10-17,5252.454748
2016-10-18,5321.826345
2016-10-19,5336.895709
2016-10-20,5331.585732
2016-10-21,5304.182626
2016-10-24,5310.641915
2016-10-25,5282.928564
2016-10-26,5289.827138
2016-10-27,5294.489263
2016-10-28,5284.260329
2016-10-31,5271.026192
2016-11-01,5255.27351
2016-11-02,5228.777911
2016-11-03,5215.923729
2016-11-04,5188.061899
2016-11-07,5226.446847
2016-11-08,5251.172167
2016-11-09,5278.787902
2016-11-10,5233.785414
2016-11-11,5199.68138
2016-11-14,5148.032094
2016-11-15,5166.807967
2016-11-16,5130.051225
2016-11-17,5162.355601
2016-11-18,5094.428183
2016-11-21,5133.327276
2016-11-22,5129.583959
2016-11-23,5098.552218
2016-11-24,5131.733697
2016-11-25,5161.309671
2016-11-28,5110.800025
2016-11-29,5142.305343
2016-11-30,5156.376937
2016-12-01,5143.9722
2016-12-02,5144.923661
2016-12-05,5205.881055
2016-12-06,5261.405588
2016-12-07,5326.436309
2016-12-08,5315.463609
2016-12-09,5327.446874
2016-12-12,5341.056705
2016-12-13,5414.467018
2016-12-14,5394.121685
2016-12-15,5319.454009
2016-12-16,5335.23672
2016-12-19,5343.104844
2016-12-20,5339.356961
2016-12-21,5356.176863
2016-12-22,5356.311158
2016-12-23,5360.502797
2016-12-26,5360.502797
2016-12-27,5365.426163
2016-12-28,5348.800616
2016-12-29,5378.950568
2016-12-30,5426.615023
2017-01-02,5451.867022
2017-01-03,5404.81669
2017-01-04,5446.236865
2017-01-05,5515.367205
2017-01-06,5500.903374
2017-01-09,5462.766996
2017-01-10,5488.204975
2017-01-11,5437.811769
2017-01-12,5498.002458
2017-01-13,5535.263879
2017-01-16,5480.605731
2017-01-17,5516.615886
2017-01-18,5526.277847
2017-01-19,5480.452389
2017-01-20,5512.117008
2017-01-23,5522.650193
2017-01-24,5542.65975
2017-01-25,5607.927644
2017-01-26,5582.414458
2017-01-27,5583.051381
2017-01-30,5517.705821
2017-01-31,5539.334389
2017-02-01,5559.345805
2017-02-02,5567.005795
2017-02-03,5589.977511
2017-02-06,5527.562737
2017-02-07,5515.515645
2017-02-08,5541.822896
2017-02-09,5565.950189
2017-02-10,5554.467676
2017-02-13,5586.51799
2017-02-14,5565.083577
2017-02-15,5589.676321
2017-02-16,5624.990578
2017-02-17,5604.944361
2017-02-20,5610.644564
2017-02-21,5601.291172
2017-02-22,5605.106924
2017-02-23,5628.629902
2017-02-24,5573.943261
2017-02-27,5588.451374
2017-02-28,5605.502462
2017-03-01,5653.051694
2017-03-02,5640.347416
2017-03-03,5655.244613
2017-03-06,5644.40914
2017-03-07,5621.02326
2017-03-08,5611.441932
2017-03-09,5628.967654
2017-03-10,5674.349222
2017-03-13,5702.305723
2017-03-14,5670.809852
2017-03-15,5688.05284
2017-03-16,5790.709594
2017-03-17,5804.141908
2017-03-20,5800.60019
2017-03-21,5801.369389
2017-03-22,5772.938239
2017-03-23,5812.182478
2017-03-24,5811.778096
2017-03-27,5831.79364
2017-03-28,5859.424817
2017-03-29,5816.871056
2017-03-30,5841.556602
2017-03-31,5830.604608
2017-04-03,5779.177003
2017-04-04,5796.613378
2017-04-05,5797.037671
2017-04-06,5806.14866
2017-04-07,5793.254789
2017-04-10,5785.331328
2017-04-11,5800.477325
2017-04-12,5804.692808
2017-04-13,5786.921627
2017-04-14,5786.921627
2017-04-17,5811.795169
2017-04-18,5761.132859
2017-04-19,5781.906116
2017-04-20,5822.924563
2017-04-21,5782.36319
2017-04-24,6002.343391
2017-04-25,6051.674104
2017-04-26,6052.085716
2017-04-27,6033.867643
2017-04-28,6036.476334
2017-05-01,6044.608993
2017-05-02,6082.577234
2017-05-03,6086.756584
2017-05-04,6153.097174
2017-05-05,6220.671257
2017-05-08,6185.324631
2017-05-09,6191.279923
2017-05-10,6190.784863
2017-05-11,6165.2347
2017-05-12,6218.010098
2017-05-15,6258.733983
2017-05-16,6321.922542
2017-05-17,6284.842482
2017-05-18,6243.328818
2017-05-19,6317.598399
2017-05-22,6344.352929
2017-05-23,6347.819695
2017-05-24,6328.491066
2017-05-25,6341.197969
2017-05-26,6311.303421
2017-05-29,6307.693076
2017-05-30,6296.695059
2017-05-31,6329.194745
2017-06-01,6346.91469
2017-06-02,6389.862541
2017-06-05,6371.421441
2017-06-06,6337.765505
2017-06-07,6331.540875
2017-06-08,6310.660466
2017-06-09,6312.33943
2017-06-12,6264.407456
2017-06-13,6298.710746
2017-06-14,6318.488261
2017-06-15,6227.08496
2017-06-16,6294.932752
2017-06-19,6333.018689
2017-06-20,6264.016567
2017-06-21,6260.908707
2017-06-22,6269.537602
2017-06-23,6278.447834
2017-06-26,6304.568891
2017-06-27,6305.212439
2017-06-28,6345.288363
2017-06-29,6296.300999
2017-06-30,6260.067665
2017-07-03,6308.533289
2017-07-04,6280.395658
2017-07-05,6278.33396
2017-07-06,6278.90619
2017-07-07,6266.291925
2017-07-10,6287.86074
2017-07-11,6264.353924
2017-07-12,6362.470342
2017-07-13,6373.076519
2017-07-14,6407.982813
2017-07-17,6419.440572
2017-07-18,6407.417294
2017-07-19,6421.857103
2017-07-20,6462.914057
2017-07-21,6408.860938
2017-07-24,6385.744592
2017-07-25,6424.710958
2017-07-26,6439.279469
2017-07-27,6450.704
2017-07-28,6430.663888
2017-07-31,6446.952294
2017-08-01,6498.576138
2017-08-02,6497.500948
2017-08-03,6518.764514
2017-08-04,6511.968641
2017-08-07,6527.617522
2017-08-08,6507.973633
2017-08-09,6462.678769
2017-08-10,6409.567684
2017-08-11,6366.099617
2017-08-14,6429.003059
2017-08-15,6399.66394
2017-08-16,6434.161315
2017-08-17,6419.474578
2017-08-18,6378.590962
2017-08-21,6388.936562
2017-08-22,6412.658826
2017-08-23,6409.495929
2017-08-24,6416.088272
2017-08-25,6445.326242
2017-08-28,6460.380685
2017-08-29,6431.929866
2017-08-30,6416.682395
2017-08-31,6450.702234
2017-09-01,6484.37001
2017-09-04,6468.622468
2017-09-05,6465.318923
2017-09-06,6478.614786
2017-09-07,6535.061871
2017-09-08,6551.042975
2017-09-11,6599.233712
2017-09-12,6617.486593
2017-09-13,6596.420377
2017-09-14,6578.588523
2017-09-15,6608.726743
2017-09-18,6626.298889
2017-09-19,6642.264701
2017-09-20,6649.856648
2017-09-21,6627.141886
2017-09-22,6658.6027
2017-09-25,6616.665211
2017-09-26,6564.629797
2017-09-27,6570.952031
2017-09-28,6612.61823
2017-09-29,6663.556682
2017-10-02,6649.321694
2017-10-03,6669.465061
2017-10-04,6667.860743
2017-10-05,6655.052272
2017-10-06,6638.455406
2017-10-09,6654.023386
2017-10-10,6697.618241
2017-10-11,6713.268163
2017-10-12,6718.066874
2017-10-13,6731.163211
2017-10-16,6709.786826
2017-10-17,6669.020996
2017-10-18,6702.207736
2017-10-19,6707.515473
2017-10-20,6687.472766
2017-10-23,6673.756578
2017-10-24,6660.100366
2017-10-25,6648.327408
2017-10-26,6657.763317
2017-10-27,6626.774862
2017-10-30,6660.259119
2017-10-31,6694.88994
2017-11-01,6700.905073
2017-11-02,6706.629601
2017-11-03,6690.637249
2017-11-06,6683.465197
2017-11-07,6644.942759
2017-11-08,6649.532415
2017-11-09,6602.235129
2017-11-10,6598.977147
2017-11-13,6559.483678
2017-11-14,6568.444539
2017-11-15,6562.030092
2017-11-16,6595.062747
2017-11-17,6581.076346
2017-11-20,6606.977663
2017-11-21,6622.287299
2017-11-22,6638.675588
2017-11-23,6671.945223
2017-11-24,6716.609606
2017-11-27,6675.022232
2017-11-28,6686.777298
2017-11-29,6691.886409
2017-11-30,6709.616716
2017-12-01,6630.834102
2017-12-04,6682.041864
2017-12-05,6660.593686
2017-12-06,6635.403829
2017-12-07,6637.496797
2017-12-08,6663.325335
2017-12-11,6686.454259
2017-12-12,6695.520314
2017-12-13,6694.980988
2017-12-14,6673.638084
2017-12-15,6657.059941
2017-12-18,6760.265125
2017-12-19,6730.364634
2017-12-20,6724.348548
2017-12-21,6753.29103
2017-12-22,6730.951264
2017-12-25,6730.951264
2017-12-26,6740.685231
2017-12-27,6767.630348
2017-12-28,6776.472166
2017-12-29,6810.781312
2018-01-01,6810.781312
2018-01-02,6815.79079
2018-01-03,6835.76796
2018-01-04,6927.315351
2018-01-05,6968.642739
2018-01-08,6953.206737
2018-01-09,6956.444537
2018-01-10,6963.143728
2018-01-11,6977.725178
2018-01-12,7056.144087
2018-01-15,7118.790705
2018-01-16,7101.702118
2018-01-17,7101.22311
2018-01-18,7113.774075
2018-01-19,7142.744012
2018-01-22,7182.177913
2018-01-23,7217.406413
2018-01-24,7232.202272
2018-01-25,7262.422888
2018-01-26,7257.283261
2018-01-29,7199.93364
2018-01-30,7166.76058
2018-01-31,7178.879561
2018-02-01,7148.400234
2018-02-02,7031.992283
2018-02-05,6913.649622
2018-02-06,6703.631599
2018-02-07,6805.884456
2018-02-08,6678.658963
2018-02-09,6575.435531
2018-02-12,6669.411789
2018-02-13,6670.56978
2018-02-14,6767.822012
2018-02-15,6847.405427
2018-02-16,6904.531889
2018-02-19,6832.677544
2018-02-20,6843.710911
2018-02-21,6843.310281
2018-02-22,6836.216064
2018-02-23,6838.189973
2018-02-26,6868.050769
2018-02-27,6828.243584
2018-02-28,6756.91513
2018-03-01,6665.361336
2018-03-02,6595.019488
2018-03-05,6673.081974
2018-03-06,6723.653727
2018-03-07,6746.629715
2018-03-08,6777.072035
2018-03-09,6799.975981
2018-03-12,6816.797067
2018-03-13,6791.91061
2018-03-14,6761.885767
2018-03-15,6778.660552
2018-03-16,6775.712151
2018-03-19,6728.977248
2018-03-20,6732.588228
2018-03-21,6720.768769
2018-03-22,6642.289398
2018-03-23,6610.40554
2018-03-26,6608.928482
2018-03-27,6664.921757
2018-03-28,6673.922192
2018-03-29,6675.611308
2018-03-30,6675.611308
2018-04-02,6683.650102
2018-04-03,6630.701452
2018-04-04,6617.039561
2018-04-05,6740.337263
2018-04-06,6740.334723
2018-04-09,6776.495568
2018-04-10,6855.604855
2018-04-11,6834.776916
2018-04-12,6843.49932
2018-04-13,6856.676661
2018-04-16,6855.816424
2018-04-17,6900.612837
2018-04-18,6939.711504
2018-04-19,6936.675648
2018-04-20,6889.119954
2018-04-23,6881.182842
2018-04-24,6880.511772
2018-04-25,6809.173071
2018-04-26,6842.68474
2018-04-27,6856.364351
2018-04-30,6860.33268
2018-05-01,6800.159701
2018-05-02,6824.736981
2018-05-03,6774.139562
2018-05-04,6810.501314
2018-05-07,6847.028418
2018-05-08,6820.918286
2018-05-09,6867.773014
2018-05-10,6883.005748
2018-05-11,6930.740694
2018-05-14,6946.363276
2018-05-15,6889.440719
2018-05-16,6859.624093
2018-05-17,6909.293531
2018-05-18,6882.247236
2018-05-21,6896.78817
2018-05-22,6928.889929
2018-05-23,6809.171977
2018-05-24,6782.618512
2018-05-25,6750.901918
2018-05-28,6713.91583
2018-05-29,6592.913036
2018-05-30,6642.832029
2018-05-31,6635.098911
2018-06-01,6693.823275
2018-06-04,6733.170334
2018-06-05,6695.928117
2018-06-06,6757.968683
2018-06-07,6770.806752
2018-06-08,6724.036265
2018-06-11,6796.868147
2018-06-12,6776.278361
2018-06-13,6780.154833
2018-06-14,6793.803743
2018-06-15,6707.782307
2018-06-18,6651.641873
2018-06-19,6577.675673
2018-06-20,6602.347616
2018-06-21,6561.598228
2018-06-22,6652.39657
2018-06-25,6538.352138
2018-06-26,6532.69381
2018-06-27,6544.058709
2018-06-28,6486.568077
2018-06-29,6590.632139
2018-07-02,6498.309532
2018-07-03,6575.79384
2018-07-04,6577.527733
2018-07-05,6638.785555
2018-07-06,6683.025391
2018-07-09,6724.407299
2018-07-10,6731.153863
2018-07-11,6645.488621
2018-07-12,6675.585336
2018-07-13,6678.601518
2018-07-16,6679.343896
2018-07-17,6681.446257
2018-07-18,6696.667257
2018-07-19,6666.011021
2018-07-20,6709.476942
2018-07-23,6696.566466
2018-07-24,6754.236787
2018-07-25,6717.519075
2018-07-26,6762.957196
2018-07-27,6786.346637
2018-07-30,6801.415718
2018-07-31,6810.013794
2018-08-01,6760.971971
2018-08-02,6672.266281
2018-08-03,6704.651284
2018-08-06,6678.128832
2018-08-07,6730.341853
2018-08-08,6723.66468
2018-08-09,6718.275347
2018-08-10,6564.329212
2018-08-13,6538.540972
2018-08-14,6514.382827
2018-08-15,6391.267592
2018-08-16,6469.457296
2018-08-17,6474.653231
2018-08-20,6525.275715
2018-08-21,6589.526235
2018-08-22,6631.950436
2018-08-23,6607.411023
2018-08-24,6641.287337
2018-08-27,6700.727827
2018-08-28,6723.575904
2018-08-29,6730.825593
2018-08-30,6689.817052
2018-08-31,6619.807108
2018-09-03,6621.824605
2018-09-04,6536.130599
2018-09-05,6503.152457
2018-09-06,6470.098092
2018-09-07,6449.56419
2018-09-10,6489.159247
2018-09-11,6474.68825
2018-09-12,6526.51563
2018-09-13,6548.364172
2018-09-14,6565.668005
2018-09-17,6586.492497
2018-09-18,6600.171909
2018-09-19,6608.059453
2018-09-20,6702.704107
2018-09-21,6740.647214
2018-09-24,6719.634458
2018-09-25,6748.991431
2018-09-26,6748.18545
2018-09-27,6734.549086
2018-09-28,6643.384669
2018-10-01,6638.459491
2018-10-02,6588.90465
2018-10-03,6612.307789
2018-10-04,6534.444759
2018-10-05,6472.92336
2018-10-08,6383.734469
2018-10-09,6396.135233
2018-10-10,6331.141051
2018-10-11,6221.369635
2018-10-12,6207.068751
2018-10-15,6231.323629
2018-10-16,6321.422551
2018-10-17,6268.753746
2018-10-18,6215.10675
2018-10-19,6215.402721
2018-10-22,6174.783721
2018-10-23,6077.206287
2018-10-24,6027.718067
2018-10-25,6050.250988
2018-10-26,6000.743201
2018-10-29,6062.022073
2018-10-30,6049.653101
2018-10-31,6136.383577
2018-11-01,6196.647624
2018-11-02,6202.327429
2018-11-05,6207.847382
2018-11-06,6196.851353
2018-11-07,6290.377502
2018-11-08,6279.14737
2018-11-09,6218.303697
2018-11-12,6104.715231
2018-11-13,6162.231583
2018-11-14,6141.951626
2018-11-15,6091.4449
2018-11-16,6121.155171
2018-11-19,6106.877597
2018-11-20,6015.494808
2018-11-21,6076.323492
2018-11-22,6041.511617
2018-11-23,6028.239676
2018-11-26,6102.203684
2018-11-27,6060.832058
2018-11-28,6053.778359
2018-11-29,6123.442395
2018-11-30,6079.216628
2018-12-03,6155.972761
2018-12-04,6112.425637
2018-12-05,6033.463229
2018-12-06,5868.779139
2018-12-07,5911.850179
2018-12-10,5793.776066
2018-12-11,5855.367391
2018-12-12,5975.461167
2018-12-13,5957.536918
2018-12-14,5894.020399
2018-12-17,5847.106091
2018-12-18,5812.185451
2018-12-19,5858.944773
2018-12-20,5772.691707
2018-12-21,5771.798651
2018-12-24,5747.679668
2018-12-25,5747.679668
2018-12-26,5739.833951
2018-12-27,5646.197339
2018-12-28,5775.681618
2018-12-31,5798.437731
2019-01-01,5798.437731
2019-01-02,5751.495347
2019-01-03,5718.067164
2019-01-04,5888.923063
2019-01-07,5901.304224
2019-01-08,5940.033697
2019-01-09,6007.404334
2019-01-10,6034.707086
2019-01-11,6015.393727
2019-01-14,5982.422855
2019-01-15,5985.178757
2019-01-16,5992.544592
2019-01-17,5986.869228
2019-01-18,6090.238446
2019-01-21,6077.790313
2019-01-22,6047.027595
2019-01-23,6054.243025
2019-01-24,6055.392936
2019-01-25,6115.762094
2019-01-28,6076.790107
2019-01-29,6114.743708
2019-01-30,6145.971823
2019-01-31,6180.443384
2019-02-01,6195.921588
2019-02-04,6178.398952
2019-02-05,6257.926111
2019-02-06,6250.130047
2019-02-07,6146.235722
2019-02-08,6097.318932
2019-02-11,6120.845146
2019-02-12,6161.880695
2019-02-13,6191.961471
2019-02-14,6169.266548
2019-02-15,6249.915615
2019-02-18,6286.049948
2019-02-19,6289.629609
2019-02-20,6340.048244
2019-02-21,6325.695445
2019-02-22,6335.077989
2019-02-25,6355.39375
2019-02-26,6383.735734
2019-02-27,6379.950787
2019-02-28,6388.025585
2019-03-01,6412.179239
2019-03-04,6393.497974
2019-03-05,6394.031931
2019-03-06,6398.466119
2019-03-07,6332.057061
2019-03-08,6275.864534
2019-03-11,6319.272477
2019-03-12,6342.964742
2019-03-13,6402.204752
2019-03-14,6449.987626
2019-03-15,6506.161247
2019-03-18,6532.873081
2019-03-19,6576.313122
2019-03-20,6519.174802
2019-03-21,6525.801376
2019-03-22,6402.656502
2019-03-25,6395.818972
2019-03-26,6420.559049
2019-03-27,6407.253913
2019-03-28,6389.817018
2019-03-29,6426.9965
2019-04-01,6500.365934
2019-04-02,6505.599839
2019-04-03,6590.884004
2019-04-04,6570.41763
2019-04-05,6582.534181
2019-04-08,6596.501075
2019-04-09,6572.250212
2019-04-10,6577.757587
2019-04-11,6597.586084
2019-04-12,6633.390146
2019-04-15,6642.887932
2019-04-16,6656.223109
2019-04-17,6667.791004
2019-04-18,6649.021276
2019-04-19,6649.021276
2019-04-22,6645.501853
2019-04-23,6646.526201
2019-04-24,6634.505553
2019-04-25,6590.475853
2019-04-26,6616.561996
2019-04-29,6627.15075
2019-04-30,6656.790643
2019-05-01,6669.698892
2019-05-02,6608.445273
2019-05-03,6637.187444
2019-05-06,6588.877617
2019-05-07,6493.079604
2019-05-08,6512.849371
2019-05-09,6432.147499
2019-05-10,6458.108636
2019-05-13,6382.436717
2019-05-14,6430.479162
2019-05-15,6459.99646
2019-05-16,6528.842356
2019-05-17,6496.035415
2019-05-20,6439.252105
2019-05-21,6484.6726
2019-05-22,6460.955744
2019-05-23,6369.528557
2019-05-24,6436.315262
2019-05-27,6444.786073
2019-05-28,6421.982919
2019-05-29,6315.200963
2019-05-30,6333.537396
2019-05-31,6292.077957
2019-06-03,6352.066769
2019-06-04,6406.340296
2019-06-05,6445.388342
2019-06-06,6457.2937
2019-06-07,6548.690419
2019-06-10,6550.63322
2019-06-11,6594.9768
2019-06-12,6577.253889
2019-06-13,6560.103426
2019-06-14,6505.980065
2019-06-17,6501.031157
2019-06-18,6588.785929
2019-06-19,6609.351036
2019-06-20,6678.573717
2019-06-21,6671.608402
2019-06-24,6696.440261
2019-06-25,6685.05733
2019-06-26,6661.814431
2019-06-27,6658.924826
2019-06-28,6714.741845
2019-07-01,6727.597955
2019-07-02,6735.836721
2019-07-03,6783.068931
2019-07-04,6790.64389
2019-07-05,6706.440476
2019-07-08,6698.219608
2019-07-09,6660.933433
2019-07-10,6674.157914
2019-07-11,6666.177656
2019-07-12,6667.259215
2019-07-15,6686.471681
2019-07-16,6687.308669
2019-07-17,6663.483161
2019-07-18,6644.803746
2019-07-19,6653.57899
2019-07-22,6663.29857
2019-07-23,6686.603042
2019-07-24,6685.033863
2019-07-25,6656.549434
2019-07-26,6658.228783
2019-07-29,6667.003287
2019-07-30,6576.502809
2019-07-31,6584.665464
2019-08-01,6567.651417
2019-08-02,6430.345235
2019-08-05,6325.846091
2019-08-06,6298.481445
2019-08-07,6329.487409
2019-08-08,6434.496251
2019-08-09,6381.963127
2019-08-12,6371.937623
2019-08-13,6389.81836
2019-08-14,6263.366622
2019-08-15,6227.050253
2019-08-16,6303.298171
2019-08-19,6369.462577
2019-08-20,6320.700378
2019-08-21,6400.515967
2019-08-22,6369.485335
2019-08-23,6333.737104
2019-08-26,6336.264248
2019-08-27,6368.051503
2019-08-28,6344.743972
2019-08-29,6406.556048
2019-08-30,6419.046816
2019-09-02,6414.930236
2019-09-03,6398.189861
2019-09-04,6495.523357
2019-09-05,6553.587501
2019-09-06,6575.496219
2019-09-09,6563.81219
2019-09-10,6566.312876
2019-09-11,6592.892791
2019-09-12,6624.749452
2019-09-13,6675.305033
2019-09-16,6585.989385
2019-09-17,6613.157531
2019-09-18,6619.185698
2019-09-19,6659.732298
2019-09-20,6652.056967
2019-09-23,6593.782424
2019-09-24,6591.908571
2019-09-25,6532.346747
2019-09-26,6562.712646
2019-09-27,6598.341043
2019-09-30,6593.742538
2019-10-01,6516.25998
2019-10-02,6356.391485
2019-10-03,6380.059902
2019-10-04,6422.072824
2019-10-07,6477.551116
2019-10-08,6383.536738
2019-10-09,6424.530567
2019-10-10,6486.11595
2019-10-11,6645.261362
2019-10-14,6607.369488
2019-10-15,6684.578449
2019-10-16,6682.396462
2019-10-17,6716.72488
2019-10-18,6709.86827
2019-10-21,6756.075306
2019-10-22,6755.400432
2019-10-23,6753.188306
2019-10-24,6787.827554
2019-10-25,6790.036224
2019-10-28,6805.973247
2019-10-29,6809.674079
2019-10-30,6822.242754
2019-10-31,6805.39393
2019-11-01,6860.841766
2019-11-04,6921.064269
2019-11-05,6886.119683
2019-11-06,6900.404096
2019-11-07,6906.302062
2019-11-08,6872.712073
2019-11-11,6879.533584
2019-11-12,6892.322923
2019-11-13,6871.953836
2019-11-14,6843.283197
2019-11-15,6901.914553
2019-11-18,6917.836163
2019-11-19,6907.980723
2019-11-20,6870.349088
2019-11-21,6852.216794
2019-11-22,6857.165456
2019-11-25,6913.688668
2019-11-26,6918.48547
2019-11-27,6930.646353
2019-11-28,6927.206589
2019-11-29,6907.073812
2019-12-02,6828.727975
2019-12-03,6788.717211
2019-12-04,6869.867482
2019-12-05,6863.394003
2019-12-06,6917.751833
2019-12-09,6915.033106
2019-12-10,6910.176139
2019-12-11,6924.04634
2019-12-12,6967.109512
2019-12-13,7050.412329
2019-12-16,7148.987184
2019-12-17,7115.831716
2019-12-18,7090.348564
2019-12-19,7097.263699
2019-12-20,7132.894107
2019-12-23,7132.0706
2019-12-24,7145.260282
2019-12-25,7145.260282
2019-12-26,7152.563093
2019-12-27,7205.249879
2019-12-30,7168.08899
2019-12-31,7176.879063
2020-01-01,7176.879063
2020-01-02,7227.983972
2020-01-03,7186.03577
2020-01-06,7176.088011
2020-01-07,7160.844038
2020-01-08,7159.743557
2020-01-09,7167.801974
2020-01-10,7165.695781
2020-01-13,7165.930242
2020-01-14,7178.501444
2020-01-15,7200.462542
2020-01-16,7209.877244
2020-01-17,7248.286698
2020-01-20,7230.627858
2020-01-21,7229.179097
2020-01-22,7207.650667
2020-01-23,7139.65337
2020-01-24,7186.271399
2020-01-27,7016.687494
2020-01-28,7067.34368
2020-01-29,7094.494335
2020-01-30,7046.565582
2020-01-31,6996.415972
2020-02-03,6994.555517
2020-02-04,7095.121754
2020-02-05,7158.931809
2020-02-06,7176.960269
2020-02-07,7148.901557
2020-02-10,7126.665225
2020-02-11,7183.601547
2020-02-12,7215.977827
2020-02-13,7182.227645
2020-02-14,7166.571821
2020-02-17,7180.362292
2020-02-18,7148.010625
2020-02-19,7187.292375
2020-02-20,7134.983034
2020-02-21,7129.030256
2020-02-24,6863.843337
2020-02-25,6748.80845
2020-02-26,6750.61621
2020-02-27,6578.023002
2020-02-28,6347.389647
2020-03-02,6442.557529
2020-03-03,6552.351383
2020-03-04,6626.845382
2020-03-05,6562.908691
2020-03-06,6389.963097
2020-03-09,5963.104838
2020-03-10,5862.763249
2020-03-11,5783.691272
2020-03-12,5025.91161
2020-03-13,5093.550393
2020-03-16,4881.284442
2020-03-17,4927.014139
2020-03-18,4671.164968
2020-03-19,4760.188534
2020-03-20,4834.471595
2020-03-23,4661.09119
2020-03-24,5076.428531
2020-03-25,5254.165263
2020-03-26,5482.193428
2020-03-27,5313.664229
2020-03-30,5373.11294
2020-03-31,5430.677375
2020-04-01,5253.383631
2020-04-02,5248.532208
2020-04-03,5167.792856
2020-04-06,5349.52084
2020-04-07,5493.641973
2020-04-08,5482.085393
2020-04-09,5602.08212
2020-04-10,5602.08212
2020-04-13,5591.287724
2020-04-14,5652.548455
2020-04-15,5437.611903
2020-04-16,5441.989094
2020-04-17,5604.459421
2020-04-20,5637.316788
2020-04-21,5434.223778
2020-04-22,5519.936183
2020-04-23,5570.760594
2020-04-24,5502.420083
2020-04-27,5621.634881
2020-04-28,5713.623723
2020-04-29,5827.068647
2020-04-30,5752.774622
2020-05-01,5729.41018
2020-05-04,5538.813168
2020-05-05,5622.404485
2020-05-06,5578.89191
2020-05-07,5631.003497
2020-05-08,5731.152043
2020-05-11,5684.50005
2020-05-12,5727.384762
2020-05-13,5594.843531
2020-05-14,5465.138971
2020-05-15,5491.126752
2020-05-18,5739.612613
2020-05-19,5745.696146
2020-05-20,5826.755222
2020-05-21,5756.2249
2020-05-22,5724.798619
2020-05-25,5808.236817
2020-05-26,5919.415057
2020-05-27,5934.154551
2020-05-28,6071.364876
2020-05-29,6014.758022
2020-06-01,6087.915778
2020-06-02,6208.685565
2020-06-03,6388.510619
2020-06-04,6411.968155
2020-06-05,6551.111556
2020-06-08,6528.603639
2020-06-09,6481.138741
2020-06-10,6457.846389
2020-06-11,6211.161434
2020-06-12,6155.643079
2020-06-15,6152.382157
2020-06-16,6308.56002
2020-06-17,6348.266308
2020-06-18,6300.735273
2020-06-19,6319.982899
2020-06-22,6309.397538
2020-06-23,6441.1204
2020-06-24,6228.948042
2020-06-25,6241.969393
2020-06-26,6209.510333
2020-06-29,6261.67704
2020-06-30,6259.346193
2020-07-01,6289.28023
2020-07-02,6395.61283
2020-07-03,6351.513033
2020-07-06,6495.944633
2020-07-07,6437.615952
2020-07-08,6421.506905
2020-07-09,6353.360241
2020-07-10,6423.590843
2020-07-13,6516.542022
2020-07-14,6483.896609
2020-07-15,6606.506608
2020-07-16,6583.514982
2020-07-17,6588.10857
2020-07-20,6644.623021
2020-07-21,6692.651645
2020-07-22,6691.575286
2020-07-23,6696.15071
2020-07-24,6599.643235
2020-07-27,6663.798296
2020-07-28,6662.092666
2020-07-29,6684.341957
2020-07-30,6549.033302
2020-07-31,6499.872603
2020-08-03,6584.601404
2020-08-04,6591.498569
2020-08-05,6690.288551
2020-08-06,6621.550269
2020-08-07,6607.680386
2020-08-10,6619.028665
2020-08-11,6731.491846
2020-08-12,6833.869428
2020-08-13,6811.598312
2020-08-14,6724.415313
2020-08-17,6768.13206
2020-08-18,6761.664193
2020-08-19,6795.95003
2020-08-20,6690.098193
2020-08-21,6643.879655
2020-08-24,6770.67083
2020-08-25,6754.727174
2020-08-26,6809.809097
2020-08-27,6749.722228
2020-08-28,6775.091788
2020-08-31,6767.302078
2020-09-01,6745.344198
2020-09-02,6786.524387
2020-09-03,6695.545471
2020-09-04,6599.908942
2020-09-07,6723.65989
2020-09-08,6628.472609
2020-09-09,6749.065186
2020-09-10,6744.154732
2020-09-11,6731.03594
2020-09-14,6763.092209
2020-09-15,6795.798756
2020-09-16,6822.737973
2020-09-17,6773.424745
2020-09-18,6757.70385
2020-09-21,6477.524631
2020-09-22,6470.190406
2020-09-23,6489.994824
2020-09-24,6405.942486
2020-09-25,6387.494032
2020-09-28,6542.369094
2020-09-29,6555.172836
2020-09-30,6541.809914
2020-10-01,6559.644975
2020-10-02,6565.232577
2020-10-05,6663.155438
2020-10-06,6666.780422
2020-10-07,6642.045382
2020-10-08,6687.131365
2020-10-09,6762.216623
2020-10-12,6806.807859
2020-10-13,6732.990278
2020-10-14,6734.627963
2020-10-15,6559.833512
2020-10-16,6657.852826
2020-10-19,6681.132254
2020-10-20,6685.850005
2020-10-21,6621.625845
2020-10-22,6589.054155
2020-10-23,6636.903215
2020-10-26,6512.301675
2020-10-27,6456.925644
2020-10-28,6224.993937
2020-10-29,6167.82513
2020-10-30,6172.875251
2020-11-02,6267.706316
2020-11-03,6464.606776
2020-11-04,6582.913223
2020-11-05,6713.317757
2020-11-06,6727.891133
2020-11-09,6976.911052
2020-11-10,7042.664106
2020-11-11,7078.734648
2020-11-12,7048.798868
2020-11-13,7056.097327
2020-11-16,7150.23858
2020-11-17,7158.641844
2020-11-18,7189.932272
2020-11-19,7114.071424
2020-11-20,7157.91903
2020-11-23,7124.231909
2020-11-24,7229.512991
2020-11-25,7241.337053
2020-11-26,7233.206348
2020-11-27,7289.648115
2020-11-30,7223.086271
2020-12-01,7311.413061
2020-12-02,7340.719987
2020-12-03,7389.690396
2020-12-04,7424.610662
2020-12-07,7397.604059
2020-12-08,7401.776827
2020-12-09,7406.09444
2020-12-10,7405.936761
2020-12-11,7334.118089
2020-12-14,7373.456937
2020-12-15,7407.489906
2020-12-16,7490.951205
2020-12-17,7547.167093
2020-12-18,7516.490883
2020-12-21,7325.588995
2020-12-22,7382.046131
2020-12-23,7470.807137
2020-12-24,7476.373455
2020-12-25,7476.373455
2020-12-28,7543.963703
2020-12-29,7615.221582
2020-12-30,7626.884487
2020-12-31,7563.097645
2021-01-01,7563.097645
2021-01-04,7638.869785
2021-01-05,7628.958211
2021-01-06,7739.578289
2021-01-07,7765.742422
2021-01-08,7815.034868
2021-01-11,7698.465503
2021-01-12,7708.38019
2021-01-13,7715.84896
2021-01-14,7756.422258
2021-01-15,7652.610243
2021-01-18,7654.225391
2021-01-19,7674.121984
2021-01-20,7713.496512
2021-01-21,7742.850578
2021-01-22,7714.484468
2021-01-25,7626.869105
2021-01-26,7693.983604
2021-01-27,7562.000322
2021-01-28,7581.912346
2021-01-29,7453.570092
2021-02-01,7503.658058
2021-02-02,7563.523472
2021-02-03,7580.115801
2021-02-04,7601.940364
2021-02-05,7629.859175
2021-02-08,7666.289287
2021-02-09,7694.960377
2021-02-10,7699.803501
2021-02-11,7731.84565
2021-02-12,7775.990842
2021-02-15,7890.552745
2021-02-16,7876.155273
2021-02-17,7767.34519
2021-02-18,7734.336108
2021-02-19,7807.703991
2021-02-22,7782.101056
2021-02-23,7764.207143
2021-02-24,7776.183846
2021-02-25,7821.675106
2021-02-26,7635.792831
2021-03-01,7719.150643
2021-03-02,7743.538365
2021-03-03,7756.920802
2021-03-04,7721.002874
2021-03-05,7581.234405
2021-03-08,7703.029544
2021-03-09,7774.518368
2021-03-10,7815.912842
2021-03-11,7896.529057
2021-03-12,7863.852
2021-03-15,7847.939147
2021-03-16,7899.558906
2021-03-17,7876.91575
2021-03-18,7927.905793
2021-03-19,7854.530884
2021-03-22,7886.465729
2021-03-23,7828.553231
2021-03-24,7802.790901
2021-03-25,7766.294599
2021-03-26,7852.483641
2021-03-29,7845.197769
2021-03-30,7875.468763
2021-03-31,7871.682889
2021-04-01,7922.682113
2021-04-02,7922.682113
2021-04-05,7955.077601
2021-04-06,8032.650711
2021-04-07,8056.70852
2021-04-08,8104.586403
2021-04-09,8107.3604
2021-04-12,8084.410599
2021-04-13,8101.338348
2021-04-14,8146.37802
2021-04-15,8187.247143
2021-04-16,8270.02251
2021-04-19,8297.905406
2021-04-20,8160.56814
2021-04-21,8205.377308
2021-04-22,8255.422226
2021-04-23,8262.511407
2021-04-26,8304.082439
2021-04-27,8300.142895
2021-04-28,8309.133059
2021-04-29,8305.007583
2021-04-30,8229.397213
2021-05-03,8301.820043
2021-05-04,8159.886405
2021-05-05,8295.595499
2021-05-06,8330.233107
2021-05-07,8461.769284
2021-05-10,8486.984199
2021-05-11,8319.778724
2021-05-12,8293.356311
2021-05-13,8283.033296
2021-05-14,8425.10653
2021-05-17,8432.844365
2021-05-18,8495.84239
2021-05-19,8363.471
2021-05-20,8474.389218
2021-05-21,8505.262616
2021-05-24,8541.68101
2021-05-25,8559.276385
2021-05-26,8541.393975
2021-05-27,8549.729579
2021-05-28,8585.35754
2021-05-31,8572.414631
2021-06-01,8649.168064
2021-06-02,8650.854181
2021-06-03,8595.771372
2021-06-04,8646.223019
2021-06-07,8686.998671
2021-06-08,8693.441981
2021-06-09,8702.641012
2021-06-10,8698.804183
2021-06-11,8712.824251
2021-06-14,8739.168958
2021-06-15,8756.984183
2021-06-16,8770.389766
2021-06-17,8636.709361
2021-06-18,8434.756238
2021-06-21,8535.161928
2021-06-22,8547.299631
2021-06-23,8521.78421
2021-06-24,8584.635794
2021-06-25,8614.346832
2021-06-28,8542.41778
2021-06-29,8554.085467
2021-06-30,8455.79431
2021-07-01,8512.541559
2021-07-02,8513.680812
2021-07-05,8554.689479
2021-07-06,8486.407587
2021-07-07,8530.77535
2021-07-08,8427.057778
2021-07-09,8547.066358
2021-07-12,8608.335791
2021-07-13,8580.039966
2021-07-14,8570.950994
2021-07-15,8487.774658
2021-07-16,8453.242174
2021-07-19,8257.442768
2021-07-20,8268.878062
2021-07-21,8422.337988
2021-07-22,8464.702649
2021-07-23,8536.771532
2021-07-26,8564.019435
2021-07-27,8529.793201
2021-07-28,8566.554778
2021-07-29,8673.987812
2021-07-30,8612.111889
2021-08-02,8678.164064
2021-08-03,8682.069979
2021-08-04,8722.083216
2021-08-05,8750.646213
2021-08-06,8695.459977
2021-08-09,8700.882968
2021-08-10,8712.160934
2021-08-11,8763.13154
2021-08-12,8774.380079
2021-08-13,8837.893353
2021-08-16,8786.238122
2021-08-17,8740.837252
2021-08-18,8744.394892
2021-08-19,8592.179688
2021-08-20,8617.388398
2021-08-23,8719.09495
2021-08-24,8733.189847
2021-08-25,8724.843026
2021-08-26,8700.278323
2021-08-27,8759.371013
2021-08-30,8773.582751
2021-08-31,8742.262053
2021-09-01,8822.232762
2021-09-02,8862.561753
2021-09-03,8821.041402
2021-09-06,8867.765723
2021-09-07,8816.287303
2021-09-08,8701.741671
2021-09-09,8694.565418
2021-09-10,8685.39697
2021-09-13,8694.052351
2021-09-14,8702.45365
2021-09-15,8634.1946
2021-09-16,8627.857062
2021-09-17,8529.756801
2021-09-20,8381.286106
2021-09-21,8469.699888
2021-09-22,8559.580736
2021-09-23,8650.067601
2021-09-24,8548.799654
2021-09-27,8528.466098
2021-09-28,8334.899501
2021-09-29,8346.565842
2021-09-30,8324.544988
2021-10-01,8293.659677
2021-10-04,8282.182664
2021-10-05,8355.928016
2021-10-06,8235.738951
2021-10-07,8382.254149
2021-10-08,8372.796294
2021-10-11,8379.815809
2021-10-12,8355.416316
2021-10-13,8426.887717
2021-10-14,8535.883134
2021-10-15,8613.063776
2021-10-18,8566.703377
2021-10-19,8626.329146
2021-10-20,8656.378751
2021-10-21,8648.209704
2021-10-22,8688.335042
2021-10-25,8670.382577
2021-10-26,8720.809272
2021-10-27,8689.233798
2021-10-28,8770.295591
2021-10-29,8699.51827
2021-11-01,8777.486056
2021-11-02,8782.18971
2021-11-03,8818.108334
2021-11-04,8818.446435
2021-11-05,8829.984633
2021-11-08,8857.576018
2021-11-09,8839.812496
2021-11-10,8810.358696
2021-11-11,8804.288942
2021-11-12,8809.694056
2021-11-15,8823.092958
2021-11-16,8785.108077
2021-11-17,8768.446085
2021-11-18,8759.446726
2021-11-19,8701.228966
2021-11-22,8640.622937
2021-11-23,8548.92392
2021-11-24,8509.174891
2021-11-25,8554.067968
2021-11-26,8314.804956
2021-11-29,8336.575737
2021-11-30,8250.832079
2021-12-01,8451.409101
2021-12-02,8346.784535
2021-12-03,8275.796221
2021-12-06,8381.355833
2021-12-07,8565.485266
2021-12-08,8581.843036
2021-12-09,8537.191316
2021-12-10,8528.511246
2021-12-13,8471.35898
2021-12-14,8399.453608
2021-12-15,8405.048956
2021-12-16,8552.539585
2021-12-17,8477.734928
2021-12-20,8373.659814
2021-12-21,8473.493645
2021-12-22,8595.120057
2021-12-23,8668.413751
2021-12-24,8674.755611
2021-12-27,8719.141028
2021-12-28,8755.184633
2021-12-29,8783.807898
2021-12-30,8779.749066
2021-12-31,8795.728192
2022-01-03,8777.041616
2022-01-04,8868.436038
2022-01-05,8894.814635
2022-01-06,8755.440267
2022-01-07,8769.249964
2022-01-10,8624.023784
2022-01-11,8714.737825
2022-01-12,8832.91767
2022-01-13,8865.869605
2022-01-14,8764.190917
2022-01-17,8802.093831
2022-01-18,8678.082222
2022-01-19,8696.465428
2022-01-20,8741.85054
2022-01-21,8585.097084
2022-01-24,8237.804266
2022-01-25,8273.231775
2022-01-26,8418.484116
2022-01-27,8376.725864
2022-01-28,8304.802749
2022-01-31,8393.254828
2022-02-01,8529.58047
2022-02-02,8600.57689
2022-02-03,8545.118872
2022-02-04,8454.445511
2022-02-07,8516.738399
2022-02-08,8497.599101
2022-02-09,8647.126501
2022-02-10,8655.41535
2022-02-11,8561.085928
2022-02-14,8336.279898
2022-02-15,8488.691679
2022-02-16,8499.779018
2022-02-17,8449.901259
2022-02-18,8365.720432
2022-02-21,8256.501269
2022-02-22,8259.766498
2022-02-23,8233.196906
2022-02-24,7822.205254
2022-02-25,8175.316348
2022-02-28,8156.224452
2022-03-01,7902.819929
2022-03-02,7918.734676
2022-03-03,7759.241931
2022-03-04,7387.679148
2022-03-07,7279.326852
2022-03-08,7249.009161
2022-03-09,7699.659081
2022-03-10,7556.352982
2022-03-11,7588.14067
2022-03-14,7683.567497
2022-03-15,7661.558065
2022-03-16,7905.291821
2022-03-17,8031.196488
2022-03-18,8059.787438
2022-03-21,8064.467532
2022-03-22,8114.686103
2022-03-23,8020.002028
2022-03-24,8010.137287
2022-03-25,8001.56042
2022-03-28,8001.867768
2022-03-29,8236.463771
2022-03-30,8251.325454
2022-03-31,8147.766469
2022-04-01,8127.156326
2022-04-04,8164.704787
2022-04-05,8136.812965
2022-04-06,8005.765188
2022-04-07,7987.485346
2022-04-08,8069.665969
2022-04-11,8044.385767
2022-04-12,7997.404768
2022-04-13,7981.574927
2022-04-14,7981.288878
2022-04-15,7981.288878
2022-04-18,7981.105893
2022-04-19,7932.94935
2022-04-20,8055.459662
2022-04-21,8062.827711
2022-04-22,7874.633352
2022-04-25,7686.391731
2022-04-26,7582.151576
2022-04-27,7548.558699
2022-04-28,7597.666648
2022-04-29,7679.174284
2022-05-02,7560.986171
2022-05-03,7612.090252
2022-05-04,7541.066396
2022-05-05,7481.899711
2022-05-06,7383.820963
2022-05-09,7137.150122
2022-05-10,7198.338176
2022-05-11,7325.564459
2022-05-12,7180.528593
2022-05-13,7318.862026
2022-05-16,7330.680886
2022-05-17,7513.866502
2022-05-18,7411.780665
2022-05-19,7366.031244
2022-05-20,7398.341566
2022-05-23,7576.030744
2022-05-24,7536.644749
2022-05-25,7551.560419
2022-05-26,7637.603087
2022-05-27,7740.06652
2022-05-30,7839.492769
2022-05-31,7736.617938
2022-06-01,7629.883765
2022-06-02,7708.360922
2022-06-03,7690.755634
2022-06-06,7758.304302
2022-06-07,7729.36318
2022-06-08,7705.126427
2022-06-09,7544.648685
2022-06-10,7264.836424
2022-06-13,7022.425227
2022-06-14,6928.574064
2022-06-15,7023.612111
2022-06-16,6911.489636
2022-06-17,6886.229089
2022-06-20,7007.811915
2022-06-21,7051.238724
2022-06-22,7023.67357
2022-06-23,6921.673738
2022-06-24,7117.338848
2022-06-27,7190.374664
2022-06-28,7153.276164
2022-06-29,7089.567676
2022-06-30,6967.019363
2022-07-01,6925.177752
2022-07-04,6989.974534
2022-07-05,6724.287132
2022-07-06,6802.299744
2022-07-07,6912.668626
2022-07-08,6951.273004
2022-07-11,6856.891837
2022-07-12,6867.205777
2022-07-13,6838.736432
2022-07-14,6660.591242
2022-07-15,6833.62041
2022-07-18,6975.816755
2022-07-19,7107.800264
2022-07-20,7065.246899
2022-07-21,7079.742884
2022-07-22,7125.633377
2022-07-25,7128.883641
2022-07-26,7073.795621
2022-07-27,7096.089429
2022-07-28,7193.748658
2022-07-29,7311.853284
2022-08-01,7353.783003
2022-08-02,7282.854295
2022-08-03,7266.34828
2022-08-04,7337.958407
2022-08-05,7251.580686
2022-08-08,7341.041501
2022-08-09,7299.542931
2022-08-10,7452.201418
2022-08-11,7457.600727
2022-08-12,7395.320657
2022-08-15,7386.181179
2022-08-16,7387.481052
2022-08-17,7312.513564
2022-08-18,7320.858288
2022-08-19,7208.407371
2022-08-22,7090.561784
2022-08-23,7075.026494
2022-08-24,7090.090906
2022-08-25,7107.170154
2022-08-26,7013.819394
2022-08-29,6931.321994
2022-08-30,6891.573908
2022-08-31,6856.340454
2022-09-01,6658.594054
2022-09-02,6855.009819
2022-09-05,6744.259018
2022-09-06,6746.582903
2022-09-07,6735.715918
2022-09-08,6774.735129
2022-09-09,6935.104023
2022-09-12,7117.97432
2022-09-13,6932.235247
2022-09-14,6862.293493
2022-09-15,6813.962814
2022-09-16,6731.883829
2022-09-19,6713.688514
2022-09-20,6631.397506
2022-09-21,6612.256792
2022-09-22,6455.565722
2022-09-23,6235.650411
2022-09-26,6175.409998
2022-09-27,6153.426603
2022-09-28,6180.395739
2022-09-29,6167.191805
2022-09-30,6260.087829
2022-10-03,6319.927807
2022-10-04,6609.551658
2022-10-05,6480.022155
2022-10-06,6427.172759
2022-10-07,6319.448872
2022-10-10,6240.060214
2022-10-11,6209.240072
2022-10-12,6173.360022
2022-10-13,6231.536729
2022-10-14,6288.050593
2022-10-17,6442.707753
2022-10-18,6487.375149
2022-10-19,6416.421093
2022-10-20,6466.120425
2022-10-21,6397.842334
2022-10-24,6543.906863
2022-10-25,6688.665304
2022-10-26,6789.799488
2022-10-27,6752.138413
2022-10-28,6729.411443
2022-10-31,6708.757116
2022-11-01,6739.68182
2022-11-02,6718.253781
2022-11-03,6580.75189
2022-11-04,6796.569085
2022-11-07,6885.722521
2022-11-08,6983.143188
2022-11-09,6936.52442
2022-11-10,7231.765257
2022-11-11,7339.776506
2022-11-14,7355.250931
2022-11-15,7407.786124
2022-11-16,7366.88609
2022-11-17,7285.017685
2022-11-18,7390.416665
2022-11-21,7298.328399
2022-11-22,7384.673842
2022-11-23,7491.558632
2022-11-24,7550.313235
2022-11-25,7549.336289
2022-11-28,7495.967039
2022-11-29,7461.829376
2022-11-30,7470.225083
2022-12-01,7672.360819
2022-12-02,7650.020325
2022-12-05,7659.247101
2022-12-06,7598.257858
2022-12-07,7550.252818
2022-12-08,7567.466679
2022-12-09,7626.658334
2022-12-12,7574.638457
2022-12-13,7754.843387
2022-12-14,7758.871551
2022-12-15,7541.079058
2022-12-16,7427.527798
2022-12-19,7421.353582
2022-12-20,7435.070445
2022-12-21,7545.034991
2022-12-22,7464.140964
2022-12-23,7473.988443
2022-12-26,7473.988443
2022-12-27,7508.900252
2022-12-28,7479.306615
2022-12-29,7563.048006
2022-12-30,7471.158063
2023-01-02,7543.528675
2023-01-03,7557.95747
2023-01-04,7699.554246
2023-01-05,7627.017153
2023-01-06,7774.844637
2023-01-09,7943.959435
2023-01-10,7886.858528
2023-01-11,7934.497471
2023-01-12,8024.709225
2023-01-13,8081.897136
2023-01-16,8117.208283
2023-01-17,8133.095769
2023-01-18,8176.97107
2023-01-19,8020.808098
2023-01-20,8079.499836
2023-01-23,8147.147872
2023-01-24,8133.885519
2023-01-25,8133.832024
2023-01-26,8128.610256
2023-01-27,8135.931734
2023-01-30,8147.39514
2023-01-31,8119.257185
2023-02-01,8160.90371
2023-02-02,8275.886112
2023-02-03,8246.614562
2023-02-06,8090.067616
2023-02-07,8078.427473
2023-02-08,8121.236404
2023-02-09,8203.371161
2023-02-10,8065.841459
2023-02-13,8171.025706
2023-02-14,8178.600013
2023-02-15,8180.662149
2023-02-16,8198.187444
2023-02-17,8176.397704
2023-02-20,8201.206871
2023-02-21,8182.999464
2023-02-22,8114.8471
2023-02-23,8095.359854
2023-02-24,7964.885124
2023-02-27,8094.346455
2023-02-28,8068.904684
2023-03-01,8059.84666
2023-03-02,8063.265945
2023-03-03,8127.013829
2023-03-06,8185.949156
2023-03-07,8054.115835
2023-03-08,8035.110057
2023-03-09,8037.757597
2023-03-10,8021.227023
2023-03-13,7864.840728
2023-03-14,7977.115389
2023-03-15,7611.304707
2023-03-16,7771.274173
2023-03-17,7697.631913
2023-03-20,7828.65897
2023-03-21,7966.897002
2023-03-22,8000.007006
2023-03-23,8056.637472
2023-03-24,7862.182394
2023-03-27,7960.367764
2023-03-28,7995.590329
2023-03-29,8096.178784
2023-03-30,8240.403548
2023-03-31,8260.173986
2023-04-03,8279.439463
2023-04-04,8333.278927
2023-04-05,8283.972895
2023-04-06,8339.038965
2023-04-07,8339.038965
2023-04-10,8276.247734
2023-04-11,8379.683416
2023-04-12,8444.209837
2023-04-13,8533.444611
2023-04-14,8552.212147
2023-04-17,8479.831007
2023-04-18,8548.84954
2023-04-19,8538.052507
2023-04-20,8544.411014
2023-04-21,8570.988492
2023-04-24,8624.274636
2023-04-25,8556.540503
2023-04-26,8535.728712
2023-04-27,8527.185166
2023-04-28,8603.248392
2023-05-01,8562.001005
2023-05-02,8458.440689
2023-05-03,8545.141195
2023-05-04,8471.309105
2023-05-05,8569.525045
2023-05-08,8608.735787
2023-05-09,8541.59712
2023-05-10,8520.185686
2023-05-11,8484.844276
2023-05-12,8480.42649
2023-05-15,8504.773812
2023-05-16,8469.248174
2023-05-17,8422.236277
2023-05-18,8421.592082
2023-05-19,8491.99572
2023-05-22,8507.784431
2023-05-23,8439.498912
2023-05-24,8277.571243
2023-05-25,8225.566656
2023-05-26,8304.840339
2023-05-29,8297.950148
2023-05-30,8238.487951
2023-05-31,8098.513126
2023-06-01,8214.437109
2023-06-02,8331.524968
2023-06-05,8280.04333
2023-06-06,8295.520469
2023-06-07,8292.286611
2023-06-08,8341.470581
2023-06-09,8315.624145
2023-06-12,8322.391378
2023-06-13,8414.005064
2023-06-14,8483.509703
2023-06-15,8519.87225
2023-06-16,8576.252209
2023-06-19,8490.59027
2023-06-20,8424.182489
2023-06-21,8424.953518
2023-06-22,8388.769003
2023-06-23,8304.826282
2023-06-26,8316.916045
2023-06-27,8353.47964
2023-06-28,8371.024659
2023-06-29,8372.188879
2023-06-30,8486.367167
2023-07-03,8466.47533
2023-07-04,8469.005834
2023-07-05,8388.525153
2023-07-06,8187.636253
2023-07-07,8253.333058
2023-07-10,8287.622482
2023-07-11,8357.05219
2023-07-12,8580.444721
2023-07-13,8693.494199
2023-07-14,8722.575153
2023-07-17,8660.055926
2023-07-18,8715.377194
2023-07-19,8696.884081
2023-07-20,8703.26432
2023-07-21,8706.236623
2023-07-24,8686.599312
2023-07-25,8698.837034
2023-07-26,8665.639193
2023-07-27,8726.669102
2023-07-28,8744.752383
2023-07-31,8746.598091
2023-08-01,8633.251224
2023-08-02,8477.406688
2023-08-03,8428.804546
2023-08-04,8520.766642
2023-08-07,8514.898547
2023-08-08,8455.125912
2023-08-09,8520.81888
2023-08-10,8624.504061
2023-08-11,8494.800405
2023-08-14,8455.247715
2023-08-15,8401.540128
2023-08-16,8372.830149
2023-08-17,8291.394593
2023-08-18,8231.808724
2023-08-21,8249.136848
2023-08-22,8277.126813
2023-08-23,8307.321076
2023-08-24,8270.689975
2023-08-25,8214.978204
2023-08-28,8312.855945
2023-08-29,8412.410894
2023-08-30,8474.59374
2023-08-31,8399.617795
2023-09-01,8363.482919
2023-09-04,8344.91533
2023-09-05,8266.640496
2023-09-06,8220.794139
2023-09-07,8211.771044
2023-09-08,8236.289565
2023-09-11,8288.01473
2023-09-12,8248.814138
2023-09-13,8240.459971
2023-09-14,8310.219835
2023-09-15,8331.062864
2023-09-18,8249.776036
2023-09-19,8256.774647
2023-09-20,8353.69848
2023-09-21,8199.804569
2023-09-22,8173.145039
2023-09-25,8061.578821
2023-09-26,8017.865651
2023-09-27,7948.78366
2023-09-28,8019.374972
2023-09-29,8065.85159
2023-10-02,7916.853802
2023-10-03,7817.330387
2023-10-04,7819.491798
2023-10-05,7868.866785
2023-10-06,7938.180508
2023-10-09,7925.682482
2023-10-10,8118.914132
2023-10-11,8152.338101
2023-10-12,8110.908576
2023-10-13,7996.224674
2023-10-16,8045.627161
2023-10-17,8058.287935
2023-10-18,7946.194317
2023-10-19,7875.482368
2023-10-20,7783.546322
2023-10-23,7803.879818
2023-10-24,7816.86915
2023-10-25,7815.566484
2023-10-26,7743.729797
2023-10-27,7701.444453
2023-10-30,7757.368968
2023-10-31,7764.653876
2023-11-01,7794.590338
2023-11-02,7975.379623
2023-11-03,8070.152862
2023-11-06,8068.145859
2023-11-07,8011.485204
2023-11-08,8048.77554
2023-11-09,8121.513798
2023-11-10,8007.377177
2023-11-13,8082.573305
2023-11-14,8292.989401
2023-11-15,8350.000163
2023-11-16,8307.386369
2023-11-17,8397.19214
2023-11-20,8446.198456
2023-11-21,8437.993179
2023-11-22,8411.00504
2023-11-23,8470.496513
2023-11-24,8521.246079
2023-11-27,8485.547826
2023-11-28,8495.719537
2023-11-29,8528.695283
2023-11-30,8530.974843
2023-12-01,8553.065327
2023-12-04,8533.90648
2023-12-05,8556.842982
2023-12-06,8587.807416
2023-12-07,8560.17995
2023-12-08,8611.743522
2023-12-11,8617.924784
2023-12-12,8631.852665
2023-12-13,8639.318337
2023-12-14,8865.294318
2023-12-15,8803.721531
2023-12-18,8779.717566
2023-12-19,8867.935845
2023-12-20,8872.495045
2023-12-21,8868.807261
2023-12-22,8899.959538
2023-12-25,8899.959538
2023-12-26,8904.42739
2023-12-27,8991.758642
2023-12-28,8984.001313
2023-12-29,8957.141798
2024-01-01,8957.141798
2024-01-02,8866.585987
2024-01-03,8763.042762
2024-01-04,8865.22674
2024-01-05,8860.635595
2024-01-08,8885.477989
2024-01-09,8826.660213
2024-01-10,8851.248807
2024-01-11,8768.151552
2024-01-12,8856.09152
2024-01-15,8797.293909
2024-01-16,8720.948902
2024-01-17,8603.067162
2024-01-18,8654.48402
2024-01-19,8658.380128
2024-01-22,8727.098984
2024-01-23,8660.80102
2024-01-24,8817.501356
2024-01-25,8786.909895
2024-01-26,8912.753101
2024-01-29,8880.837505
2024-01-30,8926.664839
2024-01-31,8946.663344
2024-02-01,8887.023228
2024-02-02,8867.391063
2024-02-05,8804.123002
2024-02-06,8873.811207
2024-02-07,8863.046171
2024-02-08,8856.587489
2024-02-09,8870.1551
2024-02-12,8899.37929
2024-02-13,8777.11257
2024-02-14,8822.534003
2024-02-15,8919.403071
2024-02-16,8983.190974
2024-02-19,8996.264053
2024-02-20,9035.414363
2024-02-21,9004.340222
2024-02-22,9084.396009
2024-02-23,9133.722156
2024-02-26,9125.289106
2024-02-27,9138.712694
2024-02-28,9096.078094
2024-02-29,9085.938198
2024-03-01,9150.748647
2024-03-04,9173.637811
2024-03-05,9160.551847
2024-03-06,9223.357697
2024-03-07,9349.692267
2024-03-08,9376.207988
2024-03-11,9315.596006
2024-03-12,9401.37854
2024-03-13,9438.570935
2024-03-14,9380.273091
2024-03-15,9349.049388
2024-03-18,9330.668426
2024-03-19,9329.225714
2024-03-20,9326.592923
2024-03-21,9416.407363
2024-03-22,9381.924914
2024-03-25,9407.428455
2024-03-26,9419.162303
2024-03-27,9424.554498
2024-03-28,9425.574445
2024-03-29,9425.574445
2024-04-01,9374.233226
2024-04-02,9321.772433
2024-04-03,9396.67129
2024-04-04,9451.055303
2024-04-05,9329.542256
2024-04-08,9401.956872
2024-04-09,9350.517944
2024-04-10,9275.899897
2024-04-11,9204.822378
2024-04-12,9160.831494
2024-04-15,9169.612914
2024-04-16,9038.6683
2024-04-17,9046.553769
2024-04-18,9081.725701
2024-04-19,9090.593786
2024-04-22,9135.53274
2024-04-23,9282.973558
2024-04-24,9241.068186
2024-04-25,9207.390424
2024-04-26,9288.700979
2024-04-29,9322.553754
2024-04-30,9247.075968
2024-05-01,9225.867959
2024-05-02,9215.70547
2024-05-03,9329.128667
2024-05-06,9388.864766
2024-05-07,9498.706151
2024-05-08,9507.583149
2024-05-09,9560.468671
2024-05-10,9626.244347
2024-05-13,9667.570333
2024-05-14,9699.367086
2024-05-15,9783.491389
2024-05-16,9783.978854
2024-05-17,9779.459197
2024-05-20,9793.842831
2024-05-21,9778.103394
2024-05-22,9720.220464
2024-05-23,9722.72126
2024-05-24,9720.940638
2024-05-27,9762.623042
2024-05-28,9720.606985
2024-05-29,9566.095566
2024-05-30,9648.649851
2024-05-31,9694.975031
2024-06-03,9736.912104
2024-06-04,9700.660573
2024-06-05,9771.298165
2024-06-06,9853.326577
2024-06-07,9776.461206
2024-06-10,9682.382597
2024-06-11,9583.630032
2024-06-12,9794.929616
2024-06-13,9603.773304
2024-06-14,9441.703191
2024-06-17,9472.686564
2024-06-18,9557.251226
2024-06-19,9550.364781
2024-06-20,9615.86989
2024-06-21,9511.400442
2024-06-24,9621.083069
2024-06-25,9577.849055
2024-06-26,9509.228913
2024-06-27,9493.47453
2024-06-28,9477.158668
2024-07-01,9517.326759
2024-07-02,9490.301763
2024-07-03,9610.54027
2024-07-04,9669.106984
2024-07-05,9662.601992
2024-07-08,9666.603072
2024-07-09,9564.42361
2024-07-10,9658.504451
2024-07-11,9761.209692
2024-07-12,9876.626665
2024-07-15,9780.657688
2024-07-16,9719.092855
2024-07-17,9716.856075
2024-07-18,9681.528797
2024-07-19,9585.813872
2024-07-22,9673.533329
2024-07-23,9652.632584
2024-07-24,9599.94174
2024-07-25,9533.574491
2024-07-26,9611.260306
2024-07-29,9556.964758
2024-07-30,9586.4788
2024-07-31,9680.645165
2024-08-01,9540.213977
2024-08-02,9393.570894
2024-08-05,9241.425475
2024-08-06,9231.062743
2024-08-07,9369.833008
2024-08-08,9363.356019
2024-08-09,9428.88867
2024-08-12,9430.686908
2024-08-13,9502.218077
2024-08-14,9617.763648
2024-08-15,9693.542732
2024-08-16,9727.125095
2024-08-19,9853.515829
2024-08-20,9851.809462
2024-08-21,9896.116282
2024-08-22,9921.988139
2024-08-23,10021.492252
2024-08-26,10016.789886
2024-08-27,10027.683902
2024-08-28,10028.84825
2024-08-29,10055.993287
2024-08-30,10062.262518
2024-09-02,10058.362555
2024-09-03,9937.530828
2024-09-04,9880.838742
2024-09-05,9813.826674
2024-09-06,9746.445787
2024-09-09,9757.690668
2024-09-10,9679.404734
2024-09-11,9678.973361
2024-09-12,9781.751678
2024-09-13,9897.254966
2024-09-16,9911.771388
2024-09-17,9948.02283
2024-09-18,9889.834831
2024-09-19,10036.35443
2024-09-20,9906.035926
2024-09-23,9938.859914
2024-09-24,10024.738124
2024-09-25,10034.197003
2024-09-26,10154.064478
2024-09-27,10214.202623
2024-09-30,10101.107967
2024-10-01,9988.451661
2024-10-02,9958.939919
2024-10-03,9852.980591
2024-10-04,9848.535995
2024-10-07,9876.170118
2024-10-08,9818.475808
2024-10-09,9862.14676
2024-10-10,9824.443139
2024-10-11,9897.299492
2024-10-14,9925.88254
2024-10-15,9828.267417
2024-10-16,9787.902357
2024-10-17,9825.007867
2024-10-18,9873.412931
2024-10-21,9789.781482
2024-10-22,9746.126116
2024-10-23,9685.590349
2024-10-24,9710.019357
2024-10-25,9737.847598
2024-10-28,9764.175769
2024-10-29,9690.241311
2024-10-30,9624.540798
2024-10-31,9505.961705
2024-11-01,9603.419349
2024-11-04,9613.996133
2024-11-05,9623.150195
2024-11-06,9424.687046
2024-11-07,9545.967362
2024-11-08,9429.057531
2024-11-11,9446.357674
2024-11-12,9226.094635
2024-11-13,9200.205296
2024-11-14,9288.924726
2024-11-15,9181.53149
2024-11-18,9216.530054
2024-11-19,9189.526754
2024-11-20,9131.970068
2024-11-21,9162.614686
2024-11-22,9182.31666
2024-11-25,9254.097073
2024-11-26,9197.790956
2024-11-27,9256.328887
2024-11-28,9283.40174
2024-11-29,9345.833586
2024-12-02,9329.872167
2024-12-03,9410.121972
2024-12-04,9453.292968
2024-12-05,9527.420958
2024-12-06,9535.689826
2024-12-09,9573.459363
2024-12-10,9442.938708
2024-12-11,9457.457574
2024-12-12,9433.181549
2024-12-13,9396.270011
2024-12-16,9403.07672
2024-12-17,9359.816518
2024-12-18,9342.146854
2024-12-19,9123.265996
2024-12-20,9055.839028
2024-12-23,9064.545079
2024-12-24,9082.364985
2024-12-25,9082.364985
2024-12-26,9088.140425
2024-12-27,9168.737292
2024-12-30,9090.173718
2024-12-31,9117.387864
2025-01-01,9117.387864
2025-01-02,9103.402064
2025-01-03,9071.815843
2025-01-06,9252.235275
2025-01-07,9264.930151
2025-01-08,9191.08183
2025-01-09,9231.096479
2025-01-10,9108.992563
2025-01-13,9015.448707
2025-01-14,9094.290802
2025-01-15,9220.535199
2025-01-16,9309.012109
2025-01-17,9370.484092
2025-01-20,9465.59518
2025-01-21,9501.524449
2025-01-22,9555.996567
2025-01-23,9576.895141
2025-01-24,9685.600071
2025-01-27,9664.065377
2025-01-28,9629.659211
2025-01-29,9676.802978
2025-01-30,9767.282568
2025-01-31,9745.148622
2025-02-03,9587.405053
2025-02-04,9678.653902
2025-02-05,9763.349622
2025-02-06,9827.397605
2025-02-07,9765.078329
2025-02-10,9795.080629
2025-02-11,9840.950132
2025-02-12,9886.619432
2025-02-13,10054.633853
2025-02-14,10102.077591
2025-02-17,10129.73921
2025-02-18,10149.074216
2025-02-19,10022.550005
2025-02-20,10055.410647
2025-02-21,10084.784682
2025-02-24,10092.522529
2025-02-25,10136.621708
2025-02-26,10244.236746
2025-02-27,10108.931724
2025-02-28,10103.156227
2025-03-03,10294.215257
2025-03-04,10120.263087
2025-03-05,10429.726637
2025-03-06,10473.684289
2025-03-07,10474.140114
2025-03-10,10305.753749
2025-03-11,10216.093747
2025-03-12,10295.114546
2025-03-13,10225.404157
2025-03-14,10354.366142
2025-03-17,10486.692405
2025-03-18,10549.31278
2025-03-19,10522.687217
2025-03-20,10451.832298
2025-03-21,10358.765803
2025-03-24,10329.043447
2025-03-25,10404.676432
2025-03-26,10311.77953
2025-03-27,10293.570102
2025-03-28,10241.810799
2025-03-31,10072.728126
2025-04-01,10187.083626
2025-04-02,10179.551426
2025-04-03,10148.000317
2025-04-04,9531.365
2025-04-07,9050.853154
2025-04-08,9280.630335
2025-04-09,9071.21252
2025-04-10,9522.928
2025-04-11,9650.585473
2025-04-14,9930.839968
