Date,Value
1998-12-31,2545.488004
1999-01-01,2545.489099
1999-01-04,2601.031087
1999-01-05,2619.898855
1999-01-06,2660.671591
1999-01-07,2644.821881
1999-01-08,2630.491802
1999-01-11,2609.292239
1999-01-12,2571.548889
1999-01-13,2510.15378
1999-01-14,2520.343826
1999-01-15,2534.759052
1999-01-18,2579.834783
1999-01-19,2573.649222
1999-01-20,2594.136175
1999-01-21,2582.408882
1999-01-22,2522.838863
1999-01-25,2526.832046
1999-01-26,2536.215631
1999-01-27,2532.243576
1999-01-28,2532.011707
1999-01-29,2543.710439
1999-02-01,2566.50671
1999-02-02,2569.584663
1999-02-03,2541.473286
1999-02-04,2531.874887
1999-02-05,2516.209165
1999-02-08,2497.169067
1999-02-09,2459.905872
1999-02-10,2445.902379
1999-02-11,2471.341579
1999-02-12,2488.275336
1999-02-15,2488.562951
1999-02-16,2479.306182
1999-02-17,2465.417719
1999-02-18,2464.145
1999-02-19,2451.488478
1999-02-22,2473.360711
1999-02-23,2487.236649
1999-02-24,2497.472668
1999-02-25,2490.801045
1999-02-26,2478.155926
1999-03-01,2442.669075
1999-03-02,2436.393301
1999-03-03,2420.982764
1999-03-04,2419.852186
1999-03-05,2487.346844
1999-03-08,2487.336127
1999-03-09,2504.340012
1999-03-10,2533.756385
1999-03-11,2543.133733
1999-03-12,2569.365445
1999-03-15,2576.055344
1999-03-16,2589.636159
1999-03-17,2597.779022
1999-03-18,2573.861592
1999-03-19,2607.822347
1999-03-22,2592.609391
1999-03-23,2554.973256
1999-03-24,2530.47133
1999-03-25,2559.769948
1999-03-26,2535.376715
1999-03-29,2558.394163
1999-03-30,2555.358999
1999-03-31,2585.574222
1999-04-01,2602.571744
1999-04-02,2596.013396
1999-04-05,2585.0022
1999-04-06,2626.207389
1999-04-07,2644.033645
1999-04-08,2668.470712
1999-04-09,2665.460265
1999-04-12,2662.428436
1999-04-13,2683.196996
1999-04-14,2695.347094
1999-04-15,2665.597238
1999-04-16,2671.330618
1999-04-19,2684.887786
1999-04-20,2641.363912
1999-04-21,2629.228476
1999-04-22,2652.291514
1999-04-23,2666.465783
1999-04-26,2679.813228
1999-04-27,2718.563828
1999-04-28,2713.994626
1999-04-29,2695.887679
1999-04-30,2696.880547
1999-05-03,2701.588122
1999-05-04,2704.45093
1999-05-05,2686.53156
1999-05-06,2719.081351
1999-05-07,2699.362907
1999-05-10,2705.401924
1999-05-11,2685.935483
1999-05-12,2672.434444
1999-05-13,2674.276333
1999-05-14,2643.445586
1999-05-17,2587.642456
1999-05-18,2608.117827
1999-05-19,2607.294286
1999-05-20,2622.160776
1999-05-21,2613.966366
1999-05-24,2611.396289
1999-05-25,2593.161787
1999-05-26,2577.462974
1999-05-27,2554.570484
1999-05-28,2562.997805
1999-05-31,2564.231145
1999-06-01,2583.462434
1999-06-02,2585.753984
1999-06-03,2591.171648
1999-06-04,2597.387272
1999-06-07,2625.046519
1999-06-08,2654.881013
1999-06-09,2668.411809
1999-06-10,2669.329992
1999-06-11,2700.966997
1999-06-14,2671.866418
1999-06-15,2672.390305
1999-06-16,2677.075861
1999-06-17,2695.463906
1999-06-18,2705.282032
1999-06-21,2717.754007
1999-06-22,2713.058803
1999-06-23,2683.077536
1999-06-24,2670.245324
1999-06-25,2684.101332
1999-06-28,2678.413668
1999-06-29,2678.811502
1999-06-30,2666.122295
1999-07-01,2711.98364
1999-07-02,2726.821035
1999-07-05,2765.137808
1999-07-06,2758.20092
1999-07-07,2738.212297
1999-07-08,2721.755387
1999-07-09,2725.649092
1999-07-12,2727.354238
1999-07-13,2709.701075
1999-07-14,2731.869298
1999-07-15,2768.156502
1999-07-16,2750.343711
1999-07-19,2749.484177
1999-07-20,2750.641915
1999-07-21,2736.666779
1999-07-22,2708.642916
1999-07-23,2675.907457
1999-07-26,2681.884772
1999-07-27,2690.631807
1999-07-28,2708.309813
1999-07-29,2700.292595
1999-07-30,2741.533548
1999-08-02,2731.276428
1999-08-03,2729.428251
1999-08-04,2729.662512
1999-08-05,2683.661344
1999-08-06,2672.805347
1999-08-09,2670.501578
1999-08-10,2646.44104
1999-08-11,2642.374114
1999-08-12,2685.3083
1999-08-13,2703.067966
1999-08-16,2730.694911
1999-08-17,2726.801715
1999-08-18,2745.518764
1999-08-19,2743.864019
1999-08-20,2780.430031
1999-08-23,2804.272675
1999-08-24,2789.197506
1999-08-25,2792.23384
1999-08-26,2777.010906
1999-08-27,2778.060716
1999-08-30,2786.582373
1999-08-31,2750.32658
1999-09-01,2793.031673
1999-09-02,2782.164704
1999-09-03,2798.667867
1999-09-06,2822.183594
1999-09-07,2805.055005
1999-09-08,2802.904577
1999-09-09,2837.462555
1999-09-10,2826.186399
1999-09-13,2825.689724
1999-09-14,2819.061069
1999-09-15,2810.30762
1999-09-16,2779.755884
1999-09-17,2774.330939
1999-09-20,2793.360066
1999-09-21,2802.137418
1999-09-22,2770.826439
1999-09-23,2775.041512
1999-09-24,2731.336705
1999-09-27,2741.385299
1999-09-28,2750.012416
1999-09-29,2748.374878
1999-09-30,2779.939159
1999-10-01,2789.163905
1999-10-04,2804.993201
1999-10-05,2806.615211
1999-10-06,2817.365341
1999-10-07,2843.344159
1999-10-08,2835.299806
1999-10-11,2846.151273
1999-10-12,2845.557945
1999-10-13,2811.418114
1999-10-14,2810.051874
1999-10-15,2787.081416
1999-10-18,2744.413615
1999-10-19,2774.658238
1999-10-20,2790.697333
1999-10-21,2786.482056
1999-10-22,2811.369139
1999-10-25,2811.371506
1999-10-26,2821.458486
1999-10-27,2800.893641
1999-10-28,2825.677887
1999-10-29,2885.197124
1999-11-01,2882.872304
1999-11-02,2885.294922
1999-11-03,2888.243564
1999-11-04,2914.467003
1999-11-05,2900.673844
1999-11-08,2891.867754
1999-11-09,2909.313383
1999-11-10,2939.924047
1999-11-11,2957.716474
1999-11-12,2946.793428
1999-11-15,2963.230739
1999-11-16,2965.502332
1999-11-17,2989.1952
1999-11-18,3004.562642
1999-11-19,3003.990773
1999-11-22,3000.50572
1999-11-23,3012.58518
1999-11-24,2990.047582
1999-11-25,3020.742909
1999-11-26,3043.384592
1999-11-29,3036.665726
1999-11-30,2984.891976
1999-12-01,2999.474975
1999-12-02,3000.543342
1999-12-03,3041.722745
1999-12-06,3078.410507
1999-12-07,3095.232288
1999-12-08,3081.297651
1999-12-09,3083.140966
1999-12-10,3085.035318
1999-12-13,3074.497176
1999-12-14,3062.866052
1999-12-15,3042.031971
1999-12-16,3078.981409
1999-12-17,3090.600009
1999-12-20,3105.258838
1999-12-21,3104.265614
1999-12-22,3142.186538
1999-12-23,3187.551411
1999-12-24,3204.839526
1999-12-27,3199.014405
1999-12-28,3215.940017
1999-12-29,3228.741174
1999-12-30,3257.885968
1999-12-31,3257.769869
2000-01-03,3283.560218
2000-01-04,3210.962799
2000-01-05,3118.851897
2000-01-06,3074.863115
2000-01-07,3115.424856
2000-01-10,3146.037073
2000-01-11,3167.230806
2000-01-12,3147.532776
2000-01-13,3162.525598
2000-01-14,3186.606068
2000-01-17,3214.402338
2000-01-18,3163.596714
2000-01-19,3134.477044
2000-01-20,3136.182598
2000-01-21,3124.083842
2000-01-24,3119.417148
2000-01-25,3081.965587
2000-01-26,3108.483412
2000-01-27,3127.89095
2000-01-28,3106.540288
2000-01-31,3057.552804
2000-02-01,3065.817851
2000-02-02,3104.203352
2000-02-03,3171.379824
2000-02-04,3184.769447
2000-02-07,3155.967072
2000-02-08,3202.037325
2000-02-09,3221.748388
2000-02-10,3207.445545
2000-02-11,3200.255483
2000-02-14,3170.346687
2000-02-15,3122.332496
2000-02-16,3145.504149
2000-02-17,3177.062524
2000-02-18,3157.009984
2000-02-21,3113.389
2000-02-22,3134.2605
2000-02-23,3164.672387
2000-02-24,3158.762196
2000-02-25,3175.919524
2000-02-28,3137.490978
2000-02-29,3143.531931
2000-03-01,3204.865948
2000-03-02,3242.494319
2000-03-03,3245.823104
2000-03-06,3253.944713
2000-03-07,3243.513252
2000-03-08,3210.184338
2000-03-09,3237.829025
2000-03-10,3246.672864
2000-03-13,3177.797941
2000-03-14,3175.564759
2000-03-15,3133.659764
2000-03-16,3193.389488
2000-03-17,3212.863947
2000-03-20,3236.268895
2000-03-21,3243.712182
2000-03-22,3225.31146
2000-03-23,3233.133872
2000-03-24,3285.285677
2000-03-27,3295.61761
2000-03-28,3316.570183
2000-03-29,3305.643192
2000-03-30,3240.164917
2000-03-31,3275.639245
2000-04-03,3234.364488
2000-04-04,3225.658206
2000-04-05,3198.005934
2000-04-06,3218.370322
2000-04-07,3242.143398
2000-04-10,3249.273208
2000-04-11,3205.727468
2000-04-12,3201.780256
2000-04-13,3177.071051
2000-04-14,3116.363657
2000-04-17,3036.941911
2000-04-18,3076.494977
2000-04-19,3093.996327
2000-04-20,3104.310797
2000-04-21,3102.212297
2000-04-24,3117.50877
2000-04-25,3118.730859
2000-04-26,3130.131362
2000-04-27,3079.659222
2000-04-28,3106.821641
2000-05-01,3120.591407
2000-05-02,3159.268519
2000-05-03,3088.37958
2000-05-04,3091.217825
2000-05-05,3098.564638
2000-05-08,3075.767451
2000-05-09,3042.261192
2000-05-10,3016.857247
2000-05-11,3012.862689
2000-05-12,3064.716876
2000-05-15,3057.155377
2000-05-16,3085.42488
2000-05-17,3019.706514
2000-05-18,3021.737024
2000-05-19,2961.061041
2000-05-22,2922.785124
2000-05-23,2944.725652
2000-05-24,2917.754807
2000-05-25,2959.883015
2000-05-26,2974.934867
2000-05-29,3000.596034
2000-05-30,3046.749244
2000-05-31,3034.914252
2000-06-01,3078.218399
2000-06-02,3175.814853
2000-06-05,3185.701885
2000-06-06,3212.644654
2000-06-07,3190.305247
2000-06-08,3182.261556
2000-06-09,3172.333236
2000-06-12,3183.954076
2000-06-13,3185.354197
2000-06-14,3197.623652
2000-06-15,3156.688005
2000-06-16,3169.231279
2000-06-19,3180.314614
2000-06-20,3205.750225
2000-06-21,3180.030614
2000-06-22,3160.24815
2000-06-23,3141.36068
2000-06-26,3130.288011
2000-06-27,3144.569191
2000-06-28,3163.097519
2000-06-29,3138.617561
2000-06-30,3166.959635
2000-07-03,3190.888596
2000-07-04,3188.197529
2000-07-05,3179.280185
2000-07-06,3171.757316
2000-07-07,3198.779154
2000-07-10,3213.764855
2000-07-11,3206.808758
2000-07-12,3202.37409
2000-07-13,3179.590755
2000-07-14,3192.844684
2000-07-17,3197.230945
2000-07-18,3154.9029
2000-07-19,3136.784068
2000-07-20,3153.222184
2000-07-21,3128.660689
2000-07-24,3124.12522
2000-07-25,3131.018409
2000-07-26,3133.149445
2000-07-27,3077.35484
2000-07-28,3023.794672
2000-07-31,3044.57817
2000-08-01,3052.260893
2000-08-02,3039.837729
2000-08-03,2993.97293
2000-08-04,3015.336425
2000-08-07,3042.340602
2000-08-08,3029.515666
2000-08-09,3052.875348
2000-08-10,3066.139507
2000-08-11,3062.120406
2000-08-14,3077.086143
2000-08-15,3101.021402
2000-08-16,3112.198208
2000-08-17,3100.711705
2000-08-18,3095.569806
2000-08-21,3078.756975
2000-08-22,3084.108726
2000-08-23,3081.913023
2000-08-24,3096.744152
2000-08-25,3119.403576
2000-08-28,3123.632791
2000-08-29,3108.40846
2000-08-30,3087.131006
2000-08-31,3085.319753
2000-09-01,3153.143005
2000-09-04,3168.81912
2000-09-05,3113.194596
2000-09-06,3073.879556
2000-09-07,3062.067558
2000-09-08,3021.401178
2000-09-11,2992.524249
2000-09-12,2967.226375
2000-09-13,2961.121191
2000-09-14,2974.38001
2000-09-15,2960.306327
2000-09-18,2921.314592
2000-09-19,2926.715571
2000-09-20,2906.378962
2000-09-21,2880.860573
2000-09-22,2910.875376
2000-09-25,2926.963373
2000-09-26,2917.691198
2000-09-27,2909.293414
2000-09-28,2912.895904
2000-09-29,2925.220384
2000-10-02,2942.824553
2000-10-03,2948.545973
2000-10-04,2932.685971
2000-10-05,2939.317355
2000-10-06,2917.097293
2000-10-09,2874.484406
2000-10-10,2873.426301
2000-10-11,2829.983933
2000-10-12,2811.21095
2000-10-13,2818.394462
2000-10-16,2811.668096
2000-10-17,2780.576894
2000-10-18,2743.371578
2000-10-19,2772.206578
2000-10-20,2797.365714
2000-10-23,2806.726025
2000-10-24,2843.054702
2000-10-25,2791.242724
2000-10-26,2774.822453
2000-10-27,2815.765672
2000-10-30,2816.846356
2000-10-31,2843.692413
2000-11-01,2885.20969
2000-11-02,2887.750133
2000-11-03,2905.934478
2000-11-06,2913.235332
2000-11-07,2907.291535
2000-11-08,2889.007778
2000-11-09,2863.518347
2000-11-10,2837.069619
2000-11-13,2791.967691
2000-11-14,2830.136156
2000-11-15,2841.206219
2000-11-16,2802.703736
2000-11-17,2790.873957
2000-11-20,2749.268313
2000-11-21,2744.39921
2000-11-22,2693.218819
2000-11-23,2703.762712
2000-11-24,2722.358133
2000-11-27,2767.111974
2000-11-28,2751.045643
2000-11-29,2738.349387
2000-11-30,2727.940384
2000-12-01,2766.173644
2000-12-04,2773.048534
2000-12-05,2809.365018
2000-12-06,2809.870707
2000-12-07,2801.370242
2000-12-08,2808.682851
2000-12-11,2844.855857
2000-12-12,2832.838775
2000-12-13,2815.321342
2000-12-14,2803.113218
2000-12-15,2772.805357
2000-12-18,2776.842756
2000-12-19,2773.859338
2000-12-20,2736.300671
2000-12-21,2718.337247
2000-12-22,2739.716427
2000-12-25,2758.102871
2000-12-26,2762.930836
2000-12-27,2792.986266
2000-12-28,2795.39992
2000-12-29,2822.1353
2001-01-01,2822.1353
2001-01-02,2808.132851
2001-01-03,2787.2689
2001-01-04,2819.613749
2001-01-05,2823.975736
2001-01-08,2809.618664
2001-01-09,2762.705451
2001-01-10,2745.417417
2001-01-11,2767.748163
2001-01-12,2778.062721
2001-01-15,2771.805516
2001-01-16,2758.14194
2001-01-17,2788.350323
2001-01-18,2816.096691
2001-01-19,2806.557956
2001-01-22,2809.678061
2001-01-23,2812.866468
2001-01-24,2791.412306
2001-01-25,2795.602727
2001-01-26,2792.113453
2001-01-29,2795.585141
2001-01-30,2806.850049
2001-01-31,2827.329543
2001-02-01,2834.75389
2001-02-02,2800.372716
2001-02-05,2800.197568
2001-02-06,2791.074682
2001-02-07,2765.031761
2001-02-08,2731.591961
2001-02-09,2714.599876
2001-02-12,2740.513145
2001-02-13,2724.304241
2001-02-14,2698.067946
2001-02-15,2696.615043
2001-02-16,2667.688532
2001-02-19,2664.112164
2001-02-20,2632.618645
2001-02-21,2611.999421
2001-02-22,2600.620308
2001-02-23,2578.660833
2001-02-26,2598.453147
2001-02-27,2614.612252
2001-02-28,2603.414497
2001-03-01,2597.988604
2001-03-02,2584.583772
2001-03-05,2594.518656
2001-03-06,2634.453911
2001-03-07,2631.664257
2001-03-08,2629.50353
2001-03-09,2607.236193
2001-03-12,2537.962542
2001-03-13,2483.787164
2001-03-14,2438.748934
2001-03-15,2466.5638
2001-03-16,2404.061655
2001-03-19,2401.143941
2001-03-20,2429.562297
2001-03-21,2417.635565
2001-03-22,2313.223932
2001-03-23,2380.407747
2001-03-26,2460.977384
2001-03-27,2497.701595
2001-03-28,2464.582641
2001-03-29,2426.19174
2001-03-30,2426.891138
2001-04-02,2408.514488
2001-04-03,2376.76563
2001-04-04,2416.495428
2001-04-05,2454.34503
2001-04-06,2459.213239
2001-04-09,2461.029245
2001-04-10,2476.792099
2001-04-11,2485.5058
2001-04-12,2511.885832
2001-04-13,2509.479923
2001-04-16,2488.007828
2001-04-17,2476.357956
2001-04-18,2531.012047
2001-04-19,2570.713543
2001-04-20,2571.942461
2001-04-23,2550.398324
2001-04-24,2546.147825
2001-04-25,2554.47583
2001-04-26,2579.321641
2001-04-27,2586.801096
2001-04-30,2595.735438
2001-05-01,2626.842171
2001-05-02,2627.931523
2001-05-03,2601.937778
2001-05-04,2614.956897
2001-05-07,2623.190477
2001-05-08,2596.902944
2001-05-09,2577.104631
2001-05-10,2601.827403
2001-05-11,2580.709248
2001-05-14,2535.790993
2001-05-15,2567.449864
2001-05-16,2570.175687
2001-05-17,2596.474478
2001-05-18,2593.905558
2001-05-21,2612.841654
2001-05-22,2610.034187
2001-05-23,2593.525224
2001-05-24,2585.9765
2001-05-25,2569.591547
2001-05-28,2570.630891
2001-05-29,2557.651934
2001-05-30,2525.077317
2001-05-31,2510.290943
2001-06-01,2506.501188
2001-06-04,2515.069137
2001-06-05,2528.938239
2001-06-06,2514.727552
2001-06-07,2521.420238
2001-06-08,2513.994836
2001-06-11,2476.580011
2001-06-12,2440.860411
2001-06-13,2457.909876
2001-06-14,2450.329724
2001-06-15,2433.954315
2001-06-18,2410.698598
2001-06-19,2407.181966
2001-06-20,2389.817611
2001-06-21,2401.795539
2001-06-22,2415.034804
2001-06-25,2420.483043
2001-06-26,2397.467782
2001-06-27,2389.252612
2001-06-28,2382.776357
2001-06-29,2407.917619
2001-07-02,2427.393871
2001-07-03,2411.682766
2001-07-04,2394.335998
2001-07-05,2358.831843
2001-07-06,2322.181637
2001-07-09,2326.241339
2001-07-10,2333.265178
2001-07-11,2316.532145
2001-07-12,2333.886233
2001-07-13,2337.473044
2001-07-16,2332.204439
2001-07-17,2305.812023
2001-07-18,2311.992141
2001-07-19,2334.848332
2001-07-20,2328.214244
2001-07-23,2307.705317
2001-07-24,2302.528466
2001-07-25,2296.324566
2001-07-26,2303.166183
2001-07-27,2325.308617
2001-07-30,2334.095376
2001-07-31,2365.632588
2001-08-01,2385.109615
2001-08-02,2407.838682
2001-08-03,2392.36537
2001-08-06,2382.49879
2001-08-07,2382.780594
2001-08-08,2359.410079
2001-08-09,2335.175919
2001-08-10,2336.860503
2001-08-13,2340.891936
2001-08-14,2375.055554
2001-08-15,2395.247373
2001-08-16,2370.955737
2001-08-17,2349.141838
2001-08-20,2334.226964
2001-08-21,2355.98573
2001-08-22,2371.77495
2001-08-23,2355.248322
2001-08-24,2379.403891
2001-08-27,2380.567941
2001-08-28,2356.507964
2001-08-29,2347.045769
2001-08-30,2304.332132
2001-08-31,2302.458706
2001-09-03,2270.289924
2001-09-04,2279.34198
2001-09-05,2242.631675
2001-09-06,2209.640716
2001-09-07,2189.48207
2001-09-10,2154.290028
2001-09-11,2085.238545
2001-09-12,2064.639261
2001-09-13,2089.888027
2001-09-14,2051.158202
2001-09-17,2055.430386
2001-09-18,2048.36033
2001-09-19,2039.909954
2001-09-20,1976.646925
2001-09-21,1908.338718
2001-09-24,1973.206705
2001-09-25,2006.762546
2001-09-26,2014.14141
2001-09-27,2027.279736
2001-09-28,2070.083814
2001-10-01,2054.378056
2001-10-02,2075.887142
2001-10-03,2079.306039
2001-10-04,2128.897188
2001-10-05,2131.569448
2001-10-08,2130.608825
2001-10-09,2114.46766
2001-10-10,2132.856348
2001-10-11,2152.242418
2001-10-12,2160.279747
2001-10-15,2128.946216
2001-10-16,2146.640579
2001-10-17,2179.470146
2001-10-18,2138.531582
2001-10-19,2108.254716
2001-10-22,2119.175565
2001-10-23,2156.6394
2001-10-24,2167.373873
2001-10-25,2151.163399
2001-10-26,2174.042554
2001-10-29,2152.072792
2001-10-30,2117.372753
2001-10-31,2120.787752
2001-11-01,2143.134899
2001-11-02,2145.127928
2001-11-05,2171.024233
2001-11-06,2180.817719
2001-11-07,2183.157764
2001-11-08,2207.158921
2001-11-09,2191.098283
2001-11-12,2156.171879
2001-11-13,2174.480224
2001-11-14,2179.268859
2001-11-15,2188.995566
2001-11-16,2207.262019
2001-11-19,2222.428795
2001-11-20,2209.482457
2001-11-21,2195.933082
2001-11-22,2211.557427
2001-11-23,2199.066264
2001-11-26,2212.836095
2001-11-27,2199.286666
2001-11-28,2177.102183
2001-11-29,2177.673526
2001-11-30,2204.144729
2001-12-03,2174.816097
2001-12-04,2195.723282
2001-12-05,2248.643571
2001-12-06,2262.436523
2001-12-07,2239.15518
2001-12-10,2198.920499
2001-12-11,2195.96254
2001-12-12,2204.290753
2001-12-13,2167.857568
2001-12-14,2158.128218
2001-12-17,2188.394199
2001-12-18,2188.538079
2001-12-19,2170.788139
2001-12-20,2161.939432
2001-12-21,2166.158999
2001-12-24,2156.043607
2001-12-25,2154.457201
2001-12-26,2153.587335
2001-12-27,2194.700808
2001-12-28,2206.879005
2001-12-31,2218.279184
2002-01-01,2218.279184
2002-01-02,2216.814195
2002-01-03,2242.869556
2002-01-04,2253.044242
2002-01-07,2237.384465
2002-01-08,2208.208992
2002-01-09,2201.668934
2002-01-10,2185.228359
2002-01-11,2187.369226
2002-01-14,2160.300948
2002-01-15,2159.783391
2002-01-16,2131.087789
2002-01-17,2141.509922
2002-01-18,2145.483059
2002-01-21,2137.842845
2002-01-22,2124.682924
2002-01-23,2132.339504
2002-01-24,2147.30387
2002-01-25,2123.811256
2002-01-28,2136.388134
2002-01-29,2108.590899
2002-01-30,2083.617983
2002-01-31,2105.447748
2002-02-01,2101.401716
2002-02-04,2089.479816
2002-02-05,2057.587693
2002-02-06,2041.849831
2002-02-07,2061.957803
2002-02-08,2069.984396
2002-02-11,2097.387634
2002-02-12,2103.136414
2002-02-13,2111.258202
2002-02-14,2127.88556
2002-02-15,2118.465213
2002-02-18,2106.599008
2002-02-19,2070.578894
2002-02-20,2054.815577
2002-02-21,2078.518762
2002-02-22,2074.89822
2002-02-25,2085.494791
2002-02-26,2089.232641
2002-02-27,2114.086217
2002-02-28,2118.284456
2002-03-01,2143.461073
2002-03-04,2210.719858
2002-03-05,2202.854485
2002-03-06,2220.609651
2002-03-07,2263.827529
2002-03-08,2264.53759
2002-03-11,2263.594654
2002-03-12,2229.865203
2002-03-13,2222.096893
2002-03-14,2241.731996
2002-03-15,2260.503948
2002-03-18,2255.179312
2002-03-19,2272.623973
2002-03-20,2255.280875
2002-03-21,2243.953281
2002-03-22,2235.568072
2002-03-25,2215.853862
2002-03-26,2216.431489
2002-03-27,2219.022609
2002-03-28,2240.651132
2002-03-29,2230.884068
2002-04-01,2240.467732
2002-04-02,2239.631564
2002-04-03,2243.283888
2002-04-04,2234.279507
2002-04-05,2230.050786
2002-04-08,2201.350929
2002-04-09,2199.020786
2002-04-10,2221.454065
2002-04-11,2197.610809
2002-04-12,2192.790999
2002-04-15,2212.407883
2002-04-16,2248.887101
2002-04-17,2267.977952
2002-04-18,2266.593376
2002-04-19,2264.250607
2002-04-22,2259.346158
2002-04-23,2254.546192
2002-04-24,2252.32495
2002-04-25,2252.40358
2002-04-26,2241.364618
2002-04-29,2238.209501
2002-04-30,2244.057748
2002-05-01,2254.430073
2002-05-02,2247.804341
2002-05-03,2257.299471
2002-05-06,2252.951044
2002-05-07,2223.432591
2002-05-08,2254.288754
2002-05-09,2251.809131
2002-05-10,2242.740194
2002-05-13,2249.72429
2002-05-14,2249.348992
2002-05-15,2279.353087
2002-05-16,2284.293637
2002-05-17,2305.937205
2002-05-20,2300.940662
2002-05-21,2295.85642
2002-05-22,2294.07044
2002-05-23,2286.650553
2002-05-24,2292.137794
2002-05-27,2285.807695
2002-05-28,2286.51511
2002-05-29,2283.625969
2002-05-30,2273.428738
2002-05-31,2273.463435
2002-06-03,2273.308769
2002-06-04,2245.451764
2002-06-05,2222.687539
2002-06-06,2226.170578
2002-06-07,2202.482233
2002-06-10,2200.566042
2002-06-11,2209.489804
2002-06-12,2179.566296
2002-06-13,2153.52136
2002-06-14,2110.37247
2002-06-17,2139.676955
2002-06-18,2146.180982
2002-06-19,2120.608915
2002-06-20,2110.021029
2002-06-21,2108.93549
2002-06-24,2089.755388
2002-06-25,2112.295497
2002-06-26,2100.806318
2002-06-27,2115.051717
2002-06-28,2180.987216
2002-07-01,2184.536217
2002-07-02,2135.928262
2002-07-03,2096.279714
2002-07-04,2117.33646
2002-07-05,2170.144784
2002-07-08,2187.071898
2002-07-09,2189.441305
2002-07-10,2127.312865
2002-07-11,2068.734293
2002-07-12,2072.049103
2002-07-15,2014.730867
2002-07-16,2011.081116
2002-07-17,2047.929854
2002-07-18,2077.062004
2002-07-19,2011.022115
2002-07-22,1930.887679
2002-07-23,1884.382923
2002-07-24,1863.320084
2002-07-25,1910.312582
2002-07-26,1887.924643
2002-07-29,1949.608169
2002-07-30,1968.018764
2002-07-31,1964.171503
2002-08-01,1910.001991
2002-08-02,1909.837191
2002-08-05,1869.411909
2002-08-06,1876.736056
2002-08-07,1888.50115
2002-08-08,1932.974013
2002-08-09,1967.656995
2002-08-12,1940.680952
2002-08-13,1952.007752
2002-08-14,1941.602065
2002-08-15,1975.083005
2002-08-16,1986.305504
2002-08-19,2003.159126
2002-08-20,1982.423369
2002-08-21,2004.633478
2002-08-22,2024.849455
2002-08-23,2006.90721
2002-08-26,2005.511754
2002-08-27,2035.563809
2002-08-28,1978.901462
2002-08-29,1953.932666
2002-08-30,1961.123252
2002-09-02,1939.990818
2002-09-03,1892.010505
2002-09-04,1882.890284
2002-09-05,1879.971808
2002-09-06,1904.1743
2002-09-09,1890.304139
2002-09-10,1912.097495
2002-09-11,1935.279311
2002-09-12,1896.379617
2002-09-13,1865.73905
2002-09-16,1851.338952
2002-09-17,1846.271841
2002-09-18,1810.493851
2002-09-19,1802.429962
2002-09-20,1789.871953
2002-09-23,1746.446985
2002-09-24,1720.951214
2002-09-25,1732.393403
2002-09-26,1788.76267
2002-09-27,1795.541086
2002-09-30,1753.130297
2002-10-01,1756.178185
2002-10-02,1781.418237
2002-10-03,1762.95203
2002-10-04,1735.228378
2002-10-07,1701.758193
2002-10-08,1680.838765
2002-10-09,1672.832496
2002-10-10,1693.167821
2002-10-11,1756.373875
2002-10-14,1747.158514
2002-10-15,1826.780368
2002-10-16,1810.431662
2002-10-17,1841.312517
2002-10-18,1838.535557
2002-10-21,1841.892871
2002-10-22,1821.575512
2002-10-23,1790.272281
2002-10-24,1815.487449
2002-10-25,1819.41537
2002-10-28,1842.582539
2002-10-29,1792.227411
2002-10-30,1821.754996
2002-10-31,1845.220792
2002-11-01,1840.481702
2002-11-04,1884.825514
2002-11-05,1905.383067
2002-11-06,1889.080155
2002-11-07,1878.465188
2002-11-08,1864.621025
2002-11-11,1841.46126
2002-11-12,1857.516235
2002-11-13,1842.103738
2002-11-14,1856.397072
2002-11-15,1877.501426
2002-11-18,1882.9583
2002-11-19,1876.309208
2002-11-20,1868.519383
2002-11-21,1914.232345
2002-11-22,1919.775461
2002-11-25,1909.16664
2002-11-26,1881.365327
2002-11-27,1907.031173
2002-11-28,1934.116418
2002-11-29,1930.172158
2002-12-02,1925.621462
2002-12-03,1900.729773
2002-12-04,1887.493335
2002-12-05,1867.749684
2002-12-06,1873.290602
2002-12-09,1843.611517
2002-12-10,1849.460867
2002-12-11,1859.874665
2002-12-12,1852.609714
2002-12-13,1843.156051
2002-12-16,1870.514455
2002-12-17,1867.052696
2002-12-18,1830.286637
2002-12-19,1829.230637
2002-12-20,1842.760035
2002-12-23,1849.263814
2002-12-24,1858.026762
2002-12-25,1856.816192
2002-12-26,1864.870022
2002-12-27,1835.360257
2002-12-30,1854.538982
2002-12-31,1867.790761
2003-01-01,1867.790761
2003-01-02,1890.683428
2003-01-03,1905.303806
2003-01-06,1931.825082
2003-01-07,1908.117227
2003-01-08,1877.18792
2003-01-09,1898.01568
2003-01-10,1909.017653
2003-01-13,1913.689037
2003-01-14,1929.719687
2003-01-15,1915.929164
2003-01-16,1913.702874
2003-01-17,1894.896037
2003-01-20,1873.498032
2003-01-21,1863.399177
2003-01-22,1840.057887
2003-01-23,1847.088287
2003-01-24,1837.841514
2003-01-27,1786.46183
2003-01-28,1783.950422
2003-01-29,1787.106357
2003-01-30,1800.583115
2003-01-31,1796.623956
2003-02-03,1822.669226
2003-02-04,1802.328482
2003-02-05,1819.122777
2003-02-06,1788.862303
2003-02-07,1775.035094
2003-02-10,1760.908814
2003-02-11,1780.398201
2003-02-12,1767.479073
2003-02-13,1769.578571
2003-02-14,1785.790383
2003-02-17,1806.667013
2003-02-18,1814.300611
2003-02-19,1793.737788
2003-02-20,1793.860158
2003-02-21,1798.156698
2003-02-24,1784.436415
2003-02-25,1739.268461
2003-02-26,1737.362633
2003-02-27,1739.663499
2003-02-28,1761.208101
2003-03-03,1777.53152
2003-03-04,1757.295634
2003-03-05,1752.632866
2003-03-06,1737.6702
2003-03-07,1713.741927
2003-03-10,1682.489214
2003-03-11,1673.177989
2003-03-12,1636.588629
2003-03-13,1677.291637
2003-03-14,1716.583878
2003-03-17,1743.150942
2003-03-18,1747.004151
2003-03-19,1760.417427
2003-03-20,1765.574677
2003-03-21,1792.51245
2003-03-24,1765.583828
2003-03-25,1774.956888
2003-03-26,1781.530587
2003-03-27,1766.918727
2003-03-28,1761.691386
2003-03-31,1727.265509
2003-04-01,1742.288928
2003-04-02,1770.985039
2003-04-03,1774.213958
2003-04-04,1785.243591
2003-04-07,1824.836248
2003-04-08,1807.369964
2003-04-09,1804.350822
2003-04-10,1796.347414
2003-04-11,1791.049167
2003-04-14,1803.747182
2003-04-15,1832.135445
2003-04-16,1827.121628
2003-04-17,1843.90732
2003-04-18,1844.499277
2003-04-21,1836.879249
2003-04-22,1855.707188
2003-04-23,1871.095322
2003-04-24,1862.707341
2003-04-25,1839.200714
2003-04-28,1862.027579
2003-04-29,1862.395538
2003-04-30,1893.028341
2003-05-01,1902.769193
2003-05-02,1906.885988
2003-05-05,1925.789345
2003-05-06,1962.527492
2003-05-07,1953.029684
2003-05-08,1929.324461
2003-05-09,1946.832542
2003-05-12,1961.220477
2003-05-13,1961.685342
2003-05-14,1966.690016
2003-05-15,1973.967897
2003-05-16,1987.883345
2003-05-19,1955.537759
2003-05-20,1958.540052
2003-05-21,1948.651382
2003-05-22,1968.150229
2003-05-23,1978.392053
2003-05-26,1983.086804
2003-05-27,1986.725984
2003-05-28,1999.145751
2003-05-29,2019.962302
2003-05-30,2010.437195
2003-06-02,2045.127912
2003-06-03,2034.181576
2003-06-04,2049.124676
2003-06-05,2070.31891
2003-06-06,2085.995014
2003-06-09,2078.373675
2003-06-10,2074.812162
2003-06-11,2109.489496
2003-06-12,2119.106614
2003-06-13,2109.582754
2003-06-16,2134.926293
2003-06-17,2154.150343
2003-06-18,2149.20707
2003-06-19,2124.433466
2003-06-20,2127.493021
2003-06-23,2095.018498
2003-06-24,2073.766031
2003-06-25,2087.838357
2003-06-26,2065.152333
2003-06-27,2071.612294
2003-06-30,2059.275872
2003-07-01,2057.369515
2003-07-02,2091.245472
2003-07-03,2110.827491
2003-07-04,2098.794212
2003-07-07,2124.356992
2003-07-08,2118.018207
2003-07-09,2111.989341
2003-07-10,2096.743513
2003-07-11,2094.82199
2003-07-14,2121.308839
2003-07-15,2102.776523
2003-07-16,2088.118169
2003-07-17,2058.327851
2003-07-18,2063.673644
2003-07-21,2065.936318
2003-07-22,2072.13698
2003-07-23,2090.505678
2003-07-24,2122.537371
2003-07-25,2122.077118
2003-07-28,2137.869786
2003-07-29,2131.023324
2003-07-30,2109.289596
2003-07-31,2106.519863
2003-08-01,2096.975976
2003-08-04,2090.253264
2003-08-05,2096.694964
2003-08-06,2076.688441
2003-08-07,2086.76739
2003-08-08,2093.289773
2003-08-11,2108.866206
2003-08-12,2117.306102
2003-08-13,2129.867416
2003-08-14,2150.869809
2003-08-15,2152.527112
2003-08-18,2159.784763
2003-08-19,2160.05328
2003-08-20,2170.567283
2003-08-21,2169.637793
2003-08-22,2160.69976
2003-08-25,2152.626032
2003-08-26,2136.916966
2003-08-27,2146.863194
2003-08-28,2152.822905
2003-08-29,2160.838013
2003-09-01,2190.595063
2003-09-02,2184.494395
2003-09-03,2208.223527
2003-09-04,2211.629252
2003-09-05,2221.378604
2003-09-08,2239.568586
2003-09-09,2243.415036
2003-09-10,2226.231916
2003-09-11,2217.895642
2003-09-12,2232.15099
2003-09-15,2236.496495
2003-09-16,2252.32579
2003-09-17,2270.084181
2003-09-18,2290.771521
2003-09-19,2291.730113
2003-09-22,2275.809286
2003-09-23,2274.003129
2003-09-24,2274.962375
2003-09-25,2257.167108
2003-09-26,2238.057298
2003-09-29,2235.888141
2003-09-30,2225.666011
2003-10-01,2267.551282
2003-10-02,2289.195776
2003-10-03,2322.334512
2003-10-06,2324.408369
2003-10-07,2336.927698
2003-10-08,2328.724561
2003-10-09,2351.17604
2003-10-10,2366.336203
2003-10-13,2375.188466
2003-10-14,2378.671257
2003-10-15,2382.024722
2003-10-16,2393.093741
2003-10-17,2381.319687
2003-10-20,2386.627514
2003-10-21,2392.928008
2003-10-22,2374.278494
2003-10-23,2327.913485
2003-10-24,2335.052975
2003-10-27,2350.243177
2003-10-28,2363.078962
2003-10-29,2378.340269
2003-10-30,2386.037823
2003-10-31,2365.039016
2003-11-03,2364.116687
2003-11-04,2382.935759
2003-11-05,2368.935858
2003-11-06,2353.232508
2003-11-07,2383.429987
2003-11-10,2376.156877
2003-11-11,2353.186878
2003-11-12,2374.098141
2003-11-13,2398.687578
2003-11-14,2406.43333
2003-11-17,2357.931746
2003-11-18,2377.154138
2003-11-19,2358.162301
2003-11-20,2364.916637
2003-11-21,2370.478917
2003-11-24,2376.743985
2003-11-25,2386.043319
2003-11-26,2410.550827
2003-11-27,2416.054606
2003-11-28,2418.647826
2003-12-01,2453.154305
2003-12-02,2468.06319
2003-12-03,2481.189938
2003-12-04,2476.689215
2003-12-05,2475.839215
2003-12-08,2469.756285
2003-12-09,2478.835073
2003-12-10,2457.272836
2003-12-11,2458.048238
2003-12-12,2481.909803
2003-12-15,2502.759455
2003-12-16,2489.439555
2003-12-17,2491.314801
2003-12-18,2505.305559
2003-12-19,2514.086964
2003-12-22,2524.383534
2003-12-23,2534.311673
2003-12-24,2544.333509
2003-12-25,2544.727668
2003-12-26,2548.583518
2003-12-29,2564.807236
2003-12-30,2587.721098
2003-12-31,2604.109888
2004-01-01,2604.109888
2004-01-02,2622.991518
2004-01-05,2661.18298
2004-01-06,2671.334205
2004-01-07,2652.193117
2004-01-08,2676.872979
2004-01-09,2690.384516
2004-01-12,2681.700363
2004-01-13,2680.883188
2004-01-14,2682.935317
2004-01-15,2662.383662
2004-01-16,2655.493233
2004-01-19,2661.892578
2004-01-20,2688.412413
2004-01-21,2705.035218
2004-01-22,2722.362426
2004-01-23,2718.447919
2004-01-26,2690.723924
2004-01-27,2700.578306
2004-01-28,2698.77139
2004-01-29,2641.560381
2004-01-30,2640.369228
2004-02-02,2648.498707
2004-02-03,2659.156112
2004-02-04,2634.120114
2004-02-05,2646.478468
2004-02-06,2677.576437
2004-02-09,2696.43136
2004-02-10,2700.89301
2004-02-11,2702.784087
2004-02-12,2729.092473
2004-02-13,2726.389932
2004-02-16,2732.365929
2004-02-17,2760.055318
2004-02-18,2756.831239
2004-02-19,2754.561022
2004-02-20,2715.344088
2004-02-23,2722.695379
2004-02-24,2712.414414
2004-02-25,2698.367665
2004-02-26,2685.738585
2004-02-27,2701.096116
2004-03-01,2740.373004
2004-03-02,2724.904053
2004-03-03,2689.97697
2004-03-04,2706.304546
2004-03-05,2745.02879
2004-03-08,2735.734165
2004-03-09,2730.646863
2004-03-10,2688.82499
2004-03-11,2636.709668
2004-03-12,2624.392681
2004-03-15,2604.428687
2004-03-16,2639.991721
2004-03-17,2660.346494
2004-03-18,2672.125056
2004-03-19,2669.997037
2004-03-22,2634.709682
2004-03-23,2630.757508
2004-03-24,2623.160668
2004-03-25,2650.247681
2004-03-26,2657.527548
2004-03-29,2687.794023
2004-03-30,2693.282819
2004-03-31,2714.61847
2004-04-01,2748.985839
2004-04-02,2749.490497
2004-04-05,2745.235423
2004-04-06,2745.979436
2004-04-07,2763.395856
2004-04-08,2758.781834
2004-04-09,2749.805518
2004-04-12,2755.303632
2004-04-13,2738.921744
2004-04-14,2696.571337
2004-04-15,2684.738876
2004-04-16,2714.633047
2004-04-19,2711.39779
2004-04-20,2716.737822
2004-04-21,2684.399018
2004-04-22,2692.633899
2004-04-23,2702.745172
2004-04-26,2716.365288
2004-04-27,2712.032411
2004-04-28,2669.950102
2004-04-29,2664.830998
2004-04-30,2643.559662
2004-05-03,2648.846358
2004-05-04,2685.061174
2004-05-05,2706.252017
2004-05-06,2659.190861
2004-05-07,2610.052172
2004-05-10,2512.546574
2004-05-11,2527.635695
2004-05-12,2543.627002
2004-05-13,2530.66789
2004-05-14,2521.434168
2004-05-17,2499.48546
2004-05-18,2516.994404
2004-05-19,2583.304752
2004-05-20,2550.021687
2004-05-21,2580.959282
2004-05-24,2585.016377
2004-05-25,2592.533083
2004-05-26,2616.067672
2004-05-27,2660.128326
2004-05-28,2651.425533
2004-05-31,2655.917503
2004-06-01,2648.862272
2004-06-02,2657.994211
2004-06-03,2643.583513
2004-06-04,2658.526803
2004-06-07,2710.11097
2004-06-08,2711.856798
2004-06-09,2681.521201
2004-06-10,2689.542495
2004-06-11,2670.399778
2004-06-14,2647.708722
2004-06-15,2661.39698
2004-06-16,2679.571111
2004-06-17,2688.517743
2004-06-18,2700.089811
2004-06-21,2705.065871
2004-06-22,2683.152676
2004-06-23,2690.339498
2004-06-24,2729.826743
2004-06-25,2720.32824
2004-06-28,2745.496801
2004-06-29,2722.449138
2004-06-30,2717.251372
2004-07-01,2718.140616
2004-07-02,2718.527906
2004-07-05,2701.634578
2004-07-06,2691.487442
2004-07-07,2703.887786
2004-07-08,2709.269351
2004-07-09,2715.277017
2004-07-12,2718.00076
2004-07-13,2705.454243
2004-07-14,2703.311193
2004-07-15,2679.542089
2004-07-16,2700.710114
2004-07-19,2693.584188
2004-07-20,2681.9888
2004-07-21,2673.304225
2004-07-22,2649.973681
2004-07-23,2619.517953
2004-07-26,2605.276614
2004-07-27,2595.3032
2004-07-28,2601.756507
2004-07-29,2623.028274
2004-07-30,2634.38672
2004-08-02,2634.460548
2004-08-03,2643.897574
2004-08-04,2618.792587
2004-08-05,2618.067283
2004-08-06,2612.52313
2004-08-09,2591.577414
2004-08-10,2609.778439
2004-08-11,2588.014974
2004-08-12,2583.544719
2004-08-13,2588.39725
2004-08-16,2598.938726
2004-08-17,2605.225145
2004-08-18,2606.545215
2004-08-19,2632.939434
2004-08-20,2626.842045
2004-08-23,2633.01763
2004-08-24,2619.61175
2004-08-25,2626.199803
2004-08-26,2641.555206
2004-08-27,2652.113673
2004-08-30,2645.856496
2004-08-31,2645.340546
2004-09-01,2666.443243
2004-09-02,2671.882733
2004-09-03,2655.920207
2004-09-06,2677.538914
2004-09-07,2684.59867
2004-09-08,2690.457494
2004-09-09,2676.667182
2004-09-10,2702.181817
2004-09-13,2714.052785
2004-09-14,2720.72121
2004-09-15,2685.263601
2004-09-16,2693.634843
2004-09-17,2701.356811
2004-09-20,2695.54933
2004-09-21,2722.278823
2004-09-22,2706.946922
2004-09-23,2705.22078
2004-09-24,2696.496442
2004-09-27,2683.81084
2004-09-28,2694.029996
2004-09-29,2704.370437
2004-09-30,2722.449157
2004-10-01,2758.145867
2004-10-04,2765.666405
2004-10-05,2776.928189
2004-10-06,2780.335914
2004-10-07,2773.876117
2004-10-08,2793.72331
2004-10-11,2790.095539
2004-10-12,2752.94796
2004-10-13,2746.490518
2004-10-14,2749.983993
2004-10-15,2760.597876
2004-10-18,2755.721936
2004-10-19,2780.516909
2004-10-20,2772.011921
2004-10-21,2784.03231
2004-10-22,2788.604325
2004-10-25,2776.730232
2004-10-26,2783.539049
2004-10-27,2808.929866
2004-10-28,2828.253268
2004-10-29,2820.287162
2004-11-01,2835.845198
2004-11-02,2855.479665
2004-11-03,2883.889553
2004-11-04,2896.914011
2004-11-05,2921.473353
2004-11-08,2921.074613
2004-11-09,2911.737158
2004-11-10,2910.764947
2004-11-11,2922.996117
2004-11-12,2951.39463
2004-11-15,2962.406848
2004-11-16,2956.246128
2004-11-17,2986.981363
2004-11-18,2975.362005
2004-11-19,2981.045111
2004-11-22,2957.071855
2004-11-23,2966.598037
2004-11-24,2983.357758
2004-11-25,3016.846974
2004-11-26,3013.793089
2004-11-29,3023.401085
2004-11-30,3007.850405
2004-12-01,3026.652389
2004-12-02,3039.470506
2004-12-03,3055.487044
2004-12-06,3049.009912
2004-12-07,3045.742475
2004-12-08,3002.73383
2004-12-09,2977.367788
2004-12-10,2972.927165
2004-12-13,3008.96336
2004-12-14,3013.578095
2004-12-15,3047.612914
2004-12-16,3030.697834
2004-12-17,3016.925161
2004-12-20,3055.043564
2004-12-21,3045.128362
2004-12-22,3063.965049
2004-12-23,3085.807627
2004-12-24,3104.767702
2004-12-27,3119.124655
2004-12-28,3121.168926
2004-12-29,3110.661159
2004-12-30,3133.92663
2004-12-31,3134.920941
2005-01-03,3120.830792
2005-01-04,3089.206177
2005-01-05,3065.458129
2005-01-06,3052.737808
2005-01-07,3044.644925
2005-01-10,3056.580714
2005-01-11,3061.078551
2005-01-12,3073.906134
2005-01-13,3062.737097
2005-01-14,3054.611812
2005-01-17,3066.4933
2005-01-18,3052.169663
2005-01-19,3057.1451
2005-01-20,3022.724417
2005-01-21,3028.71084
2005-01-24,3041.864593
2005-01-25,3031.162148
2005-01-26,3066.744887
2005-01-27,3066.546636
2005-01-28,3050.504824
2005-01-31,3073.204939
2005-02-01,3082.333262
2005-02-02,3098.156612
2005-02-03,3076.828398
2005-02-04,3100.127499
2005-02-07,3094.498418
2005-02-08,3079.67438
2005-02-09,3082.84089
2005-02-10,3108.436192
2005-02-11,3125.458805
2005-02-14,3153.043287
2005-02-15,3163.175075
2005-02-16,3148.83813
2005-02-17,3164.695928
2005-02-18,3171.3452
2005-02-21,3172.522079
2005-02-22,3187.010332
2005-02-23,3156.422358
2005-02-24,3155.763682
2005-02-25,3189.122011
2005-02-28,3209.918269
2005-03-01,3209.271805
2005-03-02,3199.106093
2005-03-03,3203.974005
2005-03-04,3248.023172
2005-03-07,3237.110538
2005-03-08,3257.830232
2005-03-09,3253.446798
2005-03-10,3234.670509
2005-03-11,3250.571513
2005-03-14,3224.038978
2005-03-15,3234.103049
2005-03-16,3232.732145
2005-03-17,3219.53032
2005-03-18,3211.498431
2005-03-21,3186.63525
2005-03-22,3194.550932
2005-03-23,3137.244259
2005-03-24,3133.214646
2005-03-25,3136.363436
2005-03-28,3123.390566
2005-03-29,3116.89414
2005-03-30,3118.385187
2005-03-31,3137.057465
2005-04-01,3142.638775
2005-04-04,3101.806344
2005-04-05,3124.939119
2005-04-06,3137.736896
2005-04-07,3156.335309
2005-04-08,3152.437531
2005-04-11,3164.312083
2005-04-12,3135.830959
2005-04-13,3149.988841
2005-04-14,3116.172926
2005-04-15,3093.087395
2005-04-18,3045.297083
2005-04-19,3079.262232
2005-04-20,3078.777713
2005-04-21,3079.410139
2005-04-22,3103.263008
2005-04-25,3099.046219
2005-04-26,3084.151841
2005-04-27,3056.299425
2005-04-28,3046.32429
2005-04-29,3057.067561
2005-05-02,3054.487395
2005-05-03,3068.057468
2005-05-04,3098.043991
2005-05-05,3108.096325
2005-05-06,3113.332609
2005-05-09,3099.26008
2005-05-10,3090.863647
2005-05-11,3072.217184
2005-05-12,3057.908447
2005-05-13,3037.444894
2005-05-16,3016.476973
2005-05-17,3016.09674
2005-05-18,3042.331491
2005-05-19,3062.649777
2005-05-20,3047.627833
2005-05-23,3073.913565
2005-05-24,3076.464478
2005-05-25,3068.007904
2005-05-26,3068.767762
2005-05-27,3079.576572
2005-05-30,3087.225839
2005-05-31,3062.641711
2005-06-01,3079.552865
2005-06-02,3083.887741
2005-06-03,3084.293642
2005-06-06,3085.179165
2005-06-07,3104.508245
2005-06-08,3115.913008
2005-06-09,3081.478127
2005-06-10,3084.447991
2005-06-13,3071.476821
2005-06-14,3078.776335
2005-06-15,3090.403659
2005-06-16,3103.51822
2005-06-17,3142.020899
2005-06-20,3123.314475
2005-06-21,3136.65447
2005-06-22,3141.501097
2005-06-23,3134.475955
2005-06-24,3118.850702
2005-06-27,3105.351657
2005-06-28,3112.069684
2005-06-29,3116.858434
2005-06-30,3112.704466
2005-07-01,3097.689386
2005-07-04,3095.71878
2005-07-05,3090.899615
2005-07-06,3108.032614
2005-07-07,3071.069215
2005-07-08,3096.444418
2005-07-11,3141.106781
2005-07-12,3164.399733
2005-07-13,3149.431515
2005-07-14,3164.558684
2005-07-15,3149.345213
2005-07-18,3151.63542
2005-07-19,3141.06386
2005-07-20,3141.213389
2005-07-21,3182.673621
2005-07-22,3181.186418
2005-07-25,3176.712336
2005-07-26,3163.513348
2005-07-27,3179.043453
2005-07-28,3197.526677
2005-07-29,3213.230355
2005-08-01,3232.045337
2005-08-02,3259.278151
2005-08-03,3280.218675
2005-08-04,3269.918768
2005-08-05,3240.046499
2005-08-08,3264.341876
2005-08-09,3276.928103
2005-08-10,3328.366524
2005-08-11,3351.128764
2005-08-12,3350.308174
2005-08-15,3336.343234
2005-08-16,3325.921574
2005-08-17,3310.40835
2005-08-18,3268.083398
2005-08-19,3283.343347
2005-08-22,3322.166564
2005-08-23,3302.56551
2005-08-24,3300.804284
2005-08-25,3292.158338
2005-08-26,3289.36759
2005-08-29,3268.603271
2005-08-30,3260.105386
2005-08-31,3301.937857
2005-09-01,3366.309175
2005-09-02,3382.970329
2005-09-05,3397.960889
2005-09-06,3404.975519
2005-09-07,3406.385316
2005-09-08,3391.510843
2005-09-09,3420.854178
2005-09-12,3405.617477
2005-09-13,3385.623067
2005-09-14,3404.858096
2005-09-15,3394.636287
2005-09-16,3404.060801
2005-09-19,3401.071432
2005-09-20,3420.814241
2005-09-21,3414.651228
2005-09-22,3385.198951
2005-09-23,3375.528871
2005-09-26,3414.358957
2005-09-27,3394.944439
2005-09-28,3428.544529
2005-09-29,3444.251108
2005-09-30,3452.628563
2005-10-03,3436.272699
2005-10-04,3448.685722
2005-10-05,3412.063512
2005-10-06,3385.996072
2005-10-07,3374.551297
2005-10-10,3366.600754
2005-10-11,3376.985355
2005-10-12,3365.091193
2005-10-13,3316.556631
2005-10-14,3345.367701
2005-10-17,3333.546473
2005-10-18,3300.156281
2005-10-19,3268.6894
2005-10-20,3275.029114
2005-10-21,3270.171156
2005-10-24,3285.040722
2005-10-25,3317.533174
2005-10-26,3323.601771
2005-10-27,3318.038944
2005-10-28,3302.612852
2005-10-31,3341.065436
2005-11-01,3358.3683
2005-11-02,3385.193527
2005-11-03,3409.065823
2005-11-04,3375.003664
2005-11-07,3380.733585
2005-11-08,3379.617633
2005-11-09,3369.155487
2005-11-10,3364.282801
2005-11-11,3387.297683
2005-11-14,3373.447239
2005-11-15,3355.61676
2005-11-16,3347.530497
2005-11-17,3388.819913
2005-11-18,3406.625761
2005-11-21,3427.342003
2005-11-22,3421.463475
2005-11-23,3452.050812
2005-11-24,3447.863433
2005-11-25,3441.905376
2005-11-28,3449.11396
2005-11-29,3443.825261
2005-11-30,3429.541514
2005-12-01,3459.206328
2005-12-02,3488.169919
2005-12-05,3498.541976
2005-12-06,3511.946592
2005-12-07,3505.274191
2005-12-08,3511.286991
2005-12-09,3523.789699
2005-12-12,3565.284311
2005-12-13,3569.240241
2005-12-14,3589.294794
2005-12-15,3558.204537
2005-12-16,3587.8048
2005-12-19,3587.451821
2005-12-20,3579.335816
2005-12-21,3587.492344
2005-12-22,3600.162836
2005-12-23,3604.198889
2005-12-26,3609.224218
2005-12-27,3600.779418
2005-12-28,3619.175697
2005-12-29,3621.655724
2005-12-30,3588.556201
2006-01-02,3596.577596
2006-01-03,3664.271994
2006-01-04,3730.087049
2006-01-05,3731.156173
2006-01-06,3768.255851
2006-01-09,3760.980685
2006-01-10,3730.81627
2006-01-11,3761.340401
2006-01-12,3763.825202
2006-01-13,3754.337138
2006-01-16,3758.264229
2006-01-17,3702.588569
2006-01-18,3658.628218
2006-01-19,3703.237826
2006-01-20,3689.848871
2006-01-23,3710.361727
2006-01-24,3712.942698
2006-01-25,3733.735132
2006-01-26,3766.486621
2006-01-27,3798.601247
2006-01-30,3793.556398
2006-01-31,3815.530618
2006-02-01,3818.78821
2006-02-02,3795.659257
2006-02-03,3767.117706
2006-02-06,3773.623267
2006-02-07,3757.153242
2006-02-08,3721.126008
2006-02-09,3758.282281
2006-02-10,3733.536566
2006-02-13,3718.999185
2006-02-14,3725.764989
2006-02-15,3725.66064
2006-02-16,3739.629228
2006-02-17,3738.854397
2006-02-20,3742.241772
2006-02-21,3756.634925
2006-02-22,3764.020658
2006-02-23,3795.484081
2006-02-24,3798.277546
2006-02-27,3818.46321
2006-02-28,3802.717499
2006-03-01,3812.297457
2006-03-02,3805.383032
2006-03-03,3797.16033
2006-03-06,3807.060552
2006-03-07,3756.444974
2006-03-08,3736.877603
2006-03-09,3776.477473
2006-03-10,3777.939982
2006-03-13,3823.15616
2006-03-14,3855.728321
2006-03-15,3868.932863
2006-03-16,3887.521619
2006-03-17,3904.736856
2006-03-20,3920.010199
2006-03-21,3898.207544
2006-03-22,3906.806286
2006-03-23,3873.762505
2006-03-24,3899.590737
2006-03-27,3894.950479
2006-03-28,3893.860782
2006-03-29,3884.225848
2006-03-30,3954.264237
2006-03-31,3923.315751
2006-04-03,3964.615631
2006-04-04,3983.85659
2006-04-05,4000.81473
2006-04-06,4022.483825
2006-04-07,3990.022951
2006-04-10,3993.423497
2006-04-11,3965.207893
2006-04-12,3940.117
2006-04-13,3945.693187
2006-04-14,3946.131368
2006-04-17,3983.080006
2006-04-18,4002.483472
2006-04-19,4051.375864
2006-04-20,4049.936997
2006-04-21,4089.025863
2006-04-24,4071.611513
2006-04-25,4083.808509
2006-04-26,4104.29519
2006-04-27,4119.733461
2006-04-28,4110.919212
2006-05-01,4138.325265
2006-05-02,4177.59898
2006-05-03,4147.68156
2006-05-04,4172.921506
2006-05-05,4225.297898
2006-05-08,4243.549606
2006-05-09,4267.068434
2006-05-10,4255.092391
2006-05-11,4239.308419
2006-05-12,4179.625883
2006-05-15,4115.769975
2006-05-16,4105.060035
2006-05-17,4028.292535
2006-05-18,3990.061581
2006-05-19,3956.487287
2006-05-22,3892.852832
2006-05-23,3946.157332
2006-05-24,3895.616321
2006-05-25,3929.292052
2006-05-26,3982.695273
2006-05-29,3996.060432
2006-05-30,3969.837335
2006-05-31,3954.734666
2006-06-01,3964.171502
2006-06-02,4020.296018
2006-06-05,3992.881377
2006-06-06,3881.008143
2006-06-07,3861.72327
2006-06-08,3727.982817
2006-06-09,3790.071462
2006-06-12,3756.963352
2006-06-13,3645.040651
2006-06-14,3667.054973
2006-06-15,3739.847364
2006-06-16,3759.751488
2006-06-19,3742.417418
2006-06-20,3752.605157
2006-06-21,3771.293119
2006-06-22,3789.05314
2006-06-23,3776.763194
2006-06-26,3780.994259
2006-06-27,3775.524191
2006-06-28,3750.78396
2006-06-29,3820.349479
2006-06-30,3949.643227
2006-07-03,3967.325341
2006-07-04,3983.691447
2006-07-05,3915.814664
2006-07-06,3942.22024
2006-07-07,3963.997932
2006-07-10,3964.702084
2006-07-11,3938.786386
2006-07-12,3909.559475
2006-07-13,3865.3676
2006-07-14,3795.723435
2006-07-17,3750.307983
2006-07-18,3713.383884
2006-07-19,3785.496401
2006-07-20,3839.671895
2006-07-21,3819.724696
2006-07-24,3850.844475
2006-07-25,3872.018915
2006-07-26,3874.335064
2006-07-27,3949.580094
2006-07-28,3987.96098
2006-07-31,3986.648787
2006-08-01,3955.259179
2006-08-02,4004.296494
2006-08-03,3977.324946
2006-08-04,4031.833551
2006-08-07,3975.521128
2006-08-08,3989.592875
2006-08-09,4025.866523
2006-08-10,3980.595456
2006-08-11,3975.379017
2006-08-14,3998.653449
2006-08-15,4037.446373
2006-08-16,4084.392187
2006-08-17,4095.703094
2006-08-18,4081.931518
2006-08-21,4094.312343
2006-08-22,4089.875796
2006-08-23,4075.796396
2006-08-24,4066.493978
2006-08-25,4048.909418
2006-08-28,4060.423031
2006-08-29,4070.308679
2006-08-30,4099.253146
2006-08-31,4099.95611
2006-09-01,4115.585423
2006-09-04,4162.431071
2006-09-05,4141.691268
2006-09-06,4094.148969
2006-09-07,4036.484599
2006-09-08,4030.728379
2006-09-11,3989.707914
2006-09-12,4016.158668
2006-09-13,4026.0203
2006-09-14,4050.837908
2006-09-15,4031.492063
2006-09-18,4042.523974
2006-09-19,4035.401699
2006-09-20,4042.726663
2006-09-21,4068.983416
2006-09-22,4046.021753
2006-09-25,4027.374675
2006-09-26,4045.098533
2006-09-27,4097.078902
2006-09-28,4100.728862
2006-09-29,4096.653253
2006-10-02,4124.21381
2006-10-03,4103.141213
2006-10-04,4101.256409
2006-10-05,4145.142864
2006-10-06,4117.067026
2006-10-09,4121.744352
2006-10-10,4125.702953
2006-10-11,4121.962564
2006-10-12,4140.566066
2006-10-13,4150.029617
2006-10-16,4180.249013
2006-10-17,4154.011742
2006-10-18,4171.798412
2006-10-19,4194.679953
2006-10-20,4210.990323
2006-10-23,4214.527009
2006-10-24,4217.107145
2006-10-25,4239.441633
2006-10-26,4266.348234
2006-10-27,4271.74551
2006-10-30,4245.986297
2006-10-31,4258.55343
2006-11-01,4270.611535
2006-11-02,4257.444857
2006-11-03,4249.326651
2006-11-06,4281.007645
2006-11-07,4324.891309
2006-11-08,4299.49203
2006-11-09,4293.518864
2006-11-10,4306.196278
2006-11-13,4286.364952
2006-11-14,4297.670713
2006-11-15,4311.472318
2006-11-16,4309.389379
2006-11-17,4292.406723
2006-11-20,4269.181434
2006-11-21,4284.461912
2006-11-22,4332.759082
2006-11-23,4336.05729
2006-11-24,4340.594676
2006-11-27,4310.099103
2006-11-28,4301.521429
2006-11-29,4360.666006
2006-11-30,4385.396909
2006-12-01,4382.726093
2006-12-04,4399.331383
2006-12-05,4415.825905
2006-12-06,4431.990034
2006-12-07,4446.562278
2006-12-08,4444.532916
2006-12-11,4432.767531
2006-12-12,4452.094265
2006-12-13,4467.455351
2006-12-14,4485.092145
2006-12-15,4481.462712
2006-12-18,4474.580467
2006-12-19,4465.595669
2006-12-20,4494.038606
2006-12-21,4484.83971
2006-12-22,4469.054324
2006-12-25,4465.692698
2006-12-26,4462.867468
2006-12-27,4501.714462
2006-12-28,4510.309033
2006-12-29,4511.136886
2007-01-01,4511.136886
2007-01-02,4575.118213
2007-01-03,4545.319605
2007-01-04,4512.542252
2007-01-05,4453.003508
2007-01-08,4453.412954
2007-01-09,4461.918555
2007-01-10,4407.025341
2007-01-11,4437.571481
2007-01-12,4488.032107
2007-01-15,4522.265129
2007-01-16,4499.121003
2007-01-17,4505.953607
2007-01-18,4503.73052
2007-01-19,4524.583012
2007-01-22,4527.096164
2007-01-23,4549.603909
2007-01-24,4567.956807
2007-01-25,4554.415449
2007-01-26,4511.741351
2007-01-29,4525.345668
2007-01-30,4546.905889
2007-01-31,4538.658723
2007-02-01,4598.146417
2007-02-02,4599.424512
2007-02-05,4583.11714
2007-02-06,4609.6816
2007-02-07,4631.476734
2007-02-08,4604.239787
2007-02-09,4618.742252
2007-02-12,4589.928417
2007-02-13,4621.958796
2007-02-14,4686.986339
2007-02-15,4711.942968
2007-02-16,4701.85591
2007-02-19,4717.811933
2007-02-20,4709.825819
2007-02-21,4680.712
2007-02-22,4693.709365
2007-02-23,4727.030254
2007-02-26,4749.783365
2007-02-27,4673.84556
2007-02-28,4574.96676
2007-03-01,4532.966944
2007-03-02,4515.268485
2007-03-05,4424.392068
2007-03-06,4479.780927
2007-03-07,4509.096772
2007-03-08,4557.906595
2007-03-09,4565.55728
2007-03-12,4584.566389
2007-03-13,4546.439944
2007-03-14,4442.870459
2007-03-15,4515.37211
2007-03-16,4522.113897
2007-03-19,4574.992509
2007-03-20,4609.737029
2007-03-21,4629.18282
2007-03-22,4705.94942
2007-03-23,4714.302462
2007-03-26,4700.171009
2007-03-27,4692.609249
2007-03-28,4679.893175
2007-03-29,4698.051343
2007-03-30,4692.192345
2007-04-02,4703.893395
2007-04-03,4748.03567
2007-04-04,4777.845331
2007-04-05,4790.740195
2007-04-06,4788.415456
2007-04-09,4778.035823
2007-04-10,4821.651266
2007-04-11,4818.785354
2007-04-12,4820.769356
2007-04-13,4833.608152
2007-04-16,4894.30903
2007-04-17,4901.949858
2007-04-18,4909.832769
2007-04-19,4880.823136
2007-04-20,4921.517505
2007-04-23,4911.914888
2007-04-24,4894.834825
2007-04-25,4919.576842
2007-04-26,4911.09413
2007-04-27,4903.699703
2007-04-30,4905.7744
2007-05-01,4881.708532
2007-05-02,4911.563913
2007-05-03,4918.022826
2007-05-04,4956.697235
2007-05-07,4993.988995
2007-05-08,4944.089063
2007-05-09,4968.562319
2007-05-10,4926.291088
2007-05-11,4938.34963
2007-05-14,4944.467858
2007-05-15,4959.984792
2007-05-16,4945.923226
2007-05-17,4935.714249
2007-05-18,4961.834921
2007-05-21,4961.952345
2007-05-22,4973.299577
2007-05-23,5013.556904
2007-05-24,4967.725032
2007-05-25,4958.302981
2007-05-28,4969.186707
2007-05-29,4987.141547
2007-05-30,4966.770909
2007-05-31,5014.617975
2007-06-01,5047.80975
2007-06-04,5067.437868
2007-06-05,5059.90127
2007-06-06,5003.924266
2007-06-07,4950.07193
2007-06-08,4905.233916
2007-06-11,4933.344501
2007-06-12,4902.240373
2007-06-13,4902.654965
2007-06-14,4961.402023
2007-06-15,5027.369178
2007-06-18,5035.153718
2007-06-19,5029.647286
2007-06-20,5041.249168
2007-06-21,5008.024321
2007-06-22,4992.735279
2007-06-25,4982.511428
2007-06-26,4963.727008
2007-06-27,4924.949958
2007-06-28,4976.111879
2007-06-29,5019.649813
2007-07-02,5057.236253
2007-07-03,5086.422405
2007-07-04,5104.822205
2007-07-05,5083.079913
2007-07-06,5109.307894
2007-07-09,5133.248114
2007-07-10,5122.756441
2007-07-11,5111.137598
2007-07-12,5152.116924
2007-07-13,5188.374026
2007-07-16,5192.013405
2007-07-17,5177.414826
2007-07-18,5140.336453
2007-07-19,5185.012066
2007-07-20,5165.755685
2007-07-23,5166.209915
2007-07-24,5120.586385
2007-07-25,5054.802424
2007-07-26,4948.379517
2007-07-27,4877.052953
2007-07-30,4883.883648
2007-07-31,4950.260627
2007-08-01,4865.831556
2007-08-02,4895.766768
2007-08-03,4877.485829
2007-08-06,4849.48884
2007-08-07,4876.715219
2007-08-08,4968.31319
2007-08-09,4892.826236
2007-08-10,4753.229625
2007-08-13,4804.568933
2007-08-14,4751.679112
2007-08-15,4679.60364
2007-08-16,4543.523841
2007-08-17,4587.286386
2007-08-20,4643.466306
2007-08-21,4671.810001
2007-08-22,4731.264635
2007-08-23,4786.206444
2007-08-24,4810.583283
2007-08-27,4824.36252
2007-08-28,4763.327535
2007-08-29,4765.034024
2007-08-30,4802.932431
2007-08-31,4878.607136
2007-09-03,4885.105506
2007-09-04,4898.579638
2007-09-05,4847.657471
2007-09-06,4873.32349
2007-09-07,4825.519928
2007-09-10,4779.210168
2007-09-11,4849.323226
2007-09-12,4875.109861
2007-09-13,4894.166317
2007-09-14,4878.728688
2007-09-17,4828.774664
2007-09-18,4851.2594
2007-09-19,5006.415286
2007-09-20,5037.948815
2007-09-21,5041.364412
2007-09-24,5050.843762
2007-09-25,5043.862469
2007-09-26,5060.933615
2007-09-27,5128.486867
2007-09-28,5155.777941
2007-10-01,5187.480069
2007-10-02,5195.214773
2007-10-03,5202.674858
2007-10-04,5197.138618
2007-10-05,5241.865477
2007-10-08,5205.854547
2007-10-09,5241.031313
2007-10-10,5265.048139
2007-10-11,5319.395124
2007-10-12,5296.31558
2007-10-15,5274.230872
2007-10-16,5204.774234
2007-10-17,5228.199261
2007-10-18,5247.479857
2007-10-19,5198.496888
2007-10-22,5101.153567
2007-10-23,5173.948708
2007-10-24,5151.714934
2007-10-25,5202.852727
2007-10-26,5280.473437
2007-10-29,5344.136038
2007-10-30,5323.186858
2007-10-31,5379.90271
2007-11-01,5327.829654
2007-11-02,5287.831992
2007-11-05,5238.163431
2007-11-06,5283.412942
2007-11-07,5290.510533
2007-11-08,5239.529257
2007-11-09,5166.315742
2007-11-12,5082.790316
2007-11-13,5108.041035
2007-11-14,5178.081444
2007-11-15,5099.0147
2007-11-16,5051.929801
2007-11-19,4976.776803
2007-11-20,5049.676985
2007-11-21,4950.113627
2007-11-22,4978.090326
2007-11-23,5025.926703
2007-11-26,5045.431867
2007-11-27,5033.11964
2007-11-28,5092.833607
2007-11-29,5146.547316
2007-11-30,5169.518658
2007-12-03,5153.30559
2007-12-04,5116.321611
2007-12-05,5150.352081
2007-12-06,5166.033674
2007-12-07,5208.699359
2007-12-10,5240.271744
2007-12-11,5228.51293
2007-12-12,5221.244313
2007-12-13,5086.095606
2007-12-14,5032.630623
2007-12-17,4924.136387
2007-12-18,4922.006915
2007-12-19,4899.913259
2007-12-20,4902.572305
2007-12-21,4971.998648
2007-12-24,4989.650109
2007-12-25,5007.977988
2007-12-26,5039.173112
2007-12-27,5055.919585
2007-12-28,5078.103754
2007-12-31,5072.341925
2008-01-01,5072.341925
2008-01-02,5071.435036
2008-01-03,5062.523468
2008-01-04,4973.06039
2008-01-07,4924.257617
2008-01-08,4943.127363
2008-01-09,4904.436051
2008-01-10,4872.326903
2008-01-11,4847.748053
2008-01-14,4887.396731
2008-01-15,4777.419836
2008-01-16,4653.618509
2008-01-17,4650.453877
2008-01-18,4608.232163
2008-01-21,4351.396196
2008-01-22,4372.932529
2008-01-23,4321.91397
2008-01-24,4535.99659
2008-01-25,4595.80081
2008-01-28,4549.358519
2008-01-29,4614.200451
2008-01-30,4582.720249
2008-01-31,4615.0125
2008-02-01,4688.609849
2008-02-04,4713.741101
2008-02-05,4557.167376
2008-02-06,4523.877477
2008-02-07,4440.714661
2008-02-08,4443.692181
2008-02-11,4417.823182
2008-02-12,4533.174362
2008-02-13,4520.872082
2008-02-14,4580.807281
2008-02-15,4539.01998
2008-02-18,4577.975139
2008-02-19,4626.950862
2008-02-20,4531.713563
2008-02-21,4610.169142
2008-02-22,4587.718646
2008-02-25,4667.835616
2008-02-26,4733.441645
2008-02-27,4805.194029
2008-02-28,4765.346035
2008-02-29,4698.646935
2008-03-03,4613.570553
2008-03-04,4574.880435
2008-03-05,4629.963236
2008-03-06,4628.761691
2008-03-07,4551.881074
2008-03-10,4492.19047
2008-03-11,4528.763556
2008-03-12,4625.396824
2008-03-13,4588.946293
2008-03-14,4547.574565
2008-03-17,4408.949461
2008-03-18,4522.667747
2008-03-19,4477.800931
2008-03-20,4409.241754
2008-03-21,4424.82196
2008-03-24,4420.918098
2008-03-25,4598.365606
2008-03-26,4630.568818
2008-03-27,4659.941263
2008-03-28,4644.781067
2008-03-31,4631.57469
2008-04-01,4671.67038
2008-04-02,4760.817266
2008-04-03,4780.216492
2008-04-04,4818.834731
2008-04-07,4849.068615
2008-04-08,4797.50392
2008-04-09,4773.569031
2008-04-10,4770.612977
2008-04-11,4746.655552
2008-04-14,4698.224994
2008-04-15,4714.838874
2008-04-16,4831.606666
2008-04-17,4810.983795
2008-04-18,4837.13727
2008-04-21,4892.547648
2008-04-22,4872.902466
2008-04-23,4869.570072
2008-04-24,4823.119001
2008-04-25,4881.167807
2008-04-28,4908.671596
2008-04-29,4878.540176
2008-04-30,4889.023672
2008-05-01,4860.24223
2008-05-02,4936.172437
2008-05-05,4950.816259
2008-05-06,4963.528298
2008-05-07,4956.332434
2008-05-08,4965.191458
2008-05-09,4911.25625
2008-05-12,4943.65064
2008-05-13,4941.778039
2008-05-14,4955.985986
2008-05-15,4998.861733
2008-05-16,5055.076817
2008-05-19,5089.151998
2008-05-20,5052.366729
2008-05-21,5032.419018
2008-05-22,5032.188444
2008-05-23,4986.399351
2008-05-26,4952.937317
2008-05-27,4932.946101
2008-05-28,4928.244844
2008-05-29,4937.403383
2008-05-30,4963.213288
2008-06-02,4947.388209
2008-06-03,4929.139132
2008-06-04,4905.60223
2008-06-05,4905.361835
2008-06-06,4901.640676
2008-06-09,4852.61565
2008-06-10,4743.464261
2008-06-11,4716.841406
2008-06-12,4668.925997
2008-06-13,4682.447422
2008-06-16,4726.594882
2008-06-17,4758.948741
2008-06-18,4726.915026
2008-06-19,4672.613369
2008-06-20,4628.836318
2008-06-23,4592.265548
2008-06-24,4586.997691
2008-06-25,4608.316026
2008-06-26,4575.684996
2008-06-27,4554.03626
2008-06-30,4577.260032
2008-07-01,4504.975801
2008-07-02,4477.169072
2008-07-03,4461.922684
2008-07-04,4426.240165
2008-07-07,4447.402407
2008-07-08,4386.890895
2008-07-09,4450.157236
2008-07-10,4410.208575
2008-07-11,4363.391082
2008-07-14,4372.413716
2008-07-15,4306.646951
2008-07-16,4298.569608
2008-07-17,4391.910234
2008-07-18,4407.841331
2008-07-21,4445.455091
2008-07-22,4448.620002
2008-07-23,4483.370092
2008-07-24,4447.433009
2008-07-25,4407.857316
2008-07-28,4387.29619
2008-07-29,4344.761539
2008-07-30,4410.807725
2008-07-31,4414.372573
2008-08-01,4346.093518
2008-08-04,4305.540576
2008-08-05,4332.533822
2008-08-06,4370.246115
2008-08-07,4336.101007
2008-08-08,4279.769689
2008-08-11,4325.128961
2008-08-12,4294.927312
2008-08-13,4209.261438
2008-08-14,4221.673916
2008-08-15,4180.913384
2008-08-18,4195.499476
2008-08-19,4103.067147
2008-08-20,4130.345729
2008-08-21,4151.755631
2008-08-22,4168.865664
2008-08-25,4166.082437
2008-08-26,4136.510677
2008-08-27,4157.180608
2008-08-28,4202.891008
2008-08-29,4243.655667
2008-09-01,4187.240365
2008-09-02,4165.641687
2008-09-03,4115.40638
2008-09-04,4010.337295
2008-09-05,3913.397518
2008-09-08,4015.608547
2008-09-09,3951.946409
2008-09-10,3922.42865
2008-09-11,3863.477739
2008-09-12,3974.076953
2008-09-15,3873.781407
2008-09-16,3754.118495
2008-09-17,3706.496228
2008-09-18,3707.127866
2008-09-19,3979.735165
2008-09-22,3999.390503
2008-09-23,3964.668511
2008-09-24,3937.444676
2008-09-25,3978.235237
2008-09-26,3903.049751
2008-09-29,3701.088598
2008-09-30,3630.963898
2008-10-01,3662.315303
2008-10-02,3550.182483
2008-10-03,3582.018239
2008-10-06,3312.003042
2008-10-07,3297.680308
2008-10-08,3110.606694
2008-10-09,3060.691476
2008-10-10,2801.032244
2008-10-13,3007.03314
2008-10-14,3187.031178
2008-10-15,3025.143779
2008-10-16,2824.058632
2008-10-17,2922.576596
2008-10-20,3021.379668
2008-10-21,3007.942313
2008-10-22,2806.785291
2008-10-23,2782.232507
2008-10-24,2637.6353
2008-10-27,2494.94846
2008-10-28,2572.881584
2008-10-29,2795.2442
2008-10-30,2890.568655
2008-10-31,2875.652117
2008-11-03,2911.382039
2008-11-04,3073.305004
2008-11-05,3088.313333
2008-11-06,2881.165162
2008-11-07,2887.002619
2008-11-10,2935.25395
2008-11-11,2786.430249
2008-11-12,2710.372946
2008-11-13,2673.344885
2008-11-14,2703.681599
2008-11-17,2646.806309
2008-11-18,2638.643239
2008-11-19,2559.14119
2008-11-20,2421.570629
2008-11-21,2416.996179
2008-11-24,2592.257042
2008-11-25,2659.673248
2008-11-26,2647.320287
2008-11-27,2696.048404
2008-11-28,2719.705856
2008-12-01,2584.335572
2008-12-02,2584.717331
2008-12-03,2599.232779
2008-12-04,2584.537866
2008-12-05,2510.928871
2008-12-08,2693.613044
2008-12-09,2713.723144
2008-12-10,2750.013325
2008-12-11,2788.956145
2008-12-12,2724.577528
2008-12-15,2796.325154
2008-12-16,2816.431565
2008-12-17,2909.241916
2008-12-18,2914.556239
2008-12-19,2828.19655
2008-12-22,2791.500277
2008-12-23,2789.222975
2008-12-24,2773.09162
2008-12-25,2780.962974
2008-12-26,2791.832314
2008-12-29,2850.862953
2008-12-30,2877.398155
2008-12-31,2863.076194
2009-01-01,2863.076194
2009-01-02,2933.306354
2009-01-05,2940.227428
2009-01-06,2943.551243
2009-01-07,2968.967215
2009-01-08,2951.224001
2009-01-09,2912.715858
2009-01-12,2853.792698
2009-01-13,2765.220718
2009-01-14,2689.474588
2009-01-15,2628.543374
2009-01-16,2685.505735
2009-01-19,2647.013562
2009-01-20,2560.084549
2009-01-21,2548.454735
2009-01-22,2540.895206
2009-01-23,2494.611844
2009-01-26,2582.754491
2009-01-27,2631.472277
2009-01-28,2693.901172
2009-01-29,2654.83395
2009-01-30,2595.930809
2009-02-02,2535.911936
2009-02-03,2588.361705
2009-02-04,2633.30788
2009-02-05,2621.067378
2009-02-06,2659.583481
2009-02-09,2693.719028
2009-02-10,2636.48659
2009-02-11,2609.053606
2009-02-12,2557.322323
2009-02-13,2578.915371
2009-02-16,2542.247003
2009-02-17,2447.23138
2009-02-18,2418.537518
2009-02-19,2440.093475
2009-02-20,2359.964477
2009-02-23,2349.448462
2009-02-24,2320.37305
2009-02-25,2321.57579
2009-02-26,2358.881958
2009-02-27,2333.140143
2009-03-02,2213.436267
2009-03-03,2173.797571
2009-03-04,2227.400843
2009-03-05,2186.562091
2009-03-06,2165.23046
2009-03-09,2131.835076
2009-03-10,2223.263631
2009-03-11,2254.691347
2009-03-12,2253.1345
2009-03-13,2303.533014
2009-03-16,2368.705727
2009-03-17,2375.712587
2009-03-18,2389.715223
2009-03-19,2508.239396
2009-03-20,2475.156637
2009-03-23,2555.974164
2009-03-24,2569.970084
2009-03-25,2581.05064
2009-03-26,2600.886585
2009-03-27,2551.267484
2009-03-30,2440.980249
2009-03-31,2486.883673
2009-04-01,2523.316127
2009-04-02,2667.749645
2009-04-03,2654.071676
2009-04-06,2636.990268
2009-04-07,2603.330928
2009-04-08,2590.684602
2009-04-09,2653.775491
2009-04-10,2657.447122
2009-04-13,2679.064935
2009-04-14,2704.572991
2009-04-15,2682.773403
2009-04-16,2715.377271
2009-04-17,2737.035916
2009-04-20,2655.005813
2009-04-21,2645.149549
2009-04-22,2673.51262
2009-04-23,2691.512598
2009-04-24,2759.702711
2009-04-27,2750.856456
2009-04-28,2695.52827
2009-04-29,2761.043928
2009-04-30,2807.588598
2009-05-01,2812.845151
2009-05-04,2879.787002
2009-05-05,2898.368152
2009-05-06,2929.500517
2009-05-07,2965.457321
2009-05-08,3019.291577
2009-05-11,3019.104555
2009-05-12,3012.220952
2009-05-13,2955.193133
2009-05-14,2934.460342
2009-05-15,2965.929359
2009-05-18,2978.841568
2009-05-19,3055.577669
2009-05-20,3107.635366
2009-05-21,3056.735893
2009-05-22,3083.808952
2009-05-25,3092.798723
2009-05-26,3116.813395
2009-05-27,3132.746798
2009-05-28,3107.237975
2009-05-29,3162.653686
2009-06-01,3240.301087
2009-06-02,3270.058443
2009-06-03,3208.002172
2009-06-04,3193.524871
2009-06-05,3177.486011
2009-06-08,3136.666313
2009-06-09,3171.158964
2009-06-10,3212.008713
2009-06-11,3252.066492
2009-06-12,3233.639973
2009-06-15,3141.956955
2009-06-16,3127.153431
2009-06-17,3083.710256
2009-06-18,3098.541521
2009-06-19,3128.940005
2009-06-22,3058.382654
2009-06-23,3046.478187
2009-06-24,3107.193799
2009-06-25,3087.333592
2009-06-26,3129.746553
2009-06-29,3148.498284
2009-06-30,3129.903417
2009-07-01,3174.00195
2009-07-02,3100.874064
2009-07-03,3095.370927
2009-07-06,3053.006304
2009-07-07,3041.025049
2009-07-08,2989.994131
2009-07-09,3014.148849
2009-07-10,2992.797894
2009-07-13,3008.513929
2009-07-14,3061.451531
2009-07-15,3143.266665
2009-07-16,3169.004479
2009-07-17,3182.007961
2009-07-20,3230.645622
2009-07-21,3275.414105
2009-07-22,3279.968622
2009-07-23,3330.974478
2009-07-24,3337.076762
2009-07-27,3359.169768
2009-07-28,3342.183512
2009-07-29,3328.500272
2009-07-30,3388.593771
2009-07-31,3423.794089
2009-08-03,3505.659489
2009-08-04,3504.416757
2009-08-05,3483.4228
2009-08-06,3486.255688
2009-08-07,3469.071622
2009-08-10,3460.730758
2009-08-11,3433.363544
2009-08-12,3456.12725
2009-08-13,3512.296648
2009-08-14,3496.06208
2009-08-17,3387.523115
2009-08-18,3423.755172
2009-08-19,3437.725609
2009-08-20,3482.543685
2009-08-21,3533.898406
2009-08-24,3581.868258
2009-08-25,3593.410696
2009-08-26,3568.450193
2009-08-27,3554.326595
2009-08-28,3613.320453
2009-08-31,3587.880623
2009-09-01,3538.4866
2009-09-02,3501.05696
2009-09-03,3506.199728
2009-09-04,3534.571482
2009-09-07,3597.127389
2009-09-08,3651.36965
2009-09-09,3675.155982
2009-09-10,3694.718487
2009-09-11,3726.332355
2009-09-14,3699.967564
2009-09-15,3699.235626
2009-09-16,3764.102615
2009-09-17,3800.167926
2009-09-18,3774.165054
2009-09-21,3731.374524
2009-09-22,3787.661052
2009-09-23,3788.983309
2009-09-24,3727.833812
2009-09-25,3704.343508
2009-09-28,3721.877006
2009-09-29,3715.963621
2009-09-30,3735.9108
2009-10-01,3665.104857
2009-10-02,3597.470029
2009-10-05,3615.907034
2009-10-06,3710.325004
2009-10-07,3709.614239
2009-10-08,3775.308597
2009-10-09,3770.604224
2009-10-12,3794.246064
2009-10-13,3780.105431
2009-10-14,3849.825911
2009-10-15,3861.334921
2009-10-16,3823.230788
2009-10-19,3881.162146
2009-10-20,3874.433429
2009-10-21,3889.653216
2009-10-22,3853.768941
2009-10-23,3832.385458
2009-10-26,3787.477585
2009-10-27,3746.579131
2009-10-28,3673.178164
2009-10-29,3718.002662
2009-10-30,3675.937767
2009-11-02,3674.111194
2009-11-03,3630.918718
2009-11-04,3699.449539
2009-11-05,3718.00015
2009-11-06,3734.567142
2009-11-09,3820.976215
2009-11-10,3815.711379
2009-11-11,3833.983711
2009-11-12,3808.946365
2009-11-13,3826.484231
2009-11-16,3884.776485
2009-11-17,3844.261958
2009-11-18,3861.308902
2009-11-19,3785.485991
2009-11-20,3757.790919
2009-11-23,3839.641177
2009-11-24,3805.212289
2009-11-25,3855.550522
2009-11-26,3755.497495
2009-11-27,3751.239812
2009-11-30,3766.889827
2009-12-01,3869.10115
2009-12-02,3880.022104
2009-12-03,3889.307958
2009-12-04,3860.453989
2009-12-07,3845.834997
2009-12-08,3794.252806
2009-12-09,3766.111416
2009-12-10,3777.533543
2009-12-11,3774.904613
2009-12-14,3808.294295
2009-12-15,3782.758549
2009-12-16,3827.446577
2009-12-17,3740.198929
2009-12-18,3711.357615
2009-12-21,3749.035145
2009-12-22,3758.791956
2009-12-23,3794.13957
2009-12-24,3812.397197
2009-12-25,3808.560428
2009-12-28,3835.455825
2009-12-29,3851.175212
2009-12-30,3808.488003
2009-12-31,3826.938054
2010-01-01,3826.938054
2010-01-04,3901.585787
2010-01-05,3912.370319
2010-01-06,3913.30875
2010-01-07,3895.825242
2010-01-08,3918.54652
2010-01-11,3969.329445
2010-01-12,3954.450324
2010-01-13,3938.0592
2010-01-14,3969.875038
2010-01-15,3931.324493
2010-01-18,3947.538974
2010-01-19,3934.168968
2010-01-20,3852.939151
2010-01-21,3807.813924
2010-01-22,3779.194655
2010-01-25,3757.959441
2010-01-26,3737.840577
2010-01-27,3701.935163
2010-01-28,3668.855859
2010-01-29,3647.552609
2010-02-01,3660.714152
2010-02-02,3714.647166
2010-02-03,3696.667031
2010-02-04,3599.852931
2010-02-05,3522.142269
2010-02-08,3533.019915
2010-02-09,3543.951874
2010-02-10,3555.106836
2010-02-11,3563.956701
2010-02-12,3566.510594
2010-02-15,3567.653034
2010-02-16,3616.621159
2010-02-17,3658.217569
2010-02-18,3668.050832
2010-02-19,3632.361734
2010-02-22,3670.837223
2010-02-23,3643.121527
2010-02-24,3640.810748
2010-02-25,3589.497365
2010-02-26,3643.897187
2010-03-01,3654.160288
2010-03-02,3701.811519
2010-03-03,3752.302771
2010-03-04,3729.854184
2010-03-05,3774.062102
2010-03-08,3801.129569
2010-03-09,3791.014848
2010-03-10,3814.44334
2010-03-11,3815.106846
2010-03-12,3845.185546
2010-03-15,3810.780457
2010-03-16,3855.756833
2010-03-17,3891.177242
2010-03-18,3857.456053
2010-03-19,3839.806624
2010-03-22,3837.562874
2010-03-23,3857.424888
2010-03-24,3811.498456
2010-03-25,3829.013071
2010-03-26,3837.391323
2010-03-29,3867.774376
2010-03-30,3870.095813
2010-03-31,3878.467248
2010-04-01,3925.195006
2010-04-02,3929.11202
2010-04-05,3927.109439
2010-04-06,3925.973649
2010-04-07,3918.204037
2010-04-08,3893.138912
2010-04-09,3943.871906
2010-04-12,3976.042931
2010-04-13,3952.384149
2010-04-14,3994.501602
2010-04-15,4007.767693
2010-04-16,3945.5812
2010-04-19,3901.19825
2010-04-20,3935.990362
2010-04-21,3924.335827
2010-04-22,3873.120026
2010-04-23,3887.874893
2010-04-26,3925.663174
2010-04-27,3850.47389
2010-04-28,3774.964486
2010-04-29,3816.460567
2010-04-30,3820.638233
2010-05-03,3797.291852
2010-05-04,3695.00772
2010-05-05,3638.187005
2010-05-06,3553.668084
2010-05-07,3447.77947
2010-05-10,3637.07894
2010-05-11,3595.575917
2010-05-12,3631.737973
2010-05-13,3638.212317
2010-05-14,3525.70906
2010-05-17,3472.911678
2010-05-18,3498.780638
2010-05-19,3415.701829
2010-05-20,3351.9454
2010-05-21,3364.502922
2010-05-24,3349.197918
2010-05-25,3249.153632
2010-05-26,3297.903437
2010-05-27,3386.627993
2010-05-28,3401.951044
2010-05-31,3399.031725
2010-06-01,3395.53662
2010-06-02,3370.992825
2010-06-03,3429.577907
2010-06-04,3355.492207
2010-06-07,3282.228511
2010-06-08,3273.993324
2010-06-09,3324.366969
2010-06-10,3383.888498
2010-06-11,3401.241652
2010-06-14,3474.829619
2010-06-15,3502.42659
2010-06-16,3522.92112
2010-06-17,3529.30842
2010-06-18,3539.918176
2010-06-21,3587.492324
2010-06-22,3547.76078
2010-06-23,3498.593256
2010-06-24,3472.693067
2010-06-25,3444.741728
2010-06-28,3472.026955
2010-06-29,3359.898269
2010-06-30,3349.860631
2010-07-01,3326.909014
2010-07-02,3345.377875
2010-07-05,3327.100959
2010-07-06,3423.983759
2010-07-07,3449.585733
2010-07-08,3501.326636
2010-07-09,3519.310552
2010-07-12,3517.045404
2010-07-13,3575.727422
2010-07-14,3601.984767
2010-07-15,3598.500383
2010-07-16,3550.540052
2010-07-19,3526.439413
2010-07-20,3513.488661
2010-07-21,3525.50414
2010-07-22,3588.037011
2010-07-23,3606.532709
2010-07-26,3645.286765
2010-07-27,3657.546437
2010-07-28,3673.153772
2010-07-29,3682.684602
2010-07-30,3659.472442
2010-08-02,3757.365539
2010-08-03,3780.015661
2010-08-04,3755.666179
2010-08-05,3763.228343
2010-08-06,3771.021314
2010-08-09,3789.583572
2010-08-10,3730.434658
2010-08-11,3624.461476
2010-08-12,3599.395089
2010-08-13,3597.150625
2010-08-16,3614.342135
2010-08-17,3652.571985
2010-08-18,3653.635083
2010-08-19,3630.638684
2010-08-20,3558.965565
2010-08-23,3569.911787
2010-08-24,3529.409317
2010-08-25,3484.970194
2010-08-26,3533.616042
2010-08-27,3554.831401
2010-08-30,3568.962617
2010-08-31,3550.09175
2010-09-01,3648.235352
2010-09-02,3665.167252
2010-09-03,3698.331592
2010-09-06,3729.350923
2010-09-07,3689.695166
2010-09-08,3699.828851
2010-09-09,3735.361502
2010-09-10,3732.789841
2010-09-13,3792.346615
2010-09-14,3817.838511
2010-09-15,3811.816116
2010-09-16,3799.026601
2010-09-17,3789.208181
2010-09-20,3834.113541
2010-09-21,3830.287228
2010-09-22,3854.272189
2010-09-23,3836.899086
2010-09-24,3887.455322
2010-09-27,3892.421818
2010-09-28,3902.450683
2010-09-29,3909.642461
2010-09-30,3890.64109
2010-10-01,3906.577515
2010-10-04,3879.433193
2010-10-05,3955.823457
2010-10-06,4000.390913
2010-10-07,4012.541875
2010-10-08,4011.296703
2010-10-11,4014.881849
2010-10-12,3983.579654
2010-10-13,4048.473486
2010-10-14,4088.138655
2010-10-15,4062.637834
2010-10-18,4065.090061
2010-10-19,4004.36246
2010-10-20,4048.248835
2010-10-21,4061.097148
2010-10-22,4039.517203
2010-10-25,4073.689371
2010-10-26,4034.294274
2010-10-27,3980.066247
2010-10-28,4023.319791
2010-10-29,4029.241776
2010-11-01,4032.426704
2010-11-02,4071.267474
2010-11-03,4058.756943
2010-11-04,4174.59937
2010-11-05,4168.584188
2010-11-08,4155.842769
2010-11-09,4169.647889
2010-11-10,4098.915351
2010-11-11,4100.350707
2010-11-12,4073.443382
2010-11-15,4071.291748
2010-11-16,3988.016754
2010-11-17,4000.425307
2010-11-18,4067.898008
2010-11-19,4064.77878
2010-11-22,4044.794735
2010-11-23,3966.931475
2010-11-24,3982.169431
2010-11-25,3993.859617
2010-11-26,3936.909447
2010-11-29,3881.484841
2010-11-30,3858.605524
2010-12-01,3925.650822
2010-12-02,4009.834865
2010-12-03,4061.278984
2010-12-06,4050.240889
2010-12-07,4078.019746
2010-12-08,4047.649974
2010-12-09,4063.390595
2010-12-10,4073.743752
2010-12-13,4130.305431
2010-12-14,4141.539306
2010-12-15,4110.639541
2010-12-16,4088.374812
2010-12-17,4069.352979
2010-12-20,4071.750864
2010-12-21,4121.610933
2010-12-22,4124.363125
2010-12-23,4129.420859
2010-12-24,4135.424868
2010-12-27,4124.090742
2010-12-28,4138.746771
2010-12-29,4156.310654
2010-12-30,4146.687027
2010-12-31,4169.306471
2011-01-03,4174.78352
2011-01-04,4189.487247
2011-01-05,4143.331638
2011-01-06,4142.171798
2011-01-07,4134.321187
2011-01-10,4102.2443
2011-01-11,4128.615853
2011-01-12,4196.528125
2011-01-13,4247.148365
2011-01-14,4240.585766
2011-01-17,4230.908153
2011-01-18,4280.13879
2011-01-19,4276.490826
2011-01-20,4194.712232
2011-01-21,4233.447138
2011-01-24,4271.315891
2011-01-25,4261.571102
2011-01-26,4290.842175
2011-01-27,4300.118426
2011-01-28,4252.174478
2011-01-31,4259.121297
2011-02-01,4332.86498
2011-02-02,4360.85062
2011-02-03,4333.429146
2011-02-04,4333.121842
2011-02-07,4356.973075
2011-02-08,4390.211802
2011-02-09,4371.939749
2011-02-10,4339.570499
2011-02-11,4335.973796
2011-02-14,4350.188525
2011-02-15,4361.605142
2011-02-16,4384.317876
2011-02-17,4419.931335
2011-02-18,4431.306512
2011-02-21,4402.538273
2011-02-22,4364.009184
2011-02-23,4338.99047
2011-02-24,4326.285193
2011-02-25,4372.102439
2011-02-28,4417.047476
2011-03-01,4415.243339
2011-03-02,4390.522124
2011-03-03,4409.725467
2011-03-04,4418.190841
2011-03-07,4393.159985
2011-03-08,4371.041929
2011-03-09,4369.640986
2011-03-10,4282.938027
2011-03-11,4264.059418
2011-03-14,4200.125449
2011-03-15,4057.184601
2011-03-16,4061.365826
2011-03-17,4134.125747
2011-03-18,4164.516291
2011-03-21,4234.013064
2011-03-22,4272.007597
2011-03-23,4264.261642
2011-03-24,4305.062587
2011-03-25,4302.879357
2011-03-28,4287.616383
2011-03-29,4279.64039
2011-03-30,4328.854494
2011-03-31,4328.562951
2011-04-01,4348.839749
2011-04-04,4375.230988
2011-04-05,4363.032691
2011-04-06,4388.308793
2011-04-07,4371.757102
2011-04-08,4429.164911
2011-04-11,4423.311021
2011-04-12,4361.829944
2011-04-13,4391.340057
2011-04-14,4377.851211
2011-04-15,4370.671305
2011-04-18,4283.635262
2011-04-19,4308.924664
2011-04-20,4417.871261
2011-04-21,4466.389733
2011-04-22,4466.868917
2011-04-25,4451.253254
2011-04-26,4472.788112
2011-04-27,4476.89464
2011-04-28,4549.22922
2011-04-29,4564.303592
2011-05-02,4593.754497
2011-05-03,4554.684664
2011-05-04,4511.989106
2011-05-05,4449.937276
2011-05-06,4460.346355
2011-05-09,4405.447909
2011-05-10,4452.071288
2011-05-11,4444.933031
2011-05-12,4385.059933
2011-05-13,4370.225982
2011-05-16,4357.773222
2011-05-17,4312.782442
2011-05-18,4357.168711
2011-05-19,4372.221979
2011-05-20,4347.159332
2011-05-23,4253.479219
2011-05-24,4270.928867
2011-05-25,4285.599136
2011-05-26,4311.837265
2011-05-27,4368.638913
2011-05-30,4367.802794
2011-05-31,4428.997738
2011-06-01,4406.721738
2011-06-02,4346.046398
2011-06-03,4353.688876
2011-06-06,4333.021328
2011-06-07,4350.14613
2011-06-08,4302.939977
2011-06-09,4312.533622
2011-06-10,4245.811376
2011-06-13,4244.976992
2011-06-14,4305.522747
2011-06-15,4236.462933
2011-06-16,4164.449879
2011-06-17,4198.888008
2011-06-20,4183.581457
2011-06-21,4257.507325
2011-06-22,4269.101448
2011-06-23,4162.900238
2011-06-24,4171.572122
2011-06-27,4175.507526
2011-06-28,4217.191474
2011-06-29,4296.443105
2011-06-30,4365.919338
2011-07-01,4386.579228
2011-07-04,4415.185711
2011-07-05,4404.86572
2011-07-06,4374.897598
2011-07-07,4397.474008
2011-07-08,4367.144901
2011-07-11,4263.294378
2011-07-12,4233.488666
2011-07-13,4304.981495
2011-07-14,4272.969147
2011-07-15,4262.196275
2011-07-18,4193.34075
2011-07-19,4250.510418
2011-07-20,4302.44915
2011-07-21,4372.717126
2011-07-22,4400.096612
2011-07-25,4375.011428
2011-07-26,4401.214076
2011-07-27,4338.658073
2011-07-28,4310.688809
2011-07-29,4293.899745
2011-08-01,4254.086408
2011-08-02,4181.624455
2011-08-03,4120.280709
2011-08-04,3965.598514
2011-08-05,3877.938858
2011-08-08,3741.820738
2011-08-09,3776.017471
2011-08-10,3715.90471
2011-08-11,3782.940492
2011-08-12,3855.310902
2011-08-15,3928.492766
2011-08-16,3913.8152
2011-08-17,3937.632407
2011-08-18,3770.223235
2011-08-19,3721.536108
2011-08-22,3719.323865
2011-08-23,3766.43179
2011-08-24,3788.082163
2011-08-25,3758.113158
2011-08-26,3753.824757
2011-08-29,3827.311939
2011-08-30,3851.640898
2011-08-31,3930.880081
2011-09-01,3925.48549
2011-09-02,3842.931317
2011-09-05,3703.191626
2011-09-06,3654.80923
2011-09-07,3752.016641
2011-09-08,3767.935139
2011-09-09,3642.971254
2011-09-12,3539.939857
2011-09-13,3582.934167
2011-09-14,3599.164395
2011-09-15,3692.938224
2011-09-16,3714.383497
2011-09-19,3626.177439
2011-09-20,3669.494226
2011-09-21,3621.915154
2011-09-22,3432.996352
2011-09-23,3447.193474
2011-09-26,3459.126873
2011-09-27,3617.940291
2011-09-28,3589.38002
2011-09-29,3609.237845
2011-09-30,3536.129726
2011-10-03,3452.186808
2011-10-04,3369.632444
2011-10-05,3445.05759
2011-10-06,3556.317416
2011-10-07,3602.627167
2011-10-10,3673.325499
2011-10-11,3689.107249
2011-10-12,3759.224349
2011-10-13,3726.651117
2011-10-14,3770.28299
2011-10-17,3753.156973
2011-10-18,3711.327523
2011-10-19,3745.558054
2011-10-20,3676.294
2011-10-21,3780.219745
2011-10-24,3840.423028
2011-10-25,3817.388669
2011-10-26,3806.55749
2011-10-27,3998.467805
2011-10-28,4018.674794
2011-10-31,3880.030416
2011-11-01,3715.849757
2011-11-02,3749.793087
2011-11-03,3788.711226
2011-11-04,3787.712325
2011-11-07,3777.576706
2011-11-08,3800.373894
2011-11-09,3723.89607
2011-11-10,3682.388854
2011-11-11,3777.304916
2011-11-14,3744.437508
2011-11-15,3702.79662
2011-11-16,3692.126812
2011-11-17,3654.172666
2011-11-18,3622.860729
2011-11-21,3523.046592
2011-11-22,3514.618207
2011-11-23,3441.500673
2011-11-24,3421.578998
2011-11-25,3418.296486
2011-11-28,3534.421735
2011-11-29,3573.997236
2011-11-30,3700.723659
2011-12-01,3707.150901
2011-12-02,3728.190019
2011-12-05,3763.626262
2011-12-06,3723.125916
2011-12-07,3739.968705
2011-12-08,3678.89804
2011-12-09,3694.53762
2011-12-12,3635.218829
2011-12-13,3609.146972
2011-12-14,3522.543243
2011-12-15,3534.413738
2011-12-16,3543.888785
2011-12-19,3518.224696
2011-12-20,3588.798467
2011-12-21,3583.018336
2011-12-22,3610.612508
2011-12-23,3631.735184
2011-12-26,3635.729726
2011-12-27,3639.923507
2011-12-28,3591.118417
2011-12-29,3610.706447
2011-12-30,3660.342317
2012-01-02,3683.098596
2012-01-03,3751.662636
2012-01-04,3734.419841
2012-01-05,3677.776355
2012-01-06,3652.360583
2012-01-09,3648.101961
2012-01-10,3709.29459
2012-01-11,3685.964409
2012-01-12,3695.299346
2012-01-13,3674.564386
2012-01-16,3684.236414
2012-01-17,3729.334039
2012-01-18,3751.454734
2012-01-19,3801.213354
2012-01-20,3816.359744
2012-01-23,3860.2676
2012-01-24,3827.853585
2012-01-25,3831.703195
2012-01-26,3903.655929
2012-01-27,3879.553687
2012-01-30,3843.371604
2012-01-31,3857.96519
2012-02-01,3927.42998
2012-02-02,3937.028669
2012-02-03,3964.5352
2012-02-06,3963.746787
2012-02-07,3987.010563
2012-02-08,3997.271702
2012-02-09,4009.470907
2012-02-10,3945.259824
2012-02-13,3978.380679
2012-02-14,3947.320397
2012-02-15,3977.395608
2012-02-16,3964.604945
2012-02-17,4007.588005
2012-02-20,4063.497371
2012-02-21,4050.111535
2012-02-22,4027.73664
2012-02-23,4043.205257
2012-02-24,4076.603432
2012-02-27,4058.143919
2012-02-28,4075.860314
2012-02-29,4070.070514
2012-03-01,4079.68666
2012-03-02,4054.868431
2012-03-05,4031.374657
2012-03-06,3926.884082
2012-03-07,3932.177556
2012-03-08,4017.89201
2012-03-09,4012.237519
2012-03-12,3998.25202
2012-03-13,4042.544454
2012-03-14,4031.407832
2012-03-15,4061.711827
2012-03-16,4099.045053
2012-03-19,4112.796849
2012-03-20,4069.220117
2012-03-21,4049.123868
2012-03-22,4029.613418
2012-03-23,4041.045497
2012-03-26,4078.112454
2012-03-27,4085.004133
2012-03-28,4052.862797
2012-03-29,4013.533629
2012-03-30,4039.946486
2012-04-02,4086.958343
2012-04-03,4056.278562
2012-04-04,3939.735896
2012-04-05,3931.977194
2012-04-06,3925.020665
2012-04-09,3917.582611
2012-04-10,3859.003148
2012-04-11,3873.665588
2012-04-12,3928.292581
2012-04-13,3879.958457
2012-04-16,3875.028746
2012-04-17,3939.299411
2012-04-18,3936.525341
2012-04-19,3922.39556
2012-04-20,3944.430141
2012-04-23,3869.625539
2012-04-24,3904.479923
2012-04-25,3934.200485
2012-04-26,3956.515132
2012-04-27,3982.107828
2012-04-30,3971.376903
2012-05-01,3966.323953
2012-05-02,3942.117667
2012-05-03,3933.696501
2012-05-04,3881.220245
2012-05-07,3853.513274
2012-05-08,3804.717622
2012-05-09,3773.076742
2012-05-10,3792.198775
2012-05-11,3790.08938
2012-05-14,3721.407668
2012-05-15,3678.796403
2012-05-16,3637.85837
2012-05-17,3619.104621
2012-05-18,3566.743693
2012-05-21,3584.460839
2012-05-22,3638.963947
2012-05-23,3548.704946
2012-05-24,3570.648637
2012-05-25,3561.138018
2012-05-28,3571.663791
2012-05-29,3599.857107
2012-05-30,3531.29007
2012-05-31,3518.622428
2012-06-01,3463.09715
2012-06-04,3452.122488
2012-06-05,3473.29149
2012-06-06,3546.264793
2012-06-07,3596.087824
2012-06-08,3549.450877
2012-06-11,3574.205249
2012-06-12,3576.342349
2012-06-13,3596.800217
2012-06-14,3590.243232
2012-06-15,3628.248601
2012-06-18,3642.296273
2012-06-19,3700.083117
2012-06-20,3724.678559
2012-06-21,3674.455355
2012-06-22,3635.686293
2012-06-25,3590.217051
2012-06-26,3583.555913
2012-06-27,3622.22771
2012-06-28,3620.960709
2012-06-29,3749.174436
2012-07-02,3769.430985
2012-07-03,3812.57985
2012-07-04,3804.852937
2012-07-05,3773.145306
2012-07-06,3729.433455
2012-07-09,3702.786911
2012-07-10,3704.025375
2012-07-11,3705.712664
2012-07-12,3651.907649
2012-07-13,3701.1766
2012-07-16,3710.445648
2012-07-17,3702.602129
2012-07-18,3739.076173
2012-07-19,3784.4635
2012-07-20,3720.5912
2012-07-23,3632.548339
2012-07-24,3612.209354
2012-07-25,3605.858952
2012-07-26,3706.945237
2012-07-27,3769.047068
2012-07-30,3797.507301
2012-07-31,3795.857036
2012-08-01,3793.898088
2012-08-02,3739.671791
2012-08-03,3818.926092
2012-08-06,3862.633678
2012-08-07,3895.140136
2012-08-08,3894.129557
2012-08-09,3903.384505
2012-08-10,3896.664364
2012-08-13,3889.466078
2012-08-14,3898.163333
2012-08-15,3889.111247
2012-08-16,3927.943748
2012-08-17,3936.728614
2012-08-20,3935.387353
2012-08-21,3976.209722
2012-08-22,3938.338205
2012-08-23,3957.91557
2012-08-24,3933.000559
2012-08-27,3940.71796
2012-08-28,3928.526161
2012-08-29,3918.374085
2012-08-30,3879.682128
2012-08-31,3904.15756
2012-09-03,3915.428298
2012-09-04,3879.439835
2012-09-05,3875.61466
2012-09-06,3944.517806
2012-09-07,4021.225953
2012-09-10,4012.527065
2012-09-11,4034.515741
2012-09-12,4058.034293
2012-09-13,4067.960959
2012-09-14,4167.940661
2012-09-17,4149.61376
2012-09-18,4122.090125
2012-09-19,4145.396571
2012-09-20,4102.956244
2012-09-21,4126.584656
2012-09-24,4097.253623
2012-09-25,4118.339363
2012-09-26,4034.110686
2012-09-27,4060.26078
2012-09-28,4022.693949
2012-10-01,4060.183174
2012-10-02,4059.842173
2012-10-03,4039.192615
2012-10-04,4072.729949
2012-10-05,4112.033097
2012-10-08,4073.386486
2012-10-09,4034.491158
2012-10-10,4008.742353
2012-10-11,4031.402792
2012-10-12,4026.751649
2012-10-15,4034.703099
2012-10-16,4097.201914
2012-10-17,4146.753719
2012-10-18,4156.771516
2012-10-19,4120.309961
2012-10-22,4109.271401
2012-10-23,4037.132298
2012-10-24,4043.54576
2012-10-25,4057.020852
2012-10-26,4044.366189
2012-10-29,4022.623149
2012-10-30,4057.655904
2012-10-31,4050.883634
2012-11-01,4076.704287
2012-11-02,4071.544513
2012-11-05,4046.118096
2012-11-06,4063.253866
2012-11-07,4025.592763
2012-11-08,3999.791151
2012-11-09,3988.972571
2012-11-12,3977.240421
2012-11-13,3979.464873
2012-11-14,3945.548296
2012-11-15,3931.926019
2012-11-16,3905.408537
2012-11-19,4001.637382
2012-11-20,4001.28147
2012-11-21,4011.825557
2012-11-22,4053.223745
2012-11-23,4090.093409
2012-11-26,4084.665926
2012-11-27,4086.114076
2012-11-28,4080.354652
2012-11-29,4132.456295
2012-11-30,4136.089093
2012-12-03,4150.482118
2012-12-04,4156.761426
2012-12-05,4158.287426
2012-12-06,4167.714891
2012-12-07,4164.953913
2012-12-10,4171.357196
2012-12-11,4195.02231
2012-12-12,4210.394789
2012-12-13,4209.492496
2012-12-14,4214.451411
2012-12-17,4225.829057
2012-12-18,4256.446647
2012-12-19,4297.299711
2012-12-20,4291.429108
2012-12-21,4264.110895
2012-12-24,4257.423372
2012-12-25,4262.139858
2012-12-26,4265.926932
2012-12-27,4273.76458
2012-12-28,4261.251695
2012-12-31,4261.070031
2013-01-01,4261.421489
2013-01-02,4335.901408
2013-01-03,4324.993768
2013-01-04,4339.090563
2013-01-07,4332.727089
2013-01-08,4316.378998
2013-01-09,4334.320584
2013-01-10,4374.927664
2013-01-11,4397.576081
2013-01-14,4390.390588
2013-01-15,4402.04715
2013-01-16,4377.204499
2013-01-17,4398.093782
2013-01-18,4394.852643
2013-01-21,4404.721298
2013-01-22,4409.562807
2013-01-23,4399.103541
2013-01-24,4419.35104
2013-01-25,4453.909107
2013-01-28,4446.169378
2013-01-29,4474.652851
2013-01-30,4485.786376
2013-01-31,4470.669761
2013-02-01,4497.800082
2013-02-04,4440.61877
2013-02-05,4425.981395
2013-02-06,4444.675067
2013-02-07,4411.372151
2013-02-08,4439.344011
2013-02-11,4411.165822
2013-02-12,4458.616791
2013-02-13,4457.769758
2013-02-14,4439.598344
2013-02-15,4414.15903
2013-02-18,4425.720695
2013-02-19,4466.766935
2013-02-20,4465.837589
2013-02-21,4378.619357
2013-02-22,4401.31289
2013-02-25,4419.188768
2013-02-26,4356.24532
2013-02-27,4383.415409
2013-02-28,4426.115035
2013-03-01,4392.383813
2013-03-04,4391.906282
2013-03-05,4446.595455
2013-03-06,4455.653489
2013-03-07,4464.67704
2013-03-08,4467.93439
2013-03-11,4493.19299
2013-03-12,4495.046921
2013-03-13,4467.382098
2013-03-14,4508.037523
2013-03-15,4545.845028
2013-03-18,4484.317851
2013-03-19,4468.99198
2013-03-20,4486.772007
2013-03-21,4478.403627
2013-03-22,4480.639693
2013-03-25,4460.585013
2013-03-26,4460.929316
2013-03-27,4444.755541
2013-03-28,4461.860619
2013-03-29,4461.162107
2013-04-01,4441.345811
2013-04-02,4466.46389
2013-04-03,4456.086964
2013-04-04,4412.618034
2013-04-05,4413.07749
2013-04-08,4431.653957
2013-04-09,4458.396873
2013-04-10,4526.098493
2013-04-11,4577.295889
2013-04-12,4551.094131
2013-04-15,4504.441883
2013-04-16,4482.774737
2013-04-17,4435.859153
2013-04-18,4423.129044
2013-04-19,4434.805802
2013-04-22,4443.865646
2013-04-23,4503.410883
2013-04-24,4551.239913
2013-04-25,4587.732214
2013-04-26,4589.725415
2013-04-29,4626.469971
2013-04-30,4664.404027
2013-05-01,4650.158975
2013-05-02,4623.249335
2013-05-03,4655.850314
2013-05-06,4642.895982
2013-05-07,4684.753509
2013-05-08,4742.969593
2013-05-09,4711.858337
2013-05-10,4689.751014
2013-05-13,4702.507418
2013-05-14,4707.046282
2013-05-15,4714.918604
2013-05-16,4724.086091
2013-05-17,4703.24023
2013-05-20,4746.207297
2013-05-21,4752.221512
2013-05-22,4749.273198
2013-05-23,4633.596755
2013-05-24,4633.564612
2013-05-27,4612.238908
2013-05-28,4630.326755
2013-05-29,4618.849349
2013-05-30,4615.652425
2013-05-31,4559.932801
2013-06-03,4535.839419
2013-06-04,4571.044263
2013-06-05,4493.96303
2013-06-06,4474.470485
2013-06-07,4509.944517
2013-06-10,4531.413838
2013-06-11,4522.088489
2013-06-12,4530.635409
2013-06-13,4496.678573
2013-06-14,4524.101009
2013-06-17,4572.569631
2013-06-18,4571.656254
2013-06-19,4592.202128
2013-06-20,4383.138379
2013-06-21,4352.968529
2013-06-24,4281.001689
2013-06-25,4309.221559
2013-06-26,4347.374779
2013-06-27,4383.945215
2013-06-28,4389.132427
2013-07-01,4432.534315
2013-07-02,4439.770423
2013-07-03,4406.095365
2013-07-04,4457.88727
2013-07-05,4410.432778
2013-07-08,4440.054308
2013-07-09,4474.447262
2013-07-10,4505.725889
2013-07-11,4589.586267
2013-07-12,4583.46493
2013-07-15,4592.739514
2013-07-16,4611.267408
2013-07-17,4615.00382
2013-07-18,4639.554761
2013-07-19,4647.301294
2013-07-22,4683.946907
2013-07-23,4688.468045
2013-07-24,4700.179333
2013-07-25,4676.551188
2013-07-26,4662.184259
2013-07-29,4632.508094
2013-07-30,4638.003554
2013-07-31,4622.634703
2013-08-01,4666.377699
2013-08-02,4717.719307
2013-08-05,4702.623172
2013-08-06,4719.830914
2013-08-07,4683.942789
2013-08-08,4719.914247
2013-08-09,4732.554983
2013-08-12,4719.963242
2013-08-13,4727.415553
2013-08-14,4759.228613
2013-08-15,4711.543015
2013-08-16,4734.337985
2013-08-19,4717.832912
2013-08-20,4689.841169
2013-08-21,4648.365138
2013-08-22,4656.070193
2013-08-23,4705.175959
2013-08-26,4698.442512
2013-08-27,4651.0958
2013-08-28,4606.665557
2013-08-29,4601.542592
2013-08-30,4563.086918
2013-09-02,4621.482652
2013-09-03,4632.485861
2013-09-04,4659.003769
2013-09-05,4660.878965
2013-09-06,4692.224205
2013-09-09,4728.749292
2013-09-10,4777.876173
2013-09-11,4804.878156
2013-09-12,4804.955926
2013-09-13,4795.446591
2013-09-16,4852.720252
2013-09-17,4831.795706
2013-09-18,4860.309452
2013-09-19,4948.319913
2013-09-20,4922.586314
2013-09-23,4913.370567
2013-09-24,4911.073378
2013-09-25,4913.297555
2013-09-26,4918.891215
2013-09-27,4929.635662
2013-09-30,4885.536075
2013-10-01,4905.663092
2013-10-02,4893.08254
2013-10-03,4888.637335
2013-10-04,4880.409155
2013-10-07,4853.07067
2013-10-08,4835.312033
2013-10-09,4811.482041
2013-10-10,4868.503517
2013-10-11,4910.392357
2013-10-14,4923.885868
2013-10-15,4932.155845
2013-10-16,4936.191363
2013-10-17,5006.975187
2013-10-18,5046.187619
2013-10-21,5057.031085
2013-10-22,5101.020726
2013-10-23,5069.09955
2013-10-24,5092.036584
2013-10-25,5068.913812
2013-10-28,5078.390486
2013-10-29,5075.871255
2013-10-30,5089.261899
2013-10-31,5049.457962
2013-11-01,4999.682253
2013-11-04,5019.746973
2013-11-05,5006.534879
2013-11-06,5041.91913
2013-11-07,4992.767873
2013-11-08,4970.929084
2013-11-11,4997.73857
2013-11-12,4995.699822
2013-11-13,4968.669547
2013-11-14,5017.623588
2013-11-15,5051.301848
2013-11-18,5087.33391
2013-11-19,5058.34104
2013-11-20,5046.395615
2013-11-21,5031.056609
2013-11-22,5048.238284
2013-11-25,5060.54108
2013-11-26,5046.076899
2013-11-27,5050.994257
2013-11-28,5078.767478
2013-11-29,5080.401658
2013-12-02,5047.553006
2013-12-03,5011.727878
2013-12-04,4960.594321
2013-12-05,4944.965541
2013-12-06,4974.787225
2013-12-09,4997.386516
2013-12-10,4991.952575
2013-12-11,4965.004111
2013-12-12,4907.817339
2013-12-13,4899.06618
2013-12-16,4933.797172
2013-12-17,4913.245334
2013-12-18,4959.288168
2013-12-19,4996.604476
2013-12-20,5021.42093
2013-12-23,5062.721267
2013-12-24,5060.51021
2013-12-25,5061.037341
2013-12-26,5078.004314
2013-12-27,5134.423358
2013-12-30,5148.842938
2013-12-31,5156.939004
2014-01-01,5157.115105
2014-01-02,5104.40305
2014-01-03,5112.893551
2014-01-06,5095.200135
2014-01-07,5100.464139
2014-01-08,5118.521929
2014-01-09,5091.597053
2014-01-10,5136.485162
2014-01-13,5148.890564
2014-01-14,5125.858019
2014-01-15,5151.16344
2014-01-16,5153.897377
2014-01-17,5163.340255
2014-01-20,5161.955838
2014-01-21,5161.194642
2014-01-22,5171.921085
2014-01-23,5149.919383
2014-01-24,5059.454705
2014-01-27,4998.361656
2014-01-28,5004.16525
2014-01-29,5013.59667
2014-01-30,4972.552162
2014-01-31,4948.767045
2014-02-03,4903.672139
2014-02-04,4845.240423
2014-02-05,4873.722321
2014-02-06,4939.597048
2014-02-07,4991.434483
2014-02-10,5015.269673
2014-02-11,5070.188095
2014-02-12,5093.888387
2014-02-13,5095.042276
2014-02-14,5114.023983
2014-02-17,5138.441842
2014-02-18,5175.810068
2014-02-19,5180.032184
2014-02-20,5148.692449
2014-02-21,5186.034237
2014-02-24,5206.203468
2014-02-25,5222.158033
2014-02-26,5190.920389
2014-02-27,5185.694628
2014-02-28,5218.830328
2014-03-03,5129.028672
2014-03-04,5188.768171
2014-03-05,5199.895191
2014-03-06,5240.045858
2014-03-07,5205.350742
2014-03-10,5178.270207
2014-03-11,5181.086898
2014-03-12,5136.331636
2014-03-13,5115.016158
2014-03-14,5058.210637
2014-03-17,5088.286361
2014-03-18,5121.758415
2014-03-19,5110.604276
2014-03-20,5049.590095
2014-03-21,5062.898975
2014-03-24,5045.011115
2014-03-25,5086.309459
2014-03-26,5122.448785
2014-03-27,5132.841123
2014-03-28,5163.066598
2014-03-31,5195.395204
2014-04-01,5216.915439
2014-04-02,5225.731385
2014-04-03,5220.539028
2014-04-04,5242.267587
2014-04-07,5196.098129
2014-04-08,5201.662352
2014-04-09,5212.741263
2014-04-10,5213.578613
2014-04-11,5152.301757
2014-04-14,5146.111721
2014-04-15,5121.411631
2014-04-16,5181.196157
2014-04-17,5207.036349
2014-04-18,5212.437561
2014-04-21,5200.532096
2014-04-22,5239.742733
2014-04-23,5238.315411
2014-04-24,5242.516477
2014-04-25,5225.808218
2014-04-28,5222.272304
2014-04-29,5258.199307
2014-04-30,5277.40615
2014-05-01,5294.594861
2014-05-02,5294.504967
2014-05-05,5289.130049
2014-05-06,5303.520347
2014-05-07,5275.146135
2014-05-08,5306.471745
2014-05-09,5273.88593
2014-05-12,5294.774854
2014-05-13,5314.880499
2014-05-14,5327.784897
2014-05-15,5300.989007
2014-05-16,5289.118457
2014-05-19,5280.314273
2014-05-20,5269.04288
2014-05-21,5277.674543
2014-05-22,5302.707498
2014-05-23,5314.391645
2014-05-26,5351.049628
2014-05-27,5344.259211
2014-05-28,5341.989443
2014-05-29,5356.667533
2014-05-30,5358.986185
2014-06-02,5369.261133
2014-06-03,5361.61562
2014-06-04,5363.177536
2014-06-05,5375.070003
2014-06-06,5407.083426
2014-06-09,5411.691918
2014-06-10,5409.817848
2014-06-11,5405.065264
2014-06-12,5411.916663
2014-06-13,5403.234057
2014-06-16,5396.294905
2014-06-17,5394.316572
2014-06-18,5407.199581
2014-06-19,5472.461414
2014-06-20,5453.383413
2014-06-23,5446.182413
2014-06-24,5431.345554
2014-06-25,5402.908332
2014-06-26,5405.812632
2014-06-27,5417.621839
2014-06-30,5435.164951
2014-07-01,5469.73423
2014-07-02,5482.474838
2014-07-03,5496.50989
2014-07-04,5491.872894
2014-07-07,5460.003359
2014-07-08,5417.327428
2014-07-09,5417.597976
2014-07-10,5365.538839
2014-07-11,5366.879317
2014-07-14,5410.496012
2014-07-15,5386.308069
2014-07-16,5428.533245
2014-07-17,5392.930119
2014-07-18,5388.342298
2014-07-21,5375.262524
2014-07-22,5415.167316
2014-07-23,5426.328718
2014-07-24,5437.307161
2014-07-25,5414.689681
2014-07-28,5413.04963
2014-07-29,5414.325699
2014-07-30,5385.403278
2014-07-31,5338.338348
2014-08-01,5297.141674
2014-08-04,5281.583297
2014-08-05,5261.390106
2014-08-06,5229.906395
2014-08-07,5207.641363
2014-08-08,5175.326702
2014-08-11,5232.340665
2014-08-12,5228.840965
2014-08-13,5253.027903
2014-08-14,5273.210871
2014-08-15,5262.473714
2014-08-18,5297.421842
2014-08-19,5318.035566
2014-08-20,5309.464943
2014-08-21,5332.579314
2014-08-22,5304.181016
2014-08-25,5337.269453
2014-08-26,5356.735361
2014-08-27,5367.545683
2014-08-28,5335.059162
2014-08-29,5342.594369
2014-09-01,5340.470188
2014-09-02,5336.367687
2014-09-03,5376.394397
2014-09-04,5364.631731
2014-09-05,5344.98148
2014-09-08,5321.473484
2014-09-09,5289.269171
2014-09-10,5283.958167
2014-09-11,5285.596658
2014-09-12,5274.905546
2014-09-15,5265.75531
2014-09-16,5255.756855
2014-09-17,5266.891115
2014-09-18,5286.920853
2014-09-19,5274.231632
2014-09-22,5235.982664
2014-09-23,5204.555493
2014-09-24,5203.924309
2014-09-25,5169.288299
2014-09-26,5151.622411
2014-09-29,5129.139809
2014-09-30,5123.15988
2014-10-01,5078.86445
2014-10-02,5001.192031
2014-10-03,4979.539588
2014-10-06,5020.509269
2014-10-07,4992.123682
2014-10-08,4964.531795
2014-10-09,4959.55397
2014-10-10,4855.306564
2014-10-13,4871.865205
2014-10-14,4841.97291
2014-10-15,4781.805437
2014-10-16,4759.814221
2014-10-17,4824.713983
2014-10-20,4852.968804
2014-10-21,4899.874595
2014-10-22,4922.85235
2014-10-23,4932.508532
2014-10-24,4940.712561
2014-10-27,4944.523011
2014-10-28,4987.921466
2014-10-29,5012.079403
2014-10-30,4990.23522
2014-10-31,5041.697798
2014-11-03,4980.422066
2014-11-04,4997.266468
2014-11-05,5018.336078
2014-11-06,5000.172269
2014-11-07,4994.592501
2014-11-10,5027.80729
2014-11-11,5037.728859
2014-11-12,5029.496598
2014-11-13,5036.468613
2014-11-14,5040.681101
2014-11-17,5021.319668
2014-11-18,5077.972746
2014-11-19,5064.205718
2014-11-20,5055.569777
2014-11-21,5100.213323
2014-11-24,5099.773476
2014-11-25,5126.616394
2014-11-26,5143.143634
2014-11-27,5120.463315
2014-11-28,5103.688341
2014-12-01,5088.000092
2014-12-02,5087.720665
2014-12-03,5085.967955
2014-12-04,5073.201374
2014-12-05,5075.636227
2014-12-08,5045.187882
2014-12-09,5014.495722
2014-12-10,4966.211839
2014-12-11,4940.742234
2014-12-12,4883.50589
2014-12-15,4785.703732
2014-12-16,4848.560988
2014-12-17,4829.290848
2014-12-18,4902.354412
2014-12-19,4943.664663
2014-12-22,4961.339731
2014-12-23,4954.739418
2014-12-24,4970.202423
2014-12-25,4967.155503
2014-12-26,4969.323553
2014-12-29,4980.537253
2014-12-30,4941.529618
2014-12-31,4934.004669
2015-01-01,4934.061478
2015-01-02,4901.560475
2015-01-05,4795.660499
2015-01-06,4739.570375
2015-01-07,4715.128601
2015-01-08,4815.811298
2015-01-09,4800.835273
2015-01-12,4806.459477
2015-01-13,4832.967393
2015-01-14,4783.401594
2015-01-15,4826.598076
2015-01-16,4825.184506
2015-01-19,4871.946523
2015-01-20,4885.830581
2015-01-21,4915.145076
2015-01-22,4924.065207
2015-01-23,4941.047224
2015-01-26,4952.575553
2015-01-27,4993.455671
2015-01-28,4972.92554
2015-01-29,4943.083383
2015-01-30,4916.492163
2015-02-02,4948.034337
2015-02-03,4993.605773
2015-02-04,5021.522105
2015-02-05,5035.624592
2015-02-06,5010.763892
2015-02-09,4996.014324
2015-02-10,5003.052022
2015-02-11,4972.779115
2015-02-12,5043.768894
2015-02-13,5088.384973
2015-02-16,5093.509746
2015-02-17,5096.555797
2015-02-18,5127.341999
2015-02-19,5148.008249
2015-02-20,5155.211177
2015-02-23,5173.526291
2015-02-24,5188.71465
2015-02-25,5205.341924
2015-02-26,5196.695589
2015-02-27,5210.224549
2015-03-02,5193.237881
2015-03-03,5169.216348
2015-03-04,5147.636345
2015-03-05,5159.930338
2015-03-06,5109.459446
2015-03-09,5081.786999
2015-03-10,4996.097673
2015-03-11,4996.535518
2015-03-12,5036.581742
2015-03-13,5016.66836
2015-03-16,5064.948901
2015-03-17,5062.29948
2015-03-18,5099.298158
2015-03-19,5113.808623
2015-03-20,5213.944329
2015-03-23,5251.485334
2015-03-24,5255.735296
2015-03-25,5248.822878
2015-03-26,5184.928192
2015-03-27,5174.516085
2015-03-30,5177.483908
2015-03-31,5123.190761
2015-04-01,5131.584153
2015-04-02,5184.93356
2015-04-03,5191.273718
2015-04-06,5242.97501
2015-04-07,5257.270456
2015-04-08,5252.950661
2015-04-09,5259.626037
2015-04-10,5276.563114
2015-04-13,5258.142443
2015-04-14,5301.668218
2015-04-15,5293.146004
2015-04-16,5318.762921
2015-04-17,5278.087709
2015-04-20,5287.419714
2015-04-21,5316.874926
2015-04-22,5315.564617
2015-04-23,5339.050318
2015-04-24,5379.684448
2015-04-27,5421.872485
2015-04-28,5418.277152
2015-04-29,5392.146014
2015-04-30,5344.988527
2015-05-01,5333.063534
2015-05-04,5338.934942
2015-05-05,5303.48729
2015-05-06,5329.362916
2015-05-07,5280.935993
2015-05-08,5367.96097
2015-05-11,5367.693241
2015-05-12,5359.848101
2015-05-13,5399.922423
2015-05-14,5421.129477
2015-05-15,5440.478297
2015-05-18,5430.569634
2015-05-19,5400.656277
2015-05-20,5405.84945
2015-05-21,5437.498629
2015-05-22,5402.560429
2015-05-25,5404.861535
2015-05-26,5319.941246
2015-05-27,5343.448659
2015-05-28,5338.244875
2015-05-29,5298.595617
2015-06-01,5278.542214
2015-06-02,5314.887221
2015-06-03,5351.3887
2015-06-04,5312.834819
2015-06-05,5214.475774
2015-06-08,5203.855067
2015-06-09,5197.508148
2015-06-10,5289.641158
2015-06-11,5295.473514
2015-06-12,5280.08453
2015-06-15,5221.441153
2015-06-16,5227.258804
2015-06-17,5202.050361
2015-06-18,5261.68995
2015-06-19,5258.554563
2015-06-22,5365.378431
2015-06-23,5359.482293
2015-06-24,5342.737543
2015-06-25,5334.93891
2015-06-26,5303.87027
2015-06-29,5182.749539
2015-06-30,5147.969456
2015-07-01,5180.934748
2015-07-02,5184.499351
2015-07-03,5165.440672
2015-07-06,5087.770689
2015-07-07,5014.715529
2015-07-08,5007.621276
2015-07-09,5065.837906
2015-07-10,5161.778041
2015-07-13,5192.253226
2015-07-14,5233.39242
2015-07-15,5231.850239
2015-07-16,5272.644732
2015-07-17,5257.504862
2015-07-20,5261.739009
2015-07-21,5263.992444
2015-07-22,5202.978798
2015-07-23,5216.233488
2015-07-24,5169.988088
2015-07-27,5130.58835
2015-07-28,5138.46402
2015-07-29,5182.140342
2015-07-30,5173.32834
2015-07-31,5229.580101
2015-08-03,5220.274123
2015-08-04,5219.468938
2015-08-05,5223.655277
2015-08-06,5213.519647
2015-08-07,5196.5143
2015-08-10,5240.402252
2015-08-11,5190.357998
2015-08-12,5134.056646
2015-08-13,5140.933125
2015-08-14,5131.129051
2015-08-17,5128.856291
2015-08-18,5114.674708
2015-08-19,5046.805353
2015-08-20,4998.238463
2015-08-21,4890.326565
2015-08-24,4724.489671
2015-08-25,4770.431508
2015-08-26,4756.288177
2015-08-27,4833.587315
2015-08-28,4879.685728
2015-08-31,4848.640503
2015-09-01,4732.410739
2015-09-02,4719.692061
2015-09-03,4761.528014
2015-09-04,4670.774187
2015-09-07,4691.596437
2015-09-08,4728.423875
2015-09-09,4829.034628
2015-09-10,4776.874091
2015-09-11,4758.604142
2015-09-14,4738.81437
2015-09-15,4751.320367
2015-09-16,4831.598993
2015-09-17,4841.380679
2015-09-18,4793.383869
2015-09-21,4754.407943
2015-09-22,4640.217476
2015-09-23,4626.786873
2015-09-24,4585.312268
2015-09-25,4642.058726
2015-09-28,4579.065976
2015-09-29,4505.472846
2015-09-30,4603.874251
2015-10-01,4634.106839
2015-10-02,4672.725592
2015-10-05,4766.946526
2015-10-06,4816.636065
2015-10-07,4850.262831
2015-10-08,4863.548952
2015-10-09,4930.101328
2015-10-12,4928.932662
2015-10-13,4882.19866
2015-10-14,4857.643313
2015-10-15,4916.338931
2015-10-16,4940.225354
2015-10-19,4913.922528
2015-10-20,4908.322018
2015-10-21,4918.803938
2015-10-22,4927.238298
2015-10-23,4973.884152
2015-10-26,4975.015276
2015-10-27,4930.974196
2015-10-28,4971.155378
2015-10-29,4924.645613
2015-10-30,4950.253414
2015-11-02,4931.716577
2015-11-03,4928.500017
2015-11-04,4926.576804
2015-11-05,4916.031631
2015-11-06,4874.586339
2015-11-09,4853.594816
2015-11-10,4835.644807
2015-11-11,4870.075465
2015-11-12,4826.854888
2015-11-13,4781.941639
2015-11-16,4774.387281
2015-11-17,4844.567958
2015-11-18,4841.080517
2015-11-19,4914.256335
2015-11-20,4904.607123
2015-11-23,4874.009266
2015-11-24,4850.540153
2015-11-25,4866.477762
2015-11-26,4909.147079
2015-11-27,4879.724749
2015-11-30,4871.473962
2015-12-01,4908.400836
2015-12-02,4889.358177
2015-12-03,4864.808125
2015-12-04,4844.045792
2015-12-07,4838.483954
2015-12-08,4769.752693
2015-12-09,4780.076585
2015-12-10,4761.255149
2015-12-11,4712.412924
2015-12-14,4646.096263
2015-12-15,4674.634159
2015-12-16,4729.07611
2015-12-17,4738.66938
2015-12-18,4706.903457
2015-12-21,4693.614065
2015-12-22,4713.493824
2015-12-23,4776.742984
2015-12-24,4805.40943
2015-12-25,4800.539486
2015-12-28,4796.197481
2015-12-29,4831.223323
2015-12-30,4816.735156
2015-12-31,4784.102692
2016-01-01,4784.102692
2016-01-04,4665.611779
2016-01-05,4651.123485
2016-01-06,4599.575781
2016-01-07,4522.184933
2016-01-08,4489.549714
2016-01-11,4460.3331
2016-01-12,4440.890058
2016-01-13,4483.14123
2016-01-14,4413.389086
2016-01-15,4355.535897
2016-01-18,4307.134556
2016-01-19,4353.361962
2016-01-20,4224.170836
2016-01-21,4237.76256
2016-01-22,4380.563481
2016-01-25,4371.942218
2016-01-26,4384.356503
2016-01-27,4425.763085
2016-01-28,4404.657382
2016-01-29,4454.778819
2016-02-01,4487.116772
2016-02-02,4417.22863
2016-02-03,4399.773189
2016-02-04,4444.984622
2016-02-05,4395.359302
2016-02-08,4313.341897
2016-02-09,4250.07214
2016-02-10,4236.84646
2016-02-11,4189.620856
2016-02-12,4192.506454
2016-02-15,4314.554452
2016-02-16,4321.175936
2016-02-17,4386.153488
2016-02-18,4414.570241
2016-02-19,4377.337473
2016-02-22,4423.865547
2016-02-23,4383.642146
2016-02-24,4313.554689
2016-02-25,4376.998641
2016-02-26,4390.417251
2016-02-29,4392.55583
2016-03-01,4436.081536
2016-03-02,4497.26033
2016-03-03,4546.311299
2016-03-04,4593.560321
2016-03-07,4584.848158
2016-03-08,4564.351273
2016-03-09,4565.824061
2016-03-10,4558.26056
2016-03-11,4650.77659
2016-03-14,4668.941094
2016-03-15,4625.970552
2016-03-16,4603.890657
2016-03-17,4711.726144
2016-03-18,4700.392058
2016-03-21,4681.111516
2016-03-22,4684.342201
2016-03-23,4644.939238
2016-03-24,4583.920943
2016-03-25,4594.374189
2016-03-28,4618.624595
2016-03-29,4623.278792
2016-03-30,4712.977852
2016-03-31,4690.771362
2016-04-01,4592.434532
2016-04-04,4618.871678
2016-04-05,4532.75717
2016-04-06,4563.298781
2016-04-07,4565.990924
2016-04-08,4621.439285
2016-04-11,4642.639965
2016-04-12,4662.874421
2016-04-13,4745.791766
2016-04-14,4787.468446
2016-04-15,4783.304667
2016-04-18,4773.052337
2016-04-19,4875.917863
2016-04-20,4884.841954
2016-04-21,4887.403264
2016-04-22,4855.540246
2016-04-25,4844.070267
2016-04-26,4852.041699
2016-04-27,4844.764117
2016-04-28,4851.592147
2016-04-29,4841.596313
2016-05-02,4823.04102
2016-05-03,4766.997118
2016-05-04,4705.978978
2016-05-05,4691.882568
2016-05-06,4685.71823
2016-05-09,4678.279451
2016-05-10,4729.956517
2016-05-11,4733.402925
2016-05-12,4714.278259
2016-05-13,4674.452304
2016-05-16,4697.043182
2016-05-17,4715.739344
2016-05-18,4711.519072
2016-05-19,4645.090767
2016-05-20,4687.676025
2016-05-23,4674.646316
2016-05-24,4713.449906
2016-05-25,4768.175627
2016-05-26,4793.871137
2016-05-27,4791.880494
2016-05-30,4797.514007
2016-05-31,4786.874005
2016-06-01,4765.839419
2016-06-02,4751.172658
2016-06-03,4805.137826
2016-06-06,4826.807215
2016-06-07,4873.370046
2016-06-08,4885.729396
2016-06-09,4826.351342
2016-06-10,4729.44763
2016-06-13,4645.957487
2016-06-14,4551.259401
2016-06-15,4585.789889
2016-06-16,4526.220652
2016-06-17,4602.228833
2016-06-20,4760.638282
2016-06-21,4775.959975
2016-06-22,4782.26263
2016-06-23,4856.102296
2016-06-24,4528.185218
2016-06-27,4393.865065
2016-06-28,4468.559347
2016-06-29,4600.894572
2016-06-30,4641.386368
2016-07-01,4676.43751
2016-07-04,4680.91496
2016-07-05,4622.332166
2016-07-06,4551.996398
2016-07-07,4578.22161
2016-07-08,4600.747796
2016-07-11,4673.933729
2016-07-12,4727.85262
2016-07-13,4753.56341
2016-07-14,4778.946235
2016-07-15,4766.6869
2016-07-18,4773.182677
2016-07-19,4747.479513
2016-07-20,4775.159051
2016-07-21,4784.835747
2016-07-22,4763.495057
2016-07-25,4763.163304
2016-07-26,4774.525423
2016-07-27,4787.091183
2016-07-28,4782.987373
2016-07-29,4869.704824
2016-08-01,4849.811254
2016-08-02,4818.128221
2016-08-03,4772.761961
2016-08-04,4802.028604
2016-08-05,4806.645285
2016-08-08,4835.637842
2016-08-09,4891.691902
2016-08-10,4905.368389
2016-08-11,4934.669503
2016-08-12,4942.758111
2016-08-15,4945.187745
2016-08-16,4926.747717
2016-08-17,4921.210527
2016-08-18,4942.278476
2016-08-19,4917.608182
2016-08-22,4925.247616
2016-08-23,4952.70145
2016-08-24,4940.426004
2016-08-25,4922.783721
2016-08-26,4925.59996
2016-08-29,4885.791428
2016-08-30,4886.684869
2016-08-31,4874.203056
2016-09-01,4901.408999
2016-09-02,4947.579351
2016-09-05,4967.204146
2016-09-06,5005.330299
2016-09-07,5017.207813
2016-09-08,5013.460128
2016-09-09,4934.702987
2016-09-12,4886.732163
2016-09-13,4845.868221
2016-09-14,4833.18041
2016-09-15,4848.584723
2016-09-16,4814.96724
2016-09-19,4861.377775
2016-09-20,4860.92783
2016-09-21,4913.65732
2016-09-22,4998.961349
2016-09-23,4962.949272
2016-09-26,4919.505442
2016-09-27,4911.297462
2016-09-28,4922.01975
2016-09-29,4948.615876
2016-09-30,4933.539126
2016-10-03,4936.309886
2016-10-04,4936.365238
2016-10-05,4929.537321
2016-10-06,4911.002843
2016-10-07,4892.352656
2016-10-10,4908.630984
2016-10-11,4865.106539
2016-10-12,4824.172308
2016-10-13,4805.237716
2016-10-14,4833.643369
2016-10-17,4813.37583
2016-10-18,4862.940406
2016-10-19,4886.911856
2016-10-20,4879.961254
2016-10-21,4859.268189
2016-10-24,4859.952735
2016-10-25,4852.885491
2016-10-26,4856.736354
2016-10-27,4843.421422
2016-10-28,4838.451416
2016-10-31,4837.650203
2016-11-01,4836.914831
2016-11-02,4806.82241
2016-11-03,4798.226166
2016-11-04,4760.715682
2016-11-07,4788.273981
2016-11-08,4804.570015
2016-11-09,4759.709982
2016-11-10,4786.29813
2016-11-11,4765.382856
2016-11-14,4733.185764
2016-11-15,4747.274133
2016-11-16,4733.988726
2016-11-17,4759.597317
2016-11-18,4708.726905
2016-11-21,4747.330012
2016-11-22,4750.11941
2016-11-23,4720.793934
2016-11-24,4746.725423
2016-11-25,4770.637091
2016-11-28,4755.166061
2016-11-29,4762.861337
2016-11-30,4760.113647
2016-12-01,4766.015859
2016-12-02,4766.480533
2016-12-05,4786.358793
2016-12-06,4828.848457
2016-12-07,4886.152066
2016-12-08,4895.321679
2016-12-09,4905.217508
2016-12-12,4915.624323
2016-12-13,4963.737814
2016-12-14,4952.766585
2016-12-15,4860.240463
2016-12-16,4873.490187
2016-12-19,4888.903775
2016-12-20,4880.088106
2016-12-21,4889.356297
2016-12-22,4888.648725
2016-12-23,4887.20072
2016-12-26,4882.516604
2016-12-27,4880.104528
2016-12-28,4873.665416
2016-12-29,4893.976493
2016-12-30,4915.588388
2017-01-02,4928.767193
2017-01-03,4900.219245
2017-01-04,4965.833036
2017-01-05,5030.910228
2017-01-06,5007.988653
2017-01-09,4990.424004
2017-01-10,5008.671936
2017-01-11,4978.395186
2017-01-12,5030.89176
2017-01-13,5048.92704
2017-01-16,5017.518326
2017-01-17,5034.097278
2017-01-18,5039.486777
2017-01-19,4998.092959
2017-01-20,5021.879137
2017-01-23,5031.691572
2017-01-24,5045.523698
2017-01-25,5092.486398
2017-01-26,5085.542298
2017-01-27,5089.020921
2017-01-30,5055.634652
2017-01-31,5061.874758
2017-02-01,5066.537521
2017-02-02,5074.359821
2017-02-03,5091.506006
2017-02-06,5056.073304
2017-02-07,5048.183556
2017-02-08,5077.094692
2017-02-09,5071.168217
2017-02-10,5095.124854
2017-02-13,5116.837854
2017-02-14,5087.814672
2017-02-15,5119.544471
2017-02-16,5151.565465
2017-02-17,5137.581831
2017-02-20,5139.9434
2017-02-21,5137.059556
2017-02-22,5142.487604
2017-02-23,5165.501991
2017-02-24,5122.04053
2017-02-27,5118.46994
2017-02-28,5120.27631
2017-03-01,5141.900194
2017-03-02,5138.010157
2017-03-03,5135.423201
2017-03-06,5138.103151
2017-03-07,5124.904004
2017-03-08,5102.834802
2017-03-09,5106.738634
2017-03-10,5150.496098
2017-03-13,5174.577208
2017-03-14,5150.480599
2017-03-15,5163.852294
2017-03-16,5247.725216
2017-03-17,5250.043994
2017-03-20,5249.587701
2017-03-21,5249.832412
2017-03-22,5208.878488
2017-03-23,5234.040931
2017-03-24,5245.780956
2017-03-27,5248.045021
2017-03-28,5289.266636
2017-03-29,5273.346138
2017-03-30,5276.30299
2017-03-31,5250.257785
2017-04-03,5231.224546
2017-04-04,5233.750554
2017-04-05,5231.041464
2017-04-06,5221.021582
2017-04-07,5220.223097
2017-04-10,5225.023778
2017-04-11,5243.184248
2017-04-12,5239.067945
2017-04-13,5221.4628
2017-04-14,5215.508594
2017-04-17,5247.13275
2017-04-18,5207.11047
2017-04-19,5204.101408
2017-04-20,5229.012407
2017-04-21,5220.842717
2017-04-24,5346.622514
2017-04-25,5372.447191
2017-04-26,5379.079682
2017-04-27,5365.433516
2017-04-28,5361.880268
2017-05-01,5376.13947
2017-05-02,5397.981788
2017-05-03,5390.458299
2017-05-04,5412.76017
2017-05-05,5451.53785
2017-05-08,5460.89441
2017-05-09,5442.085369
2017-05-10,5451.818595
2017-05-11,5440.010323
2017-05-12,5464.733084
2017-05-15,5489.713494
2017-05-16,5531.443213
2017-05-17,5509.521261
2017-05-18,5472.115813
2017-05-19,5517.24228
2017-05-22,5549.313799
2017-05-23,5548.19094
2017-05-24,5535.438457
2017-05-25,5548.658243
2017-05-26,5529.706141
2017-05-29,5526.585935
2017-05-30,5524.178727
2017-05-31,5540.639246
2017-06-01,5559.293471
2017-06-02,5616.007179
2017-06-05,5603.104626
2017-06-06,5586.573592
2017-06-07,5581.458505
2017-06-08,5559.470497
2017-06-09,5559.887523
2017-06-12,5538.826989
2017-06-13,5571.733375
2017-06-14,5593.445165
2017-06-15,5513.148101
2017-06-16,5558.99543
2017-06-19,5586.980544
2017-06-20,5542.747097
2017-06-21,5528.8367
2017-06-22,5542.359328
2017-06-23,5552.806646
2017-06-26,5567.878333
2017-06-27,5565.018271
2017-06-28,5595.710666
2017-06-29,5580.895233
2017-06-30,5545.861101
2017-07-03,5557.662995
2017-07-04,5545.836197
2017-07-05,5546.575803
2017-07-06,5544.690803
2017-07-07,5522.088961
2017-07-10,5542.135087
2017-07-11,5536.416906
2017-07-12,5600.475833
2017-07-13,5614.392557
2017-07-14,5655.827044
2017-07-17,5660.23209
2017-07-18,5662.605987
2017-07-19,5680.892483
2017-07-20,5715.146493
2017-07-21,5685.983208
2017-07-24,5664.891916
2017-07-25,5681.831975
2017-07-26,5689.772894
2017-07-27,5710.829887
2017-07-28,5699.501176
2017-07-31,5710.930152
2017-08-01,5757.454609
2017-08-02,5755.372547
2017-08-03,5763.130736
2017-08-04,5741.309613
2017-08-07,5756.397669
2017-08-08,5741.489017
2017-08-09,5711.479767
2017-08-10,5683.42953
2017-08-11,5654.172491
2017-08-14,5678.284603
2017-08-15,5659.799671
2017-08-16,5682.559786
2017-08-17,5684.507084
2017-08-18,5658.137349
2017-08-21,5662.001326
2017-08-22,5673.190699
2017-08-23,5678.096591
2017-08-24,5675.121607
2017-08-25,5697.693288
2017-08-28,5706.606696
2017-08-29,5692.184587
2017-08-30,5671.365766
2017-08-31,5709.602034
2017-09-01,5735.887612
2017-09-04,5718.654649
2017-09-05,5719.607014
2017-09-06,5727.447043
2017-09-07,5770.039944
2017-09-08,5781.661647
2017-09-11,5816.874034
2017-09-12,5832.985695
2017-09-13,5817.003239
2017-09-14,5802.566971
2017-09-15,5817.838048
2017-09-18,5825.03517
2017-09-19,5855.811529
2017-09-20,5869.650026
2017-09-21,5835.698432
2017-09-22,5859.777286
2017-09-25,5840.803467
2017-09-26,5799.102136
2017-09-27,5807.064
2017-09-28,5830.257509
2017-09-29,5857.668867
2017-10-02,5853.914763
2017-10-03,5872.012752
2017-10-04,5871.229589
2017-10-05,5861.878219
2017-10-06,5856.142047
2017-10-09,5866.304343
2017-10-10,5907.785202
2017-10-11,5914.014873
2017-10-12,5923.18098
2017-10-13,5948.170336
2017-10-16,5947.498319
2017-10-17,5923.658553
2017-10-18,5939.508089
2017-10-19,5955.737545
2017-10-20,5928.892491
2017-10-23,5924.574217
2017-10-24,5920.411369
2017-10-25,5904.509547
2017-10-26,5906.789307
2017-10-27,5902.881634
2017-10-30,5931.73081
2017-10-31,5937.674133
2017-11-01,5956.479464
2017-11-02,5971.688596
2017-11-03,5959.275252
2017-11-06,5957.315997
2017-11-07,5960.313008
2017-11-08,5975.664747
2017-11-09,5950.706488
2017-11-10,5942.318717
2017-11-13,5903.508751
2017-11-14,5896.724663
2017-11-15,5866.138614
2017-11-16,5903.052584
2017-11-17,5903.32458
2017-11-20,5910.05367
2017-11-21,5935.919366
2017-11-22,5962.935746
2017-11-23,5986.90951
2017-11-24,6013.117076
2017-11-27,5990.730851
2017-11-28,5983.95141
2017-11-29,5986.687337
2017-11-30,5997.727194
2017-12-01,5958.702859
2017-12-04,5976.424552
2017-12-05,5964.237565
2017-12-06,5927.976883
2017-12-07,5939.138803
2017-12-08,5961.146194
2017-12-11,5987.970234
2017-12-12,5991.109449
2017-12-13,6001.997073
2017-12-14,5989.771746
2017-12-15,5968.294499
2017-12-18,6051.344529
2017-12-19,6026.14744
2017-12-20,6027.457184
2017-12-21,6047.106327
2017-12-22,6042.477371
2017-12-25,6044.975306
2017-12-26,6049.816134
2017-12-27,6072.241206
2017-12-28,6082.994939
2017-12-29,6105.497047
2018-01-01,6105.65817
2018-01-02,6121.875882
2018-01-03,6132.635407
2018-01-04,6218.468005
2018-01-05,6254.196287
2018-01-08,6246.677456
2018-01-09,6262.03708
2018-01-10,6277.470922
2018-01-11,6279.742827
2018-01-12,6316.764839
2018-01-15,6378.281688
2018-01-16,6372.793121
2018-01-17,6368.529955
2018-01-18,6360.528881
2018-01-19,6392.353536
2018-01-22,6414.540728
2018-01-23,6457.72311
2018-01-24,6478.864165
2018-01-25,6487.639721
2018-01-26,6481.016575
2018-01-29,6440.567244
2018-01-30,6400.433861
2018-01-31,6389.960377
2018-02-01,6391.135037
2018-02-02,6295.341854
2018-02-05,6183.330729
2018-02-06,6000.453871
2018-02-07,6057.764851
2018-02-08,5992.091531
2018-02-09,5908.349983
2018-02-12,5966.515236
2018-02-13,5975.367279
2018-02-14,6034.763607
2018-02-15,6109.440888
2018-02-16,6156.591573
2018-02-19,6142.658246
2018-02-20,6125.992898
2018-02-21,6118.718836
2018-02-22,6107.688579
2018-02-23,6133.966431
2018-02-26,6165.982029
2018-02-27,6147.357801
2018-02-28,6086.405419
2018-03-01,6005.104859
2018-03-02,5955.690436
2018-03-05,5975.85048
2018-03-06,6030.641362
2018-03-07,6019.935144
2018-03-08,6049.356182
2018-03-09,6066.188076
2018-03-12,6110.875013
2018-03-13,6100.93011
2018-03-14,6080.063531
2018-03-15,6083.003514
2018-03-16,6072.585127
2018-03-19,6033.209851
2018-03-20,6023.441776
2018-03-21,6025.798688
2018-03-22,5994.801018
2018-03-23,5919.831448
2018-03-26,5921.239406
2018-03-27,5979.726612
2018-03-28,5962.876773
2018-03-29,5971.642491
2018-03-30,5981.053915
2018-04-02,5974.741028
2018-04-03,5942.073778
2018-04-04,5931.686908
2018-04-05,6010.189381
2018-04-06,6006.262421
2018-04-09,6039.5624
2018-04-10,6098.91464
2018-04-11,6092.75442
2018-04-12,6082.344977
2018-04-13,6096.567302
2018-04-16,6104.21783
2018-04-17,6125.972875
2018-04-18,6170.559354
2018-04-19,6166.694667
2018-04-20,6126.922862
2018-04-23,6109.814926
2018-04-24,6116.593744
2018-04-25,6071.385843
2018-04-26,6094.030869
2018-04-27,6114.954952
2018-04-30,6118.377625
2018-05-01,6077.336534
2018-05-02,6088.784905
2018-05-03,6072.789739
2018-05-04,6091.4292
2018-05-07,6113.581934
2018-05-08,6102.022834
2018-05-09,6123.650292
2018-05-10,6144.851223
2018-05-11,6193.465486
2018-05-14,6218.680295
2018-05-15,6165.979185
2018-05-16,6151.143048
2018-05-17,6178.709085
2018-05-18,6169.531091
2018-05-21,6175.919082
2018-05-22,6193.940079
2018-05-23,6121.230901
2018-05-24,6103.064078
2018-05-25,6075.111297
2018-05-28,6050.360141
2018-05-29,5981.093477
2018-05-30,5992.279546
2018-05-31,6002.337267
2018-06-01,6019.545441
2018-06-04,6069.548536
2018-06-05,6043.801619
2018-06-06,6088.506333
2018-06-07,6105.449215
2018-06-08,6077.055739
2018-06-11,6114.387422
2018-06-12,6104.094233
2018-06-13,6104.800109
2018-06-14,6093.466636
2018-06-15,6044.80148
2018-06-18,6002.059152
2018-06-19,5936.9385
2018-06-20,5965.006111
2018-06-21,5942.129671
2018-06-22,5990.388855
2018-06-25,5908.725345
2018-06-26,5908.492362
2018-06-27,5903.837899
2018-06-28,5873.831329
2018-06-29,5936.474112
2018-07-02,5856.043627
2018-07-03,5900.748639
2018-07-04,5901.732419
2018-07-05,5924.303391
2018-07-06,5971.652992
2018-07-09,6015.119534
2018-07-10,6018.024228
2018-07-11,5950.124466
2018-07-12,5966.235324
2018-07-13,5984.704051
2018-07-16,5983.326547
2018-07-17,5982.230663
2018-07-18,5993.628456
2018-07-19,5975.922353
2018-07-20,6017.00178
2018-07-23,6003.869613
2018-07-24,6048.496405
2018-07-25,6038.905892
2018-07-26,6068.65993
2018-07-27,6092.88867
2018-07-30,6094.483063
2018-07-31,6082.334858
2018-08-01,6064.463372
2018-08-02,6000.502834
2018-08-03,6016.560597
2018-08-06,5996.865434
2018-08-07,6037.207852
2018-08-08,6035.864034
2018-08-09,6035.118391
2018-08-10,5928.991115
2018-08-13,5878.308382
2018-08-14,5890.674212
2018-08-15,5811.530575
2018-08-16,5849.879135
2018-08-17,5870.326357
2018-08-20,5899.622278
2018-08-21,5925.120966
2018-08-22,5958.012483
2018-08-23,5927.724865
2018-08-24,5955.180024
2018-08-27,6014.337608
2018-08-28,6030.883339
2018-08-29,6035.945741
2018-08-30,6013.516367
2018-08-31,5967.321324
2018-09-03,5952.563436
2018-09-04,5892.519489
2018-09-05,5851.630847
2018-09-06,5826.367786
2018-09-07,5802.720705
2018-09-10,5819.576578
2018-09-11,5820.810269
2018-09-12,5852.453581
2018-09-13,5874.616367
2018-09-14,5899.055954
2018-09-17,5914.1092
2018-09-18,5947.61637
2018-09-19,5978.125782
2018-09-20,6031.374049
2018-09-21,6068.093027
2018-09-24,6051.382233
2018-09-25,6070.518484
2018-09-26,6078.00197
2018-09-27,6047.474983
2018-09-28,6014.005641
2018-10-01,6010.638096
2018-10-02,5981.970127
2018-10-03,5973.649482
2018-10-04,5927.165075
2018-10-05,5882.569132
2018-10-08,5833.870276
2018-10-09,5812.151103
2018-10-10,5772.681332
2018-10-11,5645.539379
2018-10-12,5648.214004
2018-10-15,5641.409374
2018-10-16,5703.459478
2018-10-17,5695.658401
2018-10-18,5651.985973
2018-10-19,5643.27597
2018-10-22,5617.98522
2018-10-23,5526.0155
2018-10-24,5485.391031
2018-10-25,5446.050997
2018-10-26,5426.466599
2018-10-29,5442.21802
2018-10-30,5458.036172
2018-10-31,5536.105452
2018-11-01,5571.735812
2018-11-02,5601.551231
2018-11-05,5585.162873
2018-11-06,5600.57321
2018-11-07,5651.525109
2018-11-08,5666.416806
2018-11-09,5615.032345
2018-11-12,5551.566291
2018-11-13,5549.921181
2018-11-14,5537.198902
2018-11-15,5521.662853
2018-11-16,5540.888869
2018-11-19,5537.495397
2018-11-20,5462.461156
2018-11-21,5488.47589
2018-11-22,5484.75515
2018-11-23,5477.712728
2018-11-26,5511.997675
2018-11-27,5495.00751
2018-11-28,5502.207116
2018-11-29,5559.70714
2018-11-30,5531.11336
2018-12-03,5610.233339
2018-12-04,5553.532162
2018-12-05,5493.551597
2018-12-06,5375.215996
2018-12-07,5403.079856
2018-12-10,5297.663072
2018-12-11,5315.563662
2018-12-12,5420.302426
2018-12-13,5414.443334
2018-12-14,5351.349476
2018-12-17,5330.920119
2018-12-18,5286.21652
2018-12-19,5305.725258
2018-12-20,5223.054453
2018-12-21,5193.940661
2018-12-24,5180.473106
2018-12-25,5124.669089
2018-12-26,5135.040551
2018-12-27,5150.315841
2018-12-28,5221.747678
2018-12-31,5245.233487
2019-01-01,5245.416559
2019-01-02,5216.110997
2019-01-03,5218.788222
2019-01-04,5304.424378
2019-01-07,5354.189196
2019-01-08,5385.284696
2019-01-09,5458.328917
2019-01-10,5468.60642
2019-01-11,5466.019137
2019-01-14,5448.372665
2019-01-15,5467.988939
2019-01-16,5467.583674
2019-01-17,5466.428107
2019-01-18,5533.914303
2019-01-21,5534.437747
2019-01-22,5502.318124
2019-01-23,5494.293396
2019-01-24,5503.073628
2019-01-25,5559.212209
2019-01-28,5536.224385
2019-01-29,5554.002275
2019-01-30,5570.098296
2019-01-31,5619.523271
2019-02-01,5616.355236
2019-02-04,5614.310042
2019-02-05,5669.312179
2019-02-06,5659.385329
2019-02-07,5596.175525
2019-02-08,5543.315602
2019-02-11,5543.958103
2019-02-12,5596.006933
2019-02-13,5626.019177
2019-02-14,5615.054111
2019-02-15,5653.120636
2019-02-18,5697.191388
2019-02-19,5707.459794
2019-02-20,5748.132955
2019-02-21,5740.250129
2019-02-22,5747.006021
2019-02-25,5770.526546
2019-02-26,5778.175024
2019-02-27,5780.80301
2019-02-28,5763.931216
2019-03-01,5777.525454
2019-03-04,5775.419855
2019-03-05,5765.867089
2019-03-06,5764.675938
2019-03-07,5720.475705
2019-03-08,5665.234806
2019-03-11,5699.60819
2019-03-12,5735.544929
2019-03-13,5760.140177
2019-03-14,5774.692963
2019-03-15,5819.469811
2019-03-18,5850.781373
2019-03-19,5871.962225
2019-03-20,5838.963391
2019-03-21,5850.484991
2019-03-22,5795.933895
2019-03-25,5748.858717
2019-03-26,5794.067501
2019-03-27,5788.692936
2019-03-28,5763.557022
2019-03-29,5793.291971
2019-04-01,5858.087156
2019-04-02,5858.444709
2019-04-03,5918.422288
2019-04-04,5901.425357
2019-04-05,5908.656049
2019-04-08,5920.641685
2019-04-09,5910.427214
2019-04-10,5909.022332
2019-04-11,5906.799837
2019-04-12,5929.237695
2019-04-15,5949.78501
2019-04-16,5960.605352
2019-04-17,5970.629369
2019-04-18,5950.130461
2019-04-19,5951.253956
2019-04-22,5949.380847
2019-04-23,5956.874764
2019-04-24,5938.018744
2019-04-25,5921.303244
2019-04-26,5937.967091
2019-04-29,5942.358346
2019-04-30,5957.382449
2019-05-01,5968.594103
2019-05-02,5927.602785
2019-05-03,5952.550663
2019-05-06,5917.421554
2019-05-07,5856.555431
2019-05-08,5845.486604
2019-05-09,5786.243582
2019-05-10,5802.18661
2019-05-13,5752.737582
2019-05-14,5763.31877
2019-05-15,5791.824531
2019-05-16,5824.573574
2019-05-17,5815.114673
2019-05-20,5798.737686
2019-05-21,5812.016093
2019-05-22,5797.83423
2019-05-23,5740.093468
2019-05-24,5782.171128
2019-05-27,5793.493892
2019-05-28,5785.821519
2019-05-29,5708.135776
2019-05-30,5702.117247
2019-05-31,5675.614382
2019-06-03,5696.443085
2019-06-04,5733.934027
2019-06-05,5789.230684
2019-06-06,5793.194596
2019-06-07,5858.393214
2019-06-10,5873.053469
2019-06-11,5910.351525
2019-06-12,5890.271236
2019-06-13,5869.281056
2019-06-14,5843.650996
2019-06-17,5832.044411
2019-06-18,5883.253648
2019-06-19,5930.205981
2019-06-20,5997.503663
2019-06-21,5975.097597
2019-06-24,5997.44173
2019-06-25,5988.378761
2019-06-26,5962.990451
2019-06-27,5983.561929
2019-06-28,6012.902295
2019-07-01,6037.705075
2019-07-02,6055.374775
2019-07-03,6085.156523
2019-07-04,6098.787649
2019-07-05,6044.884927
2019-07-08,6016.417533
2019-07-09,5991.872361
2019-07-10,6002.063449
2019-07-11,6010.364065
2019-07-12,6015.527472
2019-07-15,6025.068268
2019-07-16,6015.713191
2019-07-17,6003.569458
2019-07-18,5969.939183
2019-07-19,6005.945872
2019-07-22,5999.581846
2019-07-23,6018.208744
2019-07-24,6027.432199
2019-07-25,6004.837151
2019-07-26,5992.135036
2019-07-29,5988.240513
2019-07-30,5948.113688
2019-07-31,5940.378853
2019-08-01,5927.351166
2019-08-02,5835.525778
2019-08-05,5748.714961
2019-08-06,5708.366578
2019-08-07,5734.568245
2019-08-08,5793.940362
2019-08-09,5776.993362
2019-08-12,5768.6408
2019-08-13,5747.707119
2019-08-14,5687.600631
2019-08-15,5644.14152
2019-08-16,5691.876292
2019-08-19,5747.104054
2019-08-20,5733.230752
2019-08-21,5767.649506
2019-08-22,5747.208785
2019-08-23,5732.972336
2019-08-26,5706.062184
2019-08-27,5736.91416
2019-08-28,5727.703907
2019-08-29,5759.685983
2019-08-30,5794.384599
2019-09-02,5780.492855
2019-09-03,5779.073722
2019-09-04,5839.802084
2019-09-05,5893.540462
2019-09-06,5919.61862
2019-09-09,5921.609342
2019-09-10,5927.451714
2019-09-11,5963.931917
2019-09-12,5989.872409
2019-09-13,6030.392734
2019-09-16,5982.838029
2019-09-17,5998.654105
2019-09-18,5992.379467
2019-09-19,6019.074287
2019-09-20,6017.150216
2019-09-23,5990.548498
2019-09-24,5993.680386
2019-09-25,5948.121806
2019-09-26,5965.373898
2019-09-27,5976.251953
2019-09-30,5956.960509
2019-10-01,5923.528097
2019-10-02,5827.302593
2019-10-03,5820.728819
2019-10-04,5846.371029
2019-10-07,5875.538646
2019-10-08,5830.973249
2019-10-09,5840.228174
2019-10-10,5871.138964
2019-10-11,5973.772469
2019-10-14,5957.500135
2019-10-15,6014.710516
2019-10-16,6030.638477
2019-10-17,6050.130808
2019-10-18,6042.090427
2019-10-21,6076.479907
2019-10-22,6077.975172
2019-10-23,6079.178865
2019-10-24,6108.038995
2019-10-25,6116.968741
2019-10-28,6123.286061
2019-10-29,6141.447967
2019-10-30,6144.400423
2019-10-31,6149.578518
2019-11-01,6185.720189
2019-11-04,6218.63567
2019-11-05,6217.097743
2019-11-06,6226.648067
2019-11-07,6236.372313
2019-11-08,6223.67085
2019-11-11,6224.294894
2019-11-12,6235.729516
2019-11-13,6214.69349
2019-11-14,6185.815998
2019-11-15,6233.086995
2019-11-18,6249.410504
2019-11-19,6245.604245
2019-11-20,6207.345638
2019-11-21,6191.807501
2019-11-22,6194.755473
2019-11-25,6236.152775
2019-11-26,6243.335492
2019-11-27,6256.650022
2019-11-28,6251.259078
2019-11-29,6226.364699
2019-12-02,6204.752348
2019-12-03,6174.367981
2019-12-04,6201.902229
2019-12-05,6210.0021
2019-12-06,6246.487031
2019-12-09,6253.042566
2019-12-10,6243.382469
2019-12-11,6253.405344
2019-12-12,6273.12588
2019-12-13,6348.423233
2019-12-16,6400.411427
2019-12-17,6392.348558
2019-12-18,6371.693859
2019-12-19,6376.590816
2019-12-20,6390.614685
2019-12-23,6387.388468
2019-12-24,6397.451373
2019-12-25,6392.845877
2019-12-26,6402.847932
2019-12-27,6439.561401
2019-12-30,6419.30495
2019-12-31,6424.92809
2020-01-01,6424.977181
2020-01-02,6460.730535
2020-01-03,6440.699686
2020-01-06,6412.009759
2020-01-07,6425.336237
2020-01-08,6403.124604
2020-01-09,6424.961203
2020-01-10,6438.958866
2020-01-13,6436.594997
2020-01-14,6454.887308
2020-01-15,6462.118086
2020-01-16,6471.644574
2020-01-17,6499.502327
2020-01-20,6496.437612
2020-01-21,6480.995766
2020-01-22,6481.064745
2020-01-23,6437.591767
2020-01-24,6459.855934
2020-01-27,6345.399317
2020-01-28,6354.106986
2020-01-29,6369.729616
2020-01-30,6322.265051
2020-01-31,6300.58531
2020-02-03,6279.60662
2020-02-04,6341.469538
2020-02-05,6390.863865
2020-02-06,6439.803499
2020-02-07,6414.794908
2020-02-10,6392.34089
2020-02-11,6428.914863
2020-02-12,6456.025058
2020-02-13,6435.029089
2020-02-14,6422.136459
2020-02-17,6417.191968
2020-02-18,6379.366453
2020-02-19,6396.242543
2020-02-20,6356.331533
2020-02-21,6350.919082
2020-02-24,6201.250138
2020-02-25,6084.678467
2020-02-26,6050.638823
2020-02-27,5924.374782
2020-02-28,5741.256608
2020-03-02,5809.658157
2020-03-03,5859.856656
2020-03-04,5903.041185
2020-03-05,5890.327957
2020-03-06,5752.356176
2020-03-09,5392.921525
2020-03-10,5353.69925
2020-03-11,5248.587873
2020-03-12,4691.409692
2020-03-13,4697.969453
2020-03-16,4494.592131
2020-03-17,4534.977953
2020-03-18,4319.708653
2020-03-19,4354.407657
2020-03-20,4382.593234
2020-03-23,4246.264575
2020-03-24,4570.745575
2020-03-25,4788.663507
2020-03-26,4926.25808
2020-03-27,4868.007832
2020-03-30,4917.708055
2020-03-31,4930.445121
2020-04-01,4794.829429
2020-04-02,4768.618729
2020-04-03,4709.013293
2020-04-06,4881.272342
2020-04-07,4992.865537
2020-04-08,5013.167192
2020-04-09,5097.911701
2020-04-10,5107.494986
2020-04-13,5088.887255
2020-04-14,5170.821162
2020-04-15,5036.175609
2020-04-16,5011.879174
2020-04-17,5147.190774
2020-04-20,5145.285252
2020-04-21,4987.657231
2020-04-22,5037.59703
2020-04-23,5087.80137
2020-04-24,5052.153081
2020-04-27,5160.274953
2020-04-28,5220.7477
2020-04-29,5308.26131
2020-04-30,5274.272911
2020-05-01,5199.800401
2020-05-04,5099.878639
2020-05-05,5158.66863
2020-05-06,5141.926745
2020-05-07,5160.57221
2020-05-08,5256.806628
2020-05-11,5244.419031
2020-05-12,5254.556219
2020-05-13,5167.681339
2020-05-14,5066.028219
2020-05-15,5090.375354
2020-05-18,5232.426034
2020-05-19,5279.919997
2020-05-20,5339.741588
2020-05-21,5284.146497
2020-05-22,5239.394497
2020-05-25,5313.80889
2020-05-26,5430.471803
2020-05-27,5448.265009
2020-05-28,5556.217158
2020-05-29,5498.611944
2020-06-01,5571.720356
2020-06-02,5659.286282
2020-06-03,5781.017637
2020-06-04,5798.941144
2020-06-05,5888.619858
2020-06-08,5914.612136
2020-06-09,5904.813504
2020-06-10,5891.396422
2020-06-11,5692.200328
2020-06-12,5635.879203
2020-06-15,5588.107507
2020-06-16,5745.138999
2020-06-17,5769.974576
2020-06-18,5742.611895
2020-06-19,5749.630108
2020-06-22,5746.022947
2020-06-23,5838.717749
2020-06-24,5701.814012
2020-06-25,5680.695528
2020-06-26,5667.059328
2020-06-29,5665.624486
2020-06-30,5686.87712
2020-07-01,5698.28248
2020-07-02,5770.829304
2020-07-03,5761.757632
2020-07-06,5866.336519
2020-07-07,5821.759909
2020-07-08,5800.176997
2020-07-09,5766.654527
2020-07-10,5791.842946
2020-07-13,5868.29831
2020-07-14,5847.79695
2020-07-15,5954.917165
2020-07-16,5920.809363
2020-07-17,5921.33119
2020-07-20,5954.674667
2020-07-21,6009.746284
2020-07-22,5990.966242
2020-07-23,5993.158843
2020-07-24,5947.096121
2020-07-27,6001.344331
2020-07-28,5993.795449
2020-07-29,5996.391252
2020-07-30,5916.040378
2020-07-31,5838.304723
2020-08-03,5892.899637
2020-08-04,5948.822675
2020-08-05,6017.210053
2020-08-06,5980.248968
2020-08-07,5955.204913
2020-08-10,5971.640504
2020-08-11,6058.654358
2020-08-12,6130.437508
2020-08-13,6133.897153
2020-08-14,6093.794137
2020-08-17,6116.836757
2020-08-18,6126.214948
2020-08-19,6145.327535
2020-08-20,6060.712493
2020-08-21,6040.949412
2020-08-24,6119.549699
2020-08-25,6120.532339
2020-08-26,6163.398105
2020-08-27,6118.142561
2020-08-28,6144.806942
2020-08-31,6139.558465
2020-09-01,6123.221964
2020-09-02,6153.846525
2020-09-03,6102.91273
2020-09-04,6011.415327
2020-09-07,6075.431238
2020-09-08,6029.308171
2020-09-09,6079.195923
2020-09-10,6087.893285
2020-09-11,6087.92734
2020-09-14,6132.546017
2020-09-15,6146.681409
2020-09-16,6171.353105
2020-09-17,6127.28605
2020-09-18,6128.788349
2020-09-21,5957.307742
2020-09-22,5945.802861
2020-09-23,5945.779946
2020-09-24,5876.239378
2020-09-25,5882.234213
2020-09-28,5990.888596
2020-09-29,6004.667138
2020-09-30,5966.686393
2020-10-01,5984.303564
2020-10-02,5971.563694
2020-10-05,6066.284368
2020-10-06,6072.446365
2020-10-07,6067.285282
2020-10-08,6109.567657
2020-10-09,6153.705222
2020-10-12,6182.122933
2020-10-13,6144.527116
2020-10-14,6144.461737
2020-10-15,6030.348347
2020-10-16,6064.998727
2020-10-19,6093.519803
2020-10-20,6080.409264
2020-10-21,6074.463064
2020-10-22,6037.690265
2020-10-23,6067.875954
2020-10-26,5987.325932
2020-10-27,5955.183626
2020-10-28,5806.124673
2020-10-29,5761.49289
2020-10-30,5732.134404
2020-11-02,5813.500979
2020-11-03,5954.642931
2020-11-04,6035.851223
2020-11-05,6167.573258
2020-11-06,6190.378173
2020-11-09,6331.181189
2020-11-10,6399.267895
2020-11-11,6450.102728
2020-11-12,6426.370868
2020-11-13,6417.768529
2020-11-16,6518.162928
2020-11-17,6538.091333
2020-11-18,6553.894701
2020-11-19,6514.024048
2020-11-20,6544.973714
2020-11-23,6517.602019
2020-11-24,6625.136925
2020-11-25,6647.742962
2020-11-26,6652.214791
2020-11-27,6695.460057
2020-11-30,6611.62982
2020-12-01,6675.185059
2020-12-02,6698.604032
2020-12-03,6748.932815
2020-12-04,6771.155011
2020-12-07,6751.103166
2020-12-08,6752.432452
2020-12-09,6775.151032
2020-12-10,6776.351006
2020-12-11,6742.952304
2020-12-14,6764.585364
2020-12-15,6782.053727
2020-12-16,6842.028123
2020-12-17,6900.286651
2020-12-18,6865.354669
2020-12-21,6750.227159
2020-12-22,6744.715947
2020-12-23,6810.523172
2020-12-24,6826.134397
2020-12-25,6827.885495
2020-12-28,6871.193693
2020-12-29,6947.523838
2020-12-30,6956.425618
2020-12-31,6912.347315
2021-01-01,6912.347315
2021-01-04,6959.146823
2021-01-05,6969.204752
2021-01-06,7020.317456
2021-01-07,7068.703734
2021-01-08,7136.478755
2021-01-11,7047.057371
2021-01-12,7064.42461
2021-01-13,7078.833309
2021-01-14,7117.876013
2021-01-15,7039.621522
2021-01-18,7030.140937
2021-01-19,7063.136072
2021-01-20,7091.455577
2021-01-21,7119.724718
2021-01-22,7082.683827
2021-01-25,7046.372873
2021-01-26,7064.827408
2021-01-27,6976.905454
2021-01-28,6953.050849
2021-01-29,6838.657768
2021-02-01,6891.972334
2021-02-02,6949.263446
2021-02-03,6987.692858
2021-02-04,6983.373984
2021-02-05,7038.401307
2021-02-08,7105.60402
2021-02-09,7134.922188
2021-02-10,7151.600124
2021-02-11,7169.078085
2021-02-12,7189.245562
2021-02-15,7271.479609
2021-02-16,7278.495369
2021-02-17,7203.702616
2021-02-18,7168.858984
2021-02-19,7209.712617
2021-02-22,7213.918237
2021-02-23,7214.478974
2021-02-24,7174.083377
2021-02-25,7216.242123
2021-02-26,7012.913433
2021-03-01,7110.373597
2021-03-02,7119.21559
2021-03-03,7133.308146
2021-03-04,7075.933201
2021-03-05,6993.84775
2021-03-08,7048.641011
2021-03-09,7120.718369
2021-03-10,7146.407226
2021-03-11,7209.734751
2021-03-12,7211.015847
2021-03-15,7220.328577
2021-03-16,7262.311773
2021-03-17,7247.283076
2021-03-18,7299.250921
2021-03-19,7250.049398
2021-03-22,7247.496989
2021-03-23,7194.046393
2021-03-24,7136.132177
2021-03-25,7131.192786
2021-03-26,7207.454093
2021-03-29,7207.184119
2021-03-30,7210.999597
2021-03-31,7191.763658
2021-04-01,7234.999036
2021-04-02,7247.964776
2021-04-05,7290.487384
2021-04-06,7316.250745
2021-04-07,7337.671208
2021-04-08,7373.058039
2021-04-09,7375.425334
2021-04-12,7354.928045
2021-04-13,7373.299598
2021-04-14,7406.41237
2021-04-15,7448.741519
2021-04-16,7494.464594
2021-04-19,7514.498515
2021-04-20,7402.844145
2021-04-21,7396.748522
2021-04-22,7455.748355
2021-04-23,7456.605744
2021-04-26,7497.561273
2021-04-27,7472.891424
2021-04-28,7489.526232
2021-04-29,7492.028912
2021-04-30,7417.99458
2021-05-03,7465.904458
2021-05-04,7384.993093
2021-05-05,7467.652083
2021-05-06,7518.744747
2021-05-07,7614.683647
2021-05-10,7652.291615
2021-05-11,7511.628436
2021-05-12,7446.870887
2021-05-13,7404.718901
2021-05-14,7527.667715
2021-05-17,7537.921112
2021-05-18,7613.158131
2021-05-19,7517.449472
2021-05-20,7586.915668
2021-05-21,7608.435516
2021-05-24,7637.198683
2021-05-25,7662.122711
2021-05-26,7658.526514
2021-05-27,7652.082221
2021-05-28,7703.44647
2021-05-31,7675.808813
2021-06-01,7735.021684
2021-06-02,7745.915669
2021-06-03,7713.098599
2021-06-04,7759.887215
2021-06-07,7787.054603
2021-06-08,7789.272337
2021-06-09,7779.066685
2021-06-10,7780.716222
2021-06-11,7782.908348
2021-06-14,7803.72416
2021-06-15,7827.104194
2021-06-16,7837.569587
2021-06-17,7730.292735
2021-06-18,7592.965864
2021-06-21,7606.185101
2021-06-22,7662.326716
2021-06-23,7649.11816
2021-06-24,7676.086377
2021-06-25,7714.910754
2021-06-28,7671.157425
2021-06-29,7660.434974
2021-06-30,7597.775438
2021-07-01,7610.464453
2021-07-02,7632.601477
2021-07-05,7661.994624
2021-07-06,7624.983985
2021-07-07,7635.251954
2021-07-08,7563.193715
2021-07-09,7622.624781
2021-07-12,7693.986848
2021-07-13,7687.447655
2021-07-14,7677.474708
2021-07-15,7611.88804
2021-07-16,7574.187469
2021-07-19,7429.69373
2021-07-20,7419.289829
2021-07-21,7528.991509
2021-07-22,7567.757615
2021-07-23,7597.312853
2021-07-26,7630.774868
2021-07-27,7623.239124
2021-07-28,7619.55629
2021-07-29,7713.247827
2021-07-30,7648.24605
2021-08-02,7731.980735
2021-08-03,7727.59574
2021-08-04,7737.65608
2021-08-05,7765.493383
2021-08-06,7723.063139
2021-08-09,7724.460542
2021-08-10,7738.367016
2021-08-11,7787.072175
2021-08-12,7788.324468
2021-08-13,7837.53559
2021-08-16,7784.646147
2021-08-17,7729.946876
2021-08-18,7730.537392
2021-08-19,7606.002873
2021-08-20,7601.847574
2021-08-23,7709.736451
2021-08-24,7749.137141
2021-08-25,7740.489289
2021-08-26,7717.087597
2021-08-27,7753.307722
2021-08-30,7780.636452
2021-08-31,7770.998405
2021-09-01,7839.989015
2021-09-02,7874.293708
2021-09-03,7891.739657
2021-09-06,7936.922761
2021-09-07,7913.041133
2021-09-08,7850.412584
2021-09-09,7836.533125
2021-09-10,7855.572007
2021-09-13,7859.612646
2021-09-14,7875.121104
2021-09-15,7829.23501
2021-09-16,7804.902849
2021-09-17,7744.645062
2021-09-20,7638.493986
2021-09-21,7666.57158
2021-09-22,7704.804561
2021-09-23,7763.67232
2021-09-24,7724.13534
2021-09-27,7720.486284
2021-09-28,7581.53413
2021-09-29,7546.709808
2021-09-30,7547.723584
2021-10-01,7499.068717
2021-10-04,7492.447643
2021-10-05,7504.339237
2021-10-06,7431.225748
2021-10-07,7527.685939
2021-10-08,7544.068549
2021-10-11,7559.7653
2021-10-12,7531.368657
2021-10-13,7575.020145
2021-10-14,7658.252419
2021-10-15,7734.276144
2021-10-18,7707.18102
2021-10-19,7756.946582
2021-10-20,7786.888381
2021-10-21,7764.705552
2021-10-22,7789.064151
2021-10-25,7777.941696
2021-10-26,7810.258953
2021-10-27,7791.036229
2021-10-28,7838.125855
2021-10-29,7772.340626
2021-11-01,7862.288354
2021-11-02,7843.712882
2021-11-03,7864.561097
2021-11-04,7890.517719
2021-11-05,7899.144868
2021-11-08,7916.530395
2021-11-09,7892.761923
2021-11-10,7848.847593
2021-11-11,7840.996432
2021-11-12,7878.597095
2021-11-15,7900.680145
2021-11-16,7870.204519
2021-11-17,7837.583173
2021-11-18,7831.159801
2021-11-19,7811.772893
2021-11-22,7755.022184
2021-11-23,7704.386667
2021-11-24,7664.659718
2021-11-25,7699.26231
2021-11-26,7527.143988
2021-11-29,7498.320462
2021-11-30,7408.646168
2021-12-01,7530.673424
2021-12-02,7472.51584
2021-12-03,7446.737087
2021-12-06,7500.03595
2021-12-07,7658.656995
2021-12-08,7682.6864
2021-12-09,7645.777358
2021-12-10,7624.377207
2021-12-13,7578.886982
2021-12-14,7527.701247
2021-12-15,7536.336881
2021-12-16,7648.809297
2021-12-17,7580.936085
2021-12-20,7472.079564
2021-12-21,7564.318884
2021-12-22,7641.009265
2021-12-23,7707.052268
2021-12-24,7713.219483
2021-12-27,7724.320402
2021-12-28,7765.942117
2021-12-29,7784.156281
2021-12-30,7773.653133
2021-12-31,7784.984974
2022-01-03,7759.737404
2022-01-04,7847.56893
2022-01-05,7862.977805
2022-01-06,7735.419274
2022-01-07,7759.276443
2022-01-10,7690.466539
2022-01-11,7733.502046
2022-01-12,7853.808327
2022-01-13,7871.906753
2022-01-14,7791.818504
2022-01-17,7815.714089
2022-01-18,7731.184293
2022-01-19,7691.779869
2022-01-20,7743.612418
2022-01-21,7618.021744
2022-01-24,7412.650083
2022-01-25,7393.907524
2022-01-26,7463.369868
2022-01-27,7364.350948
2022-01-28,7361.158546
2022-01-31,7441.386097
2022-02-01,7535.907102
2022-02-02,7616.72656
2022-02-03,7560.868591
2022-02-04,7520.400472
2022-02-07,7561.319535
2022-02-08,7561.812993
2022-02-09,7680.052772
2022-02-10,7689.661334
2022-02-11,7631.41301
2022-02-14,7474.32655
2022-02-15,7541.76244
2022-02-16,7585.872436
2022-02-17,7549.476801
2022-02-18,7479.138077
2022-02-21,7419.437443
2022-02-22,7382.132845
2022-02-23,7364.119388
2022-02-24,7085.433089
2022-02-25,7316.784047
2022-02-28,7325.597376
2022-03-01,7200.976805
2022-03-02,7175.665661
2022-03-03,7119.522333
2022-03-04,6902.375835
2022-03-07,6781.437934
2022-03-08,6717.746116
2022-03-09,6971.042425
2022-03-10,6969.917262
2022-03-11,6941.154778
2022-03-14,6969.906938
2022-03-15,6951.859827
2022-03-16,7134.005185
2022-03-17,7280.755569
2022-03-18,7304.400095
2022-03-21,7318.517151
2022-03-22,7358.896151
2022-03-23,7344.898916
2022-03-24,7335.759024
2022-03-25,7332.409773
2022-03-28,7302.617289
2022-03-29,7464.294266
2022-03-30,7488.273831
2022-03-31,7410.60421
2022-04-01,7380.012701
2022-04-04,7423.61452
2022-04-05,7401.346725
2022-04-06,7286.417903
2022-04-07,7239.311448
2022-04-08,7280.151823
2022-04-11,7240.792087
2022-04-12,7197.683541
2022-04-13,7202.271932
2022-04-14,7218.469545
2022-04-15,7210.883221
2022-04-18,7184.848187
2022-04-19,7156.586269
2022-04-20,7261.087881
2022-04-21,7247.847765
2022-04-22,7081.552536
2022-04-25,6945.860138
2022-04-26,6872.75087
2022-04-27,6822.651956
2022-04-28,6869.401629
2022-04-29,6923.956436
2022-05-02,6837.785011
2022-05-03,6880.341082
2022-05-04,6857.533936
2022-05-05,6806.933899
2022-05-06,6741.930992
2022-05-09,6540.218422
2022-05-10,6546.631045
2022-05-11,6610.032186
2022-05-12,6515.424918
2022-05-13,6634.852201
2022-05-16,6654.278464
2022-05-17,6776.35908
2022-05-18,6737.902514
2022-05-19,6700.944565
2022-05-20,6733.322897
2022-05-23,6846.955942
2022-05-24,6819.792687
2022-05-25,6827.365237
2022-05-26,6878.719095
2022-05-27,6966.939483
2022-05-30,7064.100116
2022-05-31,6981.441667
2022-06-01,6934.381234
2022-06-02,6980.945363
2022-06-03,6961.872
2022-06-06,6999.428211
2022-06-07,6972.738606
2022-06-08,6959.062873
2022-06-09,6840.767125
2022-06-10,6642.583085
2022-06-13,6447.880685
2022-06-14,6347.451688
2022-06-15,6381.692403
2022-06-16,6323.98783
2022-06-17,6242.065534
2022-06-20,6315.440007
2022-06-21,6370.537188
2022-06-22,6337.903581
2022-06-23,6284.991311
2022-06-24,6412.161592
2022-06-27,6488.739458
2022-06-28,6476.233625
2022-06-29,6416.73314
2022-06-30,6324.536381
2022-07-01,6280.976028
2022-07-04,6344.371255
2022-07-05,6193.460963
2022-07-06,6210.162215
2022-07-07,6313.021583
2022-07-08,6340.146533
2022-07-11,6267.812815
2022-07-12,6256.661898
2022-07-13,6242.491263
2022-07-14,6104.013032
2022-07-15,6211.569952
2022-07-18,6317.550099
2022-07-19,6409.56624
2022-07-20,6430.212443
2022-07-21,6440.188165
2022-07-22,6488.984446
2022-07-25,6478.119109
2022-07-26,6446.628403
2022-07-27,6464.955778
2022-07-28,6560.827257
2022-07-29,6638.987079
2022-08-01,6700.637562
2022-08-02,6621.248534
2022-08-03,6589.848338
2022-08-04,6647.730077
2022-08-05,6591.437255
2022-08-08,6658.55017
2022-08-09,6616.219674
2022-08-10,6746.462097
2022-08-11,6760.227319
2022-08-12,6746.661237
2022-08-15,6749.167211
2022-08-16,6739.8175
2022-08-17,6696.460579
2022-08-18,6695.146884
2022-08-19,6602.626674
2022-08-22,6527.297394
2022-08-23,6514.026177
2022-08-24,6509.023063
2022-08-25,6545.713693
2022-08-26,6482.230719
2022-08-29,6380.539218
2022-08-30,6358.322153
2022-08-31,6328.840282
2022-09-01,6170.254887
2022-09-02,6282.023863
2022-09-05,6215.11174
2022-09-06,6182.725081
2022-09-07,6147.190758
2022-09-08,6218.046849
2022-09-09,6354.026779
2022-09-12,6480.39002
2022-09-13,6344.199411
2022-09-14,6278.924235
2022-09-15,6238.188285
2022-09-16,6174.384528
2022-09-19,6166.692825
2022-09-20,6121.512377
2022-09-21,6068.373517
2022-09-22,5984.384114
2022-09-23,5820.638057
2022-09-26,5724.901303
2022-09-27,5711.165786
2022-09-28,5719.695267
2022-09-29,5726.188403
2022-09-30,5742.987394
2022-10-03,5808.372077
2022-10-04,6035.045475
2022-10-05,5971.009572
2022-10-06,5936.694268
2022-10-07,5849.311967
2022-10-10,5780.709881
2022-10-11,5720.118762
2022-10-12,5691.580835
2022-10-13,5713.534252
2022-10-14,5762.418271
2022-10-17,5841.971032
2022-10-18,5891.476668
2022-10-19,5843.35602
2022-10-20,5866.416214
2022-10-21,5816.603099
2022-10-24,5906.763303
2022-10-25,6021.94415
2022-10-26,6111.542708
2022-10-27,6097.927807
2022-10-28,6058.558131
2022-10-31,6059.547798
2022-11-01,6102.861833
2022-11-02,6097.461045
2022-11-03,5988.618244
2022-11-04,6127.94113
2022-11-07,6209.471609
2022-11-08,6299.531817
2022-11-09,6242.487523
2022-11-10,6470.255175
2022-11-11,6622.162576
2022-11-14,6600.613603
2022-11-15,6657.408259
2022-11-16,6627.612875
2022-11-17,6562.309445
2022-11-18,6627.320391
2022-11-21,6546.370341
2022-11-22,6629.725543
2022-11-23,6713.279864
2022-11-24,6783.396635
2022-11-25,6770.171115
2022-11-28,6718.943869
2022-11-29,6703.55743
2022-11-30,6704.946983
2022-12-01,6874.382909
2022-12-02,6830.863464
2022-12-05,6819.179758
2022-12-06,6764.731116
2022-12-07,6728.548112
2022-12-08,6741.885082
2022-12-09,6791.369009
2022-12-12,6746.682008
2022-12-13,6890.664105
2022-12-14,6898.985905
2022-12-15,6726.523092
2022-12-16,6640.258713
2022-12-19,6613.198271
2022-12-20,6652.238288
2022-12-21,6714.067674
2022-12-22,6670.373861
2022-12-23,6671.246942
2022-12-26,6673.583427
2022-12-27,6698.187955
2022-12-28,6662.739988
2022-12-29,6711.129318
2022-12-30,6672.440509
2023-01-02,6709.595586
2023-01-03,6720.569556
2023-01-04,6796.671309
2023-01-05,6729.569241
2023-01-06,6852.305559
2023-01-09,6965.355879
2023-01-10,6927.64266
2023-01-11,6972.568034
2023-01-12,7074.714052
2023-01-13,7136.580033
2023-01-16,7138.00615
2023-01-17,7166.715673
2023-01-18,7210.392866
2023-01-19,7099.921787
2023-01-20,7141.3444
2023-01-23,7196.210155
2023-01-24,7219.831907
2023-01-25,7228.719189
2023-01-26,7225.812496
2023-01-27,7244.701209
2023-01-30,7235.827533
2023-01-31,7219.313203
2023-02-01,7253.938788
2023-02-02,7323.360579
2023-02-03,7275.156281
2023-02-06,7157.94667
2023-02-07,7177.092628
2023-02-08,7200.033126
2023-02-09,7248.136735
2023-02-10,7170.067462
2023-02-13,7206.2405
2023-02-14,7221.378541
2023-02-15,7182.539242
2023-02-16,7198.742838
2023-02-17,7165.049621
2023-02-20,7192.56389
2023-02-21,7156.844418
2023-02-22,7097.123827
2023-02-23,7075.300183
2023-02-24,6991.467245
2023-02-27,7064.833361
2023-02-28,7050.787355
2023-03-01,7057.56798
2023-03-02,7053.377512
2023-03-03,7119.291377
2023-03-06,7170.424235
2023-03-07,7078.12023
2023-03-08,7063.725582
2023-03-09,7078.266746
2023-03-10,7033.027581
2023-03-13,6943.930523
2023-03-14,6949.412395
2023-03-15,6764.734783
2023-03-16,6831.138146
2023-03-17,6821.140965
2023-03-20,6872.263191
2023-03-21,6942.823014
2023-03-22,6987.937863
2023-03-23,7032.480993
2023-03-24,6922.578963
2023-03-27,6975.10262
2023-03-28,7018.648783
2023-03-29,7084.269082
2023-03-30,7176.152375
2023-03-31,7207.484424
2023-04-03,7258.253294
2023-04-04,7296.129966
2023-04-05,7244.651095
2023-04-06,7243.664708
2023-04-07,7245.924284
2023-04-10,7195.072836
2023-04-11,7279.606559
2023-04-12,7334.428632
2023-04-13,7403.104396
2023-04-14,7409.178605
2023-04-17,7369.84599
2023-04-18,7424.819688
2023-04-19,7407.635442
2023-04-20,7414.492518
2023-04-21,7407.42551
2023-04-24,7434.152922
2023-04-25,7387.525283
2023-04-26,7367.328209
2023-04-27,7369.159492
2023-04-28,7412.137753
2023-05-01,7398.290699
2023-05-02,7336.214035
2023-05-03,7385.961258
2023-05-04,7359.299492
2023-05-05,7426.210608
2023-05-08,7458.448898
2023-05-09,7431.085985
2023-05-10,7417.519714
2023-05-11,7384.482419
2023-05-12,7371.541327
2023-05-15,7403.595551
2023-05-16,7373.627418
2023-05-17,7338.117145
2023-05-18,7344.753991
2023-05-19,7393.606913
2023-05-22,7409.481012
2023-05-23,7353.802341
2023-05-24,7235.373254
2023-05-25,7177.353665
2023-05-26,7218.316155
2023-05-29,7238.93072
2023-05-30,7200.775064
2023-05-31,7088.901804
2023-06-01,7186.311337
2023-06-02,7290.191325
2023-06-05,7296.126965
2023-06-06,7319.072526
2023-06-07,7295.928624
2023-06-08,7322.954093
2023-06-09,7335.146815
2023-06-12,7344.829243
2023-06-13,7422.458925
2023-06-14,7491.270793
2023-06-15,7507.217686
2023-06-16,7537.302566
2023-06-19,7478.667527
2023-06-20,7432.157398
2023-06-21,7428.886243
2023-06-22,7390.504157
2023-06-23,7290.466548
2023-06-26,7301.494853
2023-06-27,7323.467732
2023-06-28,7352.744318
2023-06-29,7359.290351
2023-06-30,7425.916913
2023-07-03,7446.209768
2023-07-04,7444.246863
2023-07-05,7389.579332
2023-07-06,7236.212894
2023-07-07,7273.449256
2023-07-10,7283.048671
2023-07-11,7338.761126
2023-07-12,7495.252421
2023-07-13,7606.908613
2023-07-14,7615.072943
2023-07-17,7571.57934
2023-07-18,7617.877294
2023-07-19,7619.112081
2023-07-20,7600.293665
2023-07-21,7586.157478
2023-07-24,7594.969077
2023-07-25,7610.023279
2023-07-26,7603.580372
2023-07-27,7634.254345
2023-07-28,7648.046962
2023-07-31,7666.215402
2023-08-01,7586.876835
2023-08-02,7445.840132
2023-08-03,7402.03599
2023-08-04,7465.20292
2023-08-07,7458.9106
2023-08-08,7410.940672
2023-08-09,7438.119088
2023-08-10,7507.02733
2023-08-11,7431.63753
2023-08-14,7369.999427
2023-08-15,7333.638432
2023-08-16,7277.763811
2023-08-17,7219.258946
2023-08-18,7181.673419
2023-08-21,7174.145454
2023-08-22,7208.284066
2023-08-23,7255.475955
2023-08-24,7232.038834
2023-08-25,7166.279661
2023-08-28,7256.340504
2023-08-29,7331.613537
2023-08-30,7393.423756
2023-08-31,7369.663804
2023-09-01,7361.003449
2023-09-04,7367.22369
2023-09-05,7300.322212
2023-09-06,7275.454149
2023-09-07,7259.889793
2023-09-08,7249.966265
2023-09-11,7301.546261
2023-09-12,7289.196419
2023-09-13,7283.201458
2023-09-14,7358.082896
2023-09-15,7386.894576
2023-09-18,7338.406104
2023-09-19,7335.958813
2023-09-20,7371.825021
2023-09-21,7241.284084
2023-09-22,7223.63761
2023-09-25,7156.390136
2023-09-26,7111.339719
2023-09-27,7066.745396
2023-09-28,7102.523285
2023-09-29,7121.202038
2023-10-02,7005.764199
2023-10-03,6915.415477
2023-10-04,6874.720833
2023-10-05,6944.628102
2023-10-06,6982.229543
2023-10-09,6987.426181
2023-10-10,7137.023151
2023-10-11,7161.610301
2023-10-12,7145.745964
2023-10-13,7055.092116
2023-10-16,7066.579317
2023-10-17,7093.154338
2023-10-18,7021.48013
2023-10-19,6941.829842
2023-10-20,6876.678942
2023-10-23,6869.660753
2023-10-24,6875.586181
2023-10-25,6877.483765
2023-10-26,6807.543976
2023-10-27,6807.644428
2023-10-30,6834.532856
2023-10-31,6820.619167
2023-11-01,6893.125953
2023-11-02,7037.103039
2023-11-03,7128.933958
2023-11-06,7153.080149
2023-11-07,7078.114833
2023-11-08,7072.793828
2023-11-09,7136.449568
2023-11-10,7058.28247
2023-11-13,7103.043597
2023-11-14,7254.620607
2023-11-15,7324.753788
2023-11-16,7296.493714
2023-11-17,7369.87967
2023-11-20,7404.497892
2023-11-21,7400.722664
2023-11-22,7370.218307
2023-11-23,7404.271948
2023-11-24,7444.021666
2023-11-27,7415.652201
2023-11-28,7434.064939
2023-11-29,7448.987994
2023-11-30,7461.600729
2023-12-01,7488.920702
2023-12-04,7468.264933
2023-12-05,7454.170849
2023-12-06,7504.676778
2023-12-07,7502.993194
2023-12-08,7506.985663
2023-12-11,7510.933321
2023-12-12,7521.208965
2023-12-13,7551.244643
2023-12-14,7719.521555
2023-12-15,7699.817672
2023-12-18,7661.270657
2023-12-19,7732.727271
2023-12-20,7744.858326
2023-12-21,7749.361751
2023-12-22,7778.743414
2023-12-25,7780.675624
2023-12-26,7785.024041
2023-12-27,7867.01722
2023-12-28,7883.961779
2023-12-29,7869.479167
2024-01-01,7870.080737
2024-01-02,7795.175995
2024-01-03,7705.546641
2024-01-04,7751.719417
2024-01-05,7772.790842
2024-01-08,7783.883044
2024-01-09,7756.801515
2024-01-10,7775.610585
2024-01-11,7753.431743
2024-01-12,7830.133107
2024-01-15,7804.11093
2024-01-16,7716.905631
2024-01-17,7609.679796
2024-01-18,7638.432457
2024-01-19,7672.97475
2024-01-22,7736.652961
2024-01-23,7700.494732
2024-01-24,7797.55294
2024-01-25,7779.11336
2024-01-26,7820.703199
2024-01-29,7835.727708
2024-01-30,7855.714431
2024-01-31,7903.367261
2024-02-01,7847.820132
2024-02-02,7821.257005
2024-02-05,7770.148258
2024-02-06,7811.718776
2024-02-07,7824.656512
2024-02-08,7814.440374
2024-02-09,7827.740407
2024-02-12,7841.936815
2024-02-13,7772.35387
2024-02-14,7789.625132
2024-02-15,7877.809783
2024-02-16,7939.201748
2024-02-19,7953.597345
2024-02-20,7974.410136
2024-02-21,7943.904221
2024-02-22,8015.301559
2024-02-23,8047.86282
2024-02-26,8045.165435
2024-02-27,8060.124681
2024-02-28,8019.352223
2024-02-29,8038.297121
2024-03-01,8102.910605
2024-03-04,8108.423769
2024-03-05,8111.09074
2024-03-06,8167.963581
2024-03-07,8255.149474
2024-03-08,8296.216764
2024-03-11,8213.984084
2024-03-12,8244.376357
2024-03-13,8271.44648
2024-03-14,8228.319068
2024-03-15,8198.908368
2024-03-18,8222.069838
2024-03-19,8217.875282
2024-03-20,8213.992447
2024-03-21,8309.321023
2024-03-22,8288.957518
2024-03-25,8279.726904
2024-03-26,8283.915202
2024-03-27,8308.059213
2024-03-28,8301.381785
2024-03-29,8309.517271
2024-04-01,8245.324625
2024-04-02,8217.178444
2024-04-03,8243.611895
2024-04-04,8297.365712
2024-04-05,8208.579177
2024-04-08,8265.745783
2024-04-09,8267.82728
2024-04-10,8188.651002
2024-04-11,8136.298637
2024-04-12,8102.853803
2024-04-15,8073.679124
2024-04-16,7944.431809
2024-04-17,7928.569097
2024-04-18,7964.475507
2024-04-19,7935.085056
2024-04-22,7992.585258
2024-04-23,8090.014455
2024-04-24,8094.350647
2024-04-25,8043.165625
2024-04-26,8081.147259
2024-04-29,8117.394621
2024-04-30,8089.273801
2024-05-01,8058.347477
2024-05-02,8107.601393
2024-05-03,8197.900982
2024-05-06,8237.644045
2024-05-07,8307.68128
2024-05-08,8261.77272
2024-05-09,8297.576006
2024-05-10,8342.774422
2024-05-13,8363.173172
2024-05-14,8380.698415
2024-05-15,8447.024665
2024-05-16,8468.261341
2024-05-17,8476.062642
2024-05-20,8493.973044
2024-05-21,8474.73663
2024-05-22,8416.203998
2024-05-23,8412.805212
2024-05-24,8402.191658
2024-05-27,8453.283558
2024-05-28,8426.620615
2024-05-29,8291.231158
2024-05-30,8336.018754
2024-05-31,8398.675585
2024-06-03,8451.231693
2024-06-04,8427.706492
2024-06-05,8428.088379
2024-06-06,8491.717671
2024-06-07,8427.378198
2024-06-10,8395.594686
2024-06-11,8321.125288
2024-06-12,8444.329445
2024-06-13,8305.304174
2024-06-14,8213.080791
2024-06-17,8187.877016
2024-06-18,8253.284175
2024-06-19,8262.170099
2024-06-20,8284.850609
2024-06-21,8218.024627
2024-06-24,8294.243126
2024-06-25,8306.868602
2024-06-26,8269.197085
2024-06-27,8258.760717
2024-06-28,8259.441546
2024-07-01,8274.200052
2024-07-02,8291.102163
2024-07-03,8389.140425
2024-07-04,8449.625366
2024-07-05,8430.452738
2024-07-08,8422.281999
2024-07-09,8382.124865
2024-07-10,8453.614573
2024-07-11,8573.008551
2024-07-12,8627.210633
2024-07-15,8578.507134
2024-07-16,8543.945443
2024-07-17,8572.001655
2024-07-18,8511.737596
2024-07-19,8437.572962
2024-07-22,8463.689176
2024-07-23,8461.953756
2024-07-24,8430.711765
2024-07-25,8318.561002
2024-07-26,8364.021877
2024-07-29,8369.439718
2024-07-30,8374.831314
2024-07-31,8518.569
2024-08-01,8376.021873
2024-08-02,8192.787525
2024-08-05,7922.507571
2024-08-06,8035.154972
2024-08-07,8123.663864
2024-08-08,8116.776927
2024-08-09,8186.279804
2024-08-12,8177.700862
2024-08-13,8289.477559
2024-08-14,8382.761305
2024-08-15,8422.412875
2024-08-16,8516.195105
2024-08-19,8591.683295
2024-08-20,8619.890764
2024-08-21,8644.847706
2024-08-22,8653.631523
2024-08-23,8748.067785
2024-08-26,8754.047443
2024-08-27,8768.058126
2024-08-28,8771.758704
2024-08-29,8779.072399
2024-08-30,8802.770278
2024-09-02,8787.604319
2024-09-03,8728.229389
2024-09-04,8638.930626
2024-09-05,8595.291964
2024-09-06,8555.278748
2024-09-09,8543.759042
2024-09-10,8495.365486
2024-09-11,8486.46185
2024-09-12,8597.24423
2024-09-13,8674.660074
2024-09-16,8694.013615
2024-09-17,8686.914988
2024-09-18,8656.764361
2024-09-19,8783.672075
2024-09-20,8720.50281
2024-09-23,8754.707001
2024-09-24,8816.428659
2024-09-25,8805.920827
2024-09-26,8926.216426
2024-09-27,9022.318686
2024-09-30,8900.242979
2024-10-01,8857.856164
2024-10-02,8790.454862
2024-10-03,8741.53254
2024-10-04,8724.931255
2024-10-07,8770.72887
2024-10-08,8689.54332
2024-10-09,8712.507582
2024-10-10,8707.953665
2024-10-11,8743.243969
2024-10-14,8750.874616
2024-10-15,8714.174646
2024-10-16,8664.83583
2024-10-17,8689.269218
2024-10-18,8724.35698
2024-10-21,8662.008867
2024-10-22,8602.591784
2024-10-23,8529.341551
2024-10-24,8553.562331
2024-10-25,8553.246939
2024-10-28,8579.850863
2024-10-29,8552.320723
2024-10-30,8529.142884
2024-10-31,8446.428941
2024-11-01,8462.52207
2024-11-04,8488.895445
2024-11-05,8520.024905
2024-11-06,8431.27567
2024-11-07,8554.994145
2024-11-08,8493.057299
2024-11-11,8478.953514
2024-11-12,8361.293603
2024-11-13,8311.050744
2024-11-14,8342.637579
2024-11-15,8296.883072
2024-11-18,8308.408371
2024-11-19,8334.41589
2024-11-20,8273.594752
2024-11-21,8313.677156
2024-11-22,8325.079318
2024-11-25,8384.835465
2024-11-26,8333.98501
2024-11-27,8389.75304
2024-11-28,8418.015218
2024-11-29,8466.621234
2024-12-02,8473.379993
2024-12-03,8561.844276
2024-12-04,8557.917284
2024-12-05,8603.669793
2024-12-06,8586.701538
2024-12-09,8608.098666
2024-12-10,8513.109195
2024-12-11,8525.576222
2024-12-12,8519.151747
2024-12-13,8450.448474
2024-12-16,8436.978667
2024-12-17,8411.401115
2024-12-18,8362.332513
2024-12-19,8179.944612
2024-12-20,8148.458376
2024-12-23,8175.908575
2024-12-24,8193.136337
2024-12-25,8198.568223
2024-12-26,8211.374902
2024-12-27,8283.119854
2024-12-30,8228.257356
2024-12-31,8239.318206
2025-01-01,8239.649825
2025-01-02,8236.393816
2025-01-03,8226.368974
2025-01-06,8309.724893
2025-01-07,8332.539961
2025-01-08,8282.689988
2025-01-09,8282.410885
2025-01-10,8184.054632
2025-01-13,8119.059117
2025-01-14,8151.417001
2025-01-15,8251.280544
2025-01-16,8313.137701
2025-01-17,8339.126066
2025-01-20,8429.635114
2025-01-21,8461.142174
2025-01-22,8494.703776
2025-01-23,8519.532174
2025-01-24,8593.454878
2025-01-27,8586.926092
2025-01-28,8552.964042
2025-01-29,8597.676356
2025-01-30,8675.010651
2025-01-31,8649.075475
2025-02-03,8487.987101
2025-02-04,8573.68951
2025-02-05,8668.791089
2025-02-06,8716.423847
2025-02-07,8674.736413
2025-02-10,8692.632457
2025-02-11,8704.526291
2025-02-12,8712.66636
2025-02-13,8853.744898
2025-02-14,8891.601788
2025-02-17,8919.811025
2025-02-18,8935.283039
2025-02-19,8859.671051
2025-02-20,8867.638409
2025-02-21,8866.628212
2025-02-24,8870.996449
2025-02-25,8878.905068
2025-02-26,8929.221145
2025-02-27,8850.022446
2025-02-28,8800.983651
2025-03-03,8926.325802
2025-03-04,8815.909823
2025-03-05,9006.330089
2025-03-06,9060.118043
2025-03-07,9021.193826
2025-03-10,8910.521964
2025-03-11,8825.263481
2025-03-12,8877.687025
2025-03-13,8832.191092
2025-03-14,8921.33694
2025-03-17,9037.56519
2025-03-18,9077.594942
2025-03-19,9076.276617
2025-03-20,9055.040132
2025-03-21,9002.158852
2025-03-24,8979.129396
2025-03-25,9035.963447
2025-03-26,8987.919821
2025-03-27,8970.382196
2025-03-28,8913.595934
2025-03-31,8750.298947
2025-04-01,8838.866022
2025-04-02,8842.810972
2025-04-03,8790.851238
2025-04-04,8310.794034
2025-04-07,7849.473433
2025-04-08,8062.654329
2025-04-09,7960.050617
2025-04-10,8361.145585
2025-04-11,8408.524258
2025-04-14,8606.272492
