Date,Value
1998-12-31,1203.051359
1999-01-01,1203.051359
1999-01-04,1201.898848
1999-01-05,1199.610584
1999-01-06,1237.744148
1999-01-07,1276.788879
1999-01-08,1272.402891
1999-01-11,1278.123388
1999-01-12,1279.550159
1999-01-13,1240.723589
1999-01-14,1229.671661
1999-01-15,1236.405886
1999-01-18,1255.057489
1999-01-19,1259.595531
1999-01-20,1268.059827
1999-01-21,1249.620009
1999-01-22,1221.393898
1999-01-25,1194.894478
1999-01-26,1198.919539
1999-01-27,1215.347831
1999-01-28,1198.139276
1999-01-29,1209.243669
1999-02-01,1226.625728
1999-02-02,1221.018654
1999-02-03,1217.631307
1999-02-04,1227.439231
1999-02-05,1214.282649
1999-02-08,1205.630797
1999-02-09,1201.50776
1999-02-10,1175.684383
1999-02-11,1194.57016
1999-02-12,1209.435712
1999-02-15,1202.775872
1999-02-16,1190.976501
1999-02-17,1194.748127
1999-02-18,1191.208461
1999-02-19,1196.16555
1999-02-22,1201.50877
1999-02-23,1202.941893
1999-02-24,1209.672653
1999-02-25,1198.099696
1999-02-26,1194.534381
1999-03-01,1206.430069
1999-03-02,1200.268593
1999-03-03,1203.773021
1999-03-04,1201.668175
1999-03-05,1226.451875
1999-03-08,1241.004417
1999-03-09,1254.646502
1999-03-10,1266.033468
1999-03-11,1261.393299
1999-03-12,1275.978636
1999-03-15,1285.228705
1999-03-16,1282.463757
1999-03-17,1277.367547
1999-03-18,1266.555941
1999-03-19,1288.269117
1999-03-22,1297.686856
1999-03-23,1302.218738
1999-03-24,1285.77465
1999-03-25,1292.805294
1999-03-26,1286.853631
1999-03-29,1274.948752
1999-03-30,1289.181956
1999-03-31,1291.099668
1999-04-01,1306.74469
1999-04-02,1303.042058
1999-04-05,1303.720495
1999-04-06,1315.21837
1999-04-07,1338.058564
1999-04-08,1342.587151
1999-04-09,1361.236949
1999-04-12,1355.269249
1999-04-13,1376.230915
1999-04-14,1381.923201
1999-04-15,1387.776466
1999-04-16,1431.394946
1999-04-19,1462.206463
1999-04-20,1427.9624
1999-04-21,1434.077366
1999-04-22,1471.218509
1999-04-23,1476.259799
1999-04-26,1483.995071
1999-04-27,1504.118655
1999-04-28,1486.054117
1999-04-29,1485.00887
1999-04-30,1503.837706
1999-05-03,1499.750183
1999-05-04,1513.506907
1999-05-05,1514.052346
1999-05-06,1524.380217
1999-05-07,1475.773454
1999-05-10,1481.521248
1999-05-11,1474.768918
1999-05-12,1485.756398
1999-05-13,1491.693613
1999-05-14,1486.585012
1999-05-17,1461.479904
1999-05-18,1478.103872
1999-05-19,1450.429793
1999-05-20,1443.38138
1999-05-21,1437.971872
1999-05-24,1442.442447
1999-05-25,1420.104863
1999-05-26,1416.552769
1999-05-27,1413.381273
1999-05-28,1404.019404
1999-05-31,1399.824268
1999-06-01,1409.055666
1999-06-02,1416.208059
1999-06-03,1428.141318
1999-06-04,1429.307784
1999-06-07,1453.547344
1999-06-08,1468.414822
1999-06-09,1476.585008
1999-06-10,1476.020163
1999-06-11,1483.768909
1999-06-14,1478.579836
1999-06-15,1468.565059
1999-06-16,1482.114942
1999-06-17,1500.48165
1999-06-18,1495.489216
1999-06-21,1518.61694
1999-06-22,1528.902524
1999-06-23,1529.039936
1999-06-24,1517.032521
1999-06-25,1525.070925
1999-06-28,1529.347881
1999-06-29,1528.498804
1999-06-30,1516.325536
1999-07-01,1533.800194
1999-07-02,1568.995738
1999-07-05,1585.707493
1999-07-06,1579.209127
1999-07-07,1560.077133
1999-07-08,1565.230536
1999-07-09,1557.383489
1999-07-12,1547.113316
1999-07-13,1539.459684
1999-07-14,1523.115606
1999-07-15,1535.123803
1999-07-16,1515.045489
1999-07-19,1514.176333
1999-07-20,1531.117305
1999-07-21,1515.762496
1999-07-22,1502.468465
1999-07-23,1481.426327
1999-07-26,1462.344068
1999-07-27,1470.442565
1999-07-28,1488.402894
1999-07-29,1500.810937
1999-07-30,1499.714777
1999-08-02,1497.346859
1999-08-03,1513.728942
1999-08-04,1513.028574
1999-08-05,1493.497913
1999-08-06,1488.042773
1999-08-09,1475.007579
1999-08-10,1447.449991
1999-08-11,1425.467055
1999-08-12,1442.066337
1999-08-13,1434.286264
1999-08-16,1460.642845
1999-08-17,1438.625285
1999-08-18,1470.280333
1999-08-19,1477.893543
1999-08-20,1487.199975
1999-08-23,1501.42868
1999-08-24,1500.809325
1999-08-25,1486.773
1999-08-26,1494.822003
1999-08-27,1480.401207
1999-08-30,1484.130606
1999-08-31,1465.005037
1999-09-01,1483.263976
1999-09-02,1483.366187
1999-09-03,1466.890038
1999-09-06,1485.566532
1999-09-07,1490.943161
1999-09-08,1489.556873
1999-09-09,1528.771283
1999-09-10,1525.765952
1999-09-13,1528.972048
1999-09-14,1524.260297
1999-09-15,1489.311727
1999-09-16,1475.618212
1999-09-17,1489.535182
1999-09-20,1478.848994
1999-09-21,1475.856356
1999-09-22,1463.053243
1999-09-23,1466.952549
1999-09-24,1451.732325
1999-09-27,1444.935939
1999-09-28,1453.579165
1999-09-29,1448.978841
1999-09-30,1439.062305
1999-10-01,1454.272063
1999-10-04,1456.233181
1999-10-05,1478.038318
1999-10-06,1476.87125
1999-10-07,1484.286606
1999-10-08,1477.764395
1999-10-11,1478.021247
1999-10-12,1470.067128
1999-10-13,1449.287929
1999-10-14,1449.056294
1999-10-15,1424.547262
1999-10-18,1398.813272
1999-10-19,1390.892093
1999-10-20,1426.591475
1999-10-21,1431.827431
1999-10-22,1455.380193
1999-10-25,1465.743266
1999-10-26,1449.059831
1999-10-27,1430.059295
1999-10-28,1445.549014
1999-10-29,1466.304982
1999-11-01,1472.925999
1999-11-02,1473.910324
1999-11-03,1481.516568
1999-11-04,1490.694876
1999-11-05,1480.49839
1999-11-08,1474.380152
1999-11-09,1475.226174
1999-11-10,1499.056131
1999-11-11,1518.30814
1999-11-12,1540.440508
1999-11-15,1558.406997
1999-11-16,1561.110711
1999-11-17,1568.960561
1999-11-18,1569.692497
1999-11-19,1596.721356
1999-11-22,1596.374672
1999-11-23,1595.746018
1999-11-24,1575.947029
1999-11-25,1568.429233
1999-11-26,1588.893353
1999-11-29,1595.189859
1999-11-30,1589.934775
1999-12-01,1594.987711
1999-12-02,1617.01658
1999-12-03,1630.064851
1999-12-06,1659.8435
1999-12-07,1660.64952
1999-12-08,1670.933612
1999-12-09,1698.808192
1999-12-10,1689.746051
1999-12-13,1689.13934
1999-12-14,1679.805947
1999-12-15,1655.396962
1999-12-16,1653.372756
1999-12-17,1678.948292
1999-12-20,1689.099134
1999-12-21,1681.246228
1999-12-22,1690.790757
1999-12-23,1692.364781
1999-12-24,1713.167753
1999-12-27,1712.056783
1999-12-28,1710.480725
1999-12-29,1704.598045
1999-12-30,1716.205878
1999-12-31,1716.205878
2000-01-03,1742.480219
2000-01-04,1719.30003
2000-01-05,1639.147876
2000-01-06,1598.929713
2000-01-07,1626.607305
2000-01-10,1653.586081
2000-01-11,1669.402152
2000-01-12,1653.884702
2000-01-13,1655.856263
2000-01-14,1669.60975
2000-01-17,1658.11267
2000-01-18,1666.67552
2000-01-19,1625.978831
2000-01-20,1649.246735
2000-01-21,1620.071524
2000-01-24,1603.446208
2000-01-25,1594.465851
2000-01-26,1607.09635
2000-01-27,1634.889616
2000-01-28,1620.559758
2000-01-31,1592.01692
2000-02-01,1590.332961
2000-02-02,1614.789587
2000-02-03,1617.092793
2000-02-04,1603.686181
2000-02-07,1608.827012
2000-02-08,1596.408358
2000-02-09,1615.438333
2000-02-10,1628.467499
2000-02-11,1660.272099
2000-02-14,1640.897582
2000-02-15,1618.582471
2000-02-16,1633.873074
2000-02-17,1635.274051
2000-02-18,1604.425119
2000-02-21,1584.914514
2000-02-22,1567.454918
2000-02-23,1577.150886
2000-02-24,1591.75066
2000-02-25,1597.918079
2000-02-28,1571.104134
2000-02-29,1585.160237
2000-03-01,1571.887296
2000-03-02,1577.07513
2000-03-03,1597.082632
2000-03-06,1613.109189
2000-03-07,1632.207882
2000-03-08,1632.447001
2000-03-09,1625.107292
2000-03-10,1643.477851
2000-03-13,1618.690313
2000-03-14,1598.420473
2000-03-15,1581.500855
2000-03-16,1569.463641
2000-03-17,1602.339389
2000-03-20,1600.302575
2000-03-21,1614.228051
2000-03-22,1628.843501
2000-03-23,1631.777911
2000-03-24,1638.507673
2000-03-27,1659.407778
2000-03-28,1661.573848
2000-03-29,1651.432005
2000-03-30,1622.951882
2000-03-31,1602.468344
2000-04-03,1595.167422
2000-04-04,1593.434451
2000-04-05,1579.414078
2000-04-06,1585.958786
2000-04-07,1594.110061
2000-04-10,1599.557044
2000-04-11,1577.870925
2000-04-12,1587.737137
2000-04-13,1564.248666
2000-04-14,1567.259554
2000-04-17,1450.617469
2000-04-18,1488.513587
2000-04-19,1511.73723
2000-04-20,1512.455524
2000-04-21,1512.455524
2000-04-24,1510.04159
2000-04-25,1513.256576
2000-04-26,1521.941632
2000-04-27,1529.137167
2000-04-28,1535.692148
2000-05-01,1529.753995
2000-05-02,1538.13563
2000-05-03,1530.566211
2000-05-04,1504.740909
2000-05-05,1514.708021
2000-05-08,1487.76346
2000-05-09,1468.874796
2000-05-10,1446.513019
2000-05-11,1430.743422
2000-05-12,1465.211782
2000-05-15,1451.691156
2000-05-16,1479.59716
2000-05-17,1456.690593
2000-05-18,1433.41179
2000-05-19,1436.042093
2000-05-22,1409.466243
2000-05-23,1416.219067
2000-05-24,1394.747776
2000-05-25,1388.431492
2000-05-26,1365.038447
2000-05-29,1375.637859
2000-05-30,1376.185283
2000-05-31,1394.284108
2000-06-01,1412.195919
2000-06-02,1451.063801
2000-06-05,1478.890042
2000-06-06,1495.140355
2000-06-07,1495.923192
2000-06-08,1496.891204
2000-06-09,1507.478007
2000-06-12,1514.554957
2000-06-13,1497.594832
2000-06-14,1511.654701
2000-06-15,1522.141628
2000-06-16,1544.053091
2000-06-19,1530.831159
2000-06-20,1525.084087
2000-06-21,1537.031241
2000-06-22,1528.562337
2000-06-23,1521.961062
2000-06-26,1526.1065
2000-06-27,1534.357194
2000-06-28,1546.073074
2000-06-29,1547.503562
2000-06-30,1558.550377
2000-07-03,1563.041694
2000-07-04,1565.422153
2000-07-05,1564.691464
2000-07-06,1559.288927
2000-07-07,1567.56156
2000-07-10,1590.588405
2000-07-11,1591.436519
2000-07-12,1603.783484
2000-07-13,1582.550961
2000-07-14,1586.059843
2000-07-17,1594.61464
2000-07-18,1583.202235
2000-07-19,1593.132671
2000-07-20,1599.747118
2000-07-21,1618.532544
2000-07-24,1602.302363
2000-07-25,1584.066702
2000-07-26,1593.352238
2000-07-27,1582.866617
2000-07-28,1568.181432
2000-07-31,1548.31334
2000-08-01,1553.244516
2000-08-02,1571.509303
2000-08-03,1572.948178
2000-08-04,1583.905015
2000-08-07,1600.711437
2000-08-08,1581.751572
2000-08-09,1575.947009
2000-08-10,1591.843917
2000-08-11,1584.455105
2000-08-14,1588.364354
2000-08-15,1604.902799
2000-08-16,1628.528223
2000-08-17,1633.546451
2000-08-18,1620.703933
2000-08-21,1622.918506
2000-08-22,1626.126846
2000-08-23,1607.039413
2000-08-24,1600.175477
2000-08-25,1594.823711
2000-08-28,1586.205945
2000-08-29,1589.467733
2000-08-30,1580.47859
2000-08-31,1568.046614
2000-09-01,1587.818512
2000-09-04,1608.959907
2000-09-05,1595.483058
2000-09-06,1578.356348
2000-09-07,1555.077563
2000-09-08,1550.821
2000-09-11,1541.785136
2000-09-12,1531.998284
2000-09-13,1530.17937
2000-09-14,1515.866839
2000-09-15,1503.235613
2000-09-18,1456.530143
2000-09-19,1459.067339
2000-09-20,1452.598419
2000-09-21,1434.977552
2000-09-22,1411.106365
2000-09-25,1440.760437
2000-09-26,1442.795443
2000-09-27,1452.402082
2000-09-28,1460.224084
2000-09-29,1466.826346
2000-10-02,1466.74207
2000-10-03,1469.239669
2000-10-04,1464.325686
2000-10-05,1460.972742
2000-10-06,1450.754065
2000-10-09,1424.040125
2000-10-10,1418.39061
2000-10-11,1404.887565
2000-10-12,1390.230116
2000-10-13,1375.034476
2000-10-16,1387.205458
2000-10-17,1360.63266
2000-10-18,1339.233558
2000-10-19,1341.673871
2000-10-20,1382.390793
2000-10-23,1389.453175
2000-10-24,1385.218397
2000-10-25,1382.521202
2000-10-26,1380.076853
2000-10-27,1384.315952
2000-10-30,1389.197858
2000-10-31,1385.646138
2000-11-01,1422.789443
2000-11-02,1422.340809
2000-11-03,1442.023805
2000-11-06,1445.521658
2000-11-07,1457.024006
2000-11-08,1443.195799
2000-11-09,1433.931674
2000-11-10,1411.715729
2000-11-13,1383.943532
2000-11-14,1399.852329
2000-11-15,1405.492928
2000-11-16,1400.05219
2000-11-17,1401.178793
2000-11-20,1399.477656
2000-11-21,1384.959446
2000-11-22,1383.11003
2000-11-23,1390.788384
2000-11-24,1398.473135
2000-11-27,1417.505391
2000-11-28,1413.458709
2000-11-29,1391.292086
2000-11-30,1380.898977
2000-12-01,1406.685285
2000-12-04,1414.989994
2000-12-05,1415.149136
2000-12-06,1442.084006
2000-12-07,1439.074174
2000-12-08,1440.765833
2000-12-11,1456.258305
2000-12-12,1451.539951
2000-12-13,1458.58549
2000-12-14,1450.167484
2000-12-15,1423.820098
2000-12-18,1429.252966
2000-12-19,1441.194676
2000-12-20,1438.126252
2000-12-21,1426.487805
2000-12-22,1431.609218
2000-12-25,1431.609218
2000-12-26,1434.215865
2000-12-27,1442.866032
2000-12-28,1441.461183
2000-12-29,1451.442238
2001-01-01,1451.442238
2001-01-02,1455.566756
2001-01-03,1439.968468
2001-01-04,1489.627499
2001-01-05,1512.397424
2001-01-08,1489.567604
2001-01-09,1484.127157
2001-01-10,1473.335169
2001-01-11,1452.356704
2001-01-12,1464.448056
2001-01-15,1461.06963
2001-01-16,1460.0446
2001-01-17,1454.086679
2001-01-18,1469.945082
2001-01-19,1498.123321
2001-01-22,1505.152706
2001-01-23,1488.28861
2001-01-24,1477.062267
2001-01-25,1483.3934
2001-01-26,1479.5516
2001-01-29,1476.089073
2001-01-30,1477.001827
2001-01-31,1496.56354
2001-02-01,1513.539796
2001-02-02,1501.022176
2001-02-05,1475.954149
2001-02-06,1479.135993
2001-02-07,1475.949028
2001-02-08,1469.414192
2001-02-09,1461.976784
2001-02-12,1469.977825
2001-02-13,1473.48746
2001-02-14,1466.474207
2001-02-15,1450.10431
2001-02-16,1457.293943
2001-02-19,1448.148845
2001-02-20,1444.305328
2001-02-21,1449.598768
2001-02-22,1435.243172
2001-02-23,1436.031597
2001-02-26,1445.166646
2001-02-27,1440.523384
2001-02-28,1445.533499
2001-03-01,1437.31702
2001-03-02,1435.09643
2001-03-05,1430.643818
2001-03-06,1432.685644
2001-03-07,1428.510443
2001-03-08,1422.008692
2001-03-09,1417.016561
2001-03-12,1389.448573
2001-03-13,1349.482479
2001-03-14,1341.822172
2001-03-15,1343.927205
2001-03-16,1338.132446
2001-03-19,1339.499072
2001-03-20,1333.159376
2001-03-21,1313.630726
2001-03-22,1282.899113
2001-03-23,1291.152849
2001-03-26,1310.408494
2001-03-27,1300.432794
2001-03-28,1295.982279
2001-03-29,1283.173337
2001-03-30,1280.9993
2001-04-02,1279.424385
2001-04-03,1275.851856
2001-04-04,1267.624482
2001-04-05,1278.86735
2001-04-06,1290.059889
2001-04-09,1264.64678
2001-04-10,1270.073311
2001-04-11,1301.936462
2001-04-12,1318.074794
2001-04-13,1318.074794
2001-04-16,1320.118764
2001-04-17,1299.99977
2001-04-18,1305.061367
2001-04-19,1355.541225
2001-04-20,1362.478923
2001-04-23,1347.524669
2001-04-24,1338.610722
2001-04-25,1334.055309
2001-04-26,1340.223482
2001-04-27,1341.414693
2001-04-30,1354.513645
2001-05-01,1362.748082
2001-05-02,1375.855075
2001-05-03,1382.104656
2001-05-04,1362.439674
2001-05-07,1371.068125
2001-05-08,1367.929035
2001-05-09,1369.924549
2001-05-10,1389.42294
2001-05-11,1388.693015
2001-05-14,1368.47492
2001-05-15,1372.925188
2001-05-16,1375.229529
2001-05-17,1398.768642
2001-05-18,1384.978841
2001-05-21,1405.205825
2001-05-22,1402.401615
2001-05-23,1395.957928
2001-05-24,1388.609788
2001-05-25,1388.335075
2001-05-28,1388.176245
2001-05-29,1379.88703
2001-05-30,1365.851161
2001-05-31,1342.110998
2001-06-01,1346.047093
2001-06-04,1358.272788
2001-06-05,1368.045055
2001-06-06,1378.984567
2001-06-07,1394.273343
2001-06-08,1404.909565
2001-06-11,1392.392619
2001-06-12,1378.866056
2001-06-13,1377.639648
2001-06-14,1373.230971
2001-06-15,1370.166498
2001-06-18,1355.033227
2001-06-19,1352.646615
2001-06-20,1346.654446
2001-06-21,1346.845056
2001-06-22,1349.493768
2001-06-25,1342.00969
2001-06-26,1345.703349
2001-06-27,1336.985894
2001-06-28,1326.382838
2001-06-29,1341.896806
2001-07-02,1332.86624
2001-07-03,1345.877483
2001-07-04,1352.024278
2001-07-05,1328.665048
2001-07-06,1306.187048
2001-07-09,1294.624138
2001-07-10,1309.582109
2001-07-11,1305.984668
2001-07-12,1310.293164
2001-07-13,1309.991861
2001-07-16,1319.483402
2001-07-17,1306.326163
2001-07-18,1314.925134
2001-07-19,1310.967725
2001-07-20,1302.839095
2001-07-23,1301.785129
2001-07-24,1293.285527
2001-07-25,1287.361237
2001-07-26,1275.283251
2001-07-27,1276.153769
2001-07-30,1283.934506
2001-07-31,1304.267205
2001-08-01,1330.867625
2001-08-02,1339.052254
2001-08-03,1326.047065
2001-08-06,1321.329276
2001-08-07,1316.528491
2001-08-08,1309.931306
2001-08-09,1297.471946
2001-08-10,1304.219764
2001-08-13,1295.015201
2001-08-14,1301.670001
2001-08-15,1317.108946
2001-08-16,1308.299673
2001-08-17,1323.597688
2001-08-20,1305.783231
2001-08-21,1307.980236
2001-08-22,1311.222991
2001-08-23,1310.44206
2001-08-24,1309.737713
2001-08-27,1318.566549
2001-08-28,1312.941839
2001-08-29,1310.747052
2001-08-30,1302.604622
2001-08-31,1280.120637
2001-09-03,1278.977865
2001-09-04,1277.917271
2001-09-05,1272.721547
2001-09-06,1255.072842
2001-09-07,1230.916413
2001-09-10,1222.139302
2001-09-11,1234.556763
2001-09-12,1155.351984
2001-09-13,1161.334396
2001-09-14,1149.875952
2001-09-17,1083.725909
2001-09-18,1077.448504
2001-09-19,1087.975191
2001-09-20,1065.819076
2001-09-21,1024.766118
2001-09-24,1042.097309
2001-09-25,1056.272244
2001-09-26,1053.039172
2001-09-27,1068.055669
2001-09-28,1091.04914
2001-10-01,1100.906753
2001-10-02,1112.166459
2001-10-03,1113.424126
2001-10-04,1132.021862
2001-10-05,1156.848323
2001-10-08,1134.723532
2001-10-09,1148.595018
2001-10-10,1137.798459
2001-10-11,1155.187989
2001-10-12,1158.795565
2001-10-15,1169.616398
2001-10-16,1172.57725
2001-10-17,1190.001107
2001-10-18,1160.550965
2001-10-19,1145.599412
2001-10-22,1146.190189
2001-10-23,1165.57271
2001-10-24,1174.268466
2001-10-25,1170.655582
2001-10-26,1174.966239
2001-10-29,1161.839342
2001-10-30,1159.667072
2001-10-31,1156.142854
2001-11-01,1161.254621
2001-11-02,1154.422444
2001-11-05,1161.163019
2001-11-06,1176.703789
2001-11-07,1169.104858
2001-11-08,1182.834773
2001-11-09,1196.449577
2001-11-12,1211.073249
2001-11-13,1208.162849
2001-11-14,1230.086205
2001-11-15,1248.985842
2001-11-16,1248.555682
2001-11-19,1256.012632
2001-11-20,1258.266782
2001-11-21,1250.411724
2001-11-22,1245.091105
2001-11-23,1252.092173
2001-11-26,1261.540786
2001-11-27,1270.892803
2001-11-28,1255.350591
2001-11-29,1248.993777
2001-11-30,1265.069671
2001-12-03,1260.739861
2001-12-04,1271.002382
2001-12-05,1296.359494
2001-12-06,1303.857108
2001-12-07,1310.633451
2001-12-10,1304.574641
2001-12-11,1298.027926
2001-12-12,1301.507261
2001-12-13,1288.265329
2001-12-14,1277.904392
2001-12-17,1277.737317
2001-12-18,1284.851577
2001-12-19,1289.684775
2001-12-20,1283.88389
2001-12-21,1277.548478
2001-12-24,1285.938738
2001-12-25,1285.938738
2001-12-26,1284.875876
2001-12-27,1296.538732
2001-12-28,1304.958226
2001-12-31,1308.071064
2002-01-01,1308.071064
2002-01-02,1315.016349
2002-01-03,1316.368905
2002-01-04,1339.24596
2002-01-07,1354.580904
2002-01-08,1353.727026
2002-01-09,1344.964876
2002-01-10,1342.159437
2002-01-11,1335.329048
2002-01-14,1334.309405
2002-01-15,1324.565292
2002-01-16,1319.240839
2002-01-17,1310.184234
2002-01-18,1308.968426
2002-01-21,1321.123709
2002-01-22,1322.653965
2002-01-23,1323.613862
2002-01-24,1323.556704
2002-01-25,1333.590279
2002-01-28,1336.495432
2002-01-29,1343.377178
2002-01-30,1316.633511
2002-01-31,1325.398888
2002-02-01,1320.198173
2002-02-04,1326.393658
2002-02-05,1314.696953
2002-02-06,1311.07001
2002-02-07,1298.07697
2002-02-08,1314.900516
2002-02-11,1333.628056
2002-02-12,1329.877687
2002-02-13,1327.988192
2002-02-14,1345.231704
2002-02-15,1347.623944
2002-02-18,1349.492466
2002-02-19,1339.125073
2002-02-20,1331.486003
2002-02-21,1329.013383
2002-02-22,1312.3905
2002-02-25,1302.961143
2002-02-26,1306.539323
2002-02-27,1308.297796
2002-02-28,1306.716215
2002-03-01,1308.759774
2002-03-04,1335.281911
2002-03-05,1346.849809
2002-03-06,1348.414713
2002-03-07,1373.680285
2002-03-08,1365.398958
2002-03-11,1364.112744
2002-03-12,1356.073749
2002-03-13,1351.311428
2002-03-14,1357.246302
2002-03-15,1350.117393
2002-03-18,1362.05699
2002-03-19,1365.32776
2002-03-20,1373.924626
2002-03-21,1359.738264
2002-03-22,1359.954315
2002-03-25,1354.337457
2002-03-26,1338.248533
2002-03-27,1352.490812
2002-03-28,1364.047082
2002-03-29,1364.047082
2002-04-01,1363.530209
2002-04-02,1350.014447
2002-04-03,1340.418138
2002-04-04,1340.627456
2002-04-05,1345.626812
2002-04-08,1333.97165
2002-04-09,1327.75823
2002-04-10,1327.226212
2002-04-11,1337.213501
2002-04-12,1335.588405
2002-04-15,1337.151317
2002-04-16,1343.886384
2002-04-17,1367.791611
2002-04-18,1374.000724
2002-04-19,1376.018257
2002-04-22,1376.481864
2002-04-23,1381.921285
2002-04-24,1381.851324
2002-04-25,1382.767687
2002-04-26,1383.638769
2002-04-29,1366.6707
2002-04-30,1370.773411
2002-05-01,1376.861061
2002-05-02,1385.735347
2002-05-03,1390.746726
2002-05-06,1379.834084
2002-05-07,1380.315314
2002-05-08,1383.383823
2002-05-09,1382.469283
2002-05-10,1384.320865
2002-05-13,1381.78416
2002-05-14,1382.283247
2002-05-15,1409.996434
2002-05-16,1411.87479
2002-05-17,1426.734103
2002-05-20,1420.560641
2002-05-21,1413.255189
2002-05-22,1421.307436
2002-05-23,1407.824989
2002-05-24,1409.970214
2002-05-27,1408.412663
2002-05-28,1413.769674
2002-05-29,1410.537625
2002-05-30,1411.117931
2002-05-31,1400.752282
2002-06-03,1409.243072
2002-06-04,1407.128044
2002-06-05,1403.626235
2002-06-06,1408.451792
2002-06-07,1407.77836
2002-06-10,1405.319547
2002-06-11,1395.122984
2002-06-12,1393.835515
2002-06-13,1389.693526
2002-06-14,1360.297722
2002-06-17,1354.152407
2002-06-18,1365.021289
2002-06-19,1352.111425
2002-06-20,1364.377464
2002-06-21,1355.69609
2002-06-24,1351.200115
2002-06-25,1345.604255
2002-06-26,1312.067939
2002-06-27,1326.643238
2002-06-28,1326.616483
2002-07-01,1328.577308
2002-07-02,1325.457861
2002-07-03,1318.966675
2002-07-04,1326.794943
2002-07-05,1338.943384
2002-07-08,1351.905716
2002-07-09,1366.931671
2002-07-10,1354.98288
2002-07-11,1321.614713
2002-07-12,1326.417245
2002-07-15,1327.026471
2002-07-16,1308.037898
2002-07-17,1283.438738
2002-07-18,1295.310719
2002-07-19,1284.715396
2002-07-22,1264.521505
2002-07-23,1265.919462
2002-07-24,1220.480854
2002-07-25,1223.645885
2002-07-26,1196.376652
2002-07-29,1214.941833
2002-07-30,1244.655693
2002-07-31,1246.262328
2002-08-01,1233.752464
2002-08-02,1221.740147
2002-08-05,1191.768717
2002-08-06,1170.006127
2002-08-07,1213.039898
2002-08-08,1212.771702
2002-08-09,1220.070822
2002-08-12,1223.345759
2002-08-13,1232.504612
2002-08-14,1226.357692
2002-08-15,1247.639066
2002-08-16,1253.269931
2002-08-19,1250.625015
2002-08-20,1269.523662
2002-08-21,1266.122412
2002-08-22,1273.065564
2002-08-23,1270.861894
2002-08-26,1266.326337
2002-08-27,1271.887007
2002-08-28,1261.777981
2002-08-29,1255.568453
2002-08-30,1251.080709
2002-09-02,1251.011373
2002-09-03,1246.356357
2002-09-04,1232.593031
2002-09-05,1229.232848
2002-09-06,1229.236638
2002-09-09,1237.529203
2002-09-10,1241.679504
2002-09-11,1251.226475
2002-09-12,1256.701636
2002-09-13,1244.815584
2002-09-16,1236.705022
2002-09-17,1250.779188
2002-09-18,1232.506626
2002-09-19,1229.43606
2002-09-20,1213.130227
2002-09-23,1199.019673
2002-09-24,1190.320957
2002-09-25,1175.099684
2002-09-26,1181.055656
2002-09-27,1188.484615
2002-09-30,1169.001217
2002-10-01,1172.230042
2002-10-02,1176.473687
2002-10-03,1175.973412
2002-10-04,1176.359758
2002-10-07,1165.441898
2002-10-08,1166.285941
2002-10-09,1158.75222
2002-10-10,1143.548761
2002-10-11,1157.836685
2002-10-14,1165.641403
2002-10-15,1191.61529
2002-10-16,1197.251676
2002-10-17,1207.678969
2002-10-18,1213.234636
2002-10-21,1210.653146
2002-10-22,1214.464914
2002-10-23,1229.820677
2002-10-24,1231.877113
2002-10-25,1228.025609
2002-10-28,1246.083067
2002-10-29,1228.500433
2002-10-30,1219.148168
2002-10-31,1233.284486
2002-11-01,1221.047731
2002-11-04,1247.879474
2002-11-05,1246.327556
2002-11-06,1256.9493
2002-11-07,1252.883428
2002-11-08,1242.497055
2002-11-11,1217.819628
2002-11-12,1223.83641
2002-11-13,1217.454648
2002-11-14,1223.623946
2002-11-15,1243.811308
2002-11-18,1240.540361
2002-11-19,1236.924631
2002-11-20,1237.727409
2002-11-21,1249.027208
2002-11-22,1260.666721
2002-11-25,1256.309542
2002-11-26,1248.909813
2002-11-27,1236.408561
2002-11-28,1261.543828
2002-11-29,1262.746594
2002-12-02,1271.113506
2002-12-03,1264.732598
2002-12-04,1245.038729
2002-12-05,1248.756973
2002-12-06,1245.284208
2002-12-09,1240.717738
2002-12-10,1228.548485
2002-12-11,1221.327066
2002-12-12,1234.097812
2002-12-13,1227.9026
2002-12-16,1220.830848
2002-12-17,1234.011763
2002-12-18,1225.156616
2002-12-19,1228.108498
2002-12-20,1228.470628
2002-12-23,1237.202859
2002-12-24,1237.050812
2002-12-25,1237.050812
2002-12-26,1236.506486
2002-12-27,1229.372022
2002-12-30,1217.308524
2002-12-31,1224.08379
2003-01-01,1224.08379
2003-01-02,1228.056356
2003-01-03,1246.269793
2003-01-06,1268.949981
2003-01-07,1264.988282
2003-01-08,1264.380424
2003-01-09,1266.946447
2003-01-10,1277.340007
2003-01-13,1286.674169
2003-01-14,1293.506353
2003-01-15,1295.931629
2003-01-16,1287.890717
2003-01-17,1286.282013
2003-01-20,1282.795368
2003-01-21,1277.00252
2003-01-22,1267.89708
2003-01-23,1275.668773
2003-01-24,1275.380858
2003-01-27,1264.422653
2003-01-28,1246.733748
2003-01-29,1240.99733
2003-01-30,1238.952235
2003-01-31,1235.010407
2003-02-03,1226.569387
2003-02-04,1238.026009
2003-02-05,1226.733318
2003-02-06,1215.402664
2003-02-07,1222.575979
2003-02-10,1221.697327
2003-02-11,1213.345646
2003-02-12,1223.030843
2003-02-13,1206.187326
2003-02-14,1196.259009
2003-02-17,1213.179129
2003-02-18,1214.514554
2003-02-19,1226.379024
2003-02-20,1217.31222
2003-02-21,1216.478102
2003-02-24,1235.130353
2003-02-25,1214.105315
2003-02-26,1223.876287
2003-02-27,1214.159601
2003-02-28,1218.918008
2003-03-03,1238.802909
2003-03-04,1235.09017
2003-03-05,1226.845344
2003-03-06,1218.734539
2003-03-07,1203.223721
2003-03-10,1199.28469
2003-03-11,1179.890504
2003-03-12,1167.225466
2003-03-13,1159.3766
2003-03-14,1184.458884
2003-03-17,1174.921446
2003-03-18,1208.408659
2003-03-19,1220.059707
2003-03-20,1230.434631
2003-03-21,1227.75609
2003-03-24,1225.216961
2003-03-25,1228.471014
2003-03-26,1241.31405
2003-03-27,1239.184288
2003-03-28,1240.408969
2003-03-31,1231.568144
2003-04-01,1228.944932
2003-04-02,1229.528309
2003-04-03,1233.260071
2003-04-04,1249.295922
2003-04-07,1263.338526
2003-04-08,1258.873724
2003-04-09,1244.160392
2003-04-10,1248.068191
2003-04-11,1247.2695
2003-04-14,1238.094201
2003-04-15,1253.962944
2003-04-16,1268.836341
2003-04-17,1262.39525
2003-04-18,1262.39525
2003-04-21,1259.035169
2003-04-22,1276.486685
2003-04-23,1277.309444
2003-04-24,1274.476087
2003-04-25,1268.867106
2003-04-28,1267.149448
2003-04-29,1294.833797
2003-04-30,1298.653358
2003-05-01,1305.133564
2003-05-02,1297.931077
2003-05-05,1310.472191
2003-05-06,1309.725975
2003-05-07,1306.976601
2003-05-08,1313.53467
2003-05-09,1316.266727
2003-05-12,1332.726785
2003-05-13,1333.391838
2003-05-14,1329.942078
2003-05-15,1324.917456
2003-05-16,1329.405185
2003-05-19,1333.698536
2003-05-20,1327.044069
2003-05-21,1330.327962
2003-05-22,1344.187236
2003-05-23,1360.061299
2003-05-26,1371.598984
2003-05-27,1363.169628
2003-05-28,1358.611779
2003-05-29,1360.762534
2003-05-30,1364.499459
2003-06-02,1390.87232
2003-06-03,1388.312656
2003-06-04,1402.838687
2003-06-05,1413.009856
2003-06-06,1411.295212
2003-06-09,1410.117961
2003-06-10,1411.062952
2003-06-11,1425.496216
2003-06-12,1435.267953
2003-06-13,1442.23756
2003-06-16,1442.047328
2003-06-17,1461.078242
2003-06-18,1454.419204
2003-06-19,1455.117172
2003-06-20,1449.223922
2003-06-23,1434.656704
2003-06-24,1420.467236
2003-06-25,1430.792928
2003-06-26,1411.379684
2003-06-27,1419.239386
2003-06-30,1413.939065
2003-07-01,1428.821962
2003-07-02,1433.452382
2003-07-03,1445.122693
2003-07-04,1435.336062
2003-07-07,1445.927848
2003-07-08,1424.765838
2003-07-09,1411.002858
2003-07-10,1416.19596
2003-07-11,1419.912225
2003-07-14,1442.030047
2003-07-15,1432.630734
2003-07-16,1445.066313
2003-07-17,1433.207952
2003-07-18,1421.736925
2003-07-21,1430.653428
2003-07-22,1420.071839
2003-07-23,1434.519745
2003-07-24,1448.415222
2003-07-25,1452.110777
2003-07-28,1466.556951
2003-07-29,1463.816913
2003-07-30,1438.458525
2003-07-31,1438.20772
2003-08-01,1456.469785
2003-08-04,1443.952592
2003-08-05,1435.482788
2003-08-06,1432.963452
2003-08-07,1441.100778
2003-08-08,1448.99551
2003-08-11,1459.913931
2003-08-12,1463.718522
2003-08-13,1476.647764
2003-08-14,1478.022371
2003-08-15,1480.910506
2003-08-18,1489.3187
2003-08-19,1489.209052
2003-08-20,1500.300816
2003-08-21,1500.928366
2003-08-22,1504.228488
2003-08-25,1504.723551
2003-08-26,1488.854689
2003-08-27,1482.098691
2003-08-28,1487.098804
2003-08-29,1504.126453
2003-09-01,1507.671036
2003-09-02,1506.981697
2003-09-03,1509.4328
2003-09-04,1515.404787
2003-09-05,1518.873906
2003-09-08,1528.752915
2003-09-09,1536.448622
2003-09-10,1522.222755
2003-09-11,1524.095745
2003-09-12,1528.186757
2003-09-15,1534.813891
2003-09-16,1534.793415
2003-09-17,1549.168965
2003-09-18,1551.75507
2003-09-19,1550.26745
2003-09-22,1558.474995
2003-09-23,1557.574392
2003-09-24,1584.463541
2003-09-25,1576.562358
2003-09-26,1566.252345
2003-09-29,1557.98046
2003-09-30,1567.670444
2003-10-01,1572.451579
2003-10-02,1603.199992
2003-10-03,1607.713285
2003-10-06,1622.718819
2003-10-07,1631.45466
2003-10-08,1635.319382
2003-10-09,1644.12165
2003-10-10,1650.480395
2003-10-13,1654.585659
2003-10-14,1647.619905
2003-10-15,1655.252439
2003-10-16,1664.384864
2003-10-17,1667.513093
2003-10-20,1668.602218
2003-10-21,1688.242952
2003-10-22,1692.090116
2003-10-23,1652.646611
2003-10-24,1651.024024
2003-10-27,1651.163118
2003-10-28,1661.994463
2003-10-29,1667.365212
2003-10-30,1672.73471
2003-10-31,1678.479647
2003-11-03,1670.940188
2003-11-04,1673.711205
2003-11-05,1682.090276
2003-11-06,1670.989395
2003-11-07,1676.640579
2003-11-10,1677.831156
2003-11-11,1659.253769
2003-11-12,1660.593863
2003-11-13,1681.71502
2003-11-14,1673.060487
2003-11-17,1643.675553
2003-11-18,1655.735458
2003-11-19,1652.960633
2003-11-20,1655.227366
2003-11-21,1648.421962
2003-11-24,1638.603438
2003-11-25,1652.76087
2003-11-26,1666.415812
2003-11-27,1662.001741
2003-11-28,1673.703526
2003-12-01,1681.944443
2003-12-02,1696.558795
2003-12-03,1711.664345
2003-12-04,1713.452483
2003-12-05,1714.796642
2003-12-08,1714.341942
2003-12-09,1714.814818
2003-12-10,1716.54652
2003-12-11,1711.379085
2003-12-12,1731.395706
2003-12-15,1745.253361
2003-12-16,1724.555672
2003-12-17,1721.606296
2003-12-18,1708.127646
2003-12-19,1712.167635
2003-12-22,1722.172728
2003-12-23,1726.983858
2003-12-24,1744.082688
2003-12-25,1744.082688
2003-12-26,1742.24558
2003-12-29,1750.930411
2003-12-30,1771.874404
2003-12-31,1784.295756
2004-01-01,1784.295756
2004-01-02,1799.078201
2004-01-05,1823.400163
2004-01-06,1844.028864
2004-01-07,1837.54259
2004-01-08,1839.228524
2004-01-09,1855.330925
2004-01-12,1856.775533
2004-01-13,1859.764733
2004-01-14,1866.713098
2004-01-15,1845.494018
2004-01-16,1831.018656
2004-01-19,1821.353741
2004-01-20,1857.47793
2004-01-21,1877.060021
2004-01-22,1892.949414
2004-01-23,1893.083815
2004-01-26,1895.017645
2004-01-27,1891.586488
2004-01-28,1861.948449
2004-01-29,1821.892804
2004-01-30,1830.187537
2004-02-02,1817.036829
2004-02-03,1829.656593
2004-02-04,1819.822064
2004-02-05,1824.939077
2004-02-06,1845.041321
2004-02-09,1876.738424
2004-02-10,1877.864403
2004-02-11,1882.929362
2004-02-12,1908.67519
2004-02-13,1917.860735
2004-02-16,1920.041703
2004-02-17,1933.854634
2004-02-18,1939.012895
2004-02-19,1929.358316
2004-02-20,1904.265978
2004-02-23,1890.359537
2004-02-24,1895.297982
2004-02-25,1885.732869
2004-02-26,1883.324987
2004-02-27,1900.440474
2004-03-01,1911.932886
2004-03-02,1902.368792
2004-03-03,1858.359162
2004-03-04,1867.853124
2004-03-05,1894.27577
2004-03-08,1891.946752
2004-03-09,1897.322211
2004-03-10,1860.020866
2004-03-11,1829.729096
2004-03-12,1815.991669
2004-03-15,1823.092888
2004-03-16,1845.35675
2004-03-17,1848.030079
2004-03-18,1865.206162
2004-03-19,1868.432553
2004-03-22,1854.826009
2004-03-23,1852.209819
2004-03-24,1848.160286
2004-03-25,1835.69908
2004-03-26,1852.041061
2004-03-29,1851.813552
2004-03-30,1878.152347
2004-03-31,1892.39397
2004-04-01,1914.108634
2004-04-02,1903.553256
2004-04-05,1898.089159
2004-04-06,1915.377641
2004-04-07,1927.734687
2004-04-08,1921.240474
2004-04-09,1921.240474
2004-04-12,1928.780489
2004-04-13,1906.701922
2004-04-14,1852.834311
2004-04-15,1848.126782
2004-04-16,1856.137513
2004-04-19,1863.466086
2004-04-20,1855.866399
2004-04-21,1835.053104
2004-04-22,1824.867444
2004-04-23,1844.593766
2004-04-26,1834.67239
2004-04-27,1832.964264
2004-04-28,1817.759238
2004-04-29,1785.58953
2004-04-30,1793.334183
2004-05-03,1781.931416
2004-05-04,1810.187248
2004-05-05,1815.830518
2004-05-06,1806.10971
2004-05-07,1759.382921
2004-05-10,1701.822754
2004-05-11,1707.487188
2004-05-12,1724.247369
2004-05-13,1700.663957
2004-05-14,1688.944253
2004-05-17,1663.942718
2004-05-18,1671.75471
2004-05-19,1723.350816
2004-05-20,1701.501703
2004-05-21,1736.702444
2004-05-24,1739.042928
2004-05-25,1746.958241
2004-05-26,1760.008776
2004-05-27,1797.340071
2004-05-28,1791.67257
2004-05-31,1797.451743
2004-06-01,1788.634936
2004-06-02,1777.459774
2004-06-03,1749.383951
2004-06-04,1758.618688
2004-06-07,1800.031621
2004-06-08,1794.291877
2004-06-09,1770.565929
2004-06-10,1785.265624
2004-06-11,1780.087104
2004-06-14,1768.714086
2004-06-15,1760.311719
2004-06-16,1767.551931
2004-06-17,1761.83586
2004-06-18,1768.835636
2004-06-21,1776.913584
2004-06-22,1767.098422
2004-06-23,1772.358239
2004-06-24,1797.240345
2004-06-25,1795.011378
2004-06-28,1799.90286
2004-06-29,1780.545927
2004-06-30,1800.870199
2004-07-01,1814.497337
2004-07-02,1828.509391
2004-07-05,1830.866987
2004-07-06,1845.631065
2004-07-07,1866.891757
2004-07-08,1860.447379
2004-07-09,1860.020518
2004-07-12,1872.650002
2004-07-13,1863.689542
2004-07-14,1844.390255
2004-07-15,1842.932075
2004-07-16,1864.088779
2004-07-19,1870.505892
2004-07-20,1851.700752
2004-07-21,1839.270197
2004-07-22,1831.213761
2004-07-23,1811.307892
2004-07-26,1812.292206
2004-07-27,1802.461555
2004-07-28,1799.718609
2004-07-29,1798.008881
2004-07-30,1816.361172
2004-08-02,1824.289918
2004-08-03,1835.588198
2004-08-04,1829.700297
2004-08-05,1833.142237
2004-08-06,1849.695657
2004-08-09,1846.411476
2004-08-10,1840.138095
2004-08-11,1833.11205
2004-08-12,1829.624915
2004-08-13,1829.870391
2004-08-16,1826.463883
2004-08-17,1825.588039
2004-08-18,1826.163889
2004-08-19,1856.318481
2004-08-20,1859.490086
2004-08-23,1864.737641
2004-08-24,1851.247511
2004-08-25,1853.677349
2004-08-26,1851.133638
2004-08-27,1861.324952
2004-08-30,1854.169491
2004-08-31,1870.069014
2004-09-01,1882.797498
2004-09-02,1873.515375
2004-09-03,1857.246904
2004-09-06,1867.128206
2004-09-07,1880.2079
2004-09-08,1877.85097
2004-09-09,1864.183184
2004-09-10,1890.079767
2004-09-13,1895.626764
2004-09-14,1918.594241
2004-09-15,1902.844557
2004-09-16,1913.614359
2004-09-17,1911.639007
2004-09-20,1916.192961
2004-09-21,1922.070961
2004-09-22,1934.473938
2004-09-23,1945.064236
2004-09-24,1927.070739
2004-09-27,1928.224006
2004-09-28,1935.514901
2004-09-29,1941.339247
2004-09-30,1969.15505
2004-10-01,1966.350425
2004-10-04,1981.922239
2004-10-05,1991.453143
2004-10-06,1989.482271
2004-10-07,1994.145262
2004-10-08,2002.066306
2004-10-11,2004.338388
2004-10-12,1998.862945
2004-10-13,1984.568612
2004-10-14,1988.921389
2004-10-15,1995.827018
2004-10-18,1979.444414
2004-10-19,1991.802371
2004-10-20,1991.816416
2004-10-21,1997.335548
2004-10-22,1998.027645
2004-10-25,1995.128619
2004-10-26,2003.894454
2004-10-27,2023.181225
2004-10-28,2045.264148
2004-10-29,2046.003783
2004-11-01,2052.125083
2004-11-02,2061.760216
2004-11-03,2100.953259
2004-11-04,2103.561519
2004-11-05,2114.734232
2004-11-08,2104.751286
2004-11-09,2107.191163
2004-11-10,2116.884997
2004-11-11,2127.145712
2004-11-12,2144.611542
2004-11-15,2163.075641
2004-11-16,2158.634053
2004-11-17,2179.281416
2004-11-18,2172.320104
2004-11-19,2186.055599
2004-11-22,2171.977452
2004-11-23,2197.556542
2004-11-24,2211.117347
2004-11-25,2229.63324
2004-11-26,2224.466484
2004-11-29,2229.491254
2004-11-30,2210.563144
2004-12-01,2201.266915
2004-12-02,2222.672365
2004-12-03,2221.15262
2004-12-06,2224.034108
2004-12-07,2211.082831
2004-12-08,2152.189161
2004-12-09,2138.194192
2004-12-10,2138.23333
2004-12-13,2156.285919
2004-12-14,2172.596114
2004-12-15,2196.306503
2004-12-16,2188.244365
2004-12-17,2199.359541
2004-12-20,2221.05188
2004-12-21,2227.672734
2004-12-22,2232.327972
2004-12-23,2240.698991
2004-12-24,2256.913694
2004-12-27,2266.353716
2004-12-28,2271.174821
2004-12-29,2265.085573
2004-12-30,2276.128947
2004-12-31,2292.104989
2005-01-03,2276.94563
2005-01-04,2255.148887
2005-01-05,2233.178404
2005-01-06,2219.179653
2005-01-07,2220.97316
2005-01-10,2228.790843
2005-01-11,2236.357777
2005-01-12,2249.622777
2005-01-13,2246.450501
2005-01-14,2225.622794
2005-01-17,2234.669928
2005-01-18,2224.843121
2005-01-19,2234.418387
2005-01-20,2220.951009
2005-01-21,2232.434234
2005-01-24,2233.031954
2005-01-25,2235.371445
2005-01-26,2261.320573
2005-01-27,2279.16807
2005-01-28,2276.603725
2005-01-31,2285.345164
2005-02-01,2280.861439
2005-02-02,2294.372546
2005-02-03,2286.693778
2005-02-04,2299.524776
2005-02-07,2317.640067
2005-02-08,2298.893457
2005-02-09,2303.865188
2005-02-10,2336.981406
2005-02-11,2338.721513
2005-02-14,2347.776877
2005-02-15,2337.179102
2005-02-16,2334.651986
2005-02-17,2352.217406
2005-02-18,2357.879477
2005-02-21,2366.927464
2005-02-22,2368.44646
2005-02-23,2337.377929
2005-02-24,2333.470316
2005-02-25,2348.466836
2005-02-28,2388.46608
2005-03-01,2376.738922
2005-03-02,2367.463156
2005-03-03,2376.605586
2005-03-04,2394.110822
2005-03-07,2403.849316
2005-03-08,2422.91887
2005-03-09,2418.099495
2005-03-10,2398.330074
2005-03-11,2397.504807
2005-03-14,2396.167873
2005-03-15,2393.364248
2005-03-16,2414.912478
2005-03-17,2407.265523
2005-03-18,2411.2566
2005-03-21,2409.538284
2005-03-22,2400.078754
2005-03-23,2331.554
2005-03-24,2313.232012
2005-03-25,2313.232012
2005-03-28,2305.265151
2005-03-29,2286.664773
2005-03-30,2291.937624
2005-03-31,2300.900495
2005-04-01,2310.807104
2005-04-04,2294.648594
2005-04-05,2301.403268
2005-04-06,2293.309194
2005-04-07,2310.677535
2005-04-08,2329.979443
2005-04-11,2329.040121
2005-04-12,2329.265325
2005-04-13,2340.561196
2005-04-14,2306.498168
2005-04-15,2272.870602
2005-04-18,2226.880461
2005-04-19,2262.708459
2005-04-20,2278.147832
2005-04-21,2285.121098
2005-04-22,2308.003406
2005-04-25,2302.786605
2005-04-26,2304.904111
2005-04-27,2300.751811
2005-04-28,2304.081038
2005-04-29,2298.118086
2005-05-02,2305.599769
2005-05-03,2287.755673
2005-05-04,2283.463782
2005-05-05,2297.040506
2005-05-06,2299.416799
2005-05-09,2297.424941
2005-05-10,2302.171795
2005-05-11,2304.627546
2005-05-12,2298.934317
2005-05-13,2277.216585
2005-05-16,2247.933812
2005-05-17,2238.795709
2005-05-18,2253.377988
2005-05-19,2275.183788
2005-05-20,2268.911053
2005-05-23,2292.622288
2005-05-24,2308.9459
2005-05-25,2297.01209
2005-05-26,2291.995164
2005-05-27,2307.87515
2005-05-30,2319.348531
2005-05-31,2296.51855
2005-06-01,2301.677509
2005-06-02,2325.064462
2005-06-03,2336.808589
2005-06-06,2358.411642
2005-06-07,2368.278665
2005-06-08,2377.417891
2005-06-09,2368.936011
2005-06-10,2363.789882
2005-06-13,2361.17107
2005-06-14,2370.105475
2005-06-15,2384.174294
2005-06-16,2399.114738
2005-06-17,2437.411784
2005-06-20,2429.277014
2005-06-21,2432.786789
2005-06-22,2435.075091
2005-06-23,2420.205385
2005-06-24,2404.328205
2005-06-27,2398.856803
2005-06-28,2409.131392
2005-06-29,2397.790314
2005-06-30,2405.686339
2005-07-01,2379.165737
2005-07-04,2382.873204
2005-07-05,2367.419458
2005-07-06,2364.299048
2005-07-07,2339.120549
2005-07-08,2340.091673
2005-07-11,2372.801161
2005-07-12,2393.622069
2005-07-13,2386.998412
2005-07-14,2412.772802
2005-07-15,2407.007547
2005-07-18,2420.779569
2005-07-19,2408.137761
2005-07-20,2430.968196
2005-07-21,2472.641731
2005-07-22,2499.397972
2005-07-25,2488.198171
2005-07-26,2476.109596
2005-07-27,2476.170267
2005-07-28,2474.852227
2005-07-29,2493.199234
2005-08-01,2496.486362
2005-08-02,2513.092108
2005-08-03,2522.900205
2005-08-04,2528.873979
2005-08-05,2513.984622
2005-08-08,2522.201843
2005-08-09,2510.17343
2005-08-10,2528.850473
2005-08-11,2561.038853
2005-08-12,2562.156209
2005-08-15,2546.908373
2005-08-16,2558.89334
2005-08-17,2543.739526
2005-08-18,2505.501556
2005-08-19,2498.790552
2005-08-22,2532.607073
2005-08-23,2514.931987
2005-08-24,2497.304129
2005-08-25,2496.166223
2005-08-26,2511.191062
2005-08-29,2469.795459
2005-08-30,2476.628451
2005-08-31,2489.703074
2005-09-01,2547.108164
2005-09-02,2548.003558
2005-09-05,2553.075262
2005-09-06,2550.64531
2005-09-07,2566.784303
2005-09-08,2567.011932
2005-09-09,2573.114999
2005-09-12,2572.417201
2005-09-13,2567.995626
2005-09-14,2588.5248
2005-09-15,2573.385778
2005-09-16,2582.995802
2005-09-19,2581.334597
2005-09-20,2606.596702
2005-09-21,2597.837664
2005-09-22,2580.389896
2005-09-23,2565.697339
2005-09-26,2593.608336
2005-09-27,2589.446212
2005-09-28,2596.597564
2005-09-29,2627.495312
2005-09-30,2628.398697
2005-10-03,2621.870184
2005-10-04,2629.49284
2005-10-05,2568.217548
2005-10-06,2523.11444
2005-10-07,2518.578935
2005-10-10,2537.708785
2005-10-11,2510.758332
2005-10-12,2517.273153
2005-10-13,2486.165726
2005-10-14,2483.817773
2005-10-17,2484.975042
2005-10-18,2489.63949
2005-10-19,2449.796864
2005-10-20,2461.066485
2005-10-21,2450.659905
2005-10-24,2439.963405
2005-10-25,2462.961427
2005-10-26,2483.144496
2005-10-27,2480.456415
2005-10-28,2440.283737
2005-10-31,2471.302019
2005-11-01,2481.389431
2005-11-02,2471.494201
2005-11-03,2495.625994
2005-11-04,2472.413703
2005-11-07,2464.089104
2005-11-08,2485.244287
2005-11-09,2477.335389
2005-11-10,2475.70195
2005-11-11,2495.879699
2005-11-14,2492.672095
2005-11-15,2493.707734
2005-11-16,2503.126861
2005-11-17,2522.174053
2005-11-18,2538.659664
2005-11-21,2543.09607
2005-11-22,2526.918071
2005-11-23,2546.431305
2005-11-24,2568.578427
2005-11-25,2555.12484
2005-11-28,2566.810395
2005-11-29,2557.044148
2005-11-30,2555.113616
2005-12-01,2541.601142
2005-12-02,2574.775601
2005-12-05,2585.189377
2005-12-06,2582.87585
2005-12-07,2575.510387
2005-12-08,2553.05401
2005-12-09,2564.147364
2005-12-12,2587.13429
2005-12-13,2575.82618
2005-12-14,2596.632996
2005-12-15,2581.921607
2005-12-16,2574.184791
2005-12-19,2588.494522
2005-12-20,2576.157933
2005-12-21,2590.142191
2005-12-22,2582.186471
2005-12-23,2585.338725
2005-12-26,2585.338725
2005-12-27,2582.154978
2005-12-28,2602.22585
2005-12-29,2612.642711
2005-12-30,2608.75245
2006-01-02,2608.75245
2006-01-03,2627.223074
2006-01-04,2674.951327
2006-01-05,2680.600689
2006-01-06,2688.144284
2006-01-09,2713.797677
2006-01-10,2708.748214
2006-01-11,2725.581678
2006-01-12,2720.581887
2006-01-13,2721.625545
2006-01-16,2720.766642
2006-01-17,2717.435887
2006-01-18,2678.645388
2006-01-19,2703.198272
2006-01-20,2709.949528
2006-01-23,2698.432357
2006-01-24,2703.224518
2006-01-25,2725.884089
2006-01-26,2732.354867
2006-01-27,2758.384953
2006-01-30,2761.523944
2006-01-31,2775.581236
2006-02-01,2782.711617
2006-02-02,2759.641798
2006-02-03,2724.590864
2006-02-06,2730.821559
2006-02-07,2725.217925
2006-02-08,2683.00527
2006-02-09,2703.097738
2006-02-10,2697.088846
2006-02-13,2676.652321
2006-02-14,2695.785506
2006-02-15,2691.266858
2006-02-16,2674.981657
2006-02-17,2668.40719
2006-02-20,2701.216333
2006-02-21,2712.11391
2006-02-22,2704.424725
2006-02-23,2734.111078
2006-02-24,2728.244763
2006-02-27,2744.412693
2006-02-28,2753.999608
2006-03-01,2731.71907
2006-03-02,2760.568402
2006-03-03,2749.381261
2006-03-06,2749.649497
2006-03-07,2709.142862
2006-03-08,2702.727523
2006-03-09,2716.493879
2006-03-10,2700.458405
2006-03-13,2735.125324
2006-03-14,2736.677646
2006-03-15,2755.012818
2006-03-16,2758.746808
2006-03-17,2743.701399
2006-03-20,2743.657096
2006-03-21,2721.117712
2006-03-22,2731.440383
2006-03-23,2730.911675
2006-03-24,2724.850716
2006-03-27,2741.027737
2006-03-28,2749.603947
2006-03-29,2733.104982
2006-03-30,2772.846203
2006-03-31,2776.021443
2006-04-03,2817.074343
2006-04-04,2818.735722
2006-04-05,2855.957112
2006-04-06,2894.287617
2006-04-07,2887.885098
2006-04-10,2873.261625
2006-04-11,2898.781739
2006-04-12,2871.660482
2006-04-13,2858.819384
2006-04-14,2858.819384
2006-04-17,2894.356403
2006-04-18,2924.914032
2006-04-19,2968.3037
2006-04-20,2943.828642
2006-04-21,2957.408423
2006-04-24,2959.20146
2006-04-25,2958.540757
2006-04-26,3002.606618
2006-04-27,3008.270807
2006-04-28,3000.100889
2006-05-01,3028.053905
2006-05-02,3030.774471
2006-05-03,3059.427317
2006-05-04,3028.946006
2006-05-05,3049.482749
2006-05-08,3082.04746
2006-05-09,3082.009099
2006-05-10,3093.083839
2006-05-11,3102.545186
2006-05-12,3076.598077
2006-05-15,2983.580518
2006-05-16,2985.483265
2006-05-17,2983.625704
2006-05-18,2937.068489
2006-05-19,2895.345446
2006-05-22,2839.057655
2006-05-23,2846.92623
2006-05-24,2842.405301
2006-05-25,2822.920578
2006-05-26,2867.099386
2006-05-29,2894.037539
2006-05-30,2900.101599
2006-05-31,2822.71643
2006-06-01,2822.720753
2006-06-02,2852.779746
2006-06-05,2870.644703
2006-06-06,2812.665571
2006-06-07,2791.384093
2006-06-08,2728.303958
2006-06-09,2779.440891
2006-06-12,2771.636675
2006-06-13,2681.50732
2006-06-14,2683.413115
2006-06-15,2693.963304
2006-06-16,2756.53817
2006-06-19,2720.514617
2006-06-20,2698.232643
2006-06-21,2715.158917
2006-06-22,2758.737072
2006-06-23,2734.80758
2006-06-26,2735.878696
2006-06-27,2756.818956
2006-06-28,2716.808747
2006-06-29,2755.127
2006-06-30,2839.88763
2006-07-03,2850.766764
2006-07-04,2866.868996
2006-07-05,2837.736478
2006-07-06,2865.948111
2006-07-07,2889.948378
2006-07-10,2884.46053
2006-07-11,2870.583494
2006-07-12,2881.962263
2006-07-13,2863.158729
2006-07-14,2800.396418
2006-07-17,2772.094048
2006-07-18,2761.546479
2006-07-19,2752.162952
2006-07-20,2818.265803
2006-07-21,2807.090993
2006-07-24,2795.455293
2006-07-25,2830.283452
2006-07-26,2822.921707
2006-07-27,2876.036743
2006-07-28,2859.884231
2006-07-31,2874.070152
2006-08-01,2859.843281
2006-08-02,2853.801131
2006-08-03,2869.737046
2006-08-04,2863.29318
2006-08-07,2863.18216
2006-08-08,2883.177661
2006-08-09,2880.08765
2006-08-10,2874.080113
2006-08-11,2875.63333
2006-08-14,2871.183072
2006-08-15,2867.958389
2006-08-16,2901.656746
2006-08-17,2926.665431
2006-08-18,2917.981282
2006-08-21,2927.24875
2006-08-22,2935.90288
2006-08-23,2935.415175
2006-08-24,2889.190802
2006-08-25,2883.257477
2006-08-28,2885.689969
2006-08-29,2918.935613
2006-08-30,2937.058744
2006-08-31,2962.93463
2006-09-01,2963.446191
2006-09-04,3001.540903
2006-09-05,3004.240644
2006-09-06,2976.798546
2006-09-07,2949.758257
2006-09-08,2937.415133
2006-09-11,2891.652778
2006-09-12,2882.227632
2006-09-13,2902.309471
2006-09-14,2931.455336
2006-09-15,2915.338694
2006-09-18,2940.140457
2006-09-19,2942.920545
2006-09-20,2912.385823
2006-09-21,2922.245279
2006-09-22,2899.565765
2006-09-25,2892.869799
2006-09-26,2890.824956
2006-09-27,2937.827068
2006-09-28,2940.479042
2006-09-29,2951.246035
2006-10-02,2968.335818
2006-10-03,2965.002025
2006-10-04,2945.819208
2006-10-05,2993.917572
2006-10-06,2985.896401
2006-10-09,2970.495201
2006-10-10,2995.062697
2006-10-11,3011.68789
2006-10-12,3014.654086
2006-10-13,3032.673698
2006-10-16,3051.172621
2006-10-17,3035.408672
2006-10-18,3051.663998
2006-10-19,3054.68871
2006-10-20,3081.767736
2006-10-23,3081.207999
2006-10-24,3075.206148
2006-10-25,3098.206421
2006-10-26,3128.494085
2006-10-27,3130.718187
2006-10-30,3145.854789
2006-10-31,3153.691981
2006-11-01,3180.229012
2006-11-02,3177.19618
2006-11-03,3174.428349
2006-11-06,3185.893857
2006-11-07,3228.990216
2006-11-08,3194.109198
2006-11-09,3177.589574
2006-11-10,3186.821157
2006-11-13,3166.204777
2006-11-14,3184.390583
2006-11-15,3190.550077
2006-11-16,3191.749576
2006-11-17,3207.720759
2006-11-20,3159.680932
2006-11-21,3184.944816
2006-11-22,3247.59085
2006-11-23,3256.837425
2006-11-24,3255.108285
2006-11-27,3259.617481
2006-11-28,3215.524268
2006-11-29,3264.014841
2006-11-30,3301.273992
2006-12-01,3278.263211
2006-12-04,3272.947596
2006-12-05,3281.241754
2006-12-06,3310.019871
2006-12-07,3312.341241
2006-12-08,3287.116321
2006-12-11,3294.23392
2006-12-12,3298.693086
2006-12-13,3303.461009
2006-12-14,3344.858366
2006-12-15,3352.764496
2006-12-18,3354.978183
2006-12-19,3338.714127
2006-12-20,3380.18136
2006-12-21,3364.225702
2006-12-22,3379.169819
2006-12-25,3379.169819
2006-12-26,3373.806153
2006-12-27,3400.078237
2006-12-28,3430.469914
2006-12-29,3444.085215
2007-01-01,3444.085215
2007-01-02,3480.243021
2007-01-03,3465.650231
2007-01-04,3399.797443
2007-01-05,3387.625261
2007-01-08,3363.028652
2007-01-09,3400.109941
2007-01-10,3343.665563
2007-01-11,3372.550242
2007-01-12,3421.988843
2007-01-15,3459.217994
2007-01-16,3449.277881
2007-01-17,3454.340114
2007-01-18,3479.337384
2007-01-19,3484.877277
2007-01-22,3532.750759
2007-01-23,3539.001736
2007-01-24,3514.700899
2007-01-25,3495.454907
2007-01-26,3466.830074
2007-01-29,3467.353063
2007-01-30,3493.251776
2007-01-31,3475.939959
2007-02-01,3512.121715
2007-02-02,3537.789165
2007-02-05,3534.126394
2007-02-06,3560.926203
2007-02-07,3585.092193
2007-02-08,3590.845035
2007-02-09,3589.300464
2007-02-12,3564.7833
2007-02-13,3559.200209
2007-02-14,3602.593164
2007-02-15,3639.182295
2007-02-16,3623.605347
2007-02-19,3645.299107
2007-02-20,3643.432722
2007-02-21,3644.331876
2007-02-22,3673.636913
2007-02-23,3688.558331
2007-02-26,3701.316013
2007-02-27,3657.014511
2007-02-28,3535.183185
2007-03-01,3506.05954
2007-03-02,3492.706537
2007-03-05,3369.464322
2007-03-06,3439.368006
2007-03-07,3473.984378
2007-03-08,3487.436901
2007-03-09,3514.606496
2007-03-12,3563.875325
2007-03-13,3558.189406
2007-03-14,3468.91049
2007-03-15,3532.981088
2007-03-16,3538.775195
2007-03-19,3577.056381
2007-03-20,3592.715771
2007-03-21,3600.769777
2007-03-22,3680.486697
2007-03-23,3670.292585
2007-03-26,3703.092806
2007-03-27,3689.136033
2007-03-28,3653.545071
2007-03-29,3683.577411
2007-03-30,3697.376456
2007-04-02,3695.690695
2007-04-03,3747.958615
2007-04-04,3811.904242
2007-04-05,3812.021853
2007-04-06,3812.021853
2007-04-09,3810.312486
2007-04-10,3874.436253
2007-04-11,3876.774834
2007-04-12,3872.155014
2007-04-13,3874.239404
2007-04-16,3920.828054
2007-04-17,3929.554844
2007-04-18,3944.85045
2007-04-19,3879.968329
2007-04-20,3919.34024
2007-04-23,3922.187768
2007-04-24,3893.823423
2007-04-25,3911.968883
2007-04-26,3906.372352
2007-04-27,3892.824932
2007-04-30,3884.835512
2007-05-01,3858.531422
2007-05-02,3902.951505
2007-05-03,3918.479981
2007-05-04,3949.562003
2007-05-07,3982.708897
2007-05-08,3963.077425
2007-05-09,3990.797756
2007-05-10,4007.407124
2007-05-11,3965.947003
2007-05-14,4012.679331
2007-05-15,3981.683828
2007-05-16,3962.417723
2007-05-17,3987.794536
2007-05-18,3963.624992
2007-05-21,3977.632712
2007-05-22,3965.977862
2007-05-23,3992.568312
2007-05-24,3940.920777
2007-05-25,3909.096471
2007-05-28,3911.716054
2007-05-29,3939.568765
2007-05-30,3906.453955
2007-05-31,3961.639283
2007-06-01,3988.803027
2007-06-04,4030.645311
2007-06-05,4036.589721
2007-06-06,4034.348973
2007-06-07,4032.310415
2007-06-08,3969.585127
2007-06-11,3972.075141
2007-06-12,3975.804139
2007-06-13,3942.91954
2007-06-14,3975.479648
2007-06-15,4009.67525
2007-06-18,4060.066387
2007-06-19,4083.530061
2007-06-20,4101.738942
2007-06-21,4105.895318
2007-06-22,4101.022828
2007-06-25,4071.894573
2007-06-26,4051.643855
2007-06-27,3958.559022
2007-06-28,4036.58597
2007-06-29,4048.450368
2007-07-02,4077.193834
2007-07-03,4095.189235
2007-07-04,4110.90095
2007-07-05,4140.930768
2007-07-06,4153.76199
2007-07-09,4207.503132
2007-07-10,4195.00163
2007-07-11,4169.613596
2007-07-12,4195.170828
2007-07-13,4233.03292
2007-07-16,4231.895438
2007-07-17,4245.131567
2007-07-18,4221.210634
2007-07-19,4264.431144
2007-07-20,4303.676076
2007-07-23,4297.299791
2007-07-24,4323.212122
2007-07-25,4274.480934
2007-07-26,4201.849182
2007-07-27,4017.193778
2007-07-30,4021.694601
2007-07-31,4068.599099
2007-08-01,3923.758573
2007-08-02,3968.542949
2007-08-03,3972.355959
2007-08-06,3890.340178
2007-08-07,3913.24558
2007-08-08,4035.985361
2007-08-09,4034.825536
2007-08-10,3877.9337
2007-08-13,3911.003494
2007-08-14,3879.422254
2007-08-15,3727.727366
2007-08-16,3529.952202
2007-08-17,3511.277128
2007-08-20,3729.390549
2007-08-21,3748.370504
2007-08-22,3796.551088
2007-08-23,3941.281373
2007-08-24,3918.402888
2007-08-27,4003.785914
2007-08-28,3965.529893
2007-08-29,3898.8214
2007-08-30,3935.358083
2007-08-31,3996.63985
2007-09-03,4022.460121
2007-09-04,4051.185604
2007-09-05,4056.707041
2007-09-06,4071.618558
2007-09-07,4084.87575
2007-09-10,4036.986726
2007-09-11,4090.82301
2007-09-12,4137.890907
2007-09-13,4154.148636
2007-09-14,4213.035929
2007-09-17,4157.11962
2007-09-18,4115.328226
2007-09-19,4311.723123
2007-09-20,4360.147077
2007-09-21,4346.275989
2007-09-24,4430.501688
2007-09-25,4439.666393
2007-09-26,4470.078345
2007-09-27,4541.447222
2007-09-28,4578.399873
2007-10-01,4604.596168
2007-10-02,4660.180563
2007-10-03,4645.895976
2007-10-04,4587.734445
2007-10-05,4676.512512
2007-10-08,4688.681464
2007-10-09,4733.329999
2007-10-10,4764.379312
2007-10-11,4824.71529
2007-10-12,4797.834672
2007-10-15,4797.701736
2007-10-16,4671.199935
2007-10-17,4705.25111
2007-10-18,4759.447387
2007-10-19,4707.456773
2007-10-22,4556.810081
2007-10-23,4677.282605
2007-10-24,4677.670505
2007-10-25,4735.040651
2007-10-26,4849.131111
2007-10-29,4962.359782
2007-10-30,4919.91381
2007-10-31,4934.767991
2007-11-01,4942.812316
2007-11-02,4825.530597
2007-11-05,4732.270371
2007-11-06,4801.413459
2007-11-07,4889.836045
2007-11-08,4756.742665
2007-11-09,4708.481831
2007-11-12,4510.110073
2007-11-13,4585.167438
2007-11-14,4693.486349
2007-11-15,4597.215266
2007-11-16,4517.531864
2007-11-19,4544.067044
2007-11-20,4511.17363
2007-11-21,4373.270021
2007-11-22,4332.56116
2007-11-23,4350.017754
2007-11-26,4485.815403
2007-11-27,4447.788473
2007-11-28,4456.949818
2007-11-29,4537.07403
2007-11-30,4606.532232
2007-12-03,4608.309438
2007-12-04,4586.047062
2007-12-05,4581.071277
2007-12-06,4633.650945
2007-12-07,4653.377273
2007-12-10,4648.042747
2007-12-11,4717.198844
2007-12-12,4657.151514
2007-12-13,4589.228841
2007-12-14,4493.78387
2007-12-17,4307.381833
2007-12-18,4313.87115
2007-12-19,4309.365532
2007-12-20,4285.523043
2007-12-21,4396.311031
2007-12-24,4455.732881
2007-12-25,4455.732881
2007-12-26,4467.810294
2007-12-27,4483.071946
2007-12-28,4464.408241
2007-12-31,4502.333046
2008-01-01,4502.333046
2008-01-02,4506.335612
2008-01-03,4457.03375
2008-01-04,4466.261461
2008-01-07,4370.31311
2008-01-08,4380.642068
2008-01-09,4378.76231
2008-01-10,4371.144968
2008-01-11,4327.425288
2008-01-14,4325.329637
2008-01-15,4266.109482
2008-01-16,4088.166605
2008-01-17,4124.871828
2008-01-18,4090.992108
2008-01-21,3882.541924
2008-01-22,3666.89284
2008-01-23,3842.632488
2008-01-24,3952.38516
2008-01-25,4168.422345
2008-01-28,4121.369789
2008-01-29,4072.732958
2008-01-30,4015.099237
2008-01-31,4045.54936
2008-02-01,4167.920577
2008-02-04,4232.879901
2008-02-05,4145.232581
2008-02-06,3998.343541
2008-02-07,3978.820238
2008-02-08,4015.383002
2008-02-11,3939.534366
2008-02-12,4006.331054
2008-02-13,3933.433202
2008-02-14,4072.252429
2008-02-15,4056.522154
2008-02-18,4038.986572
2008-02-19,4100.434363
2008-02-20,3993.538435
2008-02-21,4042.42887
2008-02-22,4024.721835
2008-02-25,4076.40101
2008-02-26,4132.488689
2008-02-27,4238.898593
2008-02-28,4209.993057
2008-02-29,4118.057405
2008-03-03,4013.668695
2008-03-04,3968.537942
2008-03-05,3973.136664
2008-03-06,4004.828588
2008-03-07,3876.951707
2008-03-10,3801.670879
2008-03-11,3815.550983
2008-03-12,3921.340378
2008-03-13,3837.999717
2008-03-14,3864.954461
2008-03-17,3706.991291
2008-03-18,3746.67688
2008-03-19,3850.837969
2008-03-20,3679.329095
2008-03-21,3679.329095
2008-03-24,3723.244061
2008-03-25,3889.924923
2008-03-26,3943.034597
2008-03-27,3943.642698
2008-03-28,3942.226028
2008-03-31,3916.157498
2008-04-01,3902.237039
2008-04-02,4034.428377
2008-04-03,4110.247968
2008-04-04,4134.238075
2008-04-07,4159.064091
2008-04-08,4125.931656
2008-04-09,4086.731377
2008-04-10,4066.473303
2008-04-11,4077.802397
2008-04-14,3974.470398
2008-04-15,4010.505025
2008-04-16,4094.142474
2008-04-17,4123.52909
2008-04-18,4047.89326
2008-04-21,4206.238119
2008-04-22,4207.687835
2008-04-23,4271.240717
2008-04-24,4221.961411
2008-04-25,4201.044542
2008-04-28,4225.95315
2008-04-29,4219.516164
2008-04-30,4232.429556
2008-05-01,4196.225241
2008-05-02,4302.535974
2008-05-05,4350.849185
2008-05-06,4345.488352
2008-05-07,4291.983817
2008-05-08,4304.885531
2008-05-09,4312.810926
2008-05-12,4365.190981
2008-05-13,4355.549296
2008-05-14,4366.180647
2008-05-15,4389.026446
2008-05-16,4454.435358
2008-05-19,4475.930985
2008-05-20,4447.216666
2008-05-21,4421.90524
2008-05-22,4387.915331
2008-05-23,4361.833607
2008-05-26,4318.748693
2008-05-27,4321.961207
2008-05-28,4296.654298
2008-05-29,4318.587358
2008-05-30,4294.271857
2008-06-02,4302.689638
2008-06-03,4236.668619
2008-06-04,4260.934515
2008-06-05,4224.442127
2008-06-06,4281.394724
2008-06-09,4246.397188
2008-06-10,4106.540696
2008-06-11,4123.734467
2008-06-12,3992.318623
2008-06-13,4014.77424
2008-06-16,4039.524343
2008-06-17,4076.237624
2008-06-18,4098.116006
2008-06-19,4046.231575
2008-06-20,4021.805897
2008-06-23,4003.561837
2008-06-24,4020.99686
2008-06-25,3989.039819
2008-06-26,4029.495694
2008-06-27,3987.236843
2008-06-30,3974.177223
2008-07-01,3904.510905
2008-07-02,3890.271453
2008-07-03,3814.550328
2008-07-04,3876.004419
2008-07-07,3825.927084
2008-07-08,3751.634357
2008-07-09,3822.623918
2008-07-10,3794.57402
2008-07-11,3847.096872
2008-07-14,3816.548458
2008-07-15,3746.302774
2008-07-16,3761.235881
2008-07-17,3804.071457
2008-07-18,3759.250017
2008-07-21,3895.792059
2008-07-22,3876.864592
2008-07-23,3929.417088
2008-07-24,3942.297876
2008-07-25,3819.820604
2008-07-28,3788.961576
2008-07-29,3713.736729
2008-07-30,3758.650055
2008-07-31,3774.27768
2008-08-01,3708.425191
2008-08-04,3687.708542
2008-08-05,3592.230375
2008-08-06,3654.57725
2008-08-07,3654.239519
2008-08-08,3599.121311
2008-08-11,3624.066105
2008-08-12,3610.461784
2008-08-13,3535.056307
2008-08-14,3559.195423
2008-08-15,3522.267364
2008-08-18,3528.670669
2008-08-19,3439.338186
2008-08-20,3494.271591
2008-08-21,3469.545354
2008-08-22,3470.439996
2008-08-25,3525.802101
2008-08-26,3488.965997
2008-08-27,3509.445847
2008-08-28,3543.249447
2008-08-29,3585.79512
2008-09-01,3525.060902
2008-09-02,3499.576307
2008-09-03,3439.741227
2008-09-04,3385.875454
2008-09-05,3255.046915
2008-09-08,3422.831417
2008-09-09,3335.645792
2008-09-10,3276.725436
2008-09-11,3171.692257
2008-09-12,3287.057654
2008-09-15,3216.701637
2008-09-16,3107.142924
2008-09-17,3066.894466
2008-09-18,3032.921762
2008-09-19,3245.44347
2008-09-22,3417.299123
2008-09-23,3319.146376
2008-09-24,3331.67954
2008-09-25,3293.380346
2008-09-26,3252.765377
2008-09-29,3132.746125
2008-09-30,2972.804131
2008-10-01,3064.228846
2008-10-02,3001.54715
2008-10-03,2961.434824
2008-10-06,2687.757625
2008-10-07,2736.982945
2008-10-08,2455.959169
2008-10-09,2539.749991
2008-10-10,2226.532135
2008-10-13,2419.790399
2008-10-14,2569.089273
2008-10-15,2482.946153
2008-10-16,2283.976615
2008-10-17,2298.321124
2008-10-20,2420.546295
2008-10-21,2459.270515
2008-10-22,2334.010863
2008-10-23,2209.507299
2008-10-24,2015.742257
2008-10-27,1927.372529
2008-10-28,2021.970836
2008-10-29,2144.738146
2008-10-30,2268.706963
2008-10-31,2229.214414
2008-11-03,2382.456784
2008-11-04,2418.013675
2008-11-05,2496.232119
2008-11-06,2340.646947
2008-11-07,2315.843512
2008-11-10,2372.276758
2008-11-11,2193.651593
2008-11-12,2157.0167
2008-11-13,2031.735666
2008-11-14,2091.005745
2008-11-17,2037.964612
2008-11-18,1969.748416
2008-11-19,1954.066791
2008-11-20,1807.813981
2008-11-21,1854.431344
2008-11-24,1908.101981
2008-11-25,2001.420145
2008-11-26,1999.864711
2008-11-27,2042.386249
2008-11-28,2107.025464
2008-12-01,2057.741624
2008-12-02,1966.89958
2008-12-03,1977.57337
2008-12-04,1979.026049
2008-12-05,1945.447878
2008-12-08,2090.864331
2008-12-09,2078.638328
2008-12-10,2131.68739
2008-12-11,2145.755738
2008-12-12,2059.480532
2008-12-15,2132.864365
2008-12-16,2129.271033
2008-12-17,2186.231152
2008-12-18,2219.56606
2008-12-19,2180.986139
2008-12-22,2137.008023
2008-12-23,2111.48876
2008-12-24,2139.712708
2008-12-25,2139.712708
2008-12-26,2132.798527
2008-12-29,2187.327516
2008-12-30,2186.654825
2008-12-31,2228.632271
2009-01-01,2228.632271
2009-01-02,2264.745526
2009-01-05,2296.837785
2009-01-06,2323.251069
2009-01-07,2333.725904
2009-01-08,2266.381209
2009-01-09,2265.48588
2009-01-12,2190.447142
2009-01-13,2127.02402
2009-01-14,2126.878513
2009-01-15,2035.458653
2009-01-16,2084.636593
2009-01-19,2099.490513
2009-01-20,2017.917738
2009-01-21,1975.889952
2009-01-22,2006.206655
2009-01-23,1937.998872
2009-01-26,1955.138249
2009-01-27,1998.853457
2009-01-28,2045.572153
2009-01-29,2054.544942
2009-01-30,2022.457053
2009-02-02,1975.733177
2009-02-03,1998.949826
2009-02-04,1991.875554
2009-02-05,1984.123831
2009-02-06,2049.510457
2009-02-09,2092.122182
2009-02-10,2060.899666
2009-02-11,2014.341039
2009-02-12,2008.145975
2009-02-13,2067.462217
2009-02-16,2019.121974
2009-02-17,1958.101534
2009-02-18,1942.525313
2009-02-19,1973.578358
2009-02-20,1930.663218
2009-02-23,1945.639218
2009-02-24,1925.535189
2009-02-25,1933.905435
2009-02-26,1951.78606
2009-02-27,1921.695894
2009-03-02,1843.54529
2009-03-03,1844.208969
2009-03-04,1847.616663
2009-03-05,1842.915602
2009-03-06,1811.023386
2009-03-09,1780.204697
2009-03-10,1837.334259
2009-03-11,1877.87627
2009-03-12,1868.554569
2009-03-13,1959.051399
2009-03-16,1982.468768
2009-03-17,2010.649408
2009-03-18,2015.390804
2009-03-19,2108.533792
2009-03-20,2090.799128
2009-03-23,2182.248293
2009-03-24,2221.121602
2009-03-25,2218.997964
2009-03-26,2254.645542
2009-03-27,2242.93565
2009-03-30,2155.104155
2009-03-31,2179.181785
2009-04-01,2179.582566
2009-04-02,2317.63999
2009-04-03,2332.536898
2009-04-06,2358.686773
2009-04-07,2334.056111
2009-04-08,2272.589493
2009-04-09,2328.317281
2009-04-10,2328.317281
2009-04-13,2356.59016
2009-04-14,2418.814698
2009-04-15,2401.720275
2009-04-16,2406.772335
2009-04-17,2415.90734
2009-04-20,2377.780934
2009-04-21,2329.631875
2009-04-22,2320.891568
2009-04-23,2377.635595
2009-04-24,2389.390825
2009-04-27,2365.403205
2009-04-28,2315.190153
2009-04-29,2368.302062
2009-04-30,2466.051867
2009-05-01,2442.087445
2009-05-04,2561.826522
2009-05-05,2582.138713
2009-05-06,2609.490539
2009-05-07,2693.940773
2009-05-08,2697.388167
2009-05-11,2678.167317
2009-05-12,2660.847051
2009-05-13,2643.314236
2009-05-14,2546.010927
2009-05-15,2584.953843
2009-05-18,2597.316995
2009-05-19,2695.333359
2009-05-20,2706.343077
2009-05-21,2659.114974
2009-05-22,2676.407143
2009-05-25,2667.865734
2009-05-26,2688.096753
2009-05-27,2744.201419
2009-05-28,2709.438674
2009-05-29,2797.138461
2009-06-01,2878.412624
2009-06-02,2924.958696
2009-06-03,2945.732738
2009-06-04,2876.658011
2009-06-05,2909.434679
2009-06-08,2842.739476
2009-06-09,2848.620033
2009-06-10,2929.826242
2009-06-11,2958.247965
2009-06-12,2951.245454
2009-06-15,2874.933224
2009-06-16,2837.596086
2009-06-17,2775.024039
2009-06-18,2793.499729
2009-06-19,2819.110182
2009-06-22,2793.892716
2009-06-23,2707.837018
2009-06-24,2771.878859
2009-06-25,2794.114546
2009-06-26,2857.695289
2009-06-29,2841.3783
2009-06-30,2875.048258
2009-07-01,2837.343943
2009-07-02,2797.427572
2009-07-03,2781.119253
2009-07-06,2733.094049
2009-07-07,2739.926542
2009-07-08,2703.744465
2009-07-09,2700.418968
2009-07-10,2701.949095
2009-07-13,2657.706681
2009-07-14,2768.568453
2009-07-15,2859.020845
2009-07-16,2897.419143
2009-07-17,2918.311179
2009-07-20,2994.163794
2009-07-21,3007.682137
2009-07-22,3010.033586
2009-07-23,3039.837501
2009-07-24,3047.817173
2009-07-27,3101.597895
2009-07-28,3155.58641
2009-07-29,3094.41704
2009-07-30,3155.999992
2009-07-31,3209.478388
2009-08-03,3259.253163
2009-08-04,3270.130632
2009-08-05,3220.204613
2009-08-06,3260.037548
2009-08-07,3215.511949
2009-08-10,3225.894573
2009-08-11,3234.126075
2009-08-12,3226.912761
2009-08-13,3321.851132
2009-08-14,3317.535632
2009-08-17,3208.645891
2009-08-18,3222.707411
2009-08-19,3210.028314
2009-08-20,3245.785503
2009-08-21,3214.984648
2009-08-24,3323.054968
2009-08-25,3304.645713
2009-08-26,3303.432404
2009-08-27,3301.54072
2009-08-28,3358.174963
2009-08-31,3322.016101
2009-09-01,3336.12194
2009-09-02,3272.653601
2009-09-03,3290.488208
2009-09-04,3336.438275
2009-09-07,3390.603468
2009-09-08,3469.704935
2009-09-09,3466.020507
2009-09-10,3482.251779
2009-09-11,3515.471452
2009-09-14,3452.942271
2009-09-15,3452.778769
2009-09-16,3562.178685
2009-09-17,3621.637826
2009-09-18,3575.444975
2009-09-21,3546.031155
2009-09-22,3594.332347
2009-09-23,3625.580763
2009-09-24,3582.955951
2009-09-25,3583.264274
2009-09-28,3559.277335
2009-09-29,3619.884336
2009-09-30,3662.238615
2009-10-01,3615.854807
2009-10-02,3506.195316
2009-10-05,3505.180878
2009-10-06,3574.51025
2009-10-07,3639.271423
2009-10-08,3740.10126
2009-10-09,3734.062387
2009-10-12,3732.980091
2009-10-13,3754.288041
2009-10-14,3819.991216
2009-10-15,3858.083916
2009-10-16,3831.075003
2009-10-19,3842.942465
2009-10-20,3886.625169
2009-10-21,3889.977266
2009-10-22,3852.65497
2009-10-23,3894.179488
2009-10-26,3863.712792
2009-10-27,3792.427872
2009-10-28,3693.495376
2009-10-29,3652.682245
2009-10-30,3680.463201
2009-11-02,3626.239734
2009-11-03,3590.168234
2009-11-04,3629.913865
2009-11-05,3608.610125
2009-11-06,3691.868563
2009-11-09,3790.449153
2009-11-10,3821.997018
2009-11-11,3848.151859
2009-11-12,3836.40325
2009-11-13,3823.560774
2009-11-16,3885.098702
2009-11-17,3829.107068
2009-11-18,3841.675062
2009-11-19,3804.834001
2009-11-20,3760.520642
2009-11-23,3825.070104
2009-11-24,3773.083536
2009-11-25,3831.680044
2009-11-26,3767.190241
2009-11-27,3659.253351
2009-11-30,3767.652078
2009-12-01,3818.141526
2009-12-02,3865.651534
2009-12-03,3880.784556
2009-12-04,3801.567993
2009-12-07,3775.892154
2009-12-08,3756.611153
2009-12-09,3733.670196
2009-12-10,3739.744177
2009-12-11,3745.438914
2009-12-14,3763.228131
2009-12-15,3754.079344
2009-12-16,3719.487768
2009-12-17,3669.927923
2009-12-18,3655.833385
2009-12-21,3628.133486
2009-12-22,3653.675615
2009-12-23,3699.548398
2009-12-24,3734.295769
2009-12-25,3734.295769
2009-12-28,3750.917022
2009-12-29,3816.786883
2009-12-30,3803.18411
2009-12-31,3851.227115
2010-01-01,3851.227115
2010-01-04,3897.747233
2010-01-05,3945.177032
2010-01-06,3952.889566
2010-01-07,3943.474298
2010-01-08,3954.970128
2010-01-11,4020.576504
2010-01-12,3974.173138
2010-01-13,3924.325255
2010-01-14,3968.995661
2010-01-15,3946.102628
2010-01-18,3961.385066
2010-01-19,3928.773218
2010-01-20,3876.996018
2010-01-21,3819.916439
2010-01-22,3763.860608
2010-01-25,3740.093493
2010-01-26,3699.891845
2010-01-27,3642.139885
2010-01-28,3675.083423
2010-01-29,3589.69084
2010-02-01,3561.431641
2010-02-02,3598.429264
2010-02-03,3636.422767
2010-02-04,3573.594978
2010-02-05,3471.115006
2010-02-08,3494.43609
2010-02-09,3511.246011
2010-02-10,3511.670148
2010-02-11,3580.012952
2010-02-12,3583.033809
2010-02-15,3595.886104
2010-02-16,3644.052143
2010-02-17,3713.772979
2010-02-18,3702.917399
2010-02-19,3653.50796
2010-02-22,3736.775729
2010-02-23,3746.389172
2010-02-24,3697.902073
2010-02-25,3631.905172
2010-02-26,3701.841637
2010-03-01,3758.223366
2010-03-02,3781.004666
2010-03-03,3806.190399
2010-03-04,3797.249584
2010-03-05,3840.132684
2010-03-08,3890.073018
2010-03-09,3902.137893
2010-03-10,3922.624915
2010-03-11,3910.902185
2010-03-12,3920.409987
2010-03-15,3883.450415
2010-03-16,3902.510943
2010-03-17,3976.920216
2010-03-18,3970.604923
2010-03-19,3967.324194
2010-03-22,3923.318174
2010-03-23,3968.118058
2010-03-24,3949.132571
2010-03-25,3948.904292
2010-03-26,3949.761372
2010-03-29,3992.655373
2010-03-30,4016.088229
2010-03-31,3970.560608
2010-04-01,4011.697225
2010-04-02,4011.697225
2010-04-05,4013.94722
2010-04-06,4053.179904
2010-04-07,4073.071894
2010-04-08,4051.458345
2010-04-09,4081.077313
2010-04-12,4093.842523
2010-04-13,4060.837233
2010-04-14,4135.431764
2010-04-15,4136.158702
2010-04-16,4095.340467
2010-04-19,4012.284483
2010-04-20,4054.493381
2010-04-21,4065.538584
2010-04-22,4025.251398
2010-04-23,3990.536842
2010-04-26,4021.979627
2010-04-27,4001.26248
2010-04-28,3944.666611
2010-04-29,3939.588993
2010-04-30,3964.990073
2010-05-03,3921.176401
2010-05-04,3842.693784
2010-05-05,3775.922878
2010-05-06,3684.038266
2010-05-07,3579.749117
2010-05-10,3718.570002
2010-05-11,3665.237829
2010-05-12,3680.93185
2010-05-13,3744.695696
2010-05-14,3685.107747
2010-05-17,3559.849306
2010-05-18,3556.892617
2010-05-19,3402.265889
2010-05-20,3294.20701
2010-05-21,3301.916723
2010-05-24,3370.862285
2010-05-25,3224.344593
2010-05-26,3302.506926
2010-05-27,3392.571272
2010-05-28,3455.121267
2010-05-31,3417.192077
2010-06-01,3398.086324
2010-06-02,3359.863041
2010-06-03,3466.546607
2010-06-04,3411.413716
2010-06-07,3285.123705
2010-06-08,3322.409237
2010-06-09,3374.011375
2010-06-10,3442.173589
2010-06-11,3502.159745
2010-06-14,3559.252537
2010-06-15,3547.009506
2010-06-16,3589.231112
2010-06-17,3571.629884
2010-06-18,3609.881425
2010-06-21,3706.145228
2010-06-22,3663.731123
2010-06-23,3596.673911
2010-06-24,3578.330639
2010-06-25,3536.933452
2010-06-28,3552.406707
2010-06-29,3454.029989
2010-06-30,3404.884571
2010-07-01,3346.640381
2010-07-02,3374.490812
2010-07-05,3342.046244
2010-07-06,3425.783779
2010-07-07,3418.677073
2010-07-08,3528.032596
2010-07-09,3568.860184
2010-07-12,3574.063513
2010-07-13,3567.526896
2010-07-14,3639.031343
2010-07-15,3604.826573
2010-07-16,3584.272387
2010-07-19,3525.909226
2010-07-20,3584.559069
2010-07-21,3600.98386
2010-07-22,3615.80872
2010-07-23,3681.31123
2010-07-26,3716.891022
2010-07-27,3737.34269
2010-07-28,3731.834178
2010-07-29,3762.873282
2010-07-30,3754.153214
2010-08-02,3822.76964
2010-08-03,3840.433897
2010-08-04,3828.420335
2010-08-05,3829.052499
2010-08-06,3848.050586
2010-08-09,3872.026878
2010-08-10,3811.093834
2010-08-11,3729.330878
2010-08-12,3682.388934
2010-08-13,3722.741484
2010-08-16,3706.245258
2010-08-17,3748.461159
2010-08-18,3734.787502
2010-08-19,3731.788016
2010-08-20,3678.219235
2010-08-23,3694.331031
2010-08-24,3642.747673
2010-08-25,3593.25231
2010-08-26,3645.55607
2010-08-27,3672.287664
2010-08-30,3727.363402
2010-08-31,3680.845053
2010-09-01,3799.593689
2010-09-02,3835.933662
2010-09-03,3852.348767
2010-09-06,3906.137795
2010-09-07,3901.15874
2010-09-08,3886.16099
2010-09-09,3939.850536
2010-09-10,3934.789184
2010-09-13,4014.023774
2010-09-14,4027.566697
2010-09-15,4060.622237
2010-09-16,4017.148788
2010-09-17,4048.354874
2010-09-20,4082.844212
2010-09-21,4077.118337
2010-09-22,4120.568395
2010-09-23,4111.657682
2010-09-24,4123.197337
2010-09-27,4189.752144
2010-09-28,4184.688488
2010-09-29,4193.765776
2010-09-30,4157.863174
2010-10-01,4169.295875
2010-10-04,4202.608891
2010-10-05,4194.13373
2010-10-06,4273.775122
2010-10-07,4297.756737
2010-10-08,4298.922278
2010-10-11,4321.76295
2010-10-12,4261.916289
2010-10-13,4301.889181
2010-10-14,4370.667709
2010-10-15,4344.607182
2010-10-18,4317.194641
2010-10-19,4273.531446
2010-10-20,4286.55828
2010-10-21,4285.774371
2010-10-22,4286.592477
2010-10-25,4374.39985
2010-10-26,4326.505654
2010-10-27,4228.218428
2010-10-28,4282.18814
2010-10-29,4275.278244
2010-11-01,4351.154447
2010-11-02,4390.864914
2010-11-03,4417.335774
2010-11-04,4512.022893
2010-11-05,4553.198763
2010-11-08,4552.423999
2010-11-09,4536.142623
2010-11-10,4454.60649
2010-11-11,4464.712868
2010-11-12,4399.141183
2010-11-15,4386.268112
2010-11-16,4354.433204
2010-11-17,4307.234831
2010-11-18,4352.136409
2010-11-19,4324.31224
2010-11-22,4329.459569
2010-11-23,4227.329101
2010-11-24,4252.628185
2010-11-25,4256.63028
2010-11-26,4195.777203
2010-11-29,4205.185666
2010-11-30,4186.005294
2010-12-01,4225.034914
2010-12-02,4313.921523
2010-12-03,4362.512691
2010-12-06,4353.219797
2010-12-07,4391.788257
2010-12-08,4323.672246
2010-12-09,4372.140395
2010-12-10,4378.174411
2010-12-13,4422.132591
2010-12-14,4446.865067
2010-12-15,4397.079882
2010-12-16,4369.141588
2010-12-17,4367.094371
2010-12-20,4359.795675
2010-12-21,4418.761321
2010-12-22,4438.611379
2010-12-23,4456.559656
2010-12-24,4444.938425
2010-12-27,4445.894672
2010-12-28,4470.675024
2010-12-29,4492.249939
2010-12-30,4502.476227
2010-12-31,4502.578694
2011-01-03,4514.319152
2011-01-04,4489.799884
2011-01-05,4453.805206
2011-01-06,4458.895032
2011-01-07,4453.982721
2011-01-10,4419.789488
2011-01-11,4416.8746
2011-01-12,4451.929033
2011-01-13,4511.69338
2011-01-14,4486.925772
2011-01-17,4479.635829
2011-01-18,4515.484791
2011-01-19,4560.886354
2011-01-20,4449.758046
2011-01-21,4448.949879
2011-01-24,4487.31919
2011-01-25,4487.589902
2011-01-26,4502.703833
2011-01-27,4498.469377
2011-01-28,4472.394119
2011-01-31,4450.823256
2011-02-01,4493.121622
2011-02-02,4533.334458
2011-02-03,4557.200618
2011-02-04,4592.403764
2011-02-07,4583.19339
2011-02-08,4595.4398
2011-02-09,4562.855511
2011-02-10,4516.867754
2011-02-11,4488.315574
2011-02-14,4536.644193
2011-02-15,4521.966529
2011-02-16,4525.895887
2011-02-17,4556.830377
2011-02-18,4576.09801
2011-02-21,4543.521957
2011-02-22,4475.149517
2011-02-23,4457.077153
2011-02-24,4439.982132
2011-02-25,4508.978201
2011-02-28,4521.327306
2011-03-01,4537.181768
2011-03-02,4500.79598
2011-03-03,4496.766235
2011-03-04,4546.108328
2011-03-07,4517.348831
2011-03-08,4531.266316
2011-03-09,4513.127414
2011-03-10,4429.449794
2011-03-11,4393.722741
2011-03-14,4386.614053
2011-03-15,4234.391054
2011-03-16,4240.020417
2011-03-17,4209.324944
2011-03-18,4288.727301
2011-03-21,4358.218602
2011-03-22,4389.211535
2011-03-23,4401.062766
2011-03-24,4468.508097
2011-03-25,4519.843953
2011-03-28,4509.111104
2011-03-29,4517.089532
2011-03-30,4604.952668
2011-03-31,4626.940613
2011-04-01,4658.300547
2011-04-04,4690.291771
2011-04-05,4696.897376
2011-04-06,4749.43871
2011-04-07,4753.201512
2011-04-08,4802.863856
2011-04-11,4820.12583
2011-04-12,4734.171092
2011-04-13,4775.154455
2011-04-14,4760.496584
2011-04-15,4747.703487
2011-04-18,4723.416313
2011-04-19,4683.748986
2011-04-20,4792.087207
2011-04-21,4863.114702
2011-04-22,4863.114702
2011-04-25,4849.083492
2011-04-26,4860.009185
2011-04-27,4842.250297
2011-04-28,4884.979668
2011-04-29,4862.774398
2011-05-02,4885.122893
2011-05-03,4816.176295
2011-05-04,4730.510899
2011-05-05,4691.046346
2011-05-06,4717.32535
2011-05-09,4728.992468
2011-05-10,4739.091124
2011-05-11,4761.879095
2011-05-12,4643.574132
2011-05-13,4672.984028
2011-05-16,4623.643608
2011-05-17,4622.29269
2011-05-18,4655.204586
2011-05-19,4711.92416
2011-05-20,4693.494906
2011-05-23,4564.310114
2011-05-24,4573.317772
2011-05-25,4531.243107
2011-05-26,4604.090788
2011-05-27,4662.634004
2011-05-30,4656.930653
2011-05-31,4697.341576
2011-06-01,4712.034219
2011-06-02,4616.265744
2011-06-03,4606.895063
2011-06-06,4601.695052
2011-06-07,4597.163642
2011-06-08,4538.807171
2011-06-09,4545.234563
2011-06-10,4515.119358
2011-06-13,4512.407489
2011-06-14,4570.365294
2011-06-15,4541.017053
2011-06-16,4420.466376
2011-06-17,4434.72668
2011-06-20,4393.746139
2011-06-21,4461.98138
2011-06-22,4485.299518
2011-06-23,4419.750398
2011-06-24,4460.95861
2011-06-27,4404.742453
2011-06-28,4436.232243
2011-06-29,4523.512466
2011-06-30,4615.842861
2011-07-01,4614.377081
2011-07-04,4644.458007
2011-07-05,4621.582916
2011-07-06,4612.161872
2011-07-07,4640.731286
2011-07-08,4671.770559
2011-07-11,4571.987234
2011-07-12,4476.972275
2011-07-13,4548.205386
2011-07-14,4522.39867
2011-07-15,4480.917857
2011-07-18,4453.385662
2011-07-19,4494.971017
2011-07-20,4574.867586
2011-07-21,4612.271272
2011-07-22,4669.222015
2011-07-25,4612.632649
2011-07-26,4681.717365
2011-07-27,4688.166715
2011-07-28,4639.420525
2011-07-29,4599.826839
2011-08-01,4661.479277
2011-08-02,4566.930337
2011-08-03,4433.571569
2011-08-04,4346.209742
2011-08-05,4136.063085
2011-08-08,3994.034852
2011-08-09,3958.626989
2011-08-10,4043.504583
2011-08-11,4048.509131
2011-08-12,4095.192093
2011-08-15,4239.406734
2011-08-16,4212.042882
2011-08-17,4282.730946
2011-08-18,4185.006396
2011-08-19,4061.786266
2011-08-22,4050.713967
2011-08-23,4148.72993
2011-08-24,4126.196831
2011-08-25,4164.037408
2011-08-26,4167.054085
2011-08-29,4255.572153
2011-08-30,4284.003034
2011-08-31,4349.31424
2011-09-01,4363.760236
2011-09-02,4280.63293
2011-09-05,4161.387595
2011-09-06,4106.650678
2011-09-07,4226.22509
2011-09-08,4242.021451
2011-09-09,4179.011728
2011-09-12,3992.229838
2011-09-13,4007.25831
2011-09-14,3922.863119
2011-09-15,4004.244134
2011-09-16,4087.814811
2011-09-19,3958.150286
2011-09-20,3971.946372
2011-09-21,3955.858387
2011-09-22,3723.818018
2011-09-23,3688.131072
2011-09-26,3622.365376
2011-09-27,3819.816554
2011-09-28,3796.243892
2011-09-29,3758.642914
2011-09-30,3704.447701
2011-10-03,3563.161649
2011-10-04,3459.780173
2011-10-05,3536.950788
2011-10-06,3700.702377
2011-10-07,3840.506156
2011-10-10,3912.584433
2011-10-11,3941.316223
2011-10-12,4010.465655
2011-10-13,4032.435253
2011-10-14,4059.448003
2011-10-17,4102.71937
2011-10-18,3980.221434
2011-10-19,4041.068215
2011-10-20,3944.22081
2011-10-21,3985.191432
2011-10-24,4124.914701
2011-10-25,4122.410627
2011-10-26,4097.777375
2011-10-27,4311.478212
2011-10-28,4357.483627
2011-10-31,4262.73863
2011-11-01,4099.320154
2011-11-02,4107.440459
2011-11-03,4068.500681
2011-11-04,4172.214726
2011-11-07,4166.731805
2011-11-08,4179.70213
2011-11-09,4170.979286
2011-11-10,4043.639959
2011-11-11,4123.960879
2011-11-14,4130.6662
2011-11-15,4093.887012
2011-11-16,4046.826439
2011-11-17,4024.192734
2011-11-18,3951.623068
2011-11-21,3854.516393
2011-11-22,3851.613504
2011-11-23,3744.085779
2011-11-24,3749.339393
2011-11-25,3701.641154
2011-11-28,3825.480249
2011-11-29,3880.898023
2011-11-30,3963.632262
2011-12-01,4064.039135
2011-12-02,4113.490574
2011-12-05,4147.948906
2011-12-06,4074.326087
2011-12-07,4119.701973
2011-12-08,4078.839345
2011-12-09,3992.780715
2011-12-12,4002.810829
2011-12-13,3956.330263
2011-12-14,3899.88696
2011-12-15,3854.399366
2011-12-16,3900.414898
2011-12-19,3809.76379
2011-12-20,3848.235927
2011-12-21,3924.952397
2011-12-22,3913.229647
2011-12-23,3961.360304
2011-12-26,3961.360304
2011-12-27,3960.543192
2011-12-28,3912.668484
2011-12-29,3904.028571
2011-12-30,3926.878724
2012-01-02,3926.878724
2012-01-03,4013.058601
2012-01-04,4062.556989
2012-01-05,4004.582307
2012-01-06,3966.989775
2012-01-09,3963.628452
2012-01-10,4038.220646
2012-01-11,4054.603824
2012-01-12,4059.637106
2012-01-13,4073.189197
2012-01-16,4043.062012
2012-01-17,4133.794807
2012-01-18,4132.647778
2012-01-19,4165.044277
2012-01-20,4203.637015
2012-01-23,4222.067189
2012-01-24,4199.125143
2012-01-25,4247.082334
2012-01-26,4318.145048
2012-01-27,4331.89687
2012-01-30,4284.551266
2012-01-31,4305.974044
2012-02-01,4308.183304
2012-02-02,4345.802954
2012-02-03,4353.069901
2012-02-06,4370.287982
2012-02-07,4379.651453
2012-02-08,4408.85854
2012-02-09,4406.574502
2012-02-10,4331.069109
2012-02-13,4383.126447
2012-02-14,4346.271948
2012-02-15,4393.115259
2012-02-16,4328.049755
2012-02-17,4352.416187
2012-02-20,4431.019909
2012-02-21,4435.232211
2012-02-22,4413.507384
2012-02-23,4417.020464
2012-02-24,4441.636896
2012-02-27,4418.991602
2012-02-28,4446.29934
2012-02-29,4496.890308
2012-03-01,4452.039445
2012-03-02,4457.968541
2012-03-05,4418.417951
2012-03-06,4308.519995
2012-03-07,4264.197279
2012-03-08,4326.588536
2012-03-09,4357.309487
2012-03-12,4311.570674
2012-03-13,4376.433736
2012-03-14,4381.271263
2012-03-15,4400.291046
2012-03-16,4420.801832
2012-03-19,4426.369608
2012-03-20,4375.500516
2012-03-21,4340.273556
2012-03-22,4333.208364
2012-03-23,4347.949056
2012-03-26,4365.04671
2012-03-27,4410.844482
2012-03-28,4403.847887
2012-03-29,4376.235274
2012-03-30,4369.214515
2012-04-02,4376.740771
2012-04-03,4383.58129
2012-04-04,4338.517594
2012-04-05,4338.173274
2012-04-06,4338.173274
2012-04-09,4332.773858
2012-04-10,4294.766875
2012-04-11,4267.182779
2012-04-12,4335.202773
2012-04-13,4359.389928
2012-04-16,4337.287561
2012-04-17,4341.159089
2012-04-18,4387.709425
2012-04-19,4390.424565
2012-04-20,4399.007017
2012-04-23,4347.797193
2012-04-24,4363.302037
2012-04-25,4376.168513
2012-04-26,4402.793643
2012-04-27,4408.736245
2012-04-30,4436.640693
2012-05-01,4443.408942
2012-05-02,4451.432376
2012-05-03,4435.229131
2012-05-04,4386.392834
2012-05-07,4289.196862
2012-05-08,4275.456293
2012-05-09,4218.767666
2012-05-10,4252.266932
2012-05-11,4215.179303
2012-05-14,4189.050606
2012-05-15,4176.456117
2012-05-16,4068.705011
2012-05-17,4055.000779
2012-05-18,3946.028416
2012-05-21,3969.700942
2012-05-22,4019.285593
2012-05-23,3912.82878
2012-05-24,3919.279977
2012-05-25,3903.837579
2012-05-28,3952.879745
2012-05-29,4002.844483
2012-05-30,3935.654907
2012-05-31,3911.247855
2012-06-01,3884.307172
2012-06-04,3832.310883
2012-06-05,3882.110568
2012-06-06,3950.680249
2012-06-07,4011.158193
2012-06-08,3949.866566
2012-06-11,3994.237609
2012-06-12,3993.274367
2012-06-13,4015.348201
2012-06-14,3988.210651
2012-06-15,4040.769424
2012-06-18,4108.093755
2012-06-19,4136.952753
2012-06-20,4153.693126
2012-06-21,4091.056904
2012-06-22,4035.324929
2012-06-25,4003.576209
2012-06-26,4007.520541
2012-06-27,4055.494023
2012-06-28,4035.792081
2012-06-29,4155.531249
2012-07-02,4183.064389
2012-07-03,4211.603939
2012-07-04,4246.467262
2012-07-05,4258.919908
2012-07-06,4238.946633
2012-07-09,4178.374048
2012-07-10,4177.463866
2012-07-11,4200.217531
2012-07-12,4122.676399
2012-07-13,4171.148164
2012-07-16,4192.472526
2012-07-17,4238.931944
2012-07-18,4252.909906
2012-07-19,4344.577051
2012-07-20,4323.85216
2012-07-23,4222.50809
2012-07-24,4227.455802
2012-07-25,4215.004927
2012-07-26,4265.542373
2012-07-27,4336.449755
2012-07-30,4398.41184
2012-07-31,4431.445096
2012-08-01,4426.821727
2012-08-02,4412.653394
2012-08-03,4403.53844
2012-08-06,4463.209544
2012-08-07,4474.327559
2012-08-08,4490.336881
2012-08-09,4503.382943
2012-08-10,4460.687266
2012-08-13,4456.893105
2012-08-14,4464.654613
2012-08-15,4446.371438
2012-08-16,4474.855512
2012-08-17,4488.598015
2012-08-20,4508.928504
2012-08-21,4543.423387
2012-08-22,4511.104202
2012-08-23,4543.779316
2012-08-24,4483.415166
2012-08-27,4473.613489
2012-08-28,4482.584445
2012-08-29,4477.412422
2012-08-30,4422.264742
2012-08-31,4441.477549
2012-09-03,4430.103602
2012-09-04,4405.420923
2012-09-05,4365.849598
2012-09-06,4412.770586
2012-09-07,4486.940538
2012-09-10,4496.143889
2012-09-11,4517.500242
2012-09-12,4563.007996
2012-09-13,4549.891164
2012-09-14,4655.564452
2012-09-17,4651.693852
2012-09-18,4627.209464
2012-09-19,4656.686465
2012-09-20,4607.84838
2012-09-21,4639.92542
2012-09-24,4606.53405
2012-09-25,4607.231337
2012-09-26,4554.650756
2012-09-27,4607.56483
2012-09-28,4612.297366
2012-10-01,4609.299173
2012-10-02,4614.606116
2012-10-03,4598.440033
2012-10-04,4613.34725
2012-10-05,4650.093427
2012-10-08,4621.748978
2012-10-09,4635.430244
2012-10-10,4632.194814
2012-10-11,4622.164488
2012-10-12,4619.324163
2012-10-15,4620.025282
2012-10-16,4642.657189
2012-10-17,4705.571691
2012-10-18,4738.576406
2012-10-19,4724.904203
2012-10-22,4702.434494
2012-10-23,4682.70493
2012-10-24,4697.662232
2012-10-25,4714.996887
2012-10-26,4681.186488
2012-10-29,4651.219165
2012-10-30,4670.345583
2012-10-31,4695.581527
2012-11-01,4671.361501
2012-11-02,4680.694498
2012-11-05,4691.240487
2012-11-06,4713.97796
2012-11-07,4739.504702
2012-11-08,4698.768037
2012-11-09,4674.951809
2012-11-12,4687.093872
2012-11-13,4635.003262
2012-11-14,4631.004647
2012-11-15,4570.709913
2012-11-16,4551.8981
2012-11-19,4603.786053
2012-11-20,4610.652509
2012-11-21,4600.226817
2012-11-22,4657.983114
2012-11-23,4686.716012
2012-11-26,4696.999287
2012-11-27,4723.20095
2012-11-28,4718.226225
2012-11-29,4754.604748
2012-11-30,4774.405491
2012-12-03,4783.501911
2012-12-04,4777.187807
2012-12-05,4797.821229
2012-12-06,4807.418229
2012-12-07,4837.169263
2012-12-10,4844.229543
2012-12-11,4863.298043
2012-12-12,4886.640319
2012-12-13,4885.978333
2012-12-14,4899.234022
2012-12-17,4881.614105
2012-12-18,4888.523152
2012-12-19,4897.242284
2012-12-20,4907.416101
2012-12-21,4884.788325
2012-12-24,4878.987176
2012-12-25,4878.987176
2012-12-26,4875.034316
2012-12-27,4884.318997
2012-12-28,4909.056572
2012-12-31,4891.847617
2013-01-01,4891.847617
2013-01-02,4995.248827
2013-01-03,5023.579028
2013-01-04,4994.798275
2013-01-07,5001.281696
2013-01-08,4976.703295
2013-01-09,5014.885967
2013-01-10,5055.946006
2013-01-11,5028.94397
2013-01-14,5031.984546
2013-01-15,5034.27926
2013-01-16,5052.64365
2013-01-17,5056.711685
2013-01-18,5064.484081
2013-01-21,5076.116507
2013-01-22,5094.862134
2013-01-23,5102.911193
2013-01-24,5102.888424
2013-01-25,5105.304183
2013-01-28,5091.804729
2013-01-29,5146.695525
2013-01-30,5158.354524
2013-01-31,5140.461509
2013-02-01,5159.978067
2013-02-04,5159.651397
2013-02-05,5107.30324
2013-02-06,5120.867126
2013-02-07,5124.215846
2013-02-08,5166.309458
2013-02-11,5137.985383
2013-02-12,5147.723136
2013-02-13,5197.826328
2013-02-14,5233.991476
2013-02-15,5213.842065
2013-02-18,5250.164763
2013-02-19,5276.716185
2013-02-20,5284.519709
2013-02-21,5168.046789
2013-02-22,5205.780284
2013-02-25,5223.587059
2013-02-26,5144.135129
2013-02-27,5181.841102
2013-02-28,5261.294806
2013-03-01,5238.966986
2013-03-04,5154.720558
2013-03-05,5228.132366
2013-03-06,5281.634153
2013-03-07,5288.608995
2013-03-08,5284.841984
2013-03-11,5316.414539
2013-03-12,5314.380131
2013-03-13,5271.680725
2013-03-14,5258.207093
2013-03-15,5319.965018
2013-03-18,5215.569504
2013-03-19,5191.908288
2013-03-20,5182.043539
2013-03-21,5203.532059
2013-03-22,5209.306931
2013-03-25,5237.154406
2013-03-26,5228.235599
2013-03-27,5257.258811
2013-03-28,5235.248115
2013-03-29,5235.248115
2013-04-01,5229.542389
2013-04-02,5272.772649
2013-04-03,5264.450459
2013-04-04,5207.224723
2013-04-05,5144.897052
2013-04-08,5152.449036
2013-04-09,5239.455632
2013-04-10,5264.505438
2013-04-11,5308.623517
2013-04-12,5295.911124
2013-04-15,5219.109566
2013-04-16,5190.371473
2013-04-17,5214.417594
2013-04-18,5165.983821
2013-04-19,5179.364841
2013-04-22,5188.279112
2013-04-23,5215.850812
2013-04-24,5298.923604
2013-04-25,5334.928443
2013-04-26,5328.855695
2013-04-29,5379.139488
2013-04-30,5448.298375
2013-05-01,5395.528246
2013-05-02,5357.233154
2013-05-03,5371.396849
2013-05-06,5382.970769
2013-05-07,5353.899419
2013-05-08,5411.951314
2013-05-09,5414.100389
2013-05-10,5358.273959
2013-05-13,5346.776587
2013-05-14,5336.62088
2013-05-15,5314.773423
2013-05-16,5285.990299
2013-05-17,5249.753894
2013-05-20,5312.882149
2013-05-21,5273.284743
2013-05-22,5229.386999
2013-05-23,5128.455918
2013-05-24,5070.44375
2013-05-27,5047.798431
2013-05-28,5053.530087
2013-05-29,5022.071212
2013-05-30,5006.355818
2013-05-31,4959.45176
2013-06-03,4977.036911
2013-06-04,4971.803547
2013-06-05,4857.223127
2013-06-06,4803.310036
2013-06-07,4750.34891
2013-06-10,4738.641187
2013-06-11,4720.49723
2013-06-12,4730.196654
2013-06-13,4729.124929
2013-06-14,4825.037044
2013-06-17,4854.260401
2013-06-18,4821.318903
2013-06-19,4862.538463
2013-06-20,4627.237809
2013-06-21,4605.255133
2013-06-24,4553.032948
2013-06-25,4555.373957
2013-06-26,4646.859985
2013-06-27,4691.114989
2013-06-28,4664.357182
2013-07-01,4624.94843
2013-07-02,4691.198428
2013-07-03,4568.207262
2013-07-04,4644.704195
2013-07-05,4654.699176
2013-07-08,4632.505661
2013-07-09,4696.652585
2013-07-10,4739.935649
2013-07-11,4812.610579
2013-07-12,4776.337046
2013-07-15,4787.433896
2013-07-16,4840.981944
2013-07-17,4827.925731
2013-07-18,4813.704556
2013-07-19,4808.691606
2013-07-22,4854.638124
2013-07-23,4889.555257
2013-07-24,4898.307578
2013-07-25,4888.446167
2013-07-26,4909.25744
2013-07-29,4897.686118
2013-07-30,4851.509341
2013-07-31,4816.178199
2013-08-01,4823.381489
2013-08-02,4865.075334
2013-08-05,4858.081464
2013-08-06,4865.872646
2013-08-07,4801.777239
2013-08-08,4883.540491
2013-08-09,4913.325061
2013-08-12,4948.233488
2013-08-13,4956.053638
2013-08-14,4977.065404
2013-08-15,4946.393276
2013-08-16,4956.517024
2013-08-19,4935.165435
2013-08-20,4856.557816
2013-08-21,4835.465579
2013-08-22,4812.344861
2013-08-23,4847.678377
2013-08-26,4871.546768
2013-08-27,4832.954694
2013-08-28,4775.2492
2013-08-29,4789.433264
2013-08-30,4812.649182
2013-09-02,4905.279969
2013-09-03,4945.870111
2013-09-04,4955.084231
2013-09-05,4941.070497
2013-09-06,4968.190581
2013-09-09,5015.322954
2013-09-10,5067.631552
2013-09-11,5098.577463
2013-09-12,5089.714356
2013-09-13,5062.104015
2013-09-16,5148.080377
2013-09-17,5156.891821
2013-09-18,5157.906085
2013-09-19,5274.937758
2013-09-20,5231.71937
2013-09-23,5226.819169
2013-09-24,5186.826823
2013-09-25,5209.203467
2013-09-26,5214.180839
2013-09-27,5212.143063
2013-09-30,5146.154989
2013-10-01,5155.202642
2013-10-02,5164.1334
2013-10-03,5188.728237
2013-10-04,5191.191305
2013-10-07,5146.827815
2013-10-08,5159.222916
2013-10-09,5150.238574
2013-10-10,5153.51026
2013-10-11,5224.033044
2013-10-14,5216.976418
2013-10-15,5271.039796
2013-10-16,5272.867162
2013-10-17,5327.502335
2013-10-18,5387.122327
2013-10-21,5409.255647
2013-10-22,5439.722432
2013-10-23,5391.036709
2013-10-24,5385.173751
2013-10-25,5383.1701
2013-10-28,5415.074081
2013-10-29,5365.789447
2013-10-30,5403.192653
2013-10-31,5375.939577
2013-11-01,5358.094494
2013-11-04,5364.912367
2013-11-05,5378.025254
2013-11-06,5393.578042
2013-11-07,5364.394967
2013-11-08,5320.527511
2013-11-11,5316.525338
2013-11-12,5292.716085
2013-11-13,5224.624478
2013-11-14,5268.217179
2013-11-15,5327.93588
2013-11-18,5353.011837
2013-11-19,5334.982556
2013-11-20,5300.028315
2013-11-21,5227.264756
2013-11-22,5228.698968
2013-11-25,5234.549526
2013-11-26,5233.381366
2013-11-27,5210.613744
2013-11-28,5216.524887
2013-11-29,5226.048214
2013-12-02,5199.409783
2013-12-03,5193.018213
2013-12-04,5146.805503
2013-12-05,5098.297253
2013-12-06,5107.971382
2013-12-09,5083.547081
2013-12-10,5090.584396
2013-12-11,5010.126667
2013-12-12,4944.682949
2013-12-13,4974.354411
2013-12-16,4966.364739
2013-12-17,4953.934513
2013-12-18,4949.682999
2013-12-19,4986.514991
2013-12-20,5051.36036
2013-12-23,5093.802551
2013-12-24,5121.154968
2013-12-25,5121.154968
2013-12-26,5106.607774
2013-12-27,5110.665538
2013-12-30,5137.555902
2013-12-31,5160.631282
2014-01-01,5160.631282
2014-01-02,5164.694058
2014-01-03,5145.362941
2014-01-06,5115.405446
2014-01-07,5097.218481
2014-01-08,5117.030112
2014-01-09,5097.792957
2014-01-10,5122.815187
2014-01-13,5139.913274
2014-01-14,5065.107384
2014-01-15,5058.676723
2014-01-16,5058.19629
2014-01-17,5069.452719
2014-01-20,5054.598054
2014-01-21,5075.550238
2014-01-22,5085.270395
2014-01-23,5001.295977
2014-01-24,4944.55773
2014-01-27,4933.464419
2014-01-28,4904.519547
2014-01-29,4922.276906
2014-01-30,4889.516486
2014-01-31,4874.849115
2014-02-03,4899.186765
2014-02-04,4852.747625
2014-02-05,4829.626733
2014-02-06,4906.284085
2014-02-07,4936.690159
2014-02-10,4965.228175
2014-02-11,5044.467924
2014-02-12,5097.825015
2014-02-13,5070.37066
2014-02-14,5117.433628
2014-02-17,5148.541127
2014-02-18,5166.112996
2014-02-19,5184.542429
2014-02-20,5155.437557
2014-02-21,5176.713667
2014-02-24,5200.221073
2014-02-25,5210.875067
2014-02-26,5190.38681
2014-02-27,5194.849365
2014-02-28,5190.320766
2014-03-03,5159.830025
2014-03-04,5187.083211
2014-03-05,5228.496625
2014-03-06,5278.287405
2014-03-07,5279.062715
2014-03-10,5208.63352
2014-03-11,5219.304179
2014-03-12,5164.072381
2014-03-13,5205.494919
2014-03-14,5131.69865
2014-03-17,5153.498075
2014-03-18,5188.612546
2014-03-19,5182.992988
2014-03-20,5089.036877
2014-03-21,5153.389404
2014-03-24,5188.963613
2014-03-25,5193.594175
2014-03-26,5261.588317
2014-03-27,5261.418491
2014-03-28,5276.207181
2014-03-31,5313.300331
2014-04-01,5332.572018
2014-04-02,5352.413795
2014-04-03,5363.654836
2014-04-04,5400.759074
2014-04-07,5368.256475
2014-04-08,5401.658405
2014-04-09,5456.05174
2014-04-10,5510.635945
2014-04-11,5482.003668
2014-04-14,5443.872472
2014-04-15,5430.699336
2014-04-16,5456.728251
2014-04-17,5472.895839
2014-04-18,5472.895839
2014-04-21,5472.303156
2014-04-22,5501.030673
2014-04-23,5483.731192
2014-04-24,5491.600228
2014-04-25,5473.703185
2014-04-28,5465.886928
2014-04-29,5450.187142
2014-04-30,5436.005839
2014-05-01,5414.719293
2014-05-02,5432.529003
2014-05-05,5420.173817
2014-05-06,5466.568729
2014-05-07,5413.962898
2014-05-08,5448.818035
2014-05-09,5446.133255
2014-05-12,5456.399051
2014-05-13,5497.610051
2014-05-14,5529.411896
2014-05-15,5536.933196
2014-05-16,5522.072276
2014-05-19,5470.489871
2014-05-20,5450.781193
2014-05-21,5436.926625
2014-05-22,5483.467769
2014-05-23,5502.139941
2014-05-26,5518.261991
2014-05-27,5512.651893
2014-05-28,5513.750292
2014-05-29,5545.46165
2014-05-30,5541.598388
2014-06-02,5535.264467
2014-06-03,5516.926071
2014-06-04,5496.965876
2014-06-05,5507.13232
2014-06-06,5530.393856
2014-06-09,5538.813631
2014-06-10,5549.09755
2014-06-11,5548.544548
2014-06-12,5547.584869
2014-06-13,5524.594554
2014-06-16,5527.691648
2014-06-17,5483.56526
2014-06-18,5466.305124
2014-06-19,5556.692095
2014-06-20,5509.606178
2014-06-23,5530.468514
2014-06-24,5510.209117
2014-06-25,5497.620503
2014-06-26,5568.821977
2014-06-27,5570.438302
2014-06-30,5542.539508
2014-07-01,5538.605465
2014-07-02,5609.005655
2014-07-03,5603.684976
2014-07-04,5626.38033
2014-07-07,5630.046272
2014-07-08,5631.851993
2014-07-09,5578.673753
2014-07-10,5580.93118
2014-07-11,5604.006995
2014-07-14,5623.181306
2014-07-15,5614.295959
2014-07-16,5626.580093
2014-07-17,5628.182667
2014-07-18,5636.223939
2014-07-21,5641.62296
2014-07-22,5665.992797
2014-07-23,5721.615294
2014-07-24,5731.077247
2014-07-25,5727.689516
2014-07-28,5724.318219
2014-07-29,5737.309693
2014-07-30,5741.909986
2014-07-31,5749.137887
2014-08-01,5687.686676
2014-08-04,5678.053596
2014-08-05,5652.023277
2014-08-06,5648.773933
2014-08-07,5617.546091
2014-08-08,5556.161971
2014-08-11,5586.635551
2014-08-12,5637.404448
2014-08-13,5654.029543
2014-08-14,5681.14742
2014-08-15,5687.441522
2014-08-18,5706.272509
2014-08-19,5759.117708
2014-08-20,5782.983195
2014-08-21,5771.667046
2014-08-22,5774.387775
2014-08-25,5771.844327
2014-08-26,5775.431141
2014-08-27,5798.773001
2014-08-28,5772.011329
2014-08-29,5765.48645
2014-09-01,5766.212923
2014-09-02,5761.726456
2014-09-03,5820.806358
2014-09-04,5811.51896
2014-09-05,5784.862845
2014-09-08,5743.673738
2014-09-09,5723.298593
2014-09-10,5664.160298
2014-09-11,5631.918152
2014-09-12,5592.10843
2014-09-15,5526.744419
2014-09-16,5495.609475
2014-09-17,5478.778661
2014-09-18,5451.941782
2014-09-19,5455.394408
2014-09-22,5364.398547
2014-09-23,5385.982004
2014-09-24,5373.882873
2014-09-25,5345.358615
2014-09-26,5289.437431
2014-09-29,5201.947454
2014-09-30,5215.708009
2014-10-01,5223.478599
2014-10-02,5223.265582
2014-10-03,5204.076968
2014-10-06,5235.119908
2014-10-07,5268.54683
2014-10-08,5204.223908
2014-10-09,5295.603996
2014-10-10,5160.865742
2014-10-13,5160.811753
2014-10-14,5174.459295
2014-10-15,5233.365518
2014-10-16,5214.215886
2014-10-17,5229.516817
2014-10-20,5272.979891
2014-10-21,5294.606415
2014-10-22,5346.537357
2014-10-23,5334.029447
2014-10-24,5359.404518
2014-10-27,5379.078082
2014-10-28,5408.341085
2014-10-29,5442.424244
2014-10-30,5427.040354
2014-10-31,5465.303053
2014-11-03,5419.264979
2014-11-04,5426.479602
2014-11-05,5365.626879
2014-11-06,5351.159132
2014-11-07,5395.760267
2014-11-10,5423.31404
2014-11-11,5428.751333
2014-11-12,5432.575577
2014-11-13,5436.983392
2014-11-14,5446.961751
2014-11-17,5396.193987
2014-11-18,5382.663551
2014-11-19,5313.584163
2014-11-20,5275.227717
2014-11-21,5302.820151
2014-11-24,5323.210581
2014-11-25,5282.368678
2014-11-26,5334.882866
2014-11-27,5334.005
2014-11-28,5267.904924
2014-12-01,5152.402511
2014-12-02,5194.5667
2014-12-03,5186.627296
2014-12-04,5210.635032
2014-12-05,5172.638552
2014-12-08,5168.366046
2014-12-09,5131.371021
2014-12-10,5111.705749
2014-12-11,5061.901498
2014-12-12,5056.046648
2014-12-15,5000.913048
2014-12-16,4954.503957
2014-12-17,4918.431915
2014-12-18,4952.342001
2014-12-19,5046.12761
2014-12-22,5113.300852
2014-12-23,5059.968994
2014-12-24,5086.386132
2014-12-25,5086.386132
2014-12-26,5090.800079
2014-12-29,5167.731441
2014-12-30,5146.405646
2014-12-31,5136.356573
2015-01-01,5136.356573
2015-01-02,5129.989917
2015-01-05,5104.268261
2015-01-06,5035.246978
2015-01-07,5007.501063
2015-01-08,5065.548646
2015-01-09,5145.502944
2015-01-12,5134.918824
2015-01-13,5134.613969
2015-01-14,5100.110561
2015-01-15,5129.898548
2015-01-16,5085.418103
2015-01-19,5090.92337
2015-01-20,5077.887533
2015-01-21,5131.76134
2015-01-22,5138.381089
2015-01-23,5142.24721
2015-01-26,5140.91403
2015-01-27,5186.991067
2015-01-28,5198.613023
2015-01-29,5133.536741
2015-01-30,5137.204544
2015-02-02,5182.877438
2015-02-03,5162.714026
2015-02-04,5232.560367
2015-02-05,5267.420875
2015-02-06,5282.968304
2015-02-09,5273.00845
2015-02-10,5253.946791
2015-02-11,5205.786632
2015-02-12,5174.389628
2015-02-13,5289.799118
2015-02-16,5301.492723
2015-02-17,5300.782036
2015-02-18,5337.306571
2015-02-19,5330.558937
2015-02-20,5334.787395
2015-02-23,5334.280236
2015-02-24,5360.528033
2015-02-25,5410.80339
2015-02-26,5363.709372
2015-02-27,5367.795887
2015-03-02,5372.201806
2015-03-03,5391.717765
2015-03-04,5359.932325
2015-03-05,5318.861174
2015-03-06,5300.41066
2015-03-09,5239.356979
2015-03-10,5188.371167
2015-03-11,5146.035018
2015-03-12,5227.890206
2015-03-13,5160.983494
2015-03-16,5169.223124
2015-03-17,5171.907722
2015-03-18,5192.933277
2015-03-19,5269.233459
2015-03-20,5349.821524
2015-03-23,5386.375371
2015-03-24,5404.92724
2015-03-25,5421.502552
2015-03-26,5361.58342
2015-03-27,5356.871042
2015-03-30,5278.240614
2015-03-31,5297.355184
2015-04-01,5284.555968
2015-04-02,5295.57024
2015-04-03,5295.57024
2015-04-06,5337.998926
2015-04-07,5347.642022
2015-04-08,5423.511387
2015-04-09,5451.735167
2015-04-10,5482.827857
2015-04-13,5446.436564
2015-04-14,5473.847394
2015-04-15,5430.275977
2015-04-16,5516.607369
2015-04-17,5484.980888
2015-04-20,5411.57449
2015-04-21,5455.808925
2015-04-22,5443.305002
2015-04-23,5453.64913
2015-04-24,5552.146404
2015-04-27,5614.358987
2015-04-28,5655.476635
2015-04-29,5605.316762
2015-04-30,5506.188228
2015-05-01,5494.970109
2015-05-04,5509.410115
2015-05-05,5528.989616
2015-05-06,5479.471085
2015-05-07,5390.80284
2015-05-08,5394.539017
2015-05-11,5395.416415
2015-05-12,5431.322375
2015-05-13,5514.315067
2015-05-14,5503.544924
2015-05-15,5557.979598
2015-05-18,5485.222234
2015-05-19,5416.635701
2015-05-20,5388.370833
2015-05-21,5424.49598
2015-05-22,5421.448383
2015-05-25,5454.746021
2015-05-26,5454.410528
2015-05-27,5392.188287
2015-05-28,5330.255851
2015-05-29,5368.221807
2015-06-01,5331.626726
2015-06-02,5311.360052
2015-06-03,5338.044635
2015-06-04,5231.827092
2015-06-05,5190.734258
2015-06-08,5172.129546
2015-06-09,5159.130163
2015-06-10,5195.280741
2015-06-11,5235.012963
2015-06-12,5258.442934
2015-06-15,5244.112854
2015-06-16,5234.52043
2015-06-17,5246.91615
2015-06-18,5279.108119
2015-06-19,5303.182751
2015-06-22,5325.461301
2015-06-23,5361.74223
2015-06-24,5339.526794
2015-06-25,5330.457167
2015-06-26,5218.814603
2015-06-29,5114.757758
2015-06-30,5166.153317
2015-07-01,5188.873302
2015-07-02,5240.944462
2015-07-03,5148.691306
2015-07-06,5076.485885
2015-07-07,5083.055278
2015-07-08,4950.264208
2015-07-09,5001.347172
2015-07-10,5030.195985
2015-07-13,5031.482387
2015-07-14,5112.079388
2015-07-15,5124.581966
2015-07-16,5158.644897
2015-07-17,5158.623659
2015-07-20,5163.977091
2015-07-21,5203.732859
2015-07-22,5111.303687
2015-07-23,5101.805541
2015-07-24,5042.4065
2015-07-27,5021.14777
2015-07-28,5028.906375
2015-07-29,5060.351352
2015-07-30,5055.590836
2015-07-31,5106.694587
2015-08-03,5043.79134
2015-08-04,5118.967793
2015-08-05,5072.517071
2015-08-06,5031.455695
2015-08-07,4983.789004
2015-08-10,5000.161072
2015-08-11,4912.312094
2015-08-12,4846.768088
2015-08-13,4849.604011
2015-08-14,4842.885736
2015-08-17,4832.393549
2015-08-18,4764.057114
2015-08-19,4783.372366
2015-08-20,4708.630256
2015-08-21,4637.19751
2015-08-24,4377.410204
2015-08-25,4488.22206
2015-08-26,4463.043584
2015-08-27,4560.533233
2015-08-28,4576.439627
2015-08-31,4505.799939
2015-09-01,4399.407173
2015-09-02,4378.804852
2015-09-03,4355.331182
2015-09-04,4320.155165
2015-09-07,4297.737357
2015-09-08,4416.222301
2015-09-09,4553.05161
2015-09-10,4461.844212
2015-09-11,4444.411475
2015-09-14,4499.234952
2015-09-15,4416.089533
2015-09-16,4530.908009
2015-09-17,4537.092939
2015-09-18,4593.535454
2015-09-21,4488.871969
2015-09-22,4472.234536
2015-09-23,4362.863895
2015-09-24,4379.170099
2015-09-25,4374.058948
2015-09-28,4393.433267
2015-09-29,4263.142235
2015-09-30,4341.126482
2015-10-01,4396.699894
2015-10-02,4386.040993
2015-10-05,4485.298917
2015-10-06,4526.268952
2015-10-07,4619.61779
2015-10-08,4618.423116
2015-10-09,4728.694695
2015-10-12,4730.508037
2015-10-13,4675.811193
2015-10-14,4663.776347
2015-10-15,4737.630327
2015-10-16,4753.927257
2015-10-19,4741.833064
2015-10-20,4714.810889
2015-10-21,4702.072896
2015-10-22,4723.020885
2015-10-23,4795.042048
2015-10-26,4806.117109
2015-10-27,4790.113323
2015-10-28,4740.644403
2015-10-29,4658.793831
2015-10-30,4650.999806
2015-11-02,4591.382694
2015-11-03,4657.67602
2015-11-04,4685.609644
2015-11-05,4649.541703
2015-11-06,4613.233758
2015-11-09,4554.966669
2015-11-10,4513.923611
2015-11-11,4542.969512
2015-11-12,4592.174568
2015-11-13,4524.56255
2015-11-16,4464.984751
2015-11-17,4549.09059
2015-11-18,4528.339039
2015-11-19,4660.846469
2015-11-20,4698.293259
2015-11-23,4681.351951
2015-11-24,4669.990092
2015-11-25,4645.324875
2015-11-26,4650.683122
2015-11-27,4601.766563
2015-11-30,4600.398766
2015-12-01,4703.257032
2015-12-02,4716.834759
2015-12-03,4687.557574
2015-12-04,4671.860683
2015-12-07,4644.398144
2015-12-08,4572.937337
2015-12-09,4553.271657
2015-12-10,4552.687493
2015-12-11,4499.404312
2015-12-14,4443.633479
2015-12-15,4397.732016
2015-12-16,4494.209625
2015-12-17,4511.015165
2015-12-18,4535.227483
2015-12-21,4544.388319
2015-12-22,4573.0829
2015-12-23,4595.881162
2015-12-24,4658.581101
2015-12-25,4658.581101
2015-12-28,4642.836749
2015-12-29,4693.589034
2015-12-30,4722.248446
2015-12-31,4701.082055
2016-01-01,4701.082055
2016-01-04,4603.760614
2016-01-05,4546.798549
2016-01-06,4465.48752
2016-01-07,4347.297891
2016-01-08,4317.801556
2016-01-11,4256.484373
2016-01-12,4238.52132
2016-01-13,4293.898971
2016-01-14,4218.486773
2016-01-15,4164.368217
2016-01-18,4118.426804
2016-01-19,4179.740065
2016-01-20,4053.080081
2016-01-21,4076.334966
2016-01-22,4172.548383
2016-01-25,4212.571712
2016-01-26,4197.45214
2016-01-27,4190.123473
2016-01-28,4234.136027
2016-01-29,4287.949842
2016-02-01,4299.093177
2016-02-02,4245.10248
2016-02-03,4179.787487
2016-02-04,4305.663497
2016-02-05,4260.448576
2016-02-08,4255.954253
2016-02-09,4179.966649
2016-02-10,4151.562756
2016-02-11,4140.4082
2016-02-12,4107.294048
2016-02-15,4210.992313
2016-02-16,4244.904634
2016-02-17,4247.752745
2016-02-18,4330.241151
2016-02-19,4292.411074
2016-02-22,4395.924931
2016-02-23,4376.048002
2016-02-24,4281.197574
2016-02-25,4277.400229
2016-02-26,4297.131511
2016-02-29,4281.618497
2016-03-01,4332.366545
2016-03-02,4474.021347
2016-03-03,4569.687956
2016-03-04,4617.954913
2016-03-07,4661.16304
2016-03-08,4612.49723
2016-03-09,4676.004787
2016-03-10,4651.398387
2016-03-11,4719.953754
2016-03-14,4728.667134
2016-03-15,4659.476069
2016-03-16,4653.074379
2016-03-17,4792.619391
2016-03-18,4810.522029
2016-03-21,4789.894064
2016-03-22,4798.217901
2016-03-23,4745.355909
2016-03-24,4677.455199
2016-03-25,4677.455199
2016-03-28,4688.838916
2016-03-29,4653.147658
2016-03-30,4753.403953
2016-03-31,4786.046719
2016-04-01,4690.646733
2016-04-04,4680.099351
2016-04-05,4588.529205
2016-04-06,4617.818242
2016-04-07,4619.230491
2016-04-08,4630.318826
2016-04-11,4645.576992
2016-04-12,4686.898971
2016-04-13,4779.483676
2016-04-14,4852.092628
2016-04-15,4874.711196
2016-04-18,4870.102619
2016-04-19,4955.758211
2016-04-20,4961.124555
2016-04-21,4995.977622
2016-04-22,4950.408205
2016-04-25,4941.609033
2016-04-26,4942.519801
2016-04-27,4844.599095
2016-04-28,4884.464197
2016-04-29,4884.840058
2016-05-02,4870.117804
2016-05-03,4854.781023
2016-05-04,4781.168838
2016-05-05,4790.99435
2016-05-06,4722.571832
2016-05-09,4739.639788
2016-05-10,4775.244813
2016-05-11,4782.243331
2016-05-12,4758.063203
2016-05-13,4694.5165
2016-05-16,4728.149421
2016-05-17,4792.074903
2016-05-18,4727.576858
2016-05-19,4664.693475
2016-05-20,4703.729468
2016-05-23,4673.109606
2016-05-24,4649.924188
2016-05-25,4720.618538
2016-05-26,4748.256693
2016-05-27,4759.802106
2016-05-30,4759.201952
2016-05-31,4778.859015
2016-06-01,4746.730129
2016-06-02,4720.361043
2016-06-03,4799.484759
2016-06-06,4855.53346
2016-06-07,4910.072863
2016-06-08,4918.037047
2016-06-09,4892.995427
2016-06-10,4837.357141
2016-06-13,4799.046611
2016-06-14,4706.579914
2016-06-15,4699.315976
2016-06-16,4631.545166
2016-06-17,4682.001721
2016-06-20,4797.460106
2016-06-21,4803.88608
2016-06-22,4824.853179
2016-06-23,4874.483105
2016-06-24,4694.013875
2016-06-27,4641.635639
2016-06-28,4641.257618
2016-06-29,4726.562505
2016-06-30,4817.37528
2016-07-01,4837.381188
2016-07-04,4898.12072
2016-07-05,4821.405547
2016-07-06,4800.419254
2016-07-07,4830.810872
2016-07-08,4843.12194
2016-07-11,4919.142416
2016-07-12,4989.46329
2016-07-13,5016.253259
2016-07-14,5042.187709
2016-07-15,5040.013588
2016-07-18,5069.312168
2016-07-19,5022.337697
2016-07-20,5058.738212
2016-07-21,5085.517439
2016-07-22,5052.776914
2016-07-25,5079.031219
2016-07-26,5127.77371
2016-07-27,5112.053288
2016-07-28,5136.231377
2016-07-29,5151.978214
2016-08-01,5163.118002
2016-08-02,5154.761074
2016-08-03,5061.4226
2016-08-04,5090.402189
2016-08-05,5112.034565
2016-08-08,5186.271986
2016-08-09,5206.226296
2016-08-10,5221.517863
2016-08-11,5197.207262
2016-08-12,5208.457003
2016-08-15,5214.855199
2016-08-16,5199.951955
2016-08-17,5185.882387
2016-08-18,5186.046713
2016-08-19,5160.15514
2016-08-22,5163.587427
2016-08-23,5204.429231
2016-08-24,5192.816183
2016-08-25,5185.730072
2016-08-26,5187.722528
2016-08-29,5104.483281
2016-08-30,5098.650554
2016-08-31,5076.663226
2016-09-01,5093.541694
2016-09-02,5079.9415
2016-09-05,5162.803705
2016-09-06,5207.274526
2016-09-07,5218.099047
2016-09-08,5217.297941
2016-09-09,5150.565466
2016-09-12,5023.704594
2016-09-13,4978.901478
2016-09-14,4981.200637
2016-09-15,5018.289079
2016-09-16,5044.460989
2016-09-19,5096.29232
2016-09-20,5098.263132
2016-09-21,5126.664635
2016-09-22,5184.503295
2016-09-23,5207.213923
2016-09-26,5193.043711
2016-09-27,5203.07513
2016-09-28,5207.662704
2016-09-29,5258.778178
2016-09-30,5211.645196
2016-10-03,5253.615914
2016-10-04,5256.684506
2016-10-05,5220.313151
2016-10-06,5232.25563
2016-10-07,5225.991992
2016-10-10,5244.242136
2016-10-11,5190.854888
2016-10-12,5185.141736
2016-10-13,5133.641488
2016-10-14,5177.764374
2016-10-17,5139.065576
2016-10-18,5194.61567
2016-10-19,5218.849677
2016-10-20,5197.592899
2016-10-21,5175.187787
2016-10-24,5185.969888
2016-10-25,5222.044915
2016-10-26,5174.864218
2016-10-27,5098.499681
2016-10-28,5074.6478
2016-10-31,5102.135981
2016-11-01,5120.595735
2016-11-02,5072.576627
2016-11-03,5063.922029
2016-11-04,5032.774019
2016-11-07,5075.60918
2016-11-08,5100.788162
2016-11-09,4985.597991
2016-11-10,5079.217073
2016-11-11,5075.686885
2016-11-14,5047.272179
2016-11-15,5045.90241
2016-11-16,5011.019782
2016-11-17,5036.160974
2016-11-18,4998.186754
2016-11-21,5001.144573
2016-11-22,5049.773784
2016-11-23,5096.090501
2016-11-24,5105.444573
2016-11-25,5132.923054
2016-11-28,5131.681343
2016-11-29,5125.247656
2016-11-30,5098.266711
2016-12-01,5136.79367
2016-12-02,5103.524328
2016-12-05,5096.264679
2016-12-06,5115.186457
2016-12-07,5159.057381
2016-12-08,5174.446411
2016-12-09,5176.894696
2016-12-12,5186.682611
2016-12-13,5180.159763
2016-12-14,5207.714209
2016-12-15,5073.050808
2016-12-16,5035.511367
2016-12-19,5027.036977
2016-12-20,5035.03587
2016-12-21,5052.01383
2016-12-22,5051.681999
2016-12-23,5011.804002
2016-12-26,5011.804002
2016-12-27,5020.212643
2016-12-28,5043.112104
2016-12-29,5067.658856
2016-12-30,5070.041802
2017-01-02,5070.041802
2017-01-03,5114.675851
2017-01-04,5153.149507
2017-01-05,5220.8819
2017-01-06,5210.829907
2017-01-09,5264.552382
2017-01-10,5284.564768
2017-01-11,5291.485945
2017-01-12,5337.365668
2017-01-13,5316.494812
2017-01-16,5318.106163
2017-01-17,5328.580545
2017-01-18,5338.945642
2017-01-19,5333.685635
2017-01-20,5306.463507
2017-01-23,5304.096285
2017-01-24,5337.200761
2017-01-25,5343.036717
2017-01-26,5344.544676
2017-01-27,5388.909087
2017-01-30,5363.779894
2017-01-31,5358.14789
2017-02-01,5364.275214
2017-02-02,5396.487785
2017-02-03,5385.432999
2017-02-06,5367.557022
2017-02-07,5372.784151
2017-02-08,5402.69417
2017-02-09,5397.060548
2017-02-10,5453.73129
2017-02-13,5467.741551
2017-02-14,5455.991662
2017-02-15,5526.732707
2017-02-16,5541.769525
2017-02-17,5535.513787
2017-02-20,5536.517669
2017-02-21,5529.746821
2017-02-22,5572.875751
2017-02-23,5593.261039
2017-02-24,5539.484981
2017-02-27,5539.26183
2017-02-28,5523.362238
2017-03-01,5523.450209
2017-03-02,5541.225762
2017-03-03,5491.529288
2017-03-06,5515.972927
2017-03-07,5535.357892
2017-03-08,5520.251705
2017-03-09,5475.936334
2017-03-10,5530.148612
2017-03-13,5535.907216
2017-03-14,5531.75594
2017-03-15,5555.197432
2017-03-16,5627.29231
2017-03-17,5646.154531
2017-03-20,5663.477327
2017-03-21,5651.522183
2017-03-22,5557.995392
2017-03-23,5572.607351
2017-03-24,5594.022922
2017-03-27,5577.952098
2017-03-28,5648.592231
2017-03-29,5697.883981
2017-03-30,5718.76198
2017-03-31,5666.117411
2017-04-03,5673.954668
2017-04-04,5640.151866
2017-04-05,5675.703351
2017-04-06,5649.496052
2017-04-07,5632.989583
2017-04-10,5663.355865
2017-04-11,5654.578599
2017-04-12,5684.368166
2017-04-13,5698.425254
2017-04-14,5698.425254
2017-04-17,5702.736545
2017-04-18,5625.497777
2017-04-19,5570.944258
2017-04-20,5607.07106
2017-04-21,5616.282026
2017-04-24,5652.529606
2017-04-25,5657.807765
2017-04-26,5672.454165
2017-04-27,5680.169418
2017-04-28,5693.119976
2017-05-01,5738.109475
2017-05-02,5740.207777
2017-05-03,5683.310005
2017-05-04,5644.368663
2017-05-05,5609.842252
2017-05-08,5629.958925
2017-05-09,5610.113339
2017-05-10,5643.678187
2017-05-11,5646.942315
2017-05-12,5631.645317
2017-05-15,5658.132389
2017-05-16,5672.487489
2017-05-17,5628.356462
2017-05-18,5602.985455
2017-05-19,5604.313648
2017-05-22,5654.015812
2017-05-23,5650.433662
2017-05-24,5649.979442
2017-05-25,5669.902291
2017-05-26,5637.500297
2017-05-29,5615.697309
2017-05-30,5627.692724
2017-05-31,5637.776679
2017-06-01,5627.029982
2017-06-02,5693.2471
2017-06-05,5685.927315
2017-06-06,5662.305613
2017-06-07,5674.357381
2017-06-08,5683.508448
2017-06-09,5681.835916
2017-06-12,5668.061577
2017-06-13,5742.85904
2017-06-14,5812.290428
2017-06-15,5728.917468
2017-06-16,5751.423808
2017-06-19,5782.091712
2017-06-20,5734.142553
2017-06-21,5648.121621
2017-06-22,5676.565367
2017-06-23,5694.287834
2017-06-26,5715.196968
2017-06-27,5711.58721
2017-06-28,5736.475809
2017-06-29,5831.849089
2017-06-30,5753.484887
2017-07-03,5709.752313
2017-07-04,5725.646128
2017-07-05,5715.953254
2017-07-06,5711.854367
2017-07-07,5691.538041
2017-07-10,5709.577767
2017-07-11,5725.930445
2017-07-12,5726.455382
2017-07-13,5810.96204
2017-07-14,5881.383375
2017-07-17,5883.482959
2017-07-18,5900.931826
2017-07-19,5943.361612
2017-07-20,5972.610426
2017-07-21,5938.895803
2017-07-24,5931.003166
2017-07-25,5960.210479
2017-07-26,5985.470299
2017-07-27,6029.241615
2017-07-28,5982.458031
2017-07-31,6000.783235
2017-08-01,6052.650255
2017-08-02,6033.644669
2017-08-03,6016.914275
2017-08-04,5982.931977
2017-08-07,6007.785946
2017-08-08,5990.721604
2017-08-09,5996.725994
2017-08-10,5984.673996
2017-08-11,5903.015814
2017-08-14,5946.702135
2017-08-15,5932.119882
2017-08-16,5995.571054
2017-08-17,6006.66992
2017-08-18,5966.577156
2017-08-21,5968.394174
2017-08-22,5996.390442
2017-08-23,5972.971813
2017-08-24,5986.614432
2017-08-25,6011.253185
2017-08-28,5997.429705
2017-08-29,5976.474132
2017-08-30,5964.334946
2017-08-31,6016.323014
2017-09-01,6051.475263
2017-09-04,6011.185657
2017-09-05,6052.853571
2017-09-06,6018.705947
2017-09-07,6043.179181
2017-09-08,6060.4897
2017-09-11,6084.657064
2017-09-12,6111.402697
2017-09-13,6091.735628
2017-09-14,6068.598684
2017-09-15,6052.100448
2017-09-18,6081.812564
2017-09-19,6078.512911
2017-09-20,6112.169784
2017-09-21,6013.394499
2017-09-22,6046.770528
2017-09-25,6005.521053
2017-09-26,5959.274654
2017-09-27,5962.245401
2017-09-28,5949.897845
2017-09-29,5964.194208
2017-10-02,5992.495241
2017-10-03,5981.071192
2017-10-04,5974.780819
2017-10-05,5953.606635
2017-10-06,5980.6083
2017-10-09,5992.313303
2017-10-10,6017.952564
2017-10-11,6015.156618
2017-10-12,6064.497811
2017-10-13,6116.374426
2017-10-16,6133.999444
2017-10-17,6147.703093
2017-10-18,6155.91652
2017-10-19,6160.179298
2017-10-20,6143.226341
2017-10-23,6116.053923
2017-10-24,6087.061452
2017-10-25,6063.336619
2017-10-26,6060.760441
2017-10-27,6047.877254
2017-10-30,6061.282821
2017-10-31,6047.564033
2017-11-01,6092.768057
2017-11-02,6106.606548
2017-11-03,6095.097254
2017-11-06,6083.710304
2017-11-07,6137.364177
2017-11-08,6167.865703
2017-11-09,6195.321803
2017-11-10,6190.026951
2017-11-13,6195.809041
2017-11-14,6153.125985
2017-11-15,6097.581858
2017-11-16,6102.411265
2017-11-17,6104.003044
2017-11-20,6100.648549
2017-11-21,6156.999422
2017-11-22,6184.710132
2017-11-23,6202.093052
2017-11-24,6215.160977
2017-11-27,6210.855649
2017-11-28,6186.829433
2017-11-29,6191.472708
2017-11-30,6152.074772
2017-12-01,6174.186669
2017-12-04,6162.801797
2017-12-05,6146.512076
2017-12-06,6083.163045
2017-12-07,6078.816183
2017-12-08,6102.891579
2017-12-11,6143.873652
2017-12-12,6160.197482
2017-12-13,6212.899936
2017-12-14,6214.865973
2017-12-15,6186.204133
2017-12-18,6234.377394
2017-12-19,6241.718853
2017-12-20,6252.410681
2017-12-21,6256.871384
2017-12-22,6285.798724
2017-12-25,6285.798724
2017-12-26,6285.66619
2017-12-27,6321.742717
2017-12-28,6368.892963
2017-12-29,6382.282032
2018-01-01,6382.282032
2018-01-02,6408.329399
2018-01-03,6427.329241
2018-01-04,6460.840247
2018-01-05,6489.889833
2018-01-08,6489.572522
2018-01-09,6500.481212
2018-01-10,6487.244817
2018-01-11,6477.78808
2018-01-12,6495.525215
2018-01-15,6549.676943
2018-01-16,6542.488072
2018-01-17,6538.110479
2018-01-18,6529.866622
2018-01-19,6541.238309
2018-01-22,6558.342571
2018-01-23,6595.171096
2018-01-24,6650.282165
2018-01-25,6647.062552
2018-01-26,6652.775456
2018-01-29,6648.74274
2018-01-30,6604.257923
2018-01-31,6628.285682
2018-02-01,6612.555101
2018-02-02,6574.023336
2018-02-05,6474.645557
2018-02-06,6241.653264
2018-02-07,6240.0056
2018-02-08,6242.421608
2018-02-09,6150.104848
2018-02-12,6158.404289
2018-02-13,6225.397847
2018-02-14,6269.205947
2018-02-15,6347.916537
2018-02-16,6358.55361
2018-02-19,6380.444694
2018-02-20,6372.85945
2018-02-21,6369.696459
2018-02-22,6352.847066
2018-02-23,6396.70719
2018-02-26,6460.393305
2018-02-27,6455.54816
2018-02-28,6410.806446
2018-03-01,6376.134625
2018-03-02,6325.973652
2018-03-05,6253.831646
2018-03-06,6366.054004
2018-03-07,6292.605574
2018-03-08,6349.007074
2018-03-09,6406.998507
2018-03-12,6486.277651
2018-03-13,6483.283175
2018-03-14,6440.72156
2018-03-15,6400.125044
2018-03-16,6368.627977
2018-03-19,6356.468339
2018-03-20,6337.505157
2018-03-21,6345.135121
2018-03-22,6314.511745
2018-03-23,6209.738157
2018-03-26,6196.237492
2018-03-27,6230.360918
2018-03-28,6137.870123
2018-03-29,6144.01451
2018-03-30,6144.01451
2018-04-02,6142.149531
2018-04-03,6146.066698
2018-04-04,6124.063078
2018-04-05,6149.637945
2018-04-06,6166.59744
2018-04-09,6209.461039
2018-04-10,6289.054607
2018-04-11,6305.445107
2018-04-12,6282.815438
2018-04-13,6303.609169
2018-04-16,6282.510513
2018-04-17,6272.239072
2018-04-18,6325.769893
2018-04-19,6347.645737
2018-04-20,6274.411762
2018-04-23,6253.53894
2018-04-24,6279.703767
2018-04-25,6246.27954
2018-04-26,6224.48381
2018-04-27,6279.078589
2018-04-30,6335.345238
2018-05-01,6318.329329
2018-05-02,6340.191433
2018-05-03,6351.337367
2018-05-04,6309.167603
2018-05-07,6315.003938
2018-05-08,6309.926466
2018-05-09,6325.767142
2018-05-10,6365.817037
2018-05-11,6421.772827
2018-05-14,6476.378612
2018-05-15,6394.883019
2018-05-16,6401.302414
2018-05-17,6392.843023
2018-05-18,6399.466184
2018-05-21,6448.335703
2018-05-22,6442.596585
2018-05-23,6373.048731
2018-05-24,6397.410352
2018-05-25,6384.500559
2018-05-28,6379.736328
2018-05-29,6352.757749
2018-05-30,6315.346596
2018-05-31,6356.738424
2018-06-01,6326.857481
2018-06-04,6422.113884
2018-06-05,6385.132183
2018-06-06,6443.26281
2018-06-07,6464.711212
2018-06-08,6401.82628
2018-06-11,6416.233576
2018-06-12,6411.927952
2018-06-13,6358.805274
2018-06-14,6294.617651
2018-06-15,6294.68393
2018-06-18,6276.119652
2018-06-19,6190.561413
2018-06-20,6264.827621
2018-06-21,6277.439282
2018-06-22,6306.725159
2018-06-25,6251.597527
2018-06-26,6251.387893
2018-06-27,6216.144686
2018-06-28,6230.510728
2018-06-29,6253.044959
2018-07-02,6197.577129
2018-07-03,6225.561683
2018-07-04,6206.717205
2018-07-05,6230.57792
2018-07-06,6286.060422
2018-07-09,6355.534112
2018-07-10,6340.925667
2018-07-11,6266.21942
2018-07-12,6300.071119
2018-07-13,6309.503445
2018-07-16,6295.432842
2018-07-17,6247.633056
2018-07-18,6261.357107
2018-07-19,6253.943583
2018-07-20,6321.743931
2018-07-23,6280.123001
2018-07-24,6336.172226
2018-07-25,6338.601568
2018-07-26,6318.95707
2018-07-27,6368.172117
2018-07-30,6354.919556
2018-07-31,6374.417779
2018-08-01,6335.830236
2018-08-02,6246.1439
2018-08-03,6243.392368
2018-08-06,6281.528858
2018-08-07,6333.351335
2018-08-08,6350.176975
2018-08-09,6364.209971
2018-08-10,6286.457859
2018-08-13,6219.305738
2018-08-14,6231.909916
2018-08-15,6221.772548
2018-08-16,6241.902845
2018-08-17,6255.034122
2018-08-20,6294.287185
2018-08-21,6280.696298
2018-08-22,6266.089591
2018-08-23,6202.839312
2018-08-24,6222.955167
2018-08-27,6282.607874
2018-08-28,6313.274815
2018-08-29,6334.483215
2018-08-30,6312.552713
2018-08-31,6259.981665
2018-09-03,6238.250139
2018-09-04,6217.253749
2018-09-05,6126.190003
2018-09-06,6077.703296
2018-09-07,6026.818621
2018-09-10,5982.850875
2018-09-11,5988.680185
2018-09-12,6023.421727
2018-09-13,6059.110037
2018-09-14,6105.903971
2018-09-17,6100.804182
2018-09-18,6120.781851
2018-09-19,6185.968428
2018-09-20,6180.600221
2018-09-21,6245.79497
2018-09-24,6204.200379
2018-09-25,6202.121899
2018-09-26,6223.533172
2018-09-27,6188.284134
2018-09-28,6218.654829
2018-10-01,6185.422827
2018-10-02,6099.427985
2018-10-03,6082.909719
2018-10-04,6036.631705
2018-10-05,6016.089197
2018-10-08,5944.122604
2018-10-09,5913.061108
2018-10-10,5924.459223
2018-10-11,5759.842151
2018-10-12,5799.336883
2018-10-15,5761.970977
2018-10-16,5765.577974
2018-10-17,5807.085919
2018-10-18,5819.94252
2018-10-19,5824.434096
2018-10-22,5818.483663
2018-10-23,5703.048111
2018-10-24,5699.065504
2018-10-25,5583.042254
2018-10-26,5564.210988
2018-10-29,5606.487406
2018-10-30,5641.548424
2018-10-31,5674.189928
2018-11-01,5769.83574
2018-11-02,5863.838806
2018-11-05,5798.143657
2018-11-06,5853.476105
2018-11-07,5903.484311
2018-11-08,5934.577621
2018-11-09,5874.438166
2018-11-12,5877.738954
2018-11-13,5838.020536
2018-11-14,5773.665351
2018-11-15,5825.473173
2018-11-16,5856.44589
2018-11-19,5842.543349
2018-11-20,5767.651856
2018-11-21,5766.91086
2018-11-22,5797.548041
2018-11-23,5808.205571
2018-11-26,5826.160598
2018-11-27,5838.228113
2018-11-28,5852.164853
2018-11-29,5909.37821
2018-11-30,5839.084091
2018-12-03,5997.671431
2018-12-04,5969.468221
2018-12-05,5875.552463
2018-12-06,5803.557691
2018-12-07,5820.804976
2018-12-10,5690.24546
2018-12-11,5715.237732
2018-12-12,5812.992895
2018-12-13,5839.235576
2018-12-14,5756.340465
2018-12-17,5799.993635
2018-12-18,5730.190434
2018-12-19,5745.608476
2018-12-20,5657.35644
2018-12-21,5618.299098
2018-12-24,5615.424967
2018-12-25,5615.424967
2018-12-26,5612.622222
2018-12-27,5656.616456
2018-12-28,5708.183735
2018-12-31,5724.903123
2019-01-01,5724.903123
2019-01-02,5610.007775
2019-01-03,5637.167205
2019-01-04,5736.710527
2019-01-07,5807.539311
2019-01-08,5843.98538
2019-01-09,5936.659756
2019-01-10,5969.425425
2019-01-11,5976.413748
2019-01-14,5951.621457
2019-01-15,6019.923368
2019-01-16,6028.778009
2019-01-17,6007.669904
2019-01-18,6058.629726
2019-01-21,6046.698287
2019-01-22,6003.903003
2019-01-23,5989.523211
2019-01-24,6002.233084
2019-01-25,6086.221943
2019-01-28,6085.728511
2019-01-29,6044.96842
2019-01-30,6078.959821
2019-01-31,6137.021773
2019-02-01,6114.936264
2019-02-04,6126.361571
2019-02-05,6210.955291
2019-02-06,6165.679721
2019-02-07,6196.5801
2019-02-08,6186.301053
2019-02-11,6179.729849
2019-02-12,6201.206999
2019-02-13,6247.461063
2019-02-14,6236.30126
2019-02-15,6213.943801
2019-02-18,6268.675824
2019-02-19,6289.006135
2019-02-20,6328.64188
2019-02-21,6330.470076
2019-02-22,6380.412749
2019-02-25,6413.852382
2019-02-26,6369.233279
2019-02-27,6377.695526
2019-02-28,6368.150571
2019-03-01,6382.534574
2019-03-04,6403.880944
2019-03-05,6364.602374
2019-03-06,6373.887453
2019-03-07,6382.140923
2019-03-08,6314.920355
2019-03-11,6321.776689
2019-03-12,6363.708982
2019-03-13,6353.508893
2019-03-14,6342.823438
2019-03-15,6364.662588
2019-03-18,6403.958882
2019-03-19,6405.833172
2019-03-20,6372.441454
2019-03-21,6380.548488
2019-03-22,6402.092111
2019-03-25,6343.19434
2019-03-26,6368.077908
2019-03-27,6340.928527
2019-03-28,6380.950545
2019-03-29,6425.779032
2019-04-01,6510.4918
2019-04-02,6513.712393
2019-04-03,6591.755542
2019-04-04,6548.480396
2019-04-05,6511.34124
2019-04-08,6538.068524
2019-04-09,6547.997291
2019-04-10,6555.833894
2019-04-11,6515.890374
2019-04-12,6565.38068
2019-04-15,6564.728282
2019-04-16,6584.831824
2019-04-17,6571.996258
2019-04-18,6551.442917
2019-04-19,6551.442917
2019-04-22,6544.182414
2019-04-23,6559.471397
2019-04-24,6563.977662
2019-04-25,6541.149145
2019-04-26,6568.019702
2019-04-29,6582.442508
2019-04-30,6535.719683
2019-05-01,6566.853339
2019-05-02,6559.093088
2019-05-03,6583.102275
2019-05-06,6460.62127
2019-05-07,6489.60316
2019-05-08,6446.310834
2019-05-09,6390.730044
2019-05-10,6428.238194
2019-05-13,6394.561451
2019-05-14,6332.398683
2019-05-15,6360.026754
2019-05-16,6386.135175
2019-05-17,6360.727443
2019-05-20,6459.02441
2019-05-21,6449.117878
2019-05-22,6464.60654
2019-05-23,6428.238875
2019-05-24,6436.171841
2019-05-27,6432.245795
2019-05-28,6464.888605
2019-05-29,6414.369278
2019-05-30,6356.399826
2019-05-31,6355.113619
2019-06-03,6325.453959
2019-06-04,6347.571513
2019-06-05,6389.236532
2019-06-06,6414.875312
2019-06-07,6474.583045
2019-06-10,6493.387098
2019-06-11,6572.977408
2019-06-12,6524.21447
2019-06-13,6509.264759
2019-06-14,6478.456255
2019-06-17,6458.554159
2019-06-18,6525.937429
2019-06-19,6638.321726
2019-06-20,6725.280093
2019-06-21,6695.092632
2019-06-24,6731.192885
2019-06-25,6724.057583
2019-06-26,6720.942321
2019-06-27,6788.635686
2019-06-28,6757.119557
2019-07-01,6756.059895
2019-07-02,6807.079747
2019-07-03,6854.769593
2019-07-04,6866.400376
2019-07-05,6855.024622
2019-07-08,6770.78359
2019-07-09,6721.276602
2019-07-10,6751.71136
2019-07-11,6796.845444
2019-07-12,6814.23391
2019-07-15,6801.044677
2019-07-16,6806.270408
2019-07-17,6812.955481
2019-07-18,6812.621528
2019-07-19,6873.019244
2019-07-22,6830.200927
2019-07-23,6828.301345
2019-07-24,6838.32548
2019-07-25,6848.130373
2019-07-26,6782.98344
2019-07-29,6755.73954
2019-07-30,6756.750099
2019-07-31,6708.539371
2019-08-01,6644.907272
2019-08-02,6556.263903
2019-08-05,6395.186816
2019-08-06,6288.397692
2019-08-07,6303.411236
2019-08-08,6366.398036
2019-08-09,6353.831602
2019-08-12,6317.262888
2019-08-13,6269.907163
2019-08-14,6269.480115
2019-08-15,6215.15112
2019-08-16,6254.450374
2019-08-19,6335.734738
2019-08-20,6379.642474
2019-08-21,6344.381814
2019-08-22,6317.116493
2019-08-23,6336.087983
2019-08-26,6233.556965
2019-08-27,6247.738656
2019-08-28,6248.649328
2019-08-29,6265.713099
2019-08-30,6321.732432
2019-09-02,6271.445895
2019-09-03,6287.098111
2019-09-04,6408.747521
2019-09-05,6449.888752
2019-09-06,6512.259306
2019-09-09,6526.518277
2019-09-10,6506.743573
2019-09-11,6557.114021
2019-09-12,6569.586287
2019-09-13,6612.935914
2019-09-16,6575.057185
2019-09-17,6563.14275
2019-09-18,6538.536566
2019-09-19,6501.55522
2019-09-20,6487.77662
2019-09-23,6477.917994
2019-09-24,6499.074262
2019-09-25,6422.918761
2019-09-26,6406.722859
2019-09-27,6436.082169
2019-09-30,6405.775918
2019-10-01,6408.404181
2019-10-02,6348.998896
2019-10-03,6293.779783
2019-10-04,6287.547805
2019-10-07,6309.986801
2019-10-08,6321.206499
2019-10-09,6255.623416
2019-10-10,6270.399154
2019-10-11,6380.350217
2019-10-14,6405.467293
2019-10-15,6407.231838
2019-10-16,6473.623387
2019-10-17,6500.676047
2019-10-18,6480.596828
2019-10-21,6503.237819
2019-10-22,6529.636599
2019-10-23,6502.702336
2019-10-24,6530.234776
2019-10-25,6561.128016
2019-10-28,6591.020557
2019-10-29,6607.859021
2019-10-30,6579.791817
2019-10-31,6598.482347
2019-11-01,6637.641673
2019-11-04,6667.34489
2019-11-05,6681.058441
2019-11-06,6670.07511
2019-11-07,6723.991068
2019-11-08,6693.867752
2019-11-11,6662.403436
2019-11-12,6667.172803
2019-11-13,6575.516147
2019-11-14,6544.615414
2019-11-15,6607.730339
2019-11-18,6625.894665
2019-11-19,6682.459425
2019-11-20,6594.467471
2019-11-21,6526.892925
2019-11-22,6553.316722
2019-11-25,6593.484599
2019-11-26,6620.275598
2019-11-27,6663.961979
2019-11-28,6655.205399
2019-11-29,6611.953029
2019-12-02,6653.278954
2019-12-03,6573.965155
2019-12-04,6490.642191
2019-12-05,6533.504674
2019-12-06,6573.832669
2019-12-09,6578.610044
2019-12-10,6541.601961
2019-12-11,6606.811687
2019-12-12,6646.91219
2019-12-13,6707.570853
2019-12-16,6762.737116
2019-12-17,6749.964497
2019-12-18,6752.13141
2019-12-19,6740.727352
2019-12-20,6749.638195
2019-12-23,6738.702192
2019-12-24,6754.176673
2019-12-25,6754.176673
2019-12-26,6761.954868
2019-12-27,6818.805724
2019-12-30,6834.421553
2019-12-31,6775.970328
2020-01-01,6775.970328
2020-01-02,6802.066259
2020-01-03,6801.136071
2020-01-06,6774.301598
2020-01-07,6803.043075
2020-01-08,6776.556073
2020-01-09,6836.13998
2020-01-10,6913.040989
2020-01-13,6911.919953
2020-01-14,6957.08722
2020-01-15,6968.30636
2020-01-16,7013.843568
2020-01-17,7027.011078
2020-01-20,7004.403046
2020-01-21,6930.19964
2020-01-22,6975.192227
2020-01-23,6927.377427
2020-01-24,6922.595317
2020-01-27,6872.829936
2020-01-28,6798.213428
2020-01-29,6756.842308
2020-01-30,6678.448962
2020-01-31,6663.911443
2020-02-03,6598.323783
2020-02-04,6648.327487
2020-02-05,6682.974246
2020-02-06,6771.887455
2020-02-07,6709.097267
2020-02-10,6675.031482
2020-02-11,6743.605645
2020-02-12,6813.987539
2020-02-13,6810.35151
2020-02-14,6829.038838
2020-02-17,6830.476261
2020-02-18,6788.746243
2020-02-19,6802.727699
2020-02-20,6766.937042
2020-02-21,6734.888369
2020-02-24,6602.173126
2020-02-25,6539.020725
2020-02-26,6405.311095
2020-02-27,6401.170944
2020-02-28,6151.325513
2020-03-02,6160.52277
2020-03-03,6244.005511
2020-03-04,6183.377964
2020-03-05,6265.139102
2020-03-06,6130.882374
2020-03-09,5761.651047
2020-03-10,5804.408899
2020-03-11,5690.914752
2020-03-12,5241.996281
2020-03-13,5281.796169
2020-03-16,4891.973229
2020-03-17,4979.595723
2020-03-18,4649.935046
2020-03-19,4480.417688
2020-03-20,4561.765857
2020-03-23,4260.801455
2020-03-24,4522.590672
2020-03-25,4780.408083
2020-03-26,4876.415523
2020-03-27,4783.90164
2020-03-30,4924.087843
2020-03-31,4906.054146
2020-04-01,4976.633766
2020-04-02,4901.443845
2020-04-03,4837.012458
2020-04-06,5044.704402
2020-04-07,5132.084023
2020-04-08,5097.545956
2020-04-09,5273.419328
2020-04-10,5273.419328
2020-04-13,5302.951452
2020-04-14,5406.399293
2020-04-15,5321.749522
2020-04-16,5271.064182
2020-04-17,5380.136114
2020-04-20,5302.257436
2020-04-21,5133.333147
2020-04-22,5146.825672
2020-04-23,5186.735154
2020-04-24,5172.222816
2020-04-27,5286.838796
2020-04-28,5318.622291
2020-04-29,5394.951495
2020-04-30,5481.219356
2020-05-01,5274.148677
2020-05-04,5216.33575
2020-05-05,5302.039254
2020-05-06,5306.662861
2020-05-07,5291.098799
2020-05-08,5363.211426
2020-05-11,5399.44711
2020-05-12,5351.85942
2020-05-13,5330.621623
2020-05-14,5215.019509
2020-05-15,5253.357337
2020-05-18,5333.832911
2020-05-19,5480.550996
2020-05-20,5493.736954
2020-05-21,5445.70718
2020-05-22,5261.541648
2020-05-25,5329.031234
2020-05-26,5525.294252
2020-05-27,5484.107183
2020-05-28,5554.136947
2020-05-29,5459.233795
2020-06-01,5647.603765
2020-06-02,5756.173642
2020-06-03,5901.826524
2020-06-04,5968.271021
2020-06-05,6023.835362
2020-06-08,6056.4577
2020-06-09,6165.339151
2020-06-10,6168.689187
2020-06-11,5943.283951
2020-06-12,5842.316541
2020-06-15,5717.15372
2020-06-16,5881.738885
2020-06-17,5966.295378
2020-06-18,5908.74796
2020-06-19,5911.437873
2020-06-22,5929.295357
2020-06-23,5995.833904
2020-06-24,5964.110172
2020-06-25,5853.88581
2020-06-26,5885.310648
2020-06-29,5814.983103
2020-06-30,5896.576861
2020-07-01,5934.840461
2020-07-02,6046.218161
2020-07-03,6086.745025
2020-07-06,6140.326119
2020-07-07,6090.143083
2020-07-08,6040.154189
2020-07-09,6041.463285
2020-07-10,5998.130494
2020-07-13,6055.446902
2020-07-14,6018.26964
2020-07-15,6118.481965
2020-07-16,6043.411431
2020-07-17,6058.220654
2020-07-20,6039.496984
2020-07-21,6227.101603
2020-07-22,6144.714254
2020-07-23,6159.031263
2020-07-24,6062.327448
2020-07-27,6092.419013
2020-07-28,6098.321653
2020-07-29,6102.05237
2020-07-30,6093.969258
2020-07-31,6047.374049
2020-08-03,5988.827612
2020-08-04,6133.397588
2020-08-05,6158.102905
2020-08-06,6185.90989
2020-08-07,6117.132585
2020-08-10,6174.945099
2020-08-11,6237.810083
2020-08-12,6273.889944
2020-08-13,6257.90175
2020-08-14,6271.537158
2020-08-17,6267.007424
2020-08-18,6307.0866
2020-08-19,6335.521266
2020-08-20,6216.626809
2020-08-21,6244.971032
2020-08-24,6298.876214
2020-08-25,6329.424327
2020-08-26,6325.733112
2020-08-27,6316.031733
2020-08-28,6386.712719
2020-08-31,6396.552629
2020-09-01,6323.823822
2020-09-02,6364.56942
2020-09-03,6386.248539
2020-09-04,6197.204692
2020-09-07,6253.185
2020-09-08,6254.92848
2020-09-09,6192.795836
2020-09-10,6203.749647
2020-09-11,6183.109082
2020-09-14,6223.263544
2020-09-15,6237.361856
2020-09-16,6293.637025
2020-09-17,6198.768898
2020-09-18,6198.213126
2020-09-21,6081.783275
2020-09-22,6013.706284
2020-09-23,6074.188198
2020-09-24,5973.096303
2020-09-25,6047.178883
2020-09-28,6050.957678
2020-09-29,6067.781458
2020-09-30,6013.204086
2020-10-01,6065.068038
2020-10-02,6005.340315
2020-10-05,6150.189506
2020-10-06,6163.863359
2020-10-07,6215.160745
2020-10-08,6262.578384
2020-10-09,6286.406817
2020-10-12,6312.32107
2020-10-13,6331.337092
2020-10-14,6325.914168
2020-10-15,6243.22635
2020-10-16,6222.252529
2020-10-19,6266.32193
2020-10-20,6220.491412
2020-10-21,6265.182187
2020-10-22,6254.602603
2020-10-23,6256.977661
2020-10-26,6257.817856
2020-10-27,6185.062763
2020-10-28,6133.042013
2020-10-29,6026.872015
2020-10-30,5979.158795
2020-11-02,6020.693373
2020-11-03,6222.739026
2020-11-04,6214.277782
2020-11-05,6387.11373
2020-11-06,6419.281901
2020-11-09,6526.192091
2020-11-10,6637.846874
2020-11-11,6721.510267
2020-11-12,6671.314012
2020-11-13,6655.573326
2020-11-16,6794.285478
2020-11-17,6830.276108
2020-11-18,6877.765771
2020-11-19,6842.482602
2020-11-20,6875.849836
2020-11-23,6854.693465
2020-11-24,6984.275161
2020-11-25,7024.386925
2020-11-26,6989.572862
2020-11-27,6986.997495
2020-11-30,6857.963542
2020-12-01,6916.851341
2020-12-02,6933.012449
2020-12-03,7006.459162
2020-12-04,7019.63909
2020-12-07,7035.367142
2020-12-08,7021.879263
2020-12-09,7097.35519
2020-12-10,7106.378622
2020-12-11,7089.125789
2020-12-14,7112.812251
2020-12-15,7077.87363
2020-12-16,7153.092704
2020-12-17,7238.13324
2020-12-18,7163.98597
2020-12-21,7119.887179
2020-12-22,7024.837552
2020-12-23,7117.92054
2020-12-24,7156.630807
2020-12-25,7156.630807
2020-12-28,7167.05306
2020-12-29,7218.644814
2020-12-30,7293.537764
2020-12-31,7219.889453
2021-01-01,7219.889453
2021-01-04,7321.41181
2021-01-05,7382.921522
2021-01-06,7325.604981
2021-01-07,7409.760352
2021-01-08,7512.360848
2021-01-11,7395.224789
2021-01-12,7427.195706
2021-01-13,7433.28599
2021-01-14,7470.606354
2021-01-15,7444.420083
2021-01-18,7404.452774
2021-01-19,7525.17044
2021-01-20,7552.816343
2021-01-21,7616.170343
2021-01-22,7529.156928
2021-01-25,7567.126505
2021-01-26,7550.487736
2021-01-27,7485.278549
2021-01-28,7323.79921
2021-01-29,7270.461879
2021-02-01,7299.933958
2021-02-02,7372.077277
2021-02-03,7423.046947
2021-02-04,7362.603162
2021-02-05,7475.902336
2021-02-08,7550.349854
2021-02-09,7530.831754
2021-02-10,7584.027582
2021-02-11,7608.678314
2021-02-12,7570.675561
2021-02-15,7627.114436
2021-02-16,7714.279879
2021-02-17,7682.15582
2021-02-18,7658.077968
2021-02-19,7665.104626
2021-02-22,7685.624231
2021-02-23,7808.44636
2021-02-24,7713.188224
2021-02-25,7803.566001
2021-02-26,7479.596116
2021-03-01,7626.667741
2021-03-02,7598.08976
2021-03-03,7680.077196
2021-03-04,7649.991998
2021-03-05,7509.756129
2021-03-08,7514.259141
2021-03-09,7610.104281
2021-03-10,7565.576745
2021-03-11,7626.237186
2021-03-12,7597.330319
2021-03-15,7624.756896
2021-03-16,7663.512635
2021-03-17,7623.068285
2021-03-18,7658.590887
2021-03-19,7581.37809
2021-03-22,7600.81391
2021-03-23,7546.406093
2021-03-24,7484.842593
2021-03-25,7499.440011
2021-03-26,7568.864959
2021-03-29,7576.676793
2021-03-30,7545.477832
2021-03-31,7553.116917
2021-04-01,7583.276617
2021-04-02,7583.276617
2021-04-05,7618.352704
2021-04-06,7656.803381
2021-04-07,7661.274383
2021-04-08,7757.994175
2021-04-09,7733.415323
2021-04-12,7687.462849
2021-04-13,7715.458969
2021-04-14,7827.68042
2021-04-15,7884.275581
2021-04-16,7879.14417
2021-04-19,7915.243553
2021-04-20,7877.340726
2021-04-21,7828.524529
2021-04-22,7877.633192
2021-04-23,7898.68266
2021-04-26,7959.141365
2021-04-27,7930.38111
2021-04-28,7954.853137
2021-04-29,7995.387333
2021-04-30,7871.806296
2021-05-03,7866.248399
2021-05-04,7876.158272
2021-05-05,7914.467862
2021-05-06,7936.807242
2021-05-07,8026.551271
2021-05-10,8133.069615
2021-05-11,7998.734531
2021-05-12,7900.509169
2021-05-13,7815.421386
2021-05-14,7887.714152
2021-05-17,7899.260261
2021-05-18,7998.466437
2021-05-19,7860.299425
2021-05-20,7926.056092
2021-05-21,7912.22196
2021-05-24,7930.535485
2021-05-25,8020.877545
2021-05-26,8023.376915
2021-05-27,8032.883612
2021-05-28,8076.47841
2021-05-31,8040.270972
2021-06-01,8068.833406
2021-06-02,8095.990037
2021-06-03,8044.224274
2021-06-04,8111.06882
2021-06-07,8113.943838
2021-06-08,8111.222757
2021-06-09,8075.274873
2021-06-10,8101.653386
2021-06-11,8081.4628
2021-06-14,8092.369993
2021-06-15,8102.688956
2021-06-16,8122.931096
2021-06-17,8010.280782
2021-06-18,7953.471771
2021-06-21,7855.90522
2021-06-22,7919.001292
2021-06-23,7964.180905
2021-06-24,7938.610791
2021-06-25,7989.807216
2021-06-28,7964.249843
2021-06-29,7903.750447
2021-06-30,7912.67155
2021-07-01,7855.151577
2021-07-02,7871.810001
2021-07-05,7918.764935
2021-07-06,7876.675627
2021-07-07,7905.822888
2021-07-08,7827.132098
2021-07-09,7827.954568
2021-07-12,7898.440291
2021-07-13,7911.823406
2021-07-14,7902.363918
2021-07-15,7874.38097
2021-07-16,7873.222546
2021-07-19,7741.391328
2021-07-20,7699.572757
2021-07-21,7773.840092
2021-07-22,7900.064676
2021-07-23,7853.60295
2021-07-26,7827.105794
2021-07-27,7786.207254
2021-07-28,7731.609898
2021-07-29,7848.33329
2021-07-30,7794.638323
2021-08-02,7904.137821
2021-08-03,7882.133903
2021-08-04,7912.700552
2021-08-05,7930.127237
2021-08-06,7906.087403
2021-08-09,7899.891589
2021-08-10,7916.821334
2021-08-11,7951.012806
2021-08-12,7918.22074
2021-08-13,7980.19396
2021-08-16,7925.321338
2021-08-17,7823.655928
2021-08-18,7806.251395
2021-08-19,7692.154657
2021-08-20,7654.065464
2021-08-23,7743.3815
2021-08-24,7816.763062
2021-08-25,7830.077695
2021-08-26,7781.351665
2021-08-27,7818.279023
2021-08-30,7844.057917
2021-08-31,7847.745444
2021-09-01,7910.67659
2021-09-02,7930.741662
2021-09-03,7964.912991
2021-09-06,7992.605617
2021-09-07,7966.072409
2021-09-08,7917.018504
2021-09-09,7826.141592
2021-09-10,7878.902557
2021-09-13,7862.03131
2021-09-14,7825.893373
2021-09-15,7746.112944
2021-09-16,7710.41593
2021-09-17,7667.28272
2021-09-20,7478.539313
2021-09-21,7519.617201
2021-09-22,7554.580131
2021-09-23,7650.229985
2021-09-24,7553.17112
2021-09-27,7603.863299
2021-09-28,7480.953005
2021-09-29,7431.247607
2021-09-30,7564.827105
2021-10-01,7481.823644
2021-10-04,7550.567291
2021-10-05,7545.631495
2021-10-06,7496.002902
2021-10-07,7586.801843
2021-10-08,7633.148828
2021-10-11,7642.90246
2021-10-12,7616.256117
2021-10-13,7636.620445
2021-10-14,7687.58937
2021-10-15,7745.282101
2021-10-18,7751.056111
2021-10-19,7832.671074
2021-10-20,7899.422044
2021-10-21,7876.800518
2021-10-22,7871.957164
2021-10-25,7901.857826
2021-10-26,7913.735563
2021-10-27,7897.674736
2021-10-28,7924.331846
2021-10-29,7809.186992
2021-11-01,7851.665701
2021-11-02,7755.383455
2021-11-03,7780.464599
2021-11-04,7781.652217
2021-11-05,7832.128856
2021-11-08,7859.832449
2021-11-09,7795.633308
2021-11-10,7760.995824
2021-11-11,7703.055261
2021-11-12,7744.579628
2021-11-15,7815.99777
2021-11-16,7756.685714
2021-11-17,7662.264311
2021-11-18,7652.297961
2021-11-19,7658.864013
2021-11-22,7630.242394
2021-11-23,7646.887654
2021-11-24,7645.077106
2021-11-25,7643.196345
2021-11-26,7460.085741
2021-11-29,7396.68115
2021-11-30,7316.944643
2021-12-01,7360.393026
2021-12-02,7330.498974
2021-12-03,7291.792908
2021-12-06,7315.269022
2021-12-07,7438.405811
2021-12-08,7539.696942
2021-12-09,7516.011654
2021-12-10,7481.307366
2021-12-13,7442.456047
2021-12-14,7408.013713
2021-12-15,7382.155516
2021-12-16,7402.1059
2021-12-17,7369.699544
2021-12-20,7298.267558
2021-12-21,7383.729517
2021-12-22,7432.581249
2021-12-23,7482.690705
2021-12-24,7507.008616
2021-12-27,7505.354716
2021-12-28,7520.058124
2021-12-29,7590.833086
2021-12-30,7595.536109
2021-12-31,7557.840879
2022-01-03,7511.372986
2022-01-04,7634.081757
2022-01-05,7617.430925
2022-01-06,7420.892932
2022-01-07,7516.042383
2022-01-10,7516.155449
2022-01-11,7495.164628
2022-01-12,7613.441864
2022-01-13,7659.339023
2022-01-14,7575.567059
2022-01-17,7565.773321
2022-01-18,7531.024455
2022-01-19,7517.323587
2022-01-20,7615.410099
2022-01-21,7473.353583
2022-01-24,7382.290144
2022-01-25,7258.107685
2022-01-26,7270.861471
2022-01-27,7103.709908
2022-01-28,7113.393711
2022-01-31,7134.283802
2022-02-01,7195.802221
2022-02-02,7253.835765
2022-02-03,7298.344894
2022-02-04,7324.940038
2022-02-07,7366.945165
2022-02-08,7447.465141
2022-02-09,7570.969289
2022-02-10,7616.06834
2022-02-11,7542.660508
2022-02-14,7495.074463
2022-02-15,7495.20242
2022-02-16,7587.166237
2022-02-17,7634.559603
2022-02-18,7541.500209
2022-02-21,7579.486408
2022-02-22,7496.002056
2022-02-23,7513.334879
2022-02-24,7228.840601
2022-02-25,7307.58942
2022-02-28,7335.006956
2022-03-01,7337.237727
2022-03-02,7297.349684
2022-03-03,7378.59078
2022-03-04,7333.544061
2022-03-07,7217.910411
2022-03-08,7125.4645
2022-03-09,7204.34754
2022-03-10,7341.062058
2022-03-11,7278.007474
2022-03-14,7247.26364
2022-03-15,7130.905125
2022-03-16,7318.189823
2022-03-17,7557.639181
2022-03-18,7617.417704
2022-03-21,7608.127455
2022-03-22,7692.147259
2022-03-23,7759.734429
2022-03-24,7782.509361
2022-03-25,7754.213659
2022-03-28,7749.376223
2022-03-29,7816.260806
2022-03-30,7893.689597
2022-03-31,7842.649899
2022-04-01,7835.522411
2022-04-04,7902.277624
2022-04-05,7963.021639
2022-04-06,7849.233675
2022-04-07,7756.417956
2022-04-08,7773.866697
2022-04-11,7723.244859
2022-04-12,7726.344879
2022-04-13,7691.359258
2022-04-14,7724.643749
2022-04-15,7724.643749
2022-04-18,7668.389845
2022-04-19,7692.165445
2022-04-20,7760.373561
2022-04-21,7724.036142
2022-04-22,7534.048799
2022-04-25,7412.931093
2022-04-26,7303.949944
2022-04-27,7236.150716
2022-04-28,7301.801069
2022-04-29,7378.920883
2022-05-02,7295.183868
2022-05-03,7318.616217
2022-05-04,7345.994207
2022-05-05,7357.480358
2022-05-06,7177.732915
2022-05-09,7037.384633
2022-05-10,6945.196355
2022-05-11,6977.926603
2022-05-12,6816.520406
2022-05-13,6972.473538
2022-05-16,6993.816363
2022-05-17,7105.344743
2022-05-18,7159.498583
2022-05-19,7094.284805
2022-05-20,7181.702948
2022-05-23,7205.472956
2022-05-24,7149.124175
2022-05-25,7180.158264
2022-05-26,7162.251963
2022-05-27,7305.159677
2022-05-30,7416.960947
2022-05-31,7349.447563
2022-06-01,7399.236031
2022-06-02,7384.697371
2022-06-03,7410.128734
2022-06-06,7420.027603
2022-06-07,7338.898836
2022-06-08,7351.776306
2022-06-09,7206.922961
2022-06-10,7079.344731
2022-06-13,6940.355622
2022-06-14,6747.353224
2022-06-15,6737.561638
2022-06-16,6710.663227
2022-06-17,6601.878964
2022-06-20,6627.380167
2022-06-21,6730.71572
2022-06-22,6658.441058
2022-06-23,6676.097531
2022-06-24,6744.234872
2022-06-27,6865.07011
2022-06-28,6913.598428
2022-06-29,6841.028105
2022-06-30,6737.616212
2022-07-01,6647.140302
2022-07-04,6739.520603
2022-07-05,6713.65177
2022-07-06,6667.411325
2022-07-07,6764.619305
2022-07-08,6808.052701
2022-07-11,6642.799351
2022-07-12,6671.051778
2022-07-13,6690.928115
2022-07-14,6621.305939
2022-07-15,6636.236719
2022-07-18,6754.915106
2022-07-19,6763.36637
2022-07-20,6853.594779
2022-07-21,6829.508605
2022-07-22,6874.524314
2022-07-25,6874.741849
2022-07-26,6909.784583
2022-07-27,6903.393849
2022-07-28,6979.023273
2022-07-29,6996.144398
2022-08-01,7075.035005
2022-08-02,6986.290318
2022-08-03,6951.560568
2022-08-04,7010.317277
2022-08-05,7021.144276
2022-08-08,7072.065117
2022-08-09,7046.511
2022-08-10,7098.865803
2022-08-11,7196.771952
2022-08-12,7165.529889
2022-08-15,7131.193647
2022-08-16,7127.24176
2022-08-17,7081.522029
2022-08-18,7083.242041
2022-08-19,7017.155275
2022-08-22,6974.02904
2022-08-23,6939.199944
2022-08-24,6914.196836
2022-08-25,7023.319946
2022-08-26,7045.095357
2022-08-29,6898.918325
2022-08-30,6903.06449
2022-08-31,6874.038789
2022-09-01,6747.233365
2022-09-02,6779.166485
2022-09-05,6764.929554
2022-09-06,6707.867008
2022-09-07,6609.718128
2022-09-08,6694.832369
2022-09-09,6845.599655
2022-09-12,6932.266516
2022-09-13,6874.350705
2022-09-14,6704.043858
2022-09-15,6696.037775
2022-09-16,6629.868951
2022-09-19,6611.841183
2022-09-20,6678.214558
2022-09-21,6567.317366
2022-09-22,6515.248218
2022-09-23,6362.234602
2022-09-26,6254.149096
2022-09-27,6235.41283
2022-09-28,6159.229482
2022-09-29,6202.239015
2022-09-30,6143.061852
2022-10-03,6169.647511
2022-10-04,6328.228211
2022-10-05,6438.586925
2022-10-06,6425.750532
2022-10-07,6362.257941
2022-10-10,6185.014401
2022-10-11,6150.017525
2022-10-12,6128.494992
2022-10-13,6063.405038
2022-10-14,6147.788649
2022-10-17,6118.110119
2022-10-18,6208.427453
2022-10-19,6180.901244
2022-10-20,6185.219702
2022-10-21,6082.501673
2022-10-24,6059.122681
2022-10-25,6123.376667
2022-10-26,6222.595182
2022-10-27,6243.812078
2022-10-28,6138.107641
2022-10-31,6173.084964
2022-11-01,6299.399951
2022-11-02,6348.280239
2022-11-03,6151.882628
2022-11-04,6325.784197
2022-11-07,6435.415441
2022-11-08,6504.918588
2022-11-09,6448.760201
2022-11-10,6537.256373
2022-11-11,6852.506686
2022-11-14,6897.091397
2022-11-15,7011.54297
2022-11-16,6975.271952
2022-11-17,6918.927717
2022-11-18,6946.290109
2022-11-21,6833.544196
2022-11-22,6879.409345
2022-11-23,6970.836429
2022-11-24,7029.199277
2022-11-25,7012.37267
2022-11-28,6921.658681
2022-11-29,7025.207702
2022-11-30,7078.110719
2022-12-01,7245.331341
2022-12-02,7156.684604
2022-12-05,7216.482584
2022-12-06,7170.38187
2022-12-07,7088.661586
2022-12-08,7139.213666
2022-12-09,7227.029036
2022-12-12,7157.299791
2022-12-13,7312.53267
2022-12-14,7316.86853
2022-12-15,7166.277152
2022-12-16,7080.763193
2022-12-19,7066.727474
2022-12-20,6984.664978
2022-12-21,7070.537683
2022-12-22,7087.653257
2022-12-23,7087.575567
2022-12-26,7087.575567
2022-12-27,7121.275753
2022-12-28,7134.263067
2022-12-29,7083.473294
2022-12-30,7108.603111
2023-01-02,7108.603111
2023-01-03,7047.231803
2023-01-04,7229.621017
2023-01-05,7163.887413
2023-01-06,7248.669489
2023-01-09,7367.205345
2023-01-10,7297.750729
2023-01-11,7337.399386
2023-01-12,7454.609784
2023-01-13,7520.231299
2023-01-16,7564.608224
2023-01-17,7563.25494
2023-01-18,7592.212453
2023-01-19,7536.302805
2023-01-20,7620.392358
2023-01-23,7679.363336
2023-01-24,7705.019734
2023-01-25,7731.727691
2023-01-26,7772.06969
2023-01-27,7803.001899
2023-01-30,7771.125179
2023-01-31,7721.674846
2023-02-01,7775.012581
2023-02-02,7787.085569
2023-02-03,7716.486801
2023-02-06,7594.00676
2023-02-07,7608.129624
2023-02-08,7655.49717
2023-02-09,7671.015921
2023-02-10,7579.421623
2023-02-13,7574.258767
2023-02-14,7596.297749
2023-02-15,7426.758158
2023-02-16,7474.379098
2023-02-17,7399.610769
2023-02-20,7457.273026
2023-02-21,7417.094288
2023-02-22,7360.991704
2023-02-23,7284.990734
2023-02-24,7228.177788
2023-02-27,7189.370903
2023-02-28,7222.08944
2023-03-01,7275.590201
2023-03-02,7259.748576
2023-03-03,7293.811963
2023-03-06,7334.381623
2023-03-07,7284.352479
2023-03-08,7226.368344
2023-03-09,7249.019767
2023-03-10,7093.057869
2023-03-13,7135.330437
2023-03-14,7035.966628
2023-03-15,7048.143434
2023-03-16,6976.922953
2023-03-17,7057.504523
2023-03-20,6962.855436
2023-03-21,6984.263165
2023-03-22,7094.78295
2023-03-23,7115.858244
2023-03-24,7045.413734
2023-03-27,7036.771342
2023-03-28,7134.894583
2023-03-29,7160.245068
2023-03-30,7228.360231
2023-03-31,7262.02615
2023-04-03,7369.06631
2023-04-04,7360.400143
2023-04-05,7328.631006
2023-04-06,7285.413962
2023-04-07,7285.413962
2023-04-10,7253.596573
2023-04-11,7339.902312
2023-04-12,7390.411571
2023-04-13,7433.626821
2023-04-14,7411.224509
2023-04-17,7428.030054
2023-04-18,7435.539269
2023-04-19,7417.534429
2023-04-20,7437.30652
2023-04-21,7343.166315
2023-04-24,7332.327208
2023-04-25,7260.256774
2023-04-26,7257.238288
2023-04-27,7257.544456
2023-04-28,7275.363814
2023-05-01,7314.823731
2023-05-02,7286.426275
2023-05-03,7228.330969
2023-05-04,7230.812547
2023-05-05,7286.352796
2023-05-08,7383.411002
2023-05-09,7322.585878
2023-05-10,7325.482302
2023-05-11,7275.312612
2023-05-12,7202.559871
2023-05-15,7283.639257
2023-05-16,7216.301979
2023-05-17,7136.251648
2023-05-18,7133.91321
2023-05-19,7199.695294
2023-05-22,7192.925647
2023-05-23,7160.093772
2023-05-24,7051.233334
2023-05-25,6952.858268
2023-05-26,6961.478445
2023-05-29,7019.151949
2023-05-30,6990.271503
2023-05-31,6841.880973
2023-06-01,6919.241204
2023-06-02,7025.921839
2023-06-05,7104.153716
2023-06-06,7074.245872
2023-06-07,7075.826097
2023-06-08,7120.931608
2023-06-09,7162.83862
2023-06-12,7177.008352
2023-06-13,7226.959526
2023-06-14,7271.0066
2023-06-15,7316.176939
2023-06-16,7389.842492
2023-06-19,7395.8825
2023-06-20,7361.829081
2023-06-21,7318.578352
2023-06-22,7235.629707
2023-06-23,7070.168994
2023-06-26,7039.127927
2023-06-27,7111.272991
2023-06-28,7098.539472
2023-06-29,7110.158542
2023-06-30,7131.486733
2023-07-03,7202.673422
2023-07-04,7240.100392
2023-07-05,7176.43831
2023-07-06,7024.975508
2023-07-07,6974.583421
2023-07-10,6937.508119
2023-07-11,7026.586724
2023-07-12,7165.476527
2023-07-13,7370.644469
2023-07-14,7388.631963
2023-07-17,7355.25306
2023-07-18,7335.249004
2023-07-19,7309.428578
2023-07-20,7326.342089
2023-07-21,7295.385039
2023-07-24,7265.883364
2023-07-25,7351.421728
2023-07-26,7392.042921
2023-07-27,7433.078042
2023-07-28,7385.76043
2023-07-31,7443.015632
2023-08-01,7370.962545
2023-08-02,7195.951093
2023-08-03,7161.654823
2023-08-04,7186.061839
2023-08-07,7166.053473
2023-08-08,7101.093988
2023-08-09,7126.338752
2023-08-10,7166.539502
2023-08-11,7106.330151
2023-08-14,7006.51212
2023-08-15,6987.12439
2023-08-16,6876.700622
2023-08-17,6815.19281
2023-08-18,6787.184184
2023-08-21,6717.063975
2023-08-22,6741.372767
2023-08-23,6806.109928
2023-08-24,6822.376147
2023-08-25,6728.349542
2023-08-28,6806.4651
2023-08-29,6899.479555
2023-08-30,7007.705423
2023-08-31,7007.170155
2023-09-01,6975.017744
2023-09-04,7031.638686
2023-09-05,6936.067417
2023-09-06,6901.361501
2023-09-07,6848.257962
2023-09-08,6842.233171
2023-09-11,6882.460615
2023-09-12,6881.904115
2023-09-13,6862.841691
2023-09-14,6894.810022
2023-09-15,6968.049477
2023-09-18,6913.447216
2023-09-19,6915.481924
2023-09-20,6912.139896
2023-09-21,6757.815185
2023-09-22,6814.324729
2023-09-25,6759.290724
2023-09-26,6717.92589
2023-09-27,6702.716035
2023-09-28,6709.382713
2023-09-29,6792.735849
2023-10-02,6719.467883
2023-10-03,6595.253929
2023-10-04,6554.147032
2023-10-05,6615.395319
2023-10-06,6668.234264
2023-10-09,6684.038365
2023-10-10,6777.378567
2023-10-11,6823.352734
2023-10-12,6794.270974
2023-10-13,6699.313948
2023-10-16,6702.401481
2023-10-17,6757.249005
2023-10-18,6737.043992
2023-10-19,6610.779182
2023-10-20,6561.585528
2023-10-23,6522.813747
2023-10-24,6561.904588
2023-10-25,6537.054295
2023-10-26,6495.737319
2023-10-27,6541.623506
2023-10-30,6531.330556
2023-10-31,6489.684125
2023-11-01,6548.884474
2023-11-02,6650.688449
2023-11-03,6822.541055
2023-11-06,6871.691926
2023-11-07,6760.361123
2023-11-08,6741.195236
2023-11-09,6772.371627
2023-11-10,6665.321463
2023-11-13,6690.098369
2023-11-14,6802.847765
2023-11-15,6964.405577
2023-11-16,6897.418251
2023-11-17,6895.254573
2023-11-20,6952.592873
2023-11-21,6967.299475
2023-11-22,6954.032078
2023-11-23,6948.288312
2023-11-24,6948.23367
2023-11-27,6908.625321
2023-11-28,6947.960965
2023-11-29,6917.902643
2023-11-30,6940.30572
2023-12-01,6936.877693
2023-12-04,6940.465295
2023-12-05,6830.400608
2023-12-06,6937.074763
2023-12-07,6933.33046
2023-12-08,6964.096121
2023-12-11,6936.406246
2023-12-12,6967.793639
2023-12-13,7000.693793
2023-12-14,7209.945858
2023-12-15,7304.468787
2023-12-18,7264.553383
2023-12-19,7355.431973
2023-12-20,7392.435336
2023-12-21,7390.611423
2023-12-22,7416.522821
2023-12-25,7416.522821
2023-12-26,7420.405591
2023-12-27,7510.215694
2023-12-28,7600.103852
2023-12-29,7566.393146
2024-01-01,7566.393146
2024-01-02,7512.473991
2024-01-03,7379.013601
2024-01-04,7345.281958
2024-01-05,7362.280966
2024-01-08,7296.333401
2024-01-09,7318.955336
2024-01-10,7272.712244
2024-01-11,7286.169463
2024-01-12,7307.748193
2024-01-15,7284.494891
2024-01-16,7139.067738
2024-01-17,7017.344273
2024-01-18,7012.357144
2024-01-19,7095.47247
2024-01-22,7107.344454
2024-01-23,7146.232802
2024-01-24,7216.521488
2024-01-25,7245.363538
2024-01-26,7254.752267
2024-01-29,7275.434355
2024-01-30,7239.811866
2024-01-31,7302.835513
2024-02-01,7202.737426
2024-02-02,7254.698086
2024-02-05,7158.737818
2024-02-06,7191.528274
2024-02-07,7246.110229
2024-02-08,7210.545572
2024-02-09,7238.387232
2024-02-12,7220.959319
2024-02-13,7152.279686
2024-02-14,7144.493047
2024-02-15,7227.597601
2024-02-16,7311.853391
2024-02-19,7312.239038
2024-02-20,7345.811646
2024-02-21,7323.003839
2024-02-22,7330.978438
2024-02-23,7356.027235
2024-02-26,7335.416911
2024-02-27,7356.614713
2024-02-28,7300.184902
2024-02-29,7340.691275
2024-03-01,7375.708524
2024-03-04,7367.703044
2024-03-05,7323.791895
2024-03-06,7397.360306
2024-03-07,7473.371427
2024-03-08,7567.063083
2024-03-11,7461.413593
2024-03-12,7483.102157
2024-03-13,7535.718744
2024-03-14,7474.383019
2024-03-15,7407.259131
2024-03-18,7382.108368
2024-03-19,7350.682046
2024-03-20,7338.537165
2024-03-21,7463.556515
2024-03-22,7390.495772
2024-03-25,7416.740463
2024-03-26,7406.450716
2024-03-27,7411.610356
2024-03-28,7435.656458
2024-03-29,7435.656458
2024-04-01,7412.106306
2024-04-02,7459.322475
2024-04-03,7393.034178
2024-04-04,7472.81266
2024-04-05,7410.609533
2024-04-08,7434.634642
2024-04-09,7496.020531
2024-04-10,7442.290461
2024-04-11,7397.824467
2024-04-12,7296.410163
2024-04-15,7239.980869
2024-04-16,7069.477313
2024-04-17,7074.608994
2024-04-18,7129.430746
2024-04-19,7058.976472
2024-04-22,7159.016111
2024-04-23,7256.712449
2024-04-24,7305.847185
2024-04-25,7329.888807
2024-04-26,7290.443732
2024-04-29,7371.005438
2024-04-30,7345.867633
2024-05-01,7284.984408
2024-05-02,7367.925107
2024-05-03,7484.030142
2024-05-06,7552.873292
2024-05-07,7616.934002
2024-05-08,7563.415586
2024-05-09,7563.007495
2024-05-10,7620.064561
2024-05-13,7662.978672
2024-05-14,7644.329453
2024-05-15,7696.199513
2024-05-16,7825.588728
2024-05-17,7819.776717
2024-05-20,7845.984004
2024-05-21,7787.777572
2024-05-22,7764.290179
2024-05-23,7711.092635
2024-05-24,7632.236729
2024-05-27,7711.348418
2024-05-28,7702.783095
2024-05-29,7573.260645
2024-05-30,7540.966049
2024-05-31,7597.215333
2024-06-03,7679.299217
2024-06-04,7640.418094
2024-06-05,7652.361817
2024-06-06,7711.810799
2024-06-07,7677.980608
2024-06-10,7677.249906
2024-06-11,7585.171696
2024-06-12,7627.348635
2024-06-13,7626.840677
2024-06-14,7559.418103
2024-06-17,7526.27324
2024-06-18,7622.76444
2024-06-19,7665.773569
2024-06-20,7642.353807
2024-06-21,7615.843094
2024-06-24,7596.850088
2024-06-25,7655.254298
2024-06-26,7630.07431
2024-06-27,7605.874041
2024-06-28,7619.404422
2024-07-01,7584.156007
2024-07-02,7577.220574
2024-07-03,7670.311397
2024-07-04,7746.679352
2024-07-05,7723.60336
2024-07-08,7662.672418
2024-07-09,7715.386845
2024-07-10,7732.421865
2024-07-11,7852.771492
2024-07-12,7948.845236
2024-07-15,7963.228651
2024-07-16,7876.715056
2024-07-17,7936.840913
2024-07-18,7924.102516
2024-07-19,7820.741385
2024-07-22,7746.17654
2024-07-23,7749.332818
2024-07-24,7718.708463
2024-07-25,7585.827098
2024-07-26,7635.208639
2024-07-29,7683.461972
2024-07-30,7646.832313
2024-07-31,7743.098155
2024-08-01,7755.342875
2024-08-02,7600.367401
2024-08-05,7343.336887
2024-08-06,7366.585775
2024-08-07,7448.396376
2024-08-08,7460.497982
2024-08-09,7544.381895
2024-08-12,7578.058273
2024-08-13,7617.91457
2024-08-14,7651.696408
2024-08-15,7679.664519
2024-08-16,7780.142473
2024-08-19,7877.379726
2024-08-20,7916.180367
2024-08-21,7916.530247
2024-08-22,7933.859215
2024-08-23,7992.472832
2024-08-26,8070.58762
2024-08-27,8073.167384
2024-08-28,8078.472408
2024-08-29,8071.414659
2024-08-30,8107.616271
2024-09-02,8122.414833
2024-09-03,8058.155917
2024-09-04,7962.612232
2024-09-05,8000.949189
2024-09-06,8018.349061
2024-09-09,7956.803628
2024-09-10,7964.605412
2024-09-11,7931.368692
2024-09-12,8077.688525
2024-09-13,8125.700852
2024-09-16,8172.746177
2024-09-17,8235.029559
2024-09-18,8246.844791
2024-09-19,8355.926775
2024-09-20,8379.027895
2024-09-23,8391.569741
2024-09-24,8414.940685
2024-09-25,8402.647893
2024-09-26,8514.260228
2024-09-27,8629.614602
2024-09-30,8708.252165
2024-10-01,8610.104243
2024-10-02,8672.103802
2024-10-03,8623.011725
2024-10-04,8572.375828
2024-10-07,8585.567841
2024-10-08,8400.104422
2024-10-09,8385.637833
2024-10-10,8442.384877
2024-10-11,8458.604224
2024-10-14,8464.602187
2024-10-15,8451.45772
2024-10-16,8380.951513
2024-10-17,8447.63108
2024-10-18,8450.09808
2024-10-21,8432.88191
2024-10-22,8324.300903
2024-10-23,8291.139071
2024-10-24,8296.194865
2024-10-25,8312.870021
2024-10-28,8273.636239
2024-10-29,8264.47482
2024-10-30,8206.918713
2024-10-31,8159.289505
2024-11-01,8171.818231
2024-11-04,8235.106771
2024-11-05,8270.381821
2024-11-06,8225.857939
2024-11-07,8407.937463
2024-11-08,8391.411664
2024-11-11,8331.492794
2024-11-12,8290.697545
2024-11-13,8204.101686
2024-11-14,8201.51992
2024-11-15,8220.071575
2024-11-18,8258.429764
2024-11-19,8363.152577
2024-11-20,8309.876401
2024-11-21,8326.356277
2024-11-22,8322.930144
2024-11-25,8344.393708
2024-11-26,8259.256525
2024-11-27,8348.040242
2024-11-28,8377.676301
2024-11-29,8387.627547
2024-12-02,8340.180551
2024-12-03,8430.240863
2024-12-04,8367.193769
2024-12-05,8373.340526
2024-12-06,8298.225098
2024-12-09,8405.538032
2024-12-10,8298.384137
2024-12-11,8252.051925
2024-12-12,8253.35144
2024-12-13,8187.326355
2024-12-16,8156.74624
2024-12-17,8163.736048
2024-12-18,8116.03024
2024-12-19,7954.971577
2024-12-20,7867.107385
2024-12-23,7962.481739
2024-12-24,7996.40347
2024-12-25,7996.40347
2024-12-26,7980.767029
2024-12-27,8003.062781
2024-12-30,7991.456381
2024-12-31,7913.572513
2025-01-01,7913.572513
2025-01-02,7930.333065
2025-01-03,7957.71708
2025-01-06,8013.261991
2025-01-07,8015.009477
2025-01-08,8032.033973
2025-01-09,7993.441236
2025-01-10,7903.353198
2025-01-13,7810.185417
2025-01-14,7889.315001
2025-01-15,7905.676574
2025-01-16,7995.186753
2025-01-17,7994.755423
2025-01-20,8073.404154
2025-01-21,8118.804834
2025-01-22,8121.028345
2025-01-23,8083.702226
2025-01-24,8175.519791
2025-01-27,8133.488919
2025-01-28,8101.089915
2025-01-29,8117.553029
2025-01-30,8164.659566
2025-01-31,8196.986779
2025-02-03,8033.278562
2025-02-04,8105.881699
2025-02-05,8138.530746
2025-02-06,8217.297442
2025-02-07,8220.719562
2025-02-10,8218.846729
2025-02-11,8203.957812
2025-02-12,8285.621716
2025-02-13,8335.108692
2025-02-14,8432.408461
2025-02-17,8424.114002
2025-02-18,8386.980919
2025-02-19,8343.552758
2025-02-20,8286.068586
2025-02-21,8281.10182
2025-02-24,8286.738728
2025-02-25,8210.614949
2025-02-26,8243.382378
2025-02-27,8212.38512
2025-02-28,8086.343538
2025-03-03,8143.258664
2025-03-04,8110.599219
2025-03-05,8244.492662
2025-03-06,8294.18905
2025-03-07,8140.578442
2025-03-10,8107.031798
2025-03-11,8044.217154
2025-03-12,7988.791475
2025-03-13,7918.810542
2025-03-14,7954.080856
2025-03-17,8078.172889
2025-03-18,8067.118968
2025-03-19,8049.630398
2025-03-20,8061.559862
2025-03-21,8017.698134
2025-03-24,8043.270849
2025-03-25,8062.171214
2025-03-26,8110.954004
2025-03-27,8121.037086
2025-03-28,8103.117863
2025-03-31,7940.739782
2025-04-01,8059.47082
2025-04-02,8102.499156
2025-04-03,8071.657383
2025-04-04,7623.624886
2025-04-07,7162.570629
2025-04-08,7237.317043
2025-04-09,7124.955497
2025-04-10,7604.686376
2025-04-11,7547.54964
2025-04-14,7753.406743
