Date,Value,Open,High,Low,Vol.,Change %
04/16/2025,3329.51,3225.87,3333.06,3251.93,121.32K,2.39%
04/15/2025,3251.93,3225.87,3251.93,3209.36,121.32K,1.33%
04/14/2025,3209.28,3237.35,3245.84,3193.41,,-0.83%
04/11/2025,3236.21,3174.14,3245.69,3174.14,,1.96%
04/10/2025,3173.92,3083.75,3176.94,3071.03,,2.98%
04/09/2025,3082.18,2984.08,3099.87,2970.01,,3.30%
04/08/2025,2983.78,2983.39,3022.84,2974.45,,0.04%
04/07/2025,2982.54,3038.02,3055.88,2956.60,,-1.80%
04/04/2025,3037.36,3113.16,3137.10,3015.64,,-2.42%
04/03/2025,3112.83,3134.16,3168.04,3054.19,,-0.66%
04/02/2025,3133.57,3111.00,3140.36,3104.81,,0.74%
04/01/2025,3110.55,3123.36,3149.11,3100.85,,-0.40%
03/31/2025,3123.05,3086.54,3128.29,3076.62,,1.27%
03/28/2025,3084.03,3056.35,3086.93,3053.91,,0.91%
03/27/2025,3056.10,3019.56,3059.75,3017.26,,1.22%
03/26/2025,3019.29,3020.13,3032.23,3012.38,,-0.02%
03/25/2025,3019.85,3012.40,3035.94,3007.53,,0.25%
03/24/2025,3012.27,3023.03,3033.44,3002.34,,-0.38%
03/21/2025,3023.63,3042.60,3047.66,2999.46,,-0.68%
03/20/2025,3044.41,3046.31,3057.51,3025.56,,-0.09%
03/19/2025,3047.18,3032.20,3052.30,3022.73,,0.44%
03/18/2025,3033.95,2999.11,3038.45,2999.11,,1.08%
03/17/2025,3001.47,2985.80,3002.23,2982.13,,0.57%
03/14/2025,2984.42,2988.38,3005.08,2978.41,,-0.11%
03/13/2025,2987.75,2932.66,2989.64,2932.03,,1.90%
03/12/2025,2932.06,2916.85,2940.83,2906.19,,0.55%
03/11/2025,2916.04,2888.72,2922.22,2880.34,,0.92%
03/10/2025,2889.40,2912.17,2918.50,2880.30,,-0.73%
03/07/2025,2910.79,2910.48,2930.56,2896.71,,0.03%
03/06/2025,2909.99,2918.98,2926.88,2891.34,,-0.30%
03/05/2025,2918.84,2917.59,2929.94,2894.19,,0.05%
03/04/2025,2917.49,2894.05,2928.15,2881.81,,0.82%
03/03/2025,2893.71,2856.71,2895.45,2855.63,,1.23%
02/28/2025,2858.60,2877.66,2885.34,2832.63,,-0.61%
02/27/2025,2876.19,2916.80,2920.96,2867.86,,-1.37%
02/26/2025,2916.19,2915.42,2930.22,2890.99,,0.04%
02/25/2025,2915.12,2951.82,2954.44,2888.06,,-1.22%
02/24/2025,2951.19,2936.41,2956.37,2920.77,,0.52%
02/21/2025,2936.03,2939.00,2950.01,2916.70,,-0.09%
02/20/2025,2938.70,2932.81,2954.97,2924.20,,0.21%
02/19/2025,2932.64,2935.73,2947.23,2918.50,,-0.10%
02/18/2025,2935.58,2897.51,2937.46,2891.94,,1.31%
02/17/2025,2897.66,2883.55,2906.69,2887.20,,0.50%
02/14/2025,2883.18,2929.19,2940.23,2876.96,,-1.57%
02/13/2025,2929.03,2904.10,2929.74,2900.20,,0.87%
02/12/2025,2903.66,2898.90,2909.16,2864.01,,0.18%
02/11/2025,2898.34,2907.47,2943.25,2881.76,,-0.31%
02/10/2025,2907.34,2864.08,2911.60,2854.69,,1.64%
02/07/2025,2860.39,2856.60,2886.96,2852.55,,0.14%
02/06/2025,2856.50,2865.26,2873.74,2834.40,,-0.30%
02/05/2025,2865.09,2842.06,2882.53,2839.32,,0.81%
02/04/2025,2841.94,2814.80,2845.57,2806.90,,1.01%
02/03/2025,2813.49,2801.40,2831.70,2771.69,,0.45%
01/31/2025,2801.00,2794.04,2817.57,2790.78,,0.25%
01/30/2025,2793.88,2757.90,2798.80,2757.24,,1.31%
01/29/2025,2757.71,2763.48,2766.53,2744.71,,-0.20%
01/28/2025,2763.11,2742.57,2765.18,2734.68,,0.80%
01/27/2025,2741.10,2770.70,2773.02,2729.80,,-1.09%
01/24/2025,2771.30,2754.06,2786.04,2752.56,,0.64%
01/23/2025,2753.69,2755.96,2759.06,2735.85,,-0.05%
01/22/2025,2755.02,2745.08,2763.72,2741.83,121.32K,0.39%
01/21/2025,2744.39,2709.01,2746.88,2702.49,121.32K,1.34%
01/20/2025,2708.06,2702.51,2714.40,2689.32,121.32K,0.24%
01/17/2025,2701.55,2713.85,2717.73,2698.41,121.32K,-0.45%
01/16/2025,2713.77,2695.96,2724.86,2690.00,121.32K,0.67%
01/15/2025,2695.82,2677.29,2697.85,2669.04,121.32K,0.70%
01/14/2025,2677.16,2662.53,2678.44,2659.79,121.32K,0.56%
01/13/2025,2662.12,2689.35,2693.77,2656.73,121.32K,-1.02%
01/10/2025,2689.63,2670.74,2698.57,2663.65,121.32K,0.73%
01/09/2025,2670.19,2662.20,2675.42,2662.35,121.32K,0.31%
01/08/2025,2662.06,2649.85,2670.60,2645.03,121.32K,0.47%
01/07/2025,2649.49,2636.02,2664.54,2632.57,,0.54%
01/06/2025,2635.33,2641.00,2649.62,2614.60,,-0.14%
01/03/2025,2639.12,2657.29,2665.47,2636.40,,-0.68%
01/02/2025,2657.16,2626.60,2660.85,2621.51,,1.27%
12/31/2024,2623.81,2606.13,2627.85,2602.50,,0.71%
12/30/2024,2605.39,2620.30,2628.61,2595.90,,-0.56%
12/27/2024,2620.00,2634.59,2638.74,2611.30,,-0.55%
12/26/2024,2634.43,2619.79,2639.40,2614.13,,0.81%
12/24/2024,2613.20,2613.07,2621.83,2609.92,,0.01%
12/23/2024,2612.93,2622.24,2633.60,2607.97,,-0.30%
12/20/2024,2620.77,2593.97,2631.92,2589.56,,1.04%
12/19/2024,2593.85,2587.87,2626.73,2583.49,,0.24%
12/18/2024,2587.63,2645.68,2652.08,2586.52,,-2.19%
12/17/2024,2645.54,2652.63,2659.22,2633.00,,-0.26%
12/16/2024,2652.50,2649.10,2664.83,2643.34,,0.16%
12/13/2024,2648.39,2681.47,2693.02,2645.90,,-1.23%
12/12/2024,2681.33,2718.07,2726.31,2675.04,,-1.35%
12/11/2024,2717.93,2693.76,2721.35,2674.58,,0.90%
12/10/2024,2693.64,2658.82,2695.79,2657.95,,1.31%
12/09/2024,2658.78,2635.52,2676.52,2627.47,,0.98%
12/06/2024,2632.91,2632.18,2645.69,2613.57,,0.03%
12/05/2024,2632.05,2649.92,2655.62,2623.55,,-0.67%
12/04/2024,2649.79,2643.57,2657.36,2632.50,,0.24%
12/03/2024,2643.44,2639.05,2655.71,2634.12,121.32K,0.17%
12/02/2024,2638.93,2653.82,2656.21,2621.90,,-0.55%
11/29/2024,2653.55,2641.20,2666.35,2634.11,,0.48%
11/28/2024,2640.96,2635.74,2650.12,2620.95,,0.21%
11/27/2024,2635.51,2632.16,2658.40,2627.06,,0.14%
11/26/2024,2631.89,2625.38,2642.05,2605.29,,0.25%
11/25/2024,2625.26,2715.10,2721.43,2615.70,,-3.22%
11/22/2024,2712.55,2669.84,2712.91,2667.38,,1.61%
11/21/2024,2669.69,2650.19,2673.86,2647.95,,0.74%
11/20/2024,2650.05,2631.80,2655.50,2618.70,,0.70%
11/19/2024,2631.68,2612.29,2639.69,2610.25,,0.75%
11/18/2024,2612.20,2561.59,2615.17,2561.59,,1.99%
11/15/2024,2561.24,2566.54,2576.09,2554.58,,-0.19%
11/14/2024,2566.19,2573.91,2581.61,2536.91,,-0.29%
11/13/2024,2573.78,2597.41,2618.97,2573.00,,-0.90%
11/12/2024,2597.27,2620.31,2627.24,2589.79,,-0.88%
11/11/2024,2620.20,2684.81,2686.51,2610.62,,-2.37%
11/08/2024,2683.77,2707.37,2710.51,2680.36,,-0.86%
11/07/2024,2706.99,2659.36,2710.20,2643.50,,1.80%
11/06/2024,2659.24,2743.88,2749.80,2652.44,,-3.07%
11/05/2024,2743.59,2736.58,2750.06,2724.75,,0.26%
11/04/2024,2736.39,2734.10,2748.30,2729.78,,0.05%
11/01/2024,2735.16,2742.50,2762.29,2733.20,,-0.32%
10/31/2024,2743.80,2787.75,2790.41,2731.65,,-1.52%
10/30/2024,2786.19,2775.01,2790.09,2770.65,,0.40%
10/29/2024,2775.13,2743.70,2775.89,2739.82,,1.21%
10/28/2024,2741.98,2734.84,2746.06,2724.72,,-0.21%
10/25/2024,2747.69,2736.10,2747.97,2716.97,,0.44%
10/24/2024,2735.70,2717.99,2743.38,2715.72,,0.67%
10/23/2024,2717.54,2749.52,2758.53,2708.79,,-1.12%
10/22/2024,2748.38,2720.00,2749.47,2718.93,,1.06%
10/21/2024,2719.65,2721.71,2740.61,2714.23,,-0.02%
10/18/2024,2720.25,2692.41,2722.87,2691.48,,1.03%
10/17/2024,2692.55,2674.05,2696.80,2673.00,,0.72%
10/16/2024,2673.24,2663.00,2685.73,2658.71,,0.46%
10/15/2024,2660.99,2651.75,2669.07,2638.31,,0.37%
10/14/2024,2651.05,2657.21,2666.94,2643.16,,-0.19%
10/11/2024,2656.00,2630.80,2661.55,2627.65,,1.01%
10/10/2024,2629.48,2608.14,2631.63,2604.15,,0.83%
10/09/2024,2607.77,2620.19,2624.65,2605.18,,-0.54%
10/08/2024,2621.94,2643.50,2653.09,2604.79,,-0.82%
10/07/2024,2643.58,2651.20,2659.91,2637.70,,-0.33%
10/04/2024,2652.25,2654.39,2670.15,2632.00,,-0.14%
10/03/2024,2655.90,2658.66,2663.40,2639.73,,-0.07%
10/02/2024,2657.75,2661.15,2663.85,2641.18,,-0.19%
10/01/2024,2662.82,2635.41,2673.20,2631.98,,1.08%
09/30/2024,2634.49,2658.30,2666.11,2624.78,,-0.88%
09/27/2024,2657.97,2669.50,2674.40,2643.15,,-0.46%
09/26/2024,2670.20,2657.32,2685.96,2654.56,,0.50%
09/25/2024,2656.82,2655.90,2670.60,2649.84,,0.00%
09/24/2024,2656.70,2628.92,2664.47,2622.58,,1.08%
09/23/2024,2628.40,2621.81,2635.54,2613.60,,0.25%
09/20/2024,2621.96,2587.50,2625.79,2584.81,,1.37%
09/19/2024,2586.48,2559.07,2594.89,2551.26,,1.08%
09/18/2024,2558.80,2571.73,2600.21,2546.98,,-0.42%
09/17/2024,2569.52,2582.46,2587.01,2560.84,,-0.51%
09/16/2024,2582.58,2578.06,2589.78,2575.40,,0.24%
09/13/2024,2576.50,2556.52,2586.18,2556.52,,0.69%
09/12/2024,2558.75,2512.02,2560.21,2511.02,,1.88%
09/11/2024,2511.44,2515.70,2529.40,2501.01,,-0.19%
09/10/2024,2516.12,2506.84,2518.57,2500.16,,0.43%
09/09/2024,2505.25,2497.32,2507.42,2485.60,,0.33%
09/06/2024,2497.03,2516.90,2529.30,2485.15,,-0.77%
09/05/2024,2516.32,2495.50,2523.54,2493.76,,0.89%
09/04/2024,2494.19,2492.94,2500.20,2471.95,,0.06%
09/03/2024,2492.76,2500.50,2506.44,2473.25,,-0.26%
09/02/2024,2499.29,2502.74,2507.50,2490.14,,-0.15%
08/30/2024,2503.03,2520.89,2527.07,2494.36,,-0.72%
08/29/2024,2521.18,2504.65,2528.77,2503.65,,0.76%
08/28/2024,2502.25,2522.74,2529.15,2493.66,,-0.88%
08/27/2024,2524.57,2518.30,2526.27,2503.41,,0.31%
08/26/2024,2516.89,2511.43,2527.76,2508.71,,0.19%
08/23/2024,2512.07,2482.20,2518.45,2481.20,,1.16%
08/22/2024,2483.29,2512.50,2514.82,2470.86,,-1.14%
08/21/2024,2511.95,2512.82,2520.09,2494.15,,-0.07%
08/20/2024,2513.74,2501.55,2532.05,2497.33,,0.39%
08/19/2024,2503.92,2508.40,2510.45,2485.83,,-0.13%
08/16/2024,2507.28,2456.57,2509.89,2450.76,,2.08%
08/15/2024,2456.10,2448.15,2470.25,2432.19,,0.35%
08/14/2024,2447.64,2467.40,2478.49,2438.12,,-0.71%
08/13/2024,2465.03,2472.64,2477.02,2458.50,,-0.29%
08/12/2024,2472.25,2431.21,2473.48,2423.84,,1.70%
08/09/2024,2430.93,2427.29,2437.15,2416.93,,0.17%
08/08/2024,2426.75,2382.43,2427.80,2380.70,,1.90%
08/07/2024,2381.53,2389.67,2407.05,2379.05,,-0.33%
08/06/2024,2389.37,2410.01,2418.35,2381.79,,-0.76%
08/05/2024,2407.65,2443.27,2458.80,2364.40,,-1.46%
08/02/2024,2443.29,2445.16,2477.72,2410.83,,-0.09%
08/01/2024,2445.42,2448.10,2462.40,2430.25,,-0.11%
07/31/2024,2448.10,2410.09,2451.00,2410.17,,1.65%
07/30/2024,2408.43,2383.66,2413.00,2376.51,,1.04%
07/29/2024,2383.54,2387.20,2403.23,2369.77,,-0.09%
07/26/2024,2385.57,2364.30,2390.82,2355.89,,0.89%
07/25/2024,2364.50,2398.49,2401.32,2353.19,,-1.38%
07/24/2024,2397.59,2408.94,2432.05,2396.50,,-0.48%
07/23/2024,2409.21,2396.80,2412.15,2388.26,,0.48%
07/22/2024,2397.65,2400.41,2412.32,2384.00,,-0.13%
07/19/2024,2400.79,2445.34,2446.29,2393.92,,-1.81%
07/18/2024,2444.97,2460.13,2475.02,2440.41,,-0.55%
07/17/2024,2458.38,2476.22,2483.78,2451.60,,-0.41%
07/16/2024,2468.57,2424.80,2469.91,2423.54,,1.92%
07/15/2024,2422.07,2409.50,2439.74,2401.35,,0.45%
07/12/2024,2411.27,2416.47,2418.37,2391.52,,-0.15%
07/11/2024,2414.78,2371.58,2424.62,2370.83,,1.84%
07/10/2024,2371.07,2363.80,2386.75,2362.73,,0.32%
07/09/2024,2363.58,2358.60,2371.52,2349.59,,0.20%
07/08/2024,2358.80,2391.77,2391.85,2351.16,,-1.37%
07/05/2024,2391.46,2358.01,2393.04,2354.03,,1.50%
07/04/2024,2356.12,2353.70,2362.64,2350.76,,0.00%
07/03/2024,2356.06,2328.00,2365.06,2326.93,,1.15%
07/02/2024,2329.28,2332.05,2336.90,2319.24,,-0.10%
07/01/2024,2331.70,2326.46,2338.72,2318.55,,0.26%
06/28/2024,2325.71,2327.75,2339.79,2319.15,,-0.07%
06/27/2024,2327.45,2299.80,2331.00,2296.50,,1.29%
06/26/2024,2297.91,2320.00,2323.95,2293.70,,-0.91%
06/25/2024,2319.01,2333.25,2337.26,2315.56,,-0.60%
06/24/2024,2332.93,2321.60,2335.02,2317.37,,0.54%
06/21/2024,2320.34,2360.30,2368.85,2316.76,,-1.66%
06/20/2024,2359.63,2329.15,2365.52,2327.30,,1.38%
06/19/2024,2327.48,2329.79,2335.10,2323.84,,-0.04%
06/18/2024,2328.33,2319.38,2333.25,2306.63,,0.41%
06/17/2024,2318.87,2332.20,2333.48,2310.02,,-0.59%
06/14/2024,2332.52,2302.52,2336.87,2301.35,,1.27%
06/13/2024,2303.19,2325.70,2326.70,2295.68,,-0.83%
06/12/2024,2322.55,2315.53,2341.70,2310.80,,0.27%
06/11/2024,2316.27,2311.00,2320.17,2297.69,,0.25%
06/10/2024,2310.60,2296.00,2313.87,2287.31,,0.78%
06/07/2024,2292.71,2376.50,2387.85,2286.77,,-3.49%
06/06/2024,2375.61,2355.16,2378.57,2353.60,,0.88%
06/05/2024,2354.78,2328.00,2358.07,2325.88,,1.16%
06/04/2024,2327.68,2349.00,2351.76,2315.53,,-0.96%
06/03/2024,2350.35,2329.61,2354.82,2314.76,,1.00%
05/31/2024,2326.97,2345.07,2353.24,2323.96,,-0.68%
05/30/2024,2343.00,2339.67,2351.83,2322.72,,0.18%
05/29/2024,2338.77,2361.00,2362.86,2334.75,,-0.94%
05/28/2024,2360.95,2352.29,2364.12,2340.17,,0.43%
05/27/2024,2350.74,2334.50,2358.56,2332.36,,0.73%
05/24/2024,2333.76,2328.40,2347.54,2325.40,,0.23%
05/23/2024,2328.37,2378.60,2383.86,2327.00,,-2.10%
05/22/2024,2378.25,2423.75,2426.64,2374.98,,-1.79%
05/21/2024,2421.64,2426.84,2434.00,2406.32,,-0.14%
05/20/2024,2425.12,2415.02,2450.13,2407.34,,0.42%
05/17/2024,2414.89,2376.81,2422.87,2373.96,,1.62%
05/16/2024,2376.44,2386.42,2397.44,2371.01,,-0.40%
05/15/2024,2386.04,2358.20,2390.36,2351.82,,1.19%
05/14/2024,2357.97,2338.20,2359.83,2334.55,,0.94%
05/13/2024,2336.05,2362.70,2364.94,2332.34,,-1.02%
05/10/2024,2360.14,2346.26,2378.45,2345.25,,0.61%
05/09/2024,2345.88,2309.04,2347.59,2306.67,,1.61%
05/08/2024,2308.65,2314.70,2321.56,2303.85,,-0.22%
05/07/2024,2313.79,2322.50,2330.06,2310.06,,-0.42%
05/06/2024,2323.57,2302.50,2331.99,2291.79,,0.96%
05/03/2024,2301.56,2303.20,2321.64,2277.47,,-0.08%
05/02/2024,2303.29,2319.89,2326.57,2285.58,,-0.63%
05/01/2024,2317.90,2285.91,2328.40,2281.66,,1.41%
04/30/2024,2285.57,2335.10,2336.54,2284.94,,-2.09%
04/29/2024,2334.44,2337.50,2346.85,2320.08,,-0.14%
04/26/2024,2337.72,2332.16,2352.62,2326.30,,0.25%
04/25/2024,2331.78,2316.20,2344.86,2305.28,,0.69%
04/24/2024,2315.82,2322.19,2337.16,2311.90,,-0.26%
04/23/2024,2321.81,2326.62,2334.48,2291.40,,-0.19%
04/22/2024,2326.29,2388.20,2388.72,2325.29,,-2.68%
04/19/2024,2390.45,2378.60,2417.79,2372.96,,0.51%
04/18/2024,2378.25,2360.74,2392.84,2360.70,,0.74%
04/17/2024,2360.81,2383.20,2395.63,2354.84,,-0.92%
04/16/2024,2382.83,2382.86,2398.34,2362.95,,0.01%
04/15/2024,2382.51,2343.86,2387.59,2324.59,,1.67%
04/12/2024,2343.43,2373.59,2431.53,2333.90,,-1.26%
04/11/2024,2373.24,2333.17,2377.80,2325.84,,1.73%
04/10/2024,2332.79,2352.91,2360.15,2319.54,,-0.84%
04/09/2024,2352.58,2339.24,2365.34,2336.94,,0.59%
04/08/2024,2338.89,2322.00,2354.09,2302.86,,0.40%
04/05/2024,2329.50,2289.88,2330.34,2267.85,,1.75%
04/04/2024,2289.43,2299.62,2305.31,2280.15,,-0.42%
04/03/2024,2299.17,2279.57,2301.22,2265.50,,0.84%
04/02/2024,2280.10,2250.88,2281.17,2246.79,,1.32%
04/01/2024,2250.36,2239.59,2265.86,2228.54,,0.81%
03/28/2024,2232.38,2194.19,2235.90,2187.33,,1.75%
03/27/2024,2194.02,2179.03,2197.71,2173.59,,0.71%
03/26/2024,2178.58,2171.82,2200.15,2167.75,,0.33%
03/25/2024,2171.45,2165.79,2181.30,2163.50,,0.34%
03/22/2024,2164.15,2181.50,2186.25,2157.15,,-0.76%
03/21/2024,2180.81,2186.00,2222.90,2166.50,,-0.24%
03/20/2024,2185.96,2158.29,2188.90,2149.60,,1.33%
03/19/2024,2157.23,2160.70,2162.93,2146.90,,-0.13%
03/18/2024,2159.99,2156.00,2163.64,2146.05,,0.21%
03/15/2024,2155.54,2162.40,2173.25,2155.19,,-0.25%
03/14/2024,2161.01,2174.29,2177.10,2152.86,,-0.62%
03/13/2024,2174.40,2158.25,2179.91,2155.54,,0.76%
03/12/2024,2157.99,2183.00,2184.86,2150.59,,-1.12%
03/11/2024,2182.47,2177.71,2189.04,2174.80,,0.23%
03/08/2024,2177.51,2159.40,2195.20,2154.08,,0.85%
03/07/2024,2159.16,2148.54,2164.54,2144.29,,0.51%
03/06/2024,2148.29,2127.95,2152.29,2123.65,,0.98%
03/05/2024,2127.55,2115.15,2142.15,2110.52,,0.59%
03/04/2024,2114.99,2082.09,2119.95,2079.45,,1.52%
03/01/2024,2083.39,2043.44,2088.40,2038.55,,1.96%
02/29/2024,2043.24,2034.92,2050.79,2027.75,,0.42%
02/28/2024,2034.62,2030.05,2038.30,2024.56,,0.25%
02/27/2024,2029.64,2030.99,2039.99,2028.78,,-0.05%
02/26/2024,2030.66,2034.49,2037.59,2025.10,,-0.25%
02/23/2024,2035.72,2024.49,2041.43,2015.55,,0.57%
02/22/2024,2024.11,2025.24,2034.84,2019.70,,-0.04%
02/21/2024,2024.99,2023.80,2032.22,2020.19,,0.07%
02/20/2024,2023.53,2017.99,2030.96,2015.02,,0.29%
02/19/2024,2017.63,2013.16,2023.34,2011.57,,0.22%
02/16/2024,2013.10,2004.40,2015.25,1995.26,,0.45%
02/15/2024,2004.09,1992.69,2008.49,1990.25,,0.59%
02/14/2024,1992.39,1992.55,1996.14,1984.30,,0.01%
02/13/2024,1992.13,2019.90,2030.05,1990.19,,-1.37%
02/12/2024,2019.79,2024.53,2028.09,2011.91,,-0.22%
02/09/2024,2024.16,2033.65,2037.44,2020.30,,-0.44%
02/08/2024,2033.18,2034.55,2038.94,2019.75,,-0.05%
02/07/2024,2034.22,2035.90,2044.65,2030.65,,-0.06%
02/06/2024,2035.46,2024.99,2039.02,2022.55,,0.53%
02/05/2024,2024.67,2039.91,2042.32,2014.40,,-0.68%
02/02/2024,2038.59,2055.09,2058.20,2027.45,,-0.79%
02/01/2024,2054.89,2037.59,2065.42,2029.55,,0.87%
01/31/2024,2037.19,2036.58,2056.08,2031.00,,0.05%
01/30/2024,2036.12,2031.97,2048.48,2029.19,,0.21%
01/29/2024,2031.75,2019.40,2037.75,2017.38,,0.66%
01/26/2024,2018.34,2019.94,2026.80,2015.97,,-0.07%
01/25/2024,2019.75,2012.84,2025.27,2010.15,,0.36%
01/24/2024,2012.59,2028.94,2036.74,2011.28,,-0.79%
01/23/2024,2028.69,2021.24,2037.92,2019.59,,0.38%
01/22/2024,2020.99,2029.90,2032.28,2016.74,,-0.40%
01/19/2024,2029.09,2023.05,2039.49,2020.37,,0.32%
01/18/2024,2022.67,2006.09,2023.45,2005.43,,0.85%
01/17/2024,2005.72,2027.90,2033.05,2001.91,,-1.08%
01/16/2024,2027.59,2054.91,2055.65,2024.29,,-1.31%
01/15/2024,2054.49,2048.09,2059.25,2045.80,,0.28%
01/12/2024,2048.72,2028.30,2062.35,2027.99,,1.02%
01/11/2024,2028.09,2023.74,2039.69,2013.32,,0.23%
01/10/2024,2023.40,2029.94,2040.44,2020.45,,-0.31%
01/09/2024,2029.59,2028.40,2042.09,2026.11,,0.09%
01/08/2024,2027.84,2044.08,2046.71,2016.84,,-0.86%
01/05/2024,2045.50,2043.69,2064.03,2024.49,,0.11%
01/04/2024,2043.26,2041.34,2051.40,2036.24,,0.12%
01/03/2024,2040.78,2059.15,2066.12,2030.68,,-0.88%
01/02/2024,2058.88,2062.90,2079.02,2056.04,,-0.24%
01/01/2024,2063.80,2064.24,2074.90,2063.30,,0.06%
12/29/2023,2062.59,2065.15,2075.15,2057.75,,-0.11%
12/28/2023,2064.86,2077.34,2088.54,2065.89,,-0.59%
12/27/2023,2077.16,2066.70,2084.59,2061.00,,0.51%
12/26/2023,2066.60,2055.73,2068.65,2053.59,,0.57%
12/25/2023,2054.93,2054.32,2058.36,2053.96,,0.10%
12/22/2023,2052.98,2045.84,2070.65,2045.65,,0.37%
12/21/2023,2045.49,2029.44,2046.07,2029.44,,0.80%
12/20/2023,2029.19,2040.34,2043.94,2029.37,,-0.54%
12/19/2023,2040.12,2027.30,2047.07,2021.74,,0.65%
12/18/2023,2027.00,2020.09,2033.71,2015.99,,0.44%
12/15/2023,2018.19,2035.80,2045.55,2015.68,,-0.85%
12/14/2023,2035.53,2026.59,2047.98,2024.33,,0.45%
12/13/2023,2026.39,1979.74,2027.55,1973.09,,2.37%
12/12/2023,1979.44,1981.59,1996.80,1977.19,,-0.09%
12/11/2023,1981.30,2003.60,2008.72,1975.95,,-1.10%
12/08/2023,2003.39,2028.69,2034.19,1994.74,,-1.23%
12/07/2023,2028.34,2025.30,2039.93,2020.26,,0.17%
12/06/2023,2024.90,2019.74,2036.30,2017.27,,0.27%
12/05/2023,2019.42,2030.15,2041.33,2010.02,,-0.51%
12/04/2023,2029.74,2071.25,2135.90,2020.34,,-1.99%
12/01/2023,2070.90,2034.49,2075.34,2033.75,,1.73%
11/30/2023,2035.75,2044.80,2047.59,2031.84,,-0.43%
11/29/2023,2044.59,2041.24,2052.09,2035.05,,0.18%
11/28/2023,2040.89,2013.94,2043.00,2011.60,,1.35%
11/27/2023,2013.64,2002.78,2018.14,2000.67,,0.58%
11/24/2023,2001.97,1994.06,2003.68,1991.40,,0.51%
11/23/2023,1991.79,1990.15,1999.19,1989.01,,0.10%
11/22/2023,1989.72,1998.69,2006.90,1986.89,,-0.43%
11/21/2023,1998.37,1977.49,2007.52,1977.34,,1.07%
11/20/2023,1977.19,1980.39,1985.26,1965.20,,-0.14%
11/17/2023,1980.01,1981.21,1993.94,1978.59,,-0.04%
11/16/2023,1980.85,1959.44,1988.03,1956.49,,1.11%
11/15/2023,1959.09,1963.05,1975.59,1955.41,,-0.18%
11/14/2023,1962.67,1946.19,1970.84,1943.40,,0.86%
11/13/2023,1945.89,1937.05,1949.27,1931.73,,0.47%
11/10/2023,1936.79,1958.40,1960.93,1933.18,,-1.09%
11/09/2023,1958.19,1950.09,1965.69,1944.30,,0.43%
11/08/2023,1949.79,1968.84,1971.12,1947.48,,-0.95%
11/07/2023,1968.40,1978.19,1978.75,1956.20,,-0.47%
11/06/2023,1977.68,1992.30,1993.30,1977.52,,-0.73%
11/03/2023,1992.27,1985.69,2004.06,1983.26,,0.34%
11/02/2023,1985.51,1983.53,1991.49,1978.90,,0.17%
11/01/2023,1982.15,1983.01,1992.09,1969.90,,-0.03%
10/31/2023,1982.70,1996.00,2007.80,1978.90,,-0.66%
10/30/2023,1995.88,2004.80,2007.37,1990.50,,-0.49%
10/27/2023,2005.78,1985.17,2009.48,1976.35,,1.06%
10/26/2023,1984.82,1979.97,1994.05,1971.60,,0.26%
10/25/2023,1979.62,1971.36,1987.19,1963.34,,0.48%
10/24/2023,1970.11,1972.97,1980.99,1953.50,,-0.13%
10/23/2023,1972.59,1972.90,1983.40,1964.36,,-0.43%
10/20/2023,1981.04,1974.31,1997.27,1971.93,,0.37%
10/19/2023,1973.70,1947.99,1977.86,1945.18,,1.34%
10/18/2023,1947.69,1923.70,1962.74,1923.05,,1.28%
10/17/2023,1923.07,1920.14,1931.56,1911.85,,0.19%
10/16/2023,1919.44,1929.30,1931.80,1907.65,,-0.63%
10/13/2023,1931.70,1869.02,1933.76,1868.94,,3.37%
10/12/2023,1868.65,1874.10,1885.30,1866.92,,-0.26%
10/11/2023,1873.61,1859.99,1877.22,1858.60,,0.73%
10/10/2023,1860.09,1861.27,1865.65,1852.65,,-0.04%
10/09/2023,1860.88,1832.74,1864.15,1832.63,,1.56%
10/06/2023,1832.26,1820.40,1834.97,1810.10,,0.67%
10/05/2023,1820.01,1820.49,1829.30,1812.70,,-0.06%
10/04/2023,1821.08,1824.30,1831.05,1816.15,,-0.10%
10/03/2023,1822.81,1827.96,1833.36,1814.70,,-0.25%
10/02/2023,1827.40,1848.13,1849.06,1826.60,,-1.13%
09/29/2023,1848.31,1865.43,1880.24,1846.34,,-0.87%
09/28/2023,1864.56,1875.73,1880.15,1857.76,,-0.54%
09/27/2023,1874.70,1900.69,1903.95,1872.47,,-1.36%
09/26/2023,1900.49,1916.03,1916.89,1899.17,,-0.79%
09/25/2023,1915.66,1925.24,1927.26,1915.00,,-0.48%
09/22/2023,1924.99,1920.08,1929.65,1919.58,,0.28%
09/21/2023,1919.57,1930.99,1931.74,1913.40,,-0.52%
09/20/2023,1929.68,1931.69,1947.80,1927.90,,-0.07%
09/19/2023,1930.94,1933.68,1937.94,1929.71,,-0.11%
09/18/2023,1933.14,1924.19,1934.61,1922.15,,0.50%
09/15/2023,1923.57,1910.90,1930.84,1909.74,,0.69%
09/14/2023,1910.32,1906.68,1912.99,1900.95,,0.21%
09/13/2023,1906.30,1913.55,1916.30,1905.50,,-0.36%
09/12/2023,1913.26,1922.90,1925.05,1907.15,,-0.44%
09/11/2023,1921.66,1919.16,1930.90,1916.90,,0.20%
09/08/2023,1917.81,1919.57,1930.19,1917.36,,-0.07%
09/07/2023,1919.19,1916.86,1923.67,1916.10,,0.15%
09/06/2023,1916.28,1926.16,1929.80,1914.80,,-0.50%
09/05/2023,1925.81,1938.59,1939.13,1925.22,,-0.64%
09/04/2023,1938.19,1940.49,1946.42,1936.15,,-0.03%
09/01/2023,1938.80,1940.19,1953.44,1934.59,,-0.05%
08/31/2023,1939.74,1942.61,1948.19,1938.86,,-0.13%
08/30/2023,1942.24,1937.48,1949.04,1934.94,,0.26%
08/29/2023,1937.12,1920.23,1938.41,1914.00,,0.91%
08/28/2023,1919.66,1916.09,1926.19,1912.83,,0.27%
08/25/2023,1914.53,1917.80,1923.09,1903.40,,-0.15%
08/24/2023,1917.43,1914.15,1923.94,1911.35,,0.16%
08/23/2023,1914.31,1897.80,1920.94,1897.23,,0.89%
08/22/2023,1897.47,1895.09,1905.05,1888.60,,0.19%
08/21/2023,1893.94,1889.40,1899.05,1884.50,,0.30%
08/18/2023,1888.19,1889.49,1897.44,1886.20,,-0.04%
08/17/2023,1888.89,1892.20,1903.90,1884.50,,-0.15%
08/16/2023,1891.76,1901.59,1907.90,1891.30,,-0.52%
08/15/2023,1901.56,1907.40,1912.19,1896.15,,-0.33%
08/14/2023,1907.90,1913.67,1916.55,1902.20,,-0.28%
08/11/2023,1913.32,1912.65,1921.15,1910.94,,0.07%
08/10/2023,1912.06,1914.94,1930.11,1911.73,,-0.13%
08/09/2023,1914.59,1925.16,1932.48,1914.05,,-0.53%
08/08/2023,1924.82,1936.76,1938.15,1922.50,,-0.60%
08/07/2023,1936.39,1942.59,1946.81,1931.53,,-0.27%
08/04/2023,1941.62,1934.12,1947.19,1929.75,,0.41%
08/03/2023,1933.74,1934.66,1939.03,1929.55,,0.01%
08/02/2023,1933.56,1945.74,1955.40,1933.00,,-0.54%
08/01/2023,1944.08,1965.10,1966.24,1941.20,,-1.02%
07/31/2023,1964.19,1959.49,1972.44,1951.00,,0.25%
07/28/2023,1959.20,1944.27,1963.71,1944.27,,0.73%
07/27/2023,1944.99,1972.08,1982.24,1942.61,,-1.38%
07/26/2023,1972.10,1964.99,1978.31,1961.99,,0.38%
07/25/2023,1964.58,1955.20,1966.03,1953.21,,0.52%
07/24/2023,1954.51,1962.09,1967.97,1953.42,,-0.29%
07/21/2023,1960.23,1969.99,1973.89,1956.82,,-0.48%
07/20/2023,1969.62,1976.80,1987.59,1965.40,,-0.39%
07/19/2023,1977.25,1978.97,1981.05,1969.75,,-0.07%
07/18/2023,1978.71,1954.59,1984.39,1954.44,,1.23%
07/17/2023,1954.74,1954.90,1959.91,1945.82,,-0.01%
07/14/2023,1954.93,1961.58,1963.81,1951.00,,-0.27%
07/13/2023,1960.19,1957.44,1963.69,1952.71,,0.16%
07/12/2023,1957.09,1932.59,1959.82,1932.18,,1.30%
07/11/2023,1931.99,1925.40,1938.69,1924.40,,0.36%
07/10/2023,1924.99,1925.19,1928.31,1912.68,,0.04%
07/07/2023,1924.28,1911.07,1934.92,1909.56,,0.71%
07/06/2023,1910.80,1916.05,1927.69,1902.68,,-0.34%
07/05/2023,1917.32,1925.90,1935.17,1914.48,,-0.40%
07/04/2023,1925.09,1921.78,1930.84,1919.90,,0.19%
07/03/2023,1921.43,1919.40,1931.09,1910.10,,0.10%
06/30/2023,1919.57,1908.53,1922.90,1900.56,,0.60%
06/29/2023,1908.15,1908.80,1913.15,1893.01,,0.04%
06/28/2023,1907.42,1913.59,1917.24,1902.84,,-0.31%
06/27/2023,1913.35,1923.21,1930.85,1911.19,,-0.49%
06/26/2023,1922.85,1924.30,1933.48,1921.59,,0.08%
06/23/2023,1921.36,1913.80,1937.10,1910.24,,0.41%
06/22/2023,1913.52,1932.09,1935.00,1912.34,,-0.97%
06/21/2023,1932.26,1935.42,1939.55,1919.34,,-0.19%
06/20/2023,1935.91,1950.90,1956.87,1929.77,,-0.73%
06/19/2023,1950.12,1957.99,1958.93,1947.80,,-0.37%
06/16/2023,1957.36,1957.68,1968.00,1953.42,,-0.01%
06/15/2023,1957.65,1943.44,1960.34,1925.30,,0.75%
06/14/2023,1942.99,1943.49,1960.41,1939.73,,-0.02%
06/13/2023,1943.33,1957.69,1970.74,1939.99,,-0.69%
06/12/2023,1956.92,1960.25,1967.55,1948.80,,-0.19%
06/09/2023,1960.60,1968.10,1973.09,1956.73,,-0.36%
06/08/2023,1967.76,1940.59,1970.50,1939.81,,1.45%
06/07/2023,1939.63,1963.59,1970.26,1939.80,,-1.18%
06/06/2023,1962.85,1962.11,1966.85,1954.00,,0.06%
06/05/2023,1961.76,1947.59,1964.13,1938.14,,0.73%
06/02/2023,1947.63,1978.14,1983.52,1947.67,,-1.53%
06/01/2023,1977.88,1962.80,1983.27,1953.43,,0.79%
05/31/2023,1962.30,1959.30,1975.34,1953.67,,0.16%
05/30/2023,1959.14,1944.19,1963.63,1932.08,,0.84%
05/29/2023,1942.84,1944.09,1949.75,1940.30,,-0.18%
05/26/2023,1946.33,1940.69,1957.40,1936.84,,0.31%
05/25/2023,1940.34,1958.13,1964.95,1938.86,,-0.85%
05/24/2023,1957.01,1975.19,1985.30,1956.51,,-0.90%
05/23/2023,1974.73,1971.99,1977.80,1954.29,,0.27%
05/22/2023,1969.43,1977.80,1982.66,1968.40,,-0.36%
05/19/2023,1976.56,1957.40,1984.09,1954.05,,0.94%
05/18/2023,1958.05,1981.52,1986.12,1951.97,,-1.19%
05/17/2023,1981.72,1988.94,1993.13,1974.80,,-0.35%
05/16/2023,1988.60,2015.90,2018.94,1985.47,,-1.58%
05/15/2023,2020.60,2011.72,2022.20,2007.28,,0.47%
05/12/2023,2011.15,2015.19,2022.56,2001.05,,-0.22%
05/11/2023,2015.55,2030.56,2041.44,2011.19,,-0.69%
05/10/2023,2029.51,2034.19,2048.22,2021.57,,-0.23%
05/09/2023,2034.17,2022.24,2037.70,2019.50,,0.63%
05/08/2023,2021.39,2015.95,2029.63,2014.10,,0.24%
05/05/2023,2016.54,2051.73,2053.13,1999.30,,-1.69%
05/04/2023,2051.11,2036.86,2073.29,2030.34,,0.59%
05/03/2023,2039.02,2014.80,2040.69,2007.96,,1.13%
05/02/2023,2016.28,1982.81,2019.54,1978.38,,1.73%
05/01/2023,1982.05,1991.34,2006.05,1977.05,,-0.38%
04/28/2023,1989.65,1986.75,1995.13,1976.08,,0.09%
04/27/2023,1987.87,1987.58,2003.45,1973.80,,-0.08%
04/26/2023,1989.48,2000.63,2009.51,1983.43,,-0.42%
04/25/2023,1997.87,1991.45,2003.90,1976.14,,0.45%
04/24/2023,1988.88,1981.34,1990.97,1974.19,,0.30%
04/21/2023,1982.89,2004.29,2005.75,1971.65,,-1.07%
04/20/2023,2004.34,1993.58,2012.74,1990.49,,0.56%
04/19/2023,1993.26,2007.49,2008.33,1969.28,,-0.58%
04/18/2023,2004.93,1995.19,2011.98,1991.33,,0.51%
04/17/2023,1994.77,2001.85,2015.13,1981.34,,-0.41%
04/14/2023,2003.04,2040.40,2047.60,1992.41,,-1.80%
04/13/2023,2039.73,2014.00,2048.84,2012.45,,1.24%
04/12/2023,2014.67,2003.67,2028.40,2001.18,,0.58%
04/11/2023,2003.14,1990.36,2007.58,1988.72,,0.66%
04/10/2023,1989.95,2008.30,2011.17,1981.59,,-0.90%
04/06/2023,2008.02,2020.13,2021.63,2000.88,,-0.61%
04/05/2023,2020.35,2020.44,2032.20,2009.99,,0.02%
04/04/2023,2019.97,1984.59,2025.19,1977.01,,1.81%
04/03/2023,1984.11,1970.84,1990.64,1949.82,,0.82%
03/31/2023,1967.90,1978.62,1987.84,1966.89,,-0.62%
03/30/2023,1980.25,1962.58,1984.40,1955.44,,0.83%
03/29/2023,1964.04,1972.82,1974.64,1958.62,,-0.49%
03/28/2023,1973.69,1957.23,1975.45,1948.66,,0.88%
03/27/2023,1956.56,1977.66,1979.89,1943.68,,-1.04%
03/24/2023,1977.22,1993.99,2003.19,1975.18,,-0.82%
03/23/2023,1993.50,1967.91,2003.43,1964.39,,1.21%
03/22/2023,1969.58,1940.44,1978.93,1934.33,,1.52%
03/21/2023,1940.15,1979.17,1985.30,1935.41,,-1.95%
03/20/2023,1978.71,1987.59,2010.19,1965.77,,-0.46%
03/17/2023,1987.93,1920.00,1989.80,1918.33,,3.59%
03/16/2023,1919.12,1920.54,1934.12,1907.55,,0.05%
03/15/2023,1918.10,1903.91,1937.46,1885.78,,0.84%
03/14/2023,1902.12,1913.19,1914.52,1895.17,,-0.58%
03/13/2023,1913.23,1869.01,1914.79,1869.01,,2.43%
03/10/2023,1867.83,1830.96,1870.28,1827.71,,2.02%
03/09/2023,1830.89,1813.65,1835.56,1811.84,,0.95%
03/08/2023,1813.59,1813.61,1824.38,1809.40,,0.00%
03/07/2023,1813.52,1846.92,1852.26,1812.72,,-1.80%
03/06/2023,1846.85,1855.35,1858.84,1845.08,,-0.44%
03/03/2023,1854.97,1836.10,1856.47,1834.51,,1.03%
03/02/2023,1836.00,1837.20,1838.94,1829.44,,-0.04%
03/01/2023,1836.81,1827.24,1845.05,1823.05,,0.53%
02/28/2023,1827.15,1817.38,1831.27,1804.65,,0.54%
02/27/2023,1817.31,1812.01,1820.22,1806.68,,0.36%
02/24/2023,1810.81,1822.74,1827.98,1808.91,,-0.65%
02/23/2023,1822.64,1825.12,1834.43,1817.55,,-0.13%
02/22/2023,1825.04,1834.71,1846.26,1823.05,,-0.51%
02/21/2023,1834.32,1841.71,1844.44,1829.70,,-0.37%
02/20/2023,1841.14,1842.73,1847.86,1837.09,,-0.02%
02/17/2023,1841.59,1837.52,1843.77,1818.34,,0.23%
02/16/2023,1837.44,1836.56,1845.45,1827.18,,0.07%
02/15/2023,1836.19,1854.35,1860.18,1830.20,,-0.98%
02/14/2023,1854.29,1853.67,1871.03,1843.20,,0.05%
02/13/2023,1853.39,1865.69,1866.83,1850.42,,-0.60%
02/10/2023,1864.67,1861.68,1872.31,1852.69,,0.18%
02/09/2023,1861.39,1875.64,1890.69,1858.89,,-0.76%
02/08/2023,1875.59,1874.05,1886.28,1867.40,,0.09%
02/07/2023,1873.81,1867.39,1884.45,1864.94,,0.35%
02/06/2023,1867.36,1865.17,1881.54,1860.39,,0.10%
02/03/2023,1865.53,1912.57,1918.72,1861.41,,-2.45%
02/02/2023,1912.37,1950.54,1959.77,1911.33,,-1.95%
02/01/2023,1950.42,1927.92,1954.63,1920.56,,1.17%
01/31/2023,1927.88,1922.82,1931.15,1900.74,,0.28%
01/30/2023,1922.52,1928.40,1934.61,1920.58,,-0.25%
01/27/2023,1927.34,1929.40,1935.15,1916.65,,-0.09%
01/26/2023,1928.99,1946.09,1949.27,1918.74,,-0.87%
01/25/2023,1945.93,1937.54,1948.12,1919.88,,0.44%
01/24/2023,1937.45,1931.35,1942.93,1916.82,,0.32%
01/23/2023,1931.30,1926.20,1935.69,1911.44,,0.25%
01/20/2023,1926.57,1931.48,1937.72,1920.58,,-0.25%
01/19/2023,1931.39,1903.83,1935.40,1900.48,,1.45%
01/18/2023,1903.76,1908.46,1926.30,1896.56,,-0.24%
01/17/2023,1908.39,1917.81,1919.83,1903.51,,-0.50%
01/16/2023,1918.00,1920.39,1929.24,1910.74,,-0.12%
01/13/2023,1920.21,1897.03,1922.24,1891.80,,1.23%
01/12/2023,1896.86,1876.43,1901.88,1873.64,,1.09%
01/11/2023,1876.38,1877.30,1887.09,1866.75,,-0.05%
01/10/2023,1877.27,1871.66,1881.04,1867.37,,0.30%
01/09/2023,1871.59,1865.45,1881.80,1864.59,,0.32%
01/06/2023,1865.71,1833.27,1870.37,1830.53,,1.77%
01/05/2023,1833.19,1854.19,1859.36,1824.68,,-1.13%
01/04/2023,1854.09,1839.51,1865.49,1835.92,,0.79%
01/03/2023,1839.49,1826.14,1850.69,1824.42,,0.87%
01/02/2023,1823.69,1823.85,1823.94,1823.85,,-0.04%
12/30/2022,1824.40,1815.14,1826.73,1809.84,,0.52%
12/29/2022,1814.89,1804.16,1820.52,1802.02,,0.60%
12/28/2022,1804.09,1814.00,1815.18,1796.56,,-0.54%
12/27/2022,1813.93,1796.67,1833.39,1796.20,,0.91%
12/26/2022,1797.61,1798.57,1798.78,1798.04,,-0.02%
12/23/2022,1797.91,1792.65,1803.60,1789.62,,0.30%
12/22/2022,1792.57,1814.20,1821.10,1784.11,,-1.19%
12/21/2022,1814.13,1818.06,1824.39,1811.24,,-0.18%
12/20/2022,1817.41,1787.49,1821.60,1784.21,,1.68%
12/19/2022,1787.44,1793.13,1799.10,1783.48,,-0.27%
12/16/2022,1792.34,1776.72,1794.69,1773.89,,0.88%
12/15/2022,1776.66,1807.40,1809.09,1772.00,,-1.69%
12/14/2022,1807.27,1810.49,1814.19,1796.07,,-0.17%
12/13/2022,1810.29,1781.21,1824.87,1779.81,,1.64%
12/12/2022,1781.15,1797.35,1798.00,1777.22,,-0.86%
12/09/2022,1796.63,1789.30,1806.45,1787.96,,0.41%
12/08/2022,1789.23,1786.29,1795.18,1780.96,,0.17%
12/07/2022,1786.22,1771.14,1790.92,1768.32,,0.86%
12/06/2022,1770.91,1768.67,1781.46,1765.72,,0.14%
12/05/2022,1768.39,1797.92,1810.33,1765.32,,-1.64%
12/02/2022,1797.82,1803.15,1804.93,1778.26,,-0.28%
12/01/2022,1802.89,1768.54,1804.32,1767.36,,1.95%
11/30/2022,1768.45,1749.82,1770.39,1744.41,,1.07%
11/29/2022,1749.73,1740.82,1759.33,1738.98,,0.52%
11/28/2022,1740.75,1755.00,1764.08,1739.14,,-0.88%
11/25/2022,1756.14,1756.48,1761.58,1745.46,,0.07%
11/24/2022,1754.96,1749.53,1759.08,1749.03,,0.32%
11/23/2022,1749.28,1740.30,1753.54,1728.25,,0.52%
11/22/2022,1740.24,1738.48,1749.98,1736.61,,0.14%
11/21/2022,1737.81,1750.82,1753.52,1732.03,,-0.68%
11/18/2022,1749.74,1760.74,1767.98,1747.04,,-0.63%
11/17/2022,1760.87,1773.82,1775.20,1754.13,,-0.73%
11/16/2022,1773.77,1778.34,1785.49,1769.82,,-0.25%
11/15/2022,1778.25,1771.88,1786.68,1766.56,,0.36%
11/14/2022,1771.80,1771.42,1775.36,1752.90,,0.06%
11/11/2022,1770.69,1754.92,1773.17,1746.85,,0.91%
11/10/2022,1754.75,1706.40,1757.59,1703.32,,2.84%
11/09/2022,1706.32,1712.60,1722.94,1701.79,,-0.36%
11/08/2022,1712.52,1674.75,1717.31,1664.32,,2.26%
11/07/2022,1674.68,1681.30,1682.08,1666.44,,-0.33%
11/04/2022,1680.27,1629.40,1682.17,1628.23,,3.14%
11/03/2022,1629.15,1635.80,1641.32,1616.18,,-0.35%
11/02/2022,1634.89,1647.77,1669.60,1634.40,,-0.77%
11/01/2022,1647.50,1633.40,1657.13,1630.93,,0.88%
10/31/2022,1633.12,1643.69,1645.80,1631.77,,-0.53%
10/28/2022,1641.76,1663.30,1667.44,1637.39,,-1.27%
10/27/2022,1662.94,1664.50,1671.09,1654.81,,-0.09%
10/26/2022,1664.49,1653.21,1675.12,1649.15,,0.72%
10/25/2022,1652.52,1649.70,1662.89,1637.82,,0.24%
10/24/2022,1648.60,1658.19,1670.55,1643.64,,-0.49%
10/21/2022,1656.66,1628.10,1659.08,1617.21,,1.78%
10/20/2022,1627.66,1629.93,1645.83,1621.93,,-0.05%
10/19/2022,1628.49,1651.99,1654.90,1627.25,,-1.41%
10/18/2022,1651.83,1650.49,1661.27,1645.61,,0.11%
10/17/2022,1649.94,1644.09,1668.69,1643.69,,0.50%
10/14/2022,1641.76,1665.90,1672.02,1639.90,,-1.44%
10/13/2022,1665.80,1673.30,1682.84,1642.25,,-0.40%
10/12/2022,1672.51,1666.49,1678.90,1660.95,,0.43%
10/11/2022,1665.31,1668.40,1684.44,1660.45,,-0.16%
10/10/2022,1667.96,1696.80,1700.33,1665.30,,-1.57%
10/07/2022,1694.52,1711.10,1715.40,1690.35,,-0.95%
10/06/2022,1710.85,1716.06,1726.09,1706.53,,-0.29%
10/05/2022,1715.81,1726.42,1728.10,1700.15,,-0.60%
10/04/2022,1726.24,1699.40,1729.73,1694.73,,1.59%
10/03/2022,1699.22,1661.30,1701.80,1659.10,,2.38%
09/30/2022,1659.67,1661.13,1675.57,1658.93,,-0.04%
09/29/2022,1660.29,1659.88,1665.12,1641.05,,0.05%
09/28/2022,1659.44,1629.26,1663.17,1614.35,,1.88%
09/27/2022,1628.80,1621.99,1642.94,1621.77,,0.45%
09/26/2022,1621.57,1645.40,1650.02,1620.80,,-1.31%
09/23/2022,1643.09,1671.55,1676.59,1639.59,,-1.64%
09/22/2022,1670.53,1675.06,1685.49,1655.53,,-0.19%
09/21/2022,1673.74,1663.67,1688.15,1654.15,,0.64%
09/20/2022,1663.11,1675.47,1679.34,1659.60,,-0.76%
09/19/2022,1675.78,1675.44,1680.16,1659.67,,0.05%
09/16/2022,1674.94,1664.27,1680.69,1653.85,,0.67%
09/15/2022,1663.74,1696.06,1698.62,1660.04,,-1.89%
09/14/2022,1695.80,1701.86,1707.49,1693.26,,-0.34%
09/13/2022,1701.55,1724.75,1732.34,1696.70,,-1.31%
09/12/2022,1724.07,1717.05,1735.37,1711.97,,0.47%
09/09/2022,1716.05,1708.84,1729.94,1708.22,,0.51%
09/08/2022,1707.28,1718.40,1728.80,1703.50,,-0.61%
09/07/2022,1717.69,1701.61,1719.82,1690.90,,0.97%
09/06/2022,1701.15,1710.56,1727.24,1699.30,,-0.53%
09/05/2022,1710.21,1712.99,1716.34,1707.47,,-0.07%
09/02/2022,1711.44,1696.35,1718.31,1694.64,,0.91%
09/01/2022,1696.09,1711.09,1711.81,1688.35,,-0.85%
08/31/2022,1710.70,1723.83,1726.86,1709.10,,-0.75%
08/30/2022,1723.55,1738.36,1740.93,1720.85,,-0.82%
08/29/2022,1737.82,1736.19,1745.63,1720.08,,0.06%
08/26/2022,1736.86,1758.55,1759.31,1733.83,,-1.23%
08/25/2022,1758.44,1751.55,1765.93,1749.71,,0.43%
08/24/2022,1750.89,1748.55,1755.88,1742.29,,0.18%
08/23/2022,1747.67,1736.40,1754.28,1730.52,,0.69%
08/22/2022,1735.70,1747.05,1749.31,1727.51,,-0.69%
08/19/2022,1747.83,1759.30,1759.88,1745.19,,-0.59%
08/18/2022,1758.20,1761.63,1772.59,1755.37,,-0.16%
08/17/2022,1761.05,1775.98,1782.63,1759.58,,-0.82%
08/16/2022,1775.54,1779.74,1783.37,1771.33,,-0.19%
08/15/2022,1778.91,1802.05,1802.53,1772.75,,-1.27%
08/12/2022,1801.76,1790.06,1802.86,1784.52,,0.69%
08/11/2022,1789.45,1792.39,1799.40,1783.24,,-0.15%
08/10/2022,1792.13,1794.21,1807.90,1787.32,,-0.11%
08/09/2022,1794.08,1789.21,1800.45,1782.85,,0.31%
08/08/2022,1788.52,1773.57,1790.26,1770.94,,0.81%
08/05/2022,1774.15,1791.16,1795.29,1764.88,,-0.94%
08/04/2022,1790.97,1765.34,1795.29,1763.00,,1.48%
08/03/2022,1764.90,1760.53,1772.90,1754.33,,0.29%
08/02/2022,1759.75,1772.23,1788.24,1759.86,,-0.68%
08/01/2022,1771.73,1765.05,1775.22,1758.05,,0.37%
07/29/2022,1765.22,1755.81,1768.17,1752.19,,0.58%
07/28/2022,1755.11,1734.61,1757.43,1733.59,,1.22%
07/27/2022,1733.89,1717.41,1740.60,1711.46,,0.98%
07/26/2022,1717.00,1719.69,1728.36,1713.20,,-0.10%
07/25/2022,1718.78,1728.15,1736.43,1714.57,,-0.44%
07/22/2022,1726.46,1718.61,1739.28,1712.93,,0.46%
07/21/2022,1718.49,1696.73,1720.69,1680.78,,1.30%
07/20/2022,1696.43,1711.30,1714.94,1692.53,,-0.86%
07/19/2022,1711.07,1709.27,1718.64,1704.96,,0.12%
07/18/2022,1709.01,1707.94,1724.05,1705.89,,0.13%
07/15/2022,1706.78,1709.81,1716.92,1698.82,,-0.16%
07/14/2022,1709.45,1735.70,1736.94,1697.48,,-1.49%
07/13/2022,1735.23,1726.17,1745.54,1707.38,,0.55%
07/12/2022,1725.81,1733.99,1743.49,1722.93,,-0.45%
07/11/2022,1733.67,1742.86,1744.92,1731.01,,-0.47%
07/08/2022,1741.82,1740.05,1752.50,1733.24,,0.13%
07/07/2022,1739.61,1738.93,1749.14,1735.95,,0.08%
07/06/2022,1738.30,1764.87,1773.06,1731.75,,-1.48%
07/05/2022,1764.35,1808.74,1812.42,1763.48,,-2.47%
07/04/2022,1809.12,1812.27,1814.36,1803.45,,-0.06%
07/01/2022,1810.18,1807.31,1812.09,1784.10,,0.18%
06/30/2022,1806.89,1817.80,1825.90,1802.20,,-0.56%
06/29/2022,1817.11,1819.95,1833.24,1812.10,,-0.14%
06/28/2022,1819.69,1822.85,1830.09,1818.20,,-0.17%
06/27/2022,1822.73,1838.15,1841.34,1820.40,,-0.19%
06/24/2022,1826.18,1822.88,1832.15,1816.70,,0.21%
06/23/2022,1822.43,1837.87,1846.19,1821.88,,-0.81%
06/22/2022,1837.39,1832.96,1848.44,1823.23,,0.26%
06/21/2022,1832.56,1838.37,1844.15,1828.29,,-0.31%
06/20/2022,1838.29,1840.40,1846.42,1834.49,,-0.06%
06/17/2022,1839.35,1857.34,1858.29,1833.72,,-0.93%
06/16/2022,1856.71,1833.99,1857.91,1815.95,,1.27%
06/15/2022,1833.38,1808.35,1841.74,1807.24,,1.40%
06/14/2022,1808.10,1819.10,1832.19,1804.65,,-0.59%
06/13/2022,1818.77,1875.80,1877.38,1818.90,,-2.79%
06/10/2022,1870.96,1848.09,1876.47,1825.02,,1.26%
06/09/2022,1847.61,1853.53,1855.52,1839.60,,-0.30%
06/08/2022,1853.26,1852.51,1859.90,1844.35,,0.07%
06/07/2022,1851.97,1841.60,1855.86,1836.73,,0.60%
06/06/2022,1841.00,1850.29,1858.15,1840.50,,-0.53%
06/03/2022,1850.77,1868.53,1874.30,1847.02,,-0.93%
06/02/2022,1868.13,1846.44,1870.69,1843.76,,1.22%
06/01/2022,1845.55,1837.37,1850.40,1828.28,,0.46%
05/31/2022,1837.09,1856.40,1857.69,1834.90,,-1.03%
05/30/2022,1856.21,1852.19,1864.34,1847.92,,0.19%
05/27/2022,1852.73,1850.48,1862.30,1847.76,,0.15%
05/26/2022,1850.02,1853.48,1854.71,1841.14,,-0.15%
05/25/2022,1852.83,1865.09,1868.40,1842.94,,-0.70%
05/24/2022,1865.90,1853.59,1869.99,1849.06,,0.68%
05/23/2022,1853.22,1846.53,1865.65,1844.08,,0.41%
05/20/2022,1845.68,1842.12,1849.59,1832.35,,0.22%
05/19/2022,1841.72,1816.60,1849.46,1810.55,,1.44%
05/18/2022,1815.61,1815.20,1825.02,1807.30,,0.05%
05/17/2022,1814.67,1824.18,1836.55,1812.68,,-0.50%
05/16/2022,1823.79,1811.05,1827.23,1786.95,,0.70%
05/13/2022,1811.15,1822.48,1829.06,1799.24,,-0.58%
05/12/2022,1821.72,1852.58,1859.30,1820.93,,-1.64%
05/11/2022,1852.12,1838.41,1857.99,1831.83,,0.76%
05/10/2022,1838.14,1853.74,1865.76,1835.46,,-0.85%
05/09/2022,1853.92,1883.80,1885.95,1851.36,,-1.54%
05/06/2022,1882.96,1877.30,1892.93,1865.84,,0.33%
05/05/2022,1876.84,1881.47,1910.03,1872.48,,-0.22%
05/04/2022,1880.92,1868.04,1889.74,1861.17,,0.70%
05/03/2022,1867.79,1863.05,1878.19,1850.33,,0.27%
05/02/2022,1862.77,1896.09,1900.10,1854.74,,-1.77%
04/29/2022,1896.40,1894.43,1919.97,1892.25,,0.11%
04/28/2022,1894.34,1886.14,1897.32,1872.19,,0.44%
04/27/2022,1886.12,1905.45,1907.25,1881.39,,-1.02%
04/26/2022,1905.56,1897.95,1911.50,1895.38,,0.41%
04/25/2022,1897.69,1931.09,1934.71,1891.05,,-1.66%
04/22/2022,1929.73,1951.49,1955.93,1926.52,,-1.12%
04/21/2022,1951.49,1957.84,1958.00,1936.79,,-0.30%
04/20/2022,1957.41,1950.34,1958.57,1939.16,,0.39%
04/19/2022,1949.84,1979.19,1982.31,1943.80,,-1.45%
04/18/2022,1978.50,1972.84,1998.60,1971.05,,0.20%
04/15/2022,1974.54,1974.28,1975.69,1973.05,,0.05%
04/14/2022,1973.52,1977.78,1980.81,1960.90,,-0.21%
04/13/2022,1977.72,1967.21,1981.82,1962.59,,0.57%
04/12/2022,1966.59,1953.99,1978.63,1949.48,,0.67%
04/11/2022,1953.43,1947.15,1969.41,1940.05,,0.39%
04/08/2022,1945.85,1931.92,1948.46,1927.38,,0.71%
04/07/2022,1932.17,1925.32,1938.07,1920.27,,0.35%
04/06/2022,1925.48,1923.69,1933.65,1915.24,,0.09%
04/05/2022,1923.76,1933.38,1944.73,1917.74,,-0.45%
04/04/2022,1932.44,1924.94,1937.05,1915.55,,0.42%
04/01/2022,1924.30,1937.51,1939.99,1917.56,,-0.67%
03/31/2022,1937.23,1932.80,1949.92,1918.98,,0.22%
03/30/2022,1933.06,1920.07,1938.53,1915.74,,0.72%
03/29/2022,1919.19,1922.95,1929.41,1890.03,,-0.21%
03/28/2022,1923.20,1958.75,1959.36,1916.83,,-1.75%
03/25/2022,1957.40,1957.49,1964.49,1943.55,,0.00%
03/24/2022,1957.48,1944.88,1966.19,1937.18,,0.73%
03/23/2022,1943.38,1922.35,1948.55,1915.32,,1.14%
03/22/2022,1921.44,1935.86,1938.59,1910.89,,-0.75%
03/21/2022,1935.95,1922.24,1940.69,1918.01,,0.77%
03/18/2022,1921.09,1942.90,1945.51,1917.93,,-1.11%
03/17/2022,1942.64,1927.56,1950.10,1923.40,,0.76%
03/16/2022,1927.93,1918.10,1929.87,1895.22,,0.53%
03/15/2022,1917.84,1951.02,1954.95,1906.73,,-1.71%
03/14/2022,1951.11,1985.49,1990.33,1949.87,,-1.72%
03/11/2022,1985.29,1996.15,1999.22,1958.80,,-0.53%
03/10/2022,1995.86,1991.94,2009.57,1970.66,,0.22%
03/09/2022,1991.49,2052.75,2059.25,1976.30,,-2.97%
03/08/2022,2052.41,1998.30,2070.29,1981.00,,2.72%
03/07/2022,1998.11,1977.09,2002.90,1960.76,,1.51%
03/04/2022,1968.45,1935.65,1970.80,1929.78,,1.72%
03/03/2022,1935.21,1926.49,1941.47,1921.73,,0.47%
03/02/2022,1926.11,1943.69,1948.18,1913.82,,-0.88%
03/01/2022,1943.22,1908.19,1950.45,1900.93,,1.85%
02/28/2022,1907.90,1920.86,1929.36,1890.59,,1.08%
02/25/2022,1887.56,1903.55,1921.54,1883.10,,-0.82%
02/24/2022,1903.14,1907.99,1974.48,1879.05,,-0.23%
02/23/2022,1907.55,1898.44,1911.00,1889.23,,0.50%
02/22/2022,1898.13,1905.89,1914.44,1891.16,,-0.39%
02/21/2022,1905.63,1900.40,1908.38,1887.19,,0.41%
02/18/2022,1897.87,1897.94,1902.84,1886.16,,0.03%
02/17/2022,1897.27,1868.84,1901.57,1867.18,,1.55%
02/16/2022,1868.37,1853.40,1873.16,1849.94,,0.83%
02/15/2022,1853.06,1870.94,1879.89,1844.27,,-0.92%
02/14/2022,1870.29,1861.55,1874.41,1850.45,,0.56%
02/11/2022,1859.96,1827.25,1865.63,1820.79,,1.83%
02/10/2022,1826.57,1832.94,1842.35,1821.46,,-0.32%
02/09/2022,1832.43,1826.05,1836.35,1824.50,,0.38%
02/08/2022,1825.48,1820.59,1829.09,1815.06,,0.28%
02/07/2022,1820.31,1806.99,1824.06,1806.94,,0.71%
02/04/2022,1807.49,1804.80,1815.44,1790.94,,0.17%
02/03/2022,1804.40,1807.19,1809.22,1788.39,,-0.12%
02/02/2022,1806.50,1800.94,1811.53,1794.11,,0.32%
02/01/2022,1800.65,1796.72,1809.16,1795.13,,0.23%
01/31/2022,1796.47,1791.19,1800.23,1785.03,,0.30%
01/28/2022,1791.03,1796.94,1799.82,1779.88,,-0.30%
01/27/2022,1796.51,1818.44,1822.51,1790.98,,-1.19%
01/26/2022,1818.12,1847.99,1850.44,1814.90,,-1.59%
01/25/2022,1847.56,1843.34,1853.98,1834.64,,0.24%
01/24/2022,1843.06,1834.49,1844.53,1829.09,,0.54%
01/21/2022,1833.24,1838.65,1843.53,1828.04,,-0.28%
01/20/2022,1838.36,1840.30,1848.36,1835.67,,-0.09%
01/19/2022,1839.96,1813.69,1843.72,1809.97,,1.46%
01/18/2022,1813.54,1819.77,1823.01,1805.53,,-0.30%
01/17/2022,1818.99,1817.90,1823.72,1812.67,,0.10%
01/14/2022,1817.22,1822.55,1829.66,1814.13,,-0.27%
01/13/2022,1822.09,1825.94,1828.38,1811.83,,-0.18%
01/12/2022,1825.32,1822.49,1828.33,1814.20,,0.18%
01/11/2022,1822.01,1801.69,1823.35,1800.09,,1.14%
01/10/2022,1801.41,1795.41,1802.57,1790.43,,0.32%
01/07/2022,1795.63,1789.55,1799.20,1782.63,,0.39%
01/06/2022,1788.68,1809.94,1811.89,1786.03,,-1.15%
01/05/2022,1809.53,1814.90,1829.82,1807.97,,-0.28%
01/04/2022,1814.56,1801.34,1816.83,1798.44,,0.76%
01/03/2022,1800.85,1830.14,1832.06,1797.93,,-1.51%
12/31/2021,1828.39,1815.44,1830.58,1814.15,,0.74%
12/30/2021,1815.01,1803.99,1817.44,1795.78,,0.63%
12/29/2021,1803.66,1805.59,1808.16,1788.94,,-0.09%
12/28/2021,1805.37,1811.84,1820.70,1804.38,,-0.31%
12/27/2021,1810.90,1808.19,1813.74,1802.89,,0.15%
12/24/2021,1808.11,1808.19,1812.70,1801.61,,0.01%
12/23/2021,1807.91,1803.69,1811.02,1798.88,,0.25%
12/22/2021,1803.40,1788.94,1805.13,1785.41,,0.84%
12/21/2021,1788.36,1789.74,1800.85,1784.58,,-0.05%
12/20/2021,1789.32,1799.40,1804.32,1787.98,,-0.47%
12/17/2021,1797.68,1799.55,1814.63,1795.67,,-0.07%
12/16/2021,1799.03,1777.40,1799.53,1775.43,,1.24%
12/15/2021,1777.06,1770.49,1781.04,1753.84,,0.39%
12/14/2021,1770.18,1787.19,1789.74,1766.31,,-0.94%
12/13/2021,1786.94,1782.94,1791.78,1781.51,,0.25%
12/10/2021,1782.51,1774.94,1789.47,1769.43,,0.45%
12/09/2021,1774.46,1782.49,1788.05,1772.80,,-0.43%
12/08/2021,1782.06,1784.40,1793.60,1779.45,,-0.11%
12/07/2021,1784.04,1778.08,1788.02,1771.93,,0.33%
12/06/2021,1778.11,1784.79,1787.87,1775.91,,-0.32%
12/03/2021,1783.74,1768.84,1786.44,1765.63,,0.85%
12/02/2021,1768.64,1783.05,1783.58,1761.68,,-0.79%
12/01/2021,1782.66,1774.15,1794.80,1771.96,,0.50%
11/30/2021,1773.78,1785.34,1809.38,1769.43,,-0.63%
11/29/2021,1785.01,1790.05,1799.80,1781.23,,-0.38%
11/26/2021,1791.81,1788.70,1815.78,1780.79,,0.19%
11/25/2021,1788.45,1789.49,1795.65,1785.85,,0.00%
11/24/2021,1788.50,1790.34,1797.01,1778.44,,-0.07%
11/23/2021,1789.73,1805.65,1812.50,1781.63,,-0.85%
11/22/2021,1805.04,1846.74,1849.49,1801.95,,-2.14%
11/19/2021,1844.60,1858.90,1865.76,1842.98,,-0.75%
11/18/2021,1858.46,1866.97,1871.29,1854.94,,-0.46%
11/17/2021,1866.96,1850.34,1868.32,1849.38,,0.92%
11/16/2021,1849.91,1862.94,1877.40,1849.16,,-0.67%
11/15/2021,1862.46,1868.15,1870.57,1855.73,,-0.09%
11/12/2021,1864.04,1861.99,1868.69,1844.78,,0.14%
11/11/2021,1861.52,1849.69,1866.35,1842.66,,0.65%
11/10/2021,1849.57,1831.90,1868.70,1821.60,,0.99%
11/09/2021,1831.48,1824.74,1833.08,1817.70,,0.40%
11/08/2021,1824.26,1818.44,1826.93,1812.08,,0.41%
11/05/2021,1816.73,1792.14,1818.61,1785.17,,1.40%
11/04/2021,1791.70,1769.98,1799.26,1769.13,,1.25%
11/03/2021,1769.52,1787.71,1788.42,1758.45,,-0.99%
11/02/2021,1787.28,1793.61,1796.91,1785.78,,-0.32%
11/01/2021,1793.05,1783.24,1796.20,1778.89,,0.57%
10/29/2021,1782.81,1799.03,1801.49,1771.70,,-0.88%
10/28/2021,1798.62,1796.78,1810.49,1792.34,,0.11%
10/27/2021,1796.69,1793.04,1799.38,1782.83,,0.23%
10/26/2021,1792.63,1807.90,1808.50,1781.98,,-0.82%
10/25/2021,1807.47,1794.00,1810.18,1791.95,,0.84%
10/22/2021,1792.48,1782.89,1814.22,1782.46,,0.55%
10/21/2021,1782.76,1782.10,1789.61,1776.07,,0.05%
10/20/2021,1781.83,1769.28,1788.68,1766.50,,0.73%
10/19/2021,1768.87,1764.99,1785.53,1762.48,,0.24%
10/18/2021,1764.60,1767.74,1772.30,1759.68,,-0.15%
10/15/2021,1767.26,1795.81,1796.89,1764.48,,-1.58%
10/14/2021,1795.56,1792.75,1800.91,1786.22,,0.16%
10/13/2021,1792.65,1760.05,1796.31,1757.89,,1.86%
10/12/2021,1759.93,1754.12,1769.78,1750.47,,0.35%
10/11/2021,1753.86,1757.34,1761.36,1749.68,,-0.16%
10/08/2021,1756.67,1755.89,1781.60,1753.03,,0.08%
10/07/2021,1755.29,1762.74,1767.45,1751.38,,-0.41%
10/06/2021,1762.48,1760.45,1765.78,1745.45,,0.14%
10/05/2021,1759.96,1769.75,1771.03,1748.56,,-0.54%
10/04/2021,1769.51,1762.15,1771.06,1747.23,,0.52%
10/01/2021,1760.36,1756.91,1764.40,1749.36,,0.21%
09/30/2021,1756.66,1726.40,1764.53,1721.67,,1.77%
09/29/2021,1726.11,1733.97,1746.11,1721.07,,-0.44%
09/28/2021,1733.68,1750.45,1754.80,1727.18,,-0.92%
09/27/2021,1749.85,1751.24,1761.29,1744.19,,0.00%
09/24/2021,1749.86,1742.82,1758.08,1739.60,,0.42%
09/23/2021,1742.57,1768.40,1776.60,1737.84,,-1.43%
09/22/2021,1767.91,1774.51,1787.51,1764.84,,-0.36%
09/21/2021,1774.25,1764.19,1782.07,1757.61,,0.59%
09/20/2021,1763.88,1754.30,1767.31,1742.24,,0.55%
09/17/2021,1754.16,1753.67,1768.22,1747.07,,0.04%
09/16/2021,1753.39,1794.34,1796.71,1745.04,,-2.19%
09/15/2021,1792.59,1804.53,1807.30,1790.28,,-0.65%
09/14/2021,1804.27,1793.77,1808.99,1781.89,,0.60%
09/13/2021,1793.49,1788.55,1798.66,1783.73,,0.34%
09/10/2021,1787.34,1794.61,1804.15,1786.53,,-0.41%
09/09/2021,1794.69,1789.19,1801.19,1783.83,,0.32%
09/08/2021,1788.93,1794.41,1802.60,1781.98,,-0.29%
09/07/2021,1794.13,1823.27,1827.39,1792.33,,-1.59%
09/06/2021,1823.10,1828.66,1830.60,1820.58,,-0.17%
09/03/2021,1826.19,1809.98,1834.55,1808.53,,0.93%
09/02/2021,1809.40,1813.92,1817.53,1804.48,,-0.23%
09/01/2021,1813.66,1813.57,1820.21,1808.18,,0.01%
08/31/2021,1813.43,1810.26,1819.43,1801.47,,0.18%
08/30/2021,1810.17,1817.55,1823.38,1807.28,,-0.36%
08/27/2021,1816.67,1792.60,1819.38,1787.66,,1.37%
08/26/2021,1792.16,1791.09,1798.61,1779.48,,0.08%
08/25/2021,1790.68,1802.86,1803.57,1782.45,,-0.66%
08/24/2021,1802.61,1805.61,1810.03,1799.73,,-0.14%
08/23/2021,1805.20,1780.55,1806.92,1776.03,,1.37%
08/20/2021,1780.87,1780.44,1788.85,1777.96,,0.04%
08/19/2021,1780.18,1788.05,1792.56,1774.20,,-0.41%
08/18/2021,1787.59,1786.21,1794.31,1777.31,,0.09%
08/17/2021,1785.96,1787.51,1795.77,1780.28,,-0.07%
08/16/2021,1787.24,1778.44,1789.51,1770.38,,0.45%
08/13/2021,1779.15,1752.72,1780.53,1751.27,,1.52%
08/12/2021,1752.44,1751.66,1758.62,1741.29,,0.05%
08/11/2021,1751.56,1729.01,1754.63,1723.54,,1.32%
08/10/2021,1728.71,1729.74,1738.49,1717.17,,-0.04%
08/09/2021,1729.46,1763.34,1764.65,1684.77,,-1.89%
08/06/2021,1762.69,1804.28,1804.93,1758.33,,-2.29%
08/05/2021,1804.01,1811.69,1815.45,1797.74,,-0.41%
08/04/2021,1811.41,1810.60,1832.10,1806.54,,0.08%
08/03/2021,1809.94,1813.64,1815.18,1806.73,,-0.19%
08/02/2021,1813.39,1814.34,1819.94,1805.12,,-0.01%
07/30/2021,1813.58,1828.21,1831.63,1809.48,,-0.79%
07/29/2021,1827.95,1807.15,1833.05,1806.29,,1.17%
07/28/2021,1806.88,1799.00,1809.90,1792.60,,0.45%
07/27/2021,1798.73,1797.53,1805.60,1792.83,,0.08%
07/26/2021,1797.27,1802.65,1811.97,1795.68,,-0.23%
07/23/2021,1801.34,1806.95,1810.56,1790.45,,-0.30%
07/22/2021,1806.69,1803.58,1808.34,1792.11,,0.19%
07/21/2021,1803.31,1810.32,1814.02,1794.18,,-0.37%
07/20/2021,1810.03,1812.61,1825.27,1805.06,,-0.13%
07/19/2021,1812.34,1811.65,1817.56,1794.66,,0.08%
07/16/2021,1810.89,1829.45,1832.20,1808.65,,-1.00%
07/15/2021,1829.19,1827.35,1833.99,1820.07,,0.12%
07/14/2021,1827.06,1807.72,1830.32,1804.21,,1.09%
07/13/2021,1807.44,1806.17,1817.51,1798.54,,0.09%
07/12/2021,1805.88,1807.94,1811.04,1791.21,,-0.12%
07/09/2021,1807.98,1802.89,1812.71,1796.09,,0.30%
07/08/2021,1802.56,1803.67,1818.70,1794.28,,-0.05%
07/07/2021,1803.41,1796.96,1810.13,1793.64,,0.37%
07/06/2021,1796.69,1791.88,1815.34,1789.91,,0.28%
07/05/2021,1791.61,1787.69,1795.69,1784.09,,0.27%
07/02/2021,1786.79,1776.83,1795.40,1773.73,,0.57%
07/01/2021,1776.60,1770.06,1783.07,1765.47,,0.38%
06/30/2021,1769.80,1761.35,1774.72,1752.78,,0.49%
06/29/2021,1761.09,1778.44,1779.24,1750.11,,-0.96%
06/28/2021,1778.18,1781.24,1785.90,1770.69,,-0.12%
06/25/2021,1780.34,1775.46,1790.60,1773.27,,0.29%
06/24/2021,1775.18,1779.01,1788.56,1772.67,,-0.20%
06/23/2021,1778.73,1778.80,1795.18,1773.13,,0.01%
06/22/2021,1778.51,1783.23,1790.42,1771.99,,-0.25%
06/21/2021,1782.95,1764.44,1786.75,1764.44,,1.11%
06/18/2021,1763.34,1772.73,1797.24,1761.04,,-0.56%
06/17/2021,1773.31,1812.18,1825.58,1766.88,,-2.13%
06/16/2021,1811.95,1858.96,1862.43,1804.19,,-2.51%
06/15/2021,1858.69,1866.26,1869.67,1851.28,,-0.39%
06/14/2021,1865.99,1874.59,1878.21,1844.57,,-0.57%
06/11/2021,1876.64,1898.42,1903.30,1874.07,,-1.13%
06/10/2021,1898.14,1888.57,1900.09,1869.84,,0.52%
06/09/2021,1888.30,1893.49,1899.40,1886.58,,-0.24%
06/08/2021,1892.82,1898.99,1903.95,1883.38,,-0.33%
06/07/2021,1899.00,1888.49,1900.41,1880.88,,0.48%
06/04/2021,1889.97,1871.32,1896.60,1856.09,,1.04%
06/03/2021,1870.57,1908.09,1909.89,1865.11,,-1.96%
06/02/2021,1907.94,1900.05,1909.34,1894.05,,0.41%
06/01/2021,1900.19,1907.53,1916.84,1892.28,,-0.32%
05/31/2021,1906.36,1903.69,1911.13,1901.56,,0.20%
05/28/2021,1902.64,1897.05,1905.90,1881.84,,0.35%
05/27/2021,1896.08,1896.49,1903.87,1888.22,,-0.02%
05/26/2021,1896.44,1899.49,1913.15,1890.34,,-0.15%
05/25/2021,1899.26,1880.69,1900.63,1872.73,,0.97%
05/24/2021,1881.07,1882.34,1887.44,1875.19,,0.04%
05/21/2021,1880.30,1876.84,1889.85,1870.01,,0.19%
05/20/2021,1876.69,1869.74,1884.12,1863.53,,0.38%
05/19/2021,1869.57,1869.59,1890.15,1851.94,,0.07%
05/18/2021,1868.22,1866.59,1875.40,1862.94,,0.11%
05/17/2021,1866.13,1843.84,1868.80,1841.24,,1.30%
05/14/2021,1842.19,1826.49,1845.55,1819.79,,0.86%
05/13/2021,1826.57,1815.90,1828.81,1808.78,,0.61%
05/12/2021,1815.44,1837.40,1843.69,1813.00,,-1.17%
05/11/2021,1836.94,1834.58,1842.32,1817.68,,0.08%
05/10/2021,1835.44,1833.24,1845.53,1830.09,,0.27%
05/07/2021,1830.48,1815.48,1843.45,1812.90,,0.84%
05/06/2021,1815.18,1787.09,1818.21,1781.67,,1.61%
05/05/2021,1786.44,1778.91,1788.35,1769.95,,0.45%
05/04/2021,1778.48,1792.29,1799.38,1770.84,,-0.77%
05/03/2021,1792.36,1768.49,1798.22,1765.91,,1.34%
04/30/2021,1768.59,1772.90,1773.98,1763.73,,-0.15%
04/29/2021,1771.24,1780.90,1790.43,1756.19,,-0.57%
04/28/2021,1781.32,1776.80,1782.85,1762.56,,0.26%
04/27/2021,1776.69,1780.42,1785.90,1773.52,,-0.20%
04/26/2021,1780.19,1776.34,1783.69,1768.70,,0.17%
04/23/2021,1777.18,1784.33,1796.06,1770.05,,-0.38%
04/22/2021,1783.94,1794.15,1798.29,1776.83,,-0.53%
04/21/2021,1793.46,1778.64,1797.98,1775.95,,0.91%
04/20/2021,1777.25,1770.30,1780.77,1763.18,,0.45%
04/19/2021,1769.31,1779.50,1790.54,1765.98,,-0.39%
04/16/2021,1776.31,1763.84,1784.07,1759.79,,0.74%
04/15/2021,1763.21,1737.10,1769.91,1734.10,,1.57%
04/14/2021,1736.00,1744.30,1749.58,1732.13,,-0.45%
04/13/2021,1743.83,1732.59,1749.23,1723.27,,0.65%
04/12/2021,1732.51,1743.80,1745.36,1727.18,,-0.61%
04/09/2021,1743.10,1756.54,1757.47,1731.09,,-0.73%
04/08/2021,1755.94,1737.84,1759.13,1732.99,,1.07%
04/07/2021,1737.28,1742.96,1744.57,1730.13,,-0.36%
04/06/2021,1743.57,1728.49,1745.68,1726.82,,0.88%
04/05/2021,1728.44,1728.74,1733.75,1721.22,,-0.02%
04/02/2021,1728.84,1730.47,1732.55,1728.67,,-0.08%
04/01/2021,1730.18,1708.09,1730.80,1705.42,,1.36%
03/31/2021,1707.01,1685.59,1715.28,1677.93,,1.32%
03/30/2021,1684.80,1712.55,1714.74,1678.85,,-1.59%
03/29/2021,1711.99,1732.15,1733.34,1705.58,,-1.15%
03/26/2021,1731.97,1727.30,1737.01,1721.23,,0.30%
03/25/2021,1726.82,1735.65,1745.95,1721.84,,-0.42%
03/24/2021,1734.19,1727.80,1738.56,1723.85,,0.41%
03/23/2021,1727.11,1739.05,1742.85,1724.42,,-0.67%
03/22/2021,1738.69,1745.74,1747.18,1727.40,,-0.35%
03/19/2021,1744.74,1735.90,1746.88,1728.04,,0.48%
03/18/2021,1736.41,1745.09,1755.59,1719.05,,-0.46%
03/17/2021,1744.44,1730.61,1751.81,1724.14,,0.78%
03/16/2021,1730.94,1730.57,1741.40,1725.80,,-0.05%
03/15/2021,1731.84,1727.74,1734.99,1721.31,,0.31%
03/12/2021,1726.41,1721.59,1728.42,1698.85,,0.29%
03/11/2021,1721.41,1726.55,1739.99,1719.38,,-0.27%
03/10/2021,1726.05,1715.94,1726.76,1707.99,,0.62%
03/09/2021,1715.36,1682.55,1720.83,1679.80,,2.03%
03/08/2021,1681.24,1702.80,1714.45,1676.70,,-1.15%
03/05/2021,1700.86,1698.59,1707.76,1687.12,,0.22%
03/04/2021,1697.19,1711.84,1723.34,1690.64,,-0.80%
03/03/2021,1710.95,1738.59,1740.85,1701.94,,-1.56%
03/02/2021,1738.09,1724.10,1738.89,1707.18,,0.83%
03/01/2021,1723.84,1733.40,1760.02,1719.52,,-0.56%
02/26/2021,1733.49,1770.49,1776.10,1717.26,,-2.06%
02/25/2021,1769.88,1804.80,1806.06,1765.44,,-1.91%
02/24/2021,1804.36,1805.34,1813.99,1783.30,,-0.04%
02/23/2021,1805.06,1809.09,1816.27,1795.78,,-0.20%
02/22/2021,1808.66,1782.24,1812.76,1780.46,,1.48%
02/19/2021,1782.31,1776.19,1791.70,1760.13,,0.38%
02/18/2021,1775.49,1776.69,1789.88,1767.98,,-0.04%
02/17/2021,1776.26,1794.65,1795.45,1769.27,,-1.01%
02/16/2021,1794.31,1819.34,1826.75,1789.19,,-1.33%
02/15/2021,1818.51,1825.34,1827.59,1815.71,,-0.27%
02/12/2021,1823.46,1825.90,1830.80,1810.33,,-0.10%
02/11/2021,1825.36,1842.65,1847.95,1820.63,,-0.91%
02/10/2021,1842.22,1837.55,1855.70,1833.91,,0.28%
02/09/2021,1837.06,1830.59,1849.15,1828.63,,0.38%
02/08/2021,1830.16,1815.44,1839.15,1807.48,,1.02%
02/05/2021,1811.62,1792.49,1815.32,1791.80,,1.08%
02/04/2021,1792.26,1834.34,1835.13,1785.15,,-2.26%
02/03/2021,1833.76,1837.49,1845.29,1829.49,,-0.20%
02/02/2021,1837.35,1860.84,1864.26,1829.46,,-1.23%
02/01/2021,1860.16,1863.05,1871.84,1849.04,,0.76%
01/29/2021,1846.09,1840.90,1876.03,1839.56,,0.31%
01/28/2021,1840.36,1844.34,1864.26,1833.81,,-0.20%
01/27/2021,1843.99,1850.65,1853.58,1831.29,,-0.34%
01/26/2021,1850.31,1855.55,1861.86,1848.36,,-0.25%
01/25/2021,1854.99,1855.75,1868.45,1847.30,,0.13%
01/22/2021,1852.55,1870.09,1871.17,1837.09,,-0.93%
01/21/2021,1869.91,1871.07,1875.45,1858.16,,-0.05%
01/20/2021,1870.91,1840.05,1872.03,1832.46,,1.72%
01/19/2021,1839.34,1838.09,1845.98,1833.06,,0.13%
01/18/2021,1836.89,1828.94,1840.95,1810.46,,0.56%
01/15/2021,1826.59,1846.80,1856.85,1823.21,,-1.07%
01/14/2021,1846.37,1843.94,1857.59,1833.21,,0.16%
01/13/2021,1843.41,1856.19,1863.26,1843.34,,-0.66%
01/12/2021,1855.63,1845.34,1864.08,1837.41,,0.59%
01/11/2021,1844.66,1849.34,1857.05,1817.14,,-0.19%
01/08/2021,1848.26,1912.90,1917.85,1828.74,,-3.36%
01/07/2021,1912.50,1919.40,1927.97,1906.86,,-0.33%
01/06/2021,1918.81,1950.30,1959.60,1901.11,,-1.57%
01/05/2021,1949.35,1942.65,1953.17,1934.08,,0.36%
01/04/2021,1942.28,1906.05,1944.65,1905.36,,2.33%
01/01/2021,1898.10,1897.69,1899.12,1897.39,,0.09%
12/31/2020,1896.49,1893.55,1901.26,1884.77,,0.16%
12/30/2020,1893.37,1878.34,1894.06,1875.66,,0.82%
12/29/2020,1877.99,1872.24,1886.91,1870.99,,0.36%
12/28/2020,1871.19,1885.93,1900.53,1869.21,,-0.25%
12/25/2020,1875.82,1877.07,1877.07,1877.07,,-0.04%
12/24/2020,1876.56,1872.74,1882.55,1869.52,,0.24%
12/23/2020,1872.08,1859.99,1878.59,1858.59,,0.67%
12/22/2020,1859.56,1876.65,1884.61,1858.73,,-0.89%
12/21/2020,1876.21,1883.20,1906.93,1856.69,,-0.24%
12/18/2020,1880.66,1885.80,1889.88,1876.97,,-0.28%
12/17/2020,1885.87,1864.26,1896.26,1861.83,,1.17%
12/16/2020,1864.15,1853.94,1866.20,1844.75,,0.58%
12/15/2020,1853.46,1827.80,1855.76,1825.29,,1.44%
12/14/2020,1827.17,1839.30,1839.86,1819.92,,-0.64%
12/11/2020,1839.03,1835.55,1847.89,1824.23,,0.20%
12/10/2020,1835.31,1839.59,1850.40,1828.48,,-0.21%
12/09/2020,1839.11,1871.19,1871.37,1825.71,,-1.72%
12/08/2020,1871.36,1863.55,1875.79,1859.83,,0.41%
12/07/2020,1863.69,1837.99,1868.76,1822.99,,1.42%
12/04/2020,1837.61,1841.05,1848.26,1829.30,,-0.15%
12/03/2020,1840.36,1831.34,1844.45,1823.60,,0.51%
12/02/2020,1831.01,1815.19,1832.65,1806.99,,0.89%
12/01/2020,1814.87,1777.40,1817.55,1775.52,,2.13%
11/30/2020,1777.02,1789.05,1789.99,1764.69,,-0.62%
11/27/2020,1788.13,1811.09,1813.81,1773.93,,-1.24%
11/26/2020,1810.57,1805.74,1818.78,1805.31,,0.29%
11/25/2020,1805.30,1807.69,1817.98,1801.33,,-0.12%
11/24/2020,1807.51,1836.65,1839.26,1800.69,,-1.54%
11/23/2020,1835.85,1869.84,1876.72,1830.85,,-1.85%
11/20/2020,1870.49,1867.59,1879.98,1860.66,,0.17%
11/19/2020,1867.37,1871.44,1874.34,1852.48,,-0.22%
11/18/2020,1871.41,1878.60,1884.92,1863.94,,-0.38%
11/17/2020,1878.60,1889.15,1893.90,1877.69,,-0.52%
11/16/2020,1888.52,1888.74,1899.35,1864.74,,0.03%
11/13/2020,1888.04,1876.44,1897.16,1873.76,,0.65%
11/12/2020,1875.76,1865.30,1883.88,1862.46,,0.59%
11/11/2020,1864.71,1877.34,1884.93,1856.05,,-0.63%
11/10/2020,1876.50,1862.15,1890.60,1860.30,,0.79%
11/09/2020,1861.86,1954.65,1965.92,1850.36,,-4.59%
11/06/2020,1951.51,1949.24,1960.77,1935.40,,0.15%
11/05/2020,1948.56,1903.65,1952.95,1902.43,,2.38%
11/04/2020,1903.21,1908.59,1916.68,1883.15,,-0.27%
11/03/2020,1908.36,1895.80,1910.71,1886.81,,0.70%
11/02/2020,1895.10,1878.59,1896.12,1873.21,,0.91%
10/30/2020,1877.95,1868.24,1889.85,1864.64,,0.58%
10/29/2020,1867.13,1876.94,1885.42,1859.67,,-0.53%
10/28/2020,1877.06,1908.05,1911.03,1869.59,,-1.56%
10/27/2020,1906.83,1902.19,1911.34,1897.47,,0.27%
10/26/2020,1901.69,1902.34,1908.55,1890.90,,0.05%
10/23/2020,1900.79,1904.24,1914.30,1894.54,,-0.17%
10/22/2020,1904.04,1924.34,1926.00,1894.80,,-1.06%
10/21/2020,1924.49,1908.65,1931.41,1907.94,,0.95%
10/20/2020,1906.39,1904.24,1914.20,1894.74,,0.11%
10/19/2020,1904.27,1899.94,1918.59,1897.09,,0.28%
10/16/2020,1898.97,1907.95,1914.06,1897.59,,-0.46%
10/15/2020,1907.82,1900.31,1909.22,1889.46,,0.36%
10/14/2020,1900.89,1891.90,1913.03,1882.44,,0.53%
10/13/2020,1890.82,1922.42,1925.73,1886.59,,-1.62%
10/12/2020,1921.95,1930.50,1933.45,1918.19,,-0.39%
10/09/2020,1929.43,1894.19,1930.83,1893.32,,1.92%
10/08/2020,1893.09,1887.40,1900.73,1881.86,,0.31%
10/07/2020,1887.22,1878.84,1898.31,1873.05,,0.54%
10/06/2020,1877.13,1913.28,1921.10,1874.57,,-1.87%
10/05/2020,1912.90,1902.24,1918.74,1886.81,,0.75%
10/02/2020,1898.70,1905.65,1917.28,1889.57,,-0.33%
10/01/2020,1905.05,1885.80,1912.09,1884.48,,1.04%
09/30/2020,1885.44,1897.81,1902.39,1881.31,,-0.65%
09/29/2020,1897.69,1881.40,1899.24,1875.56,,0.90%
09/28/2020,1880.85,1859.00,1883.39,1849.19,,1.12%
09/25/2020,1860.05,1868.61,1875.28,1852.59,,-0.43%
09/24/2020,1868.04,1863.42,1877.30,1848.45,,0.24%
09/23/2020,1863.55,1900.20,1905.56,1855.77,,-1.88%
09/22/2020,1899.28,1912.80,1919.99,1894.93,,-0.69%
09/21/2020,1912.57,1949.55,1955.75,1883.21,,-1.90%
09/18/2020,1949.69,1943.87,1960.20,1941.79,,0.37%
09/17/2020,1942.60,1959.99,1963.48,1932.99,,-0.85%
09/16/2020,1959.32,1956.19,1973.63,1949.89,,0.19%
09/15/2020,1955.52,1957.31,1972.35,1948.64,,-0.04%
09/14/2020,1956.37,1941.05,1962.52,1937.46,,0.77%
09/11/2020,1941.50,1955.20,1957.95,1937.42,,-0.64%
09/10/2020,1954.07,1946.06,1966.50,1941.42,,0.38%
09/09/2020,1946.66,1932.26,1950.95,1920.20,,0.80%
09/08/2020,1931.26,1929.14,1940.80,1906.57,,0.11%
09/07/2020,1929.18,1930.35,1941.45,1924.43,,-0.19%
09/04/2020,1932.85,1931.51,1942.25,1916.64,,0.10%
09/03/2020,1930.85,1943.00,1951.15,1921.95,,-0.62%
09/02/2020,1942.98,1969.71,1974.41,1932.75,,-1.40%
09/01/2020,1970.49,1967.58,1992.26,1963.22,,0.02%
08/31/2020,1970.15,1965.39,1976.53,1954.55,,0.27%
08/28/2020,1964.89,1929.44,1973.81,1923.71,,1.85%
08/27/2020,1929.20,1953.35,1976.32,1909.96,,-1.27%
08/26/2020,1954.03,1928.66,1955.15,1902.81,,1.34%
08/25/2020,1928.19,1932.66,1937.55,1914.31,,-0.25%
08/24/2020,1933.09,1938.63,1962.04,1924.28,,-0.36%
08/21/2020,1940.16,1946.96,1956.37,1911.76,,-0.18%
08/20/2020,1943.60,1929.28,1955.99,1925.47,,0.71%
08/19/2020,1929.82,2001.22,2006.51,1924.63,,-3.57%
08/18/2020,2001.20,1985.47,2015.23,1977.56,,0.76%
08/17/2020,1986.20,1946.22,1990.91,1929.74,,2.16%
08/14/2020,1944.29,1953.98,1962.62,1932.46,,-0.50%
08/13/2020,1954.00,1920.87,1966.83,1913.42,,1.87%
08/12/2020,1918.07,1911.26,1949.26,1863.92,,0.34%
08/11/2020,1911.64,2027.11,2031.59,1901.57,,-5.73%
08/10/2020,2027.77,2033.71,2050.10,2019.42,,-0.36%
08/07/2020,2035.03,2064.52,2072.90,2015.48,,-1.39%
08/06/2020,2063.81,2040.03,2069.84,2034.83,,1.15%
08/05/2020,2040.40,2018.98,2056.10,2010.33,,1.08%
08/04/2020,2018.52,1976.45,2019.96,1968.38,,2.09%
08/03/2020,1977.25,1980.43,1985.22,1960.15,,0.07%
07/31/2020,1975.89,1960.96,1981.11,1955.99,,0.79%
07/30/2020,1960.50,1970.89,1972.25,1940.17,,-0.52%
07/29/2020,1970.73,1959.71,1980.67,1944.96,,0.57%
07/28/2020,1959.50,1942.22,1981.14,1907.69,,0.88%
07/27/2020,1942.42,1899.29,1945.71,1899.29,,2.15%
07/24/2020,1901.46,1886.83,1906.47,1881.58,,0.74%
07/23/2020,1887.44,1871.97,1898.49,1862.38,,0.82%
07/22/2020,1872.07,1841.89,1872.41,1840.25,,1.62%
07/21/2020,1842.22,1815.53,1843.75,1815.44,,1.44%
07/20/2020,1816.09,1809.28,1820.76,1805.70,,0.34%
07/17/2020,1809.90,1797.30,1812.59,1795.11,,0.72%
07/16/2020,1797.05,1811.72,1813.41,1795.10,,-0.82%
07/15/2020,1811.90,1808.14,1815.00,1802.91,,0.23%
07/14/2020,1807.78,1802.77,1810.94,1791.02,,0.24%
07/13/2020,1803.39,1798.69,1813.65,1797.94,,0.25%
07/10/2020,1798.89,1801.71,1810.94,1794.47,,-0.24%
07/09/2020,1803.19,1810.68,1815.99,1795.76,,-0.42%
07/08/2020,1810.78,1794.93,1818.37,1791.82,,0.86%
07/07/2020,1795.26,1784.57,1797.93,1774.37,,0.64%
07/06/2020,1783.90,1776.24,1786.98,1770.09,,0.50%
07/03/2020,1775.05,1774.03,1777.01,1772.03,,-0.06%
07/02/2020,1776.13,1769.60,1780.21,1757.85,,0.33%
07/01/2020,1770.32,1780.91,1789.27,1759.02,,-0.64%
06/30/2020,1781.66,1771.77,1786.46,1765.77,,0.53%
06/29/2020,1772.28,1773.27,1775.86,1766.07,,0.05%
06/26/2020,1771.47,1762.35,1772.36,1748.04,,0.55%
06/25/2020,1761.82,1759.76,1768.84,1755.23,,-0.03%
06/24/2020,1762.43,1769.09,1780.06,1761.09,,-0.29%
06/23/2020,1767.54,1756.03,1771.69,1747.90,,0.69%
06/22/2020,1755.44,1749.00,1763.82,1743.78,,0.68%
06/19/2020,1743.62,1723.16,1745.68,1721.36,,1.20%
06/18/2020,1722.99,1725.57,1736.87,1717.28,,-0.23%
06/17/2020,1727.04,1727.34,1730.62,1713.37,,-0.02%
06/16/2020,1727.46,1725.79,1733.06,1715.93,,0.11%
06/15/2020,1725.53,1732.35,1734.78,1704.76,,-0.30%
06/12/2020,1730.80,1728.32,1743.59,1723.12,,0.19%
06/11/2020,1727.51,1737.11,1744.72,1721.34,,-0.55%
06/10/2020,1737.10,1714.33,1740.29,1708.83,,1.31%
06/09/2020,1714.57,1700.25,1720.75,1691.92,,1.13%
06/08/2020,1695.47,1684.16,1701.27,1677.61,,0.57%
06/05/2020,1685.83,1711.20,1716.39,1670.75,,-1.52%
06/04/2020,1711.84,1699.11,1722.22,1697.40,,0.78%
06/03/2020,1698.63,1728.97,1732.92,1690.01,,-1.70%
06/02/2020,1727.97,1740.93,1745.54,1721.52,,-0.71%
06/01/2020,1740.34,1736.42,1744.52,1727.03,,0.70%
05/29/2020,1728.30,1721.70,1738.99,1713.79,,0.52%
05/28/2020,1719.40,1709.68,1727.69,1707.19,,0.59%
05/27/2020,1709.25,1712.03,1715.77,1693.60,,-0.19%
05/26/2020,1712.45,1729.65,1736.29,1708.31,,-0.99%
05/25/2020,1729.57,1734.73,1735.57,1720.47,,-0.37%
05/22/2020,1736.07,1725.26,1741.51,1724.29,,0.56%
05/21/2020,1726.34,1750.18,1750.64,1717.56,,-1.32%
05/20/2020,1749.50,1744.44,1754.08,1740.91,,0.25%
05/19/2020,1745.11,1733.37,1748.77,1725.83,,0.74%
05/18/2020,1732.32,1742.93,1764.81,1726.26,,-0.61%
05/15/2020,1743.00,1731.13,1753.25,1728.52,,0.71%
05/14/2020,1730.65,1715.01,1737.34,1710.39,,0.85%
05/13/2020,1715.99,1701.21,1718.33,1697.92,,0.78%
05/12/2020,1702.72,1696.25,1711.04,1692.28,,0.32%
05/11/2020,1697.35,1703.76,1713.67,1691.56,,-0.31%
05/08/2020,1702.65,1717.46,1724.56,1701.61,,-0.89%
05/07/2020,1717.94,1686.08,1722.02,1681.96,,1.90%
05/06/2020,1685.88,1705.77,1707.85,1681.34,,-1.25%
05/05/2020,1707.17,1701.78,1712.60,1691.13,,0.32%
05/04/2020,1701.69,1697.26,1712.00,1690.96,,0.08%
05/01/2020,1700.41,1685.24,1706.21,1669.82,,0.91%
04/30/2020,1685.05,1715.22,1726.14,1684.16,,-1.60%
04/29/2020,1712.38,1708.72,1717.52,1697.72,,0.22%
04/28/2020,1708.63,1716.19,1716.19,1691.80,,-0.40%
04/27/2020,1715.57,1724.86,1727.82,1705.82,,-0.80%
04/24/2020,1729.43,1733.32,1737.89,1710.63,,-0.12%
04/23/2020,1731.59,1713.00,1738.84,1704.05,,0.98%
04/22/2020,1714.82,1686.47,1719.66,1680.05,,1.65%
04/21/2020,1687.02,1694.22,1698.48,1660.99,,-0.42%
04/20/2020,1694.12,1691.44,1703.02,1671.74,,0.56%
04/17/2020,1684.69,1713.49,1718.69,1678.52,,-1.96%
04/16/2020,1718.40,1716.29,1738.74,1706.92,,0.10%
04/15/2020,1716.60,1729.43,1731.43,1706.99,,-0.76%
04/14/2020,1729.70,1714.09,1748.50,1709.10,,0.90%
04/13/2020,1714.32,1682.25,1722.36,1672.95,,1.45%
04/10/2020,1689.90,1675.00,1696.50,1675.00,,0.35%
04/09/2020,1684.07,1644.28,1690.29,1642.34,,2.28%
04/08/2020,1646.52,1645.94,1657.06,1641.15,,-0.15%
04/07/2020,1648.95,1662.38,1671.88,1641.06,,-0.84%
04/06/2020,1663.00,1596.80,1669.76,1596.80,,2.75%
04/03/2020,1618.45,1609.99,1627.04,1607.00,,0.29%
04/02/2020,1613.79,1590.75,1621.27,1576.43,,1.17%
04/01/2020,1595.05,1569.45,1604.12,1568.91,,1.51%
03/31/2020,1571.31,1612.25,1623.52,1562.25,,-3.20%
03/30/2020,1623.30,1617.38,1635.59,1607.63,,-0.01%
03/27/2020,1623.50,1634.99,1640.76,1614.75,,-0.54%
03/26/2020,1632.38,1620.16,1645.80,1595.81,,1.15%
03/25/2020,1613.79,1618.79,1636.29,1584.18,,-0.51%
03/24/2020,1622.03,1565.36,1644.35,1564.77,,4.39%
03/23/2020,1553.81,1508.25,1561.76,1485.40,,3.71%
03/20/2020,1498.24,1470.39,1516.43,1460.49,,1.85%
03/19/2020,1471.00,1486.10,1501.61,1464.75,,-1.03%
03/18/2020,1486.30,1527.30,1546.05,1472.60,,-2.77%
03/17/2020,1528.58,1512.05,1553.11,1465.60,,0.92%
03/16/2020,1514.61,1550.59,1573.49,1451.68,,-0.99%
03/13/2020,1529.70,1576.83,1597.72,1506.73,,-3.00%
03/12/2020,1577.09,1634.69,1650.13,1560.96,,-3.54%
03/11/2020,1635.03,1649.69,1670.97,1632.90,,-0.87%
03/10/2020,1649.36,1678.90,1680.36,1642.11,,-1.84%
03/09/2020,1680.20,1694.60,1703.16,1657.96,,0.36%
03/06/2020,1674.23,1670.66,1692.11,1647.98,,0.22%
03/05/2020,1670.61,1635.83,1674.66,1634.92,,2.13%
03/04/2020,1635.83,1639.85,1651.68,1631.99,,-0.24%
03/03/2020,1639.77,1590.78,1649.50,1587.79,,3.08%
03/02/2020,1590.73,1590.99,1610.78,1579.54,,0.35%
02/28/2020,1585.12,1642.14,1649.49,1565.86,,-3.48%
02/27/2020,1642.35,1640.56,1660.44,1635.66,,0.15%
02/26/2020,1639.96,1635.46,1655.07,1625.72,,0.28%
02/25/2020,1635.38,1660.72,1660.85,1629.01,,-1.53%
02/24/2020,1660.72,1658.96,1688.96,1652.30,,1.04%
02/21/2020,1643.70,1619.79,1649.14,1618.99,,1.48%
02/20/2020,1619.70,1611.71,1623.74,1603.89,,0.50%
02/19/2020,1611.64,1601.80,1612.91,1599.49,,0.61%
02/18/2020,1601.91,1583.31,1605.35,1582.96,,1.32%
02/17/2020,1581.10,1584.75,1584.86,1578.40,,-0.23%
02/14/2020,1584.70,1576.29,1585.04,1573.15,,0.53%
02/13/2020,1576.39,1565.62,1578.11,1565.43,,0.69%
02/12/2020,1565.63,1567.73,1570.48,1561.46,,-0.13%
02/11/2020,1567.72,1572.01,1573.96,1562.18,,-0.29%
02/10/2020,1572.30,1569.94,1577.16,1568.01,,0.13%
02/07/2020,1570.29,1566.96,1574.05,1562.38,,0.22%
02/06/2020,1566.85,1556.88,1568.29,1552.24,,0.65%
02/05/2020,1556.70,1552.57,1562.31,1547.20,,0.27%
02/04/2020,1552.55,1576.30,1579.54,1548.99,,-1.52%
02/03/2020,1576.45,1589.85,1591.86,1571.26,,-0.86%
01/31/2020,1590.20,1574.27,1590.20,1570.84,,1.02%
01/30/2020,1574.22,1576.98,1585.97,1572.49,,-0.18%
01/29/2020,1577.12,1566.21,1577.96,1563.10,,0.69%
01/28/2020,1566.24,1582.05,1583.17,1565.64,,-0.99%
01/27/2020,1581.95,1579.99,1586.72,1575.59,,0.72%
01/24/2020,1570.65,1563.29,1575.76,1556.16,,0.47%
01/23/2020,1563.33,1558.93,1567.94,1551.29,,0.28%
01/22/2020,1558.91,1558.03,1559.35,1549.81,,0.06%
01/21/2020,1558.02,1560.85,1568.65,1546.25,,-0.23%
01/20/2020,1561.58,1558.56,1562.81,1556.35,,0.32%
01/17/2020,1556.61,1552.90,1561.30,1549.26,,0.25%
01/16/2020,1552.79,1556.17,1558.14,1547.85,,-0.22%
01/15/2020,1556.19,1546.26,1558.23,1546.01,,0.64%
01/14/2020,1546.37,1548.31,1548.80,1535.88,,-0.12%
01/13/2020,1548.30,1562.29,1562.30,1546.52,,-0.89%
01/10/2020,1562.28,1552.26,1563.19,1545.32,,0.64%
01/09/2020,1552.37,1555.76,1561.33,1539.88,,-0.22%
01/08/2020,1555.81,1573.99,1611.00,1551.97,,-1.16%
01/07/2020,1573.99,1565.93,1577.38,1555.10,,0.51%
01/06/2020,1565.96,1560.59,1582.69,1560.59,,0.92%
01/03/2020,1551.65,1529.11,1553.45,1527.95,,1.49%
01/02/2020,1528.94,1517.13,1531.30,1517.09,,0.77%
01/01/2020,1517.30,1517.26,1517.48,1517.20,,-0.01%
12/31/2019,1517.39,1515.51,1525.59,1514.79,,0.14%
12/30/2019,1515.22,1511.49,1516.30,1509.96,,0.30%
12/27/2019,1510.67,1511.55,1515.34,1506.73,,-0.06%
12/26/2019,1511.55,1499.41,1512.55,1497.45,,0.80%
12/25/2019,1499.55,1499.55,1499.55,1499.55,,0.00%
12/24/2019,1499.56,1486.07,1501.08,1484.96,,0.95%
12/23/2019,1485.52,1478.20,1486.16,1477.50,,0.50%
12/20/2019,1478.20,1479.29,1481.06,1475.50,,-0.06%
12/19/2019,1479.15,1475.29,1481.90,1472.60,,0.25%
12/18/2019,1475.44,1476.45,1479.39,1470.10,,-0.07%
12/17/2019,1476.45,1476.25,1480.61,1474.06,,0.01%
12/16/2019,1476.25,1475.45,1479.86,1472.80,,0.03%
12/13/2019,1475.81,1469.62,1478.00,1462.41,,0.43%
12/12/2019,1469.43,1474.85,1486.90,1464.45,,-0.37%
12/11/2019,1474.85,1464.04,1478.90,1462.14,,0.73%
12/10/2019,1464.21,1462.08,1469.24,1459.55,,0.15%
12/09/2019,1461.99,1459.19,1465.50,1458.55,,0.15%
12/06/2019,1459.76,1475.85,1477.15,1458.42,,-1.08%
12/05/2019,1475.70,1474.06,1480.50,1472.60,,0.09%
12/04/2019,1474.35,1477.21,1484.25,1471.21,,-0.20%
12/03/2019,1477.34,1462.50,1481.90,1458.87,,1.02%
12/02/2019,1462.44,1466.73,1466.73,1453.70,,-0.16%
11/29/2019,1464.80,1456.70,1467.21,1453.38,,0.44%
11/28/2019,1458.34,1456.85,1458.45,1454.19,,0.27%
11/27/2019,1454.35,1461.35,1461.82,1452.20,,-0.50%
11/26/2019,1461.60,1455.28,1463.06,1450.70,,0.46%
11/25/2019,1454.97,1462.14,1462.14,1453.50,,-0.50%
11/22/2019,1462.29,1464.40,1473.15,1461.00,,-0.14%
11/21/2019,1464.40,1471.40,1475.85,1462.43,,-0.47%
11/20/2019,1471.25,1472.39,1478.90,1465.66,,-0.08%
11/19/2019,1472.38,1470.85,1475.50,1464.30,,0.10%
11/18/2019,1470.85,1467.51,1474.10,1455.97,,0.24%
11/15/2019,1467.37,1471.20,1471.43,1462.05,,-0.26%
11/14/2019,1471.20,1463.18,1474.48,1460.76,,0.55%
11/13/2019,1463.19,1457.19,1467.14,1455.90,,0.41%
11/12/2019,1457.19,1455.79,1460.32,1445.43,,0.09%
11/11/2019,1455.90,1458.96,1466.59,1448.14,,-0.19%
11/08/2019,1458.66,1468.01,1473.25,1456.05,,-0.64%
11/07/2019,1468.07,1490.29,1492.32,1461.00,,-1.50%
11/06/2019,1490.46,1484.10,1494.30,1482.21,,0.43%
11/05/2019,1484.10,1509.64,1509.90,1479.35,,-1.69%
11/04/2019,1509.63,1513.80,1514.93,1504.46,,-0.29%
11/01/2019,1513.95,1513.53,1515.81,1503.30,,0.04%
10/31/2019,1513.36,1496.39,1514.39,1493.64,,1.20%
10/30/2019,1495.40,1487.60,1496.80,1481.02,,0.52%
10/29/2019,1487.60,1492.64,1495.00,1483.71,,-0.34%
10/28/2019,1492.69,1504.21,1508.36,1489.65,,-0.80%
10/25/2019,1504.73,1504.75,1518.10,1500.55,,0.07%
10/24/2019,1503.65,1492.30,1504.21,1488.02,,0.77%
10/23/2019,1492.10,1488.20,1496.24,1487.49,,0.27%
10/22/2019,1488.05,1484.66,1489.17,1480.84,,0.24%
10/21/2019,1484.50,1492.02,1495.31,1481.75,,-0.38%
10/18/2019,1490.10,1492.32,1494.33,1484.80,,-0.12%
10/17/2019,1491.89,1490.40,1497.43,1483.35,,0.14%
10/16/2019,1489.77,1481.28,1491.60,1477.05,,0.58%
10/15/2019,1481.17,1493.25,1497.99,1477.46,,-0.79%
10/14/2019,1492.90,1488.60,1497.10,1482.60,,0.20%
10/11/2019,1489.85,1494.46,1503.49,1474.30,,-0.30%
10/10/2019,1494.30,1505.60,1517.07,1491.40,,-0.76%
10/09/2019,1505.70,1506.06,1511.60,1499.70,,0.01%
10/08/2019,1505.51,1493.40,1508.56,1487.49,,0.80%
10/07/2019,1493.60,1504.76,1509.47,1489.94,,-0.73%
10/04/2019,1504.60,1505.19,1510.94,1497.01,,-0.03%
10/03/2019,1505.00,1499.55,1518.75,1495.85,,0.37%
10/02/2019,1499.51,1479.19,1504.98,1474.25,,1.39%
10/01/2019,1478.98,1472.30,1487.42,1458.90,,0.46%
09/30/2019,1472.25,1497.08,1500.50,1464.24,,-1.65%
09/27/2019,1496.94,1506.18,1507.79,1486.98,,-0.59%
09/26/2019,1505.80,1503.89,1512.60,1501.74,,0.11%
09/25/2019,1504.15,1531.60,1535.40,1501.41,,-1.84%
09/24/2019,1532.30,1522.50,1536.10,1515.95,,0.67%
09/23/2019,1522.12,1516.65,1527.05,1511.35,,0.33%
09/20/2019,1517.15,1499.60,1517.21,1498.00,,1.20%
09/19/2019,1499.20,1493.60,1504.20,1488.80,,0.35%
09/18/2019,1493.90,1501.40,1511.25,1484.41,,-0.61%
09/17/2019,1503.10,1499.45,1507.90,1493.90,,0.29%
09/16/2019,1498.80,1503.59,1512.81,1496.20,,0.68%
09/13/2019,1488.70,1498.45,1509.06,1485.51,,-0.68%
09/12/2019,1498.95,1497.45,1523.86,1488.65,,0.09%
09/11/2019,1497.60,1486.45,1498.41,1484.90,,0.75%
09/10/2019,1486.40,1499.60,1501.90,1484.80,,-0.84%
09/09/2019,1498.95,1507.10,1515.50,1497.60,,-0.53%
09/06/2019,1506.95,1519.25,1527.70,1502.75,,-0.82%
09/05/2019,1519.35,1552.45,1553.25,1509.28,,-2.14%
09/04/2019,1552.60,1547.05,1557.25,1533.68,,0.36%
09/03/2019,1547.00,1529.60,1549.80,1521.40,,1.07%
09/02/2019,1530.59,1520.05,1533.77,1519.05,,0.68%
08/30/2019,1520.25,1527.60,1533.40,1517.51,,-0.49%
08/29/2019,1527.70,1539.20,1550.70,1519.40,,-0.74%
08/28/2019,1539.10,1541.69,1547.10,1531.50,,-0.23%
08/27/2019,1542.64,1526.25,1544.63,1524.75,,1.07%
08/26/2019,1526.35,1539.25,1554.91,1524.55,,-0.03%
08/23/2019,1526.85,1499.55,1530.43,1493.45,,1.87%
08/22/2019,1498.80,1502.10,1504.60,1491.70,,-0.23%
08/21/2019,1502.30,1507.70,1508.40,1496.10,,-0.32%
08/20/2019,1507.10,1495.55,1508.39,1492.75,,0.79%
08/19/2019,1495.30,1511.00,1512.90,1492.40,,-1.24%
08/16/2019,1514.15,1524.00,1527.80,1504.20,,-0.59%
08/15/2019,1523.20,1516.74,1526.76,1508.25,,0.45%
08/14/2019,1516.34,1501.38,1524.10,1494.25,,1.00%
08/13/2019,1501.39,1510.61,1534.56,1481.31,,-0.66%
08/12/2019,1511.40,1497.51,1517.71,1487.68,,0.95%
08/09/2019,1497.24,1501.40,1508.40,1494.62,,-0.25%
08/08/2019,1500.95,1501.95,1510.35,1490.74,,-0.02%
08/07/2019,1501.20,1474.25,1510.40,1472.36,,1.83%
08/06/2019,1474.27,1464.20,1475.21,1456.65,,0.72%
08/05/2019,1463.80,1440.60,1469.80,1436.90,,1.60%
08/02/2019,1440.70,1445.66,1448.05,1430.08,,-0.32%
08/01/2019,1445.31,1411.21,1445.81,1400.56,,2.23%
07/31/2019,1413.80,1430.91,1432.94,1411.35,,-1.19%
07/30/2019,1430.85,1426.71,1433.03,1421.91,,0.27%
07/29/2019,1426.94,1419.04,1428.25,1416.86,,0.58%
07/26/2019,1418.69,1414.59,1424.80,1413.77,,0.29%
07/25/2019,1414.53,1426.60,1433.86,1411.17,,-0.80%
07/24/2019,1425.90,1417.26,1429.30,1416.20,,0.60%
07/23/2019,1417.39,1425.15,1429.25,1414.20,,-0.54%
07/22/2019,1425.12,1425.15,1429.83,1422.35,,-0.01%
07/19/2019,1425.30,1446.38,1452.98,1420.29,,-1.45%
07/18/2019,1446.30,1426.90,1448.30,1414.66,,1.37%
07/17/2019,1426.80,1406.41,1427.00,1399.95,,1.46%
07/16/2019,1406.33,1414.69,1418.43,1401.18,,-0.55%
07/15/2019,1414.08,1415.90,1419.75,1407.76,,-0.12%
07/12/2019,1415.74,1403.85,1416.88,1403.06,,0.84%
07/11/2019,1404.00,1419.40,1426.40,1401.60,,-1.06%
07/10/2019,1419.00,1397.80,1419.20,1389.75,,1.51%
07/09/2019,1397.90,1395.30,1399.90,1386.21,,0.17%
07/08/2019,1395.50,1399.95,1407.90,1391.75,,-0.32%
07/05/2019,1399.95,1415.81,1424.36,1386.92,,-1.11%
07/04/2019,1415.64,1419.80,1422.00,1410.59,,-0.23%
07/03/2019,1418.94,1419.95,1436.39,1412.48,,0.04%
07/02/2019,1418.44,1383.40,1419.72,1383.40,,2.47%
07/01/2019,1384.31,1392.83,1397.56,1381.76,,-1.79%
06/28/2019,1409.50,1409.56,1424.64,1406.81,,-0.01%
06/27/2019,1409.68,1409.56,1412.00,1400.25,,0.07%
06/26/2019,1408.75,1423.91,1424.06,1402.38,,-1.02%
06/25/2019,1423.25,1419.17,1439.03,1412.30,,0.26%
06/24/2019,1419.55,1401.35,1421.30,1400.48,,1.47%
06/21/2019,1399.05,1388.22,1411.18,1382.40,,0.78%
06/20/2019,1388.18,1360.36,1393.24,1357.80,,2.05%
06/19/2019,1360.27,1346.56,1362.50,1341.15,,1.02%
06/18/2019,1346.48,1340.09,1354.60,1338.65,,0.52%
06/17/2019,1339.54,1341.91,1343.38,1332.70,,-0.15%
06/14/2019,1341.58,1341.55,1358.29,1337.83,,-0.06%
06/13/2019,1342.35,1334.00,1343.43,1332.27,,0.66%
06/12/2019,1333.55,1326.78,1338.62,1326.18,,0.50%
06/11/2019,1326.91,1328.26,1330.06,1319.60,,-0.09%
06/10/2019,1328.13,1335.96,1337.84,1324.90,,-0.94%
06/07/2019,1340.70,1335.60,1348.48,1330.08,,0.39%
06/06/2019,1335.55,1332.36,1340.43,1327.80,,0.40%
06/05/2019,1330.18,1325.50,1344.26,1324.60,,0.37%
06/04/2019,1325.28,1325.05,1329.38,1319.98,,0.01%
06/03/2019,1325.17,1307.55,1328.30,1306.70,,1.50%
05/31/2019,1305.65,1288.35,1307.04,1288.09,,1.30%
05/30/2019,1288.85,1279.71,1289.22,1274.79,,0.72%
05/29/2019,1279.60,1279.71,1285.77,1278.87,,0.01%
05/28/2019,1279.49,1285.59,1286.86,1276.07,,-0.44%
05/27/2019,1285.20,1285.80,1287.72,1283.80,,0.02%
05/24/2019,1284.89,1283.40,1285.42,1280.45,,0.11%
05/23/2019,1283.45,1273.80,1287.63,1272.58,,0.77%
05/22/2019,1273.62,1274.61,1277.42,1272.15,,-0.11%
05/21/2019,1274.97,1277.95,1278.06,1269.22,,-0.22%
05/20/2019,1277.74,1277.80,1279.14,1273.47,,0.01%
05/17/2019,1277.55,1286.50,1289.29,1274.91,,-0.71%
05/16/2019,1286.65,1296.75,1298.92,1283.95,,-0.77%
05/15/2019,1296.66,1297.17,1301.02,1292.70,,-0.03%
05/14/2019,1297.03,1300.11,1303.51,1293.33,,-0.22%
05/13/2019,1299.90,1286.56,1301.35,1281.60,,1.08%
05/10/2019,1286.00,1284.36,1289.73,1283.21,,0.14%
05/09/2019,1284.14,1280.49,1288.52,1279.41,,0.25%
05/08/2019,1280.93,1284.16,1291.79,1279.35,,-0.33%
05/07/2019,1285.15,1281.55,1286.74,1278.50,,0.38%
05/06/2019,1280.33,1281.06,1285.76,1276.60,,0.09%
05/03/2019,1279.19,1270.61,1282.67,1268.81,,0.68%
05/02/2019,1270.54,1276.81,1278.18,1266.10,,-0.48%
05/01/2019,1276.61,1283.46,1287.21,1272.99,,-0.54%
04/30/2019,1283.60,1279.98,1286.39,1279.54,,0.30%
04/29/2019,1279.80,1286.40,1286.81,1277.78,,-0.50%
04/26/2019,1286.25,1277.42,1288.99,1276.05,,0.70%
04/25/2019,1277.35,1275.60,1282.78,1273.50,,0.16%
04/24/2019,1275.36,1272.31,1278.74,1268.55,,0.23%
04/23/2019,1272.40,1275.26,1276.66,1266.15,,-0.20%
04/22/2019,1274.92,1275.83,1279.96,1273.45,,-0.04%
04/18/2019,1275.39,1273.38,1277.95,1271.02,,0.10%
04/17/2019,1274.14,1276.86,1280.06,1272.93,,-0.19%
04/16/2019,1276.57,1287.91,1289.00,1273.10,,-0.88%
04/15/2019,1287.88,1290.45,1292.01,1282.21,,-0.20%
04/12/2019,1290.40,1292.30,1296.05,1290.11,,-0.17%
04/11/2019,1292.60,1307.95,1309.36,1289.45,,-1.18%
04/10/2019,1308.05,1303.96,1310.75,1300.89,,0.30%
04/09/2019,1304.13,1297.24,1306.34,1296.55,,0.52%
04/08/2019,1297.41,1291.65,1303.86,1291.35,,0.44%
04/05/2019,1291.70,1292.46,1293.77,1284.46,,-0.05%
04/04/2019,1292.38,1289.95,1294.36,1280.84,,0.19%
04/03/2019,1289.90,1292.21,1294.67,1288.20,,-0.25%
04/02/2019,1293.15,1287.55,1293.15,1285.16,,0.43%
04/01/2019,1287.66,1291.33,1297.04,1286.50,,-0.35%
03/29/2019,1292.15,1290.14,1299.82,1286.60,,0.12%
03/28/2019,1290.55,1309.85,1312.63,1288.70,,-1.47%
03/27/2019,1309.87,1315.81,1319.57,1308.07,,-0.43%
03/26/2019,1315.51,1321.51,1323.24,1312.51,,-0.48%
03/25/2019,1321.90,1313.05,1324.43,1310.80,,0.65%
03/22/2019,1313.38,1309.14,1315.08,1306.81,,0.30%
03/21/2019,1309.45,1312.64,1320.47,1303.25,,-0.23%
03/20/2019,1312.48,1305.61,1316.83,1298.50,,0.45%
03/19/2019,1306.55,1303.45,1311.07,1302.45,,0.22%
03/18/2019,1303.70,1301.64,1306.78,1298.12,,0.18%
03/15/2019,1301.38,1295.74,1306.58,1293.66,,0.39%
03/14/2019,1296.28,1309.61,1310.46,1292.75,,-0.99%
03/13/2019,1309.28,1302.01,1311.33,1300.56,,0.56%
03/12/2019,1302.01,1293.71,1302.19,1292.06,,0.60%
03/11/2019,1294.25,1298.70,1299.27,1290.15,,-0.32%
03/08/2019,1298.39,1285.91,1300.99,1285.29,,0.98%
03/07/2019,1285.74,1286.71,1289.06,1281.16,,-0.08%
03/06/2019,1286.76,1287.62,1291.07,1283.45,,-0.05%
03/05/2019,1287.43,1286.67,1289.75,1280.95,,0.06%
03/04/2019,1286.66,1293.62,1297.11,1282.75,,-0.53%
03/01/2019,1293.56,1312.81,1315.33,1290.16,,-1.48%
02/28/2019,1313.05,1320.18,1327.42,1312.54,,-0.52%
02/27/2019,1319.88,1328.91,1329.63,1316.51,,-0.68%
02/26/2019,1328.96,1327.44,1330.59,1323.61,,0.14%
02/25/2019,1327.12,1328.57,1332.59,1325.03,,-0.05%
02/22/2019,1327.80,1323.52,1333.17,1321.16,,0.33%
02/21/2019,1323.49,1338.89,1341.88,1322.24,,-1.12%
02/20/2019,1338.49,1341.25,1346.81,1336.63,,-0.20%
02/19/2019,1341.16,1325.90,1341.87,1322.33,,1.07%
02/18/2019,1326.90,1321.95,1328.39,1321.11,,0.42%
02/15/2019,1321.41,1312.98,1322.98,1311.16,,0.68%
02/14/2019,1312.55,1306.16,1314.43,1302.63,,0.49%
02/13/2019,1306.19,1310.88,1318.19,1304.50,,-0.36%
02/12/2019,1310.89,1308.55,1315.12,1306.64,,0.20%
02/11/2019,1308.33,1314.22,1314.88,1303.58,,-0.44%
02/08/2019,1314.07,1310.14,1315.72,1307.23,,0.30%
02/07/2019,1310.09,1305.87,1311.99,1302.17,,0.30%
02/06/2019,1306.22,1315.03,1315.88,1305.38,,-0.67%
02/05/2019,1315.01,1311.75,1316.86,1310.30,,0.25%
02/04/2019,1311.75,1317.55,1318.80,1308.26,,-0.47%
02/01/2019,1318.00,1320.95,1323.58,1315.66,,-0.22%
01/31/2019,1320.94,1320.18,1326.68,1317.55,,0.08%
01/30/2019,1319.91,1312.27,1323.74,1308.81,,0.61%
01/29/2019,1311.93,1303.53,1312.05,1302.12,,0.64%
01/28/2019,1303.53,1303.49,1304.49,1297.26,,0.02%
01/25/2019,1303.22,1280.94,1303.69,1279.39,,1.74%
01/24/2019,1280.94,1282.74,1285.15,1276.97,,-0.11%
01/23/2019,1282.39,1285.34,1286.92,1278.38,,-0.21%
01/22/2019,1285.04,1279.73,1285.84,1277.25,,0.37%
01/21/2019,1280.28,1281.75,1284.29,1277.06,,-0.09%
01/18/2019,1281.49,1292.18,1292.86,1280.64,,-0.81%
01/17/2019,1291.90,1293.99,1295.84,1288.96,,-0.13%
01/16/2019,1293.52,1289.13,1295.02,1287.59,,0.33%
01/15/2019,1289.31,1291.76,1294.70,1286.37,,-0.19%
01/14/2019,1291.73,1287.16,1295.90,1287.16,,0.29%
01/11/2019,1288.00,1286.72,1295.65,1286.25,,0.13%
01/10/2019,1286.38,1293.11,1297.14,1285.81,,-0.52%
01/09/2019,1293.13,1285.36,1293.95,1279.63,,0.61%
01/08/2019,1285.35,1289.13,1290.69,1279.20,,-0.26%
01/07/2019,1288.67,1285.78,1295.14,1282.29,,0.29%
01/04/2019,1284.92,1294.06,1298.51,1276.49,,-0.70%
01/03/2019,1293.99,1285.12,1295.27,1284.16,,0.72%
01/02/2019,1284.77,1281.62,1288.69,1278.33,,0.17%
01/01/2019,1282.62,1283.13,1283.24,1282.62,,-0.02%
12/31/2018,1282.82,1280.08,1284.18,1277.09,,0.16%
12/28/2018,1280.75,1275.22,1282.17,1273.98,,0.43%
12/27/2018,1275.22,1266.89,1279.04,1266.09,,0.65%
12/26/2018,1266.98,1270.33,1279.14,1264.34,,-0.17%
12/24/2018,1269.13,1259.09,1270.13,1258.34,,1.04%
12/21/2018,1256.01,1260.10,1262.84,1253.37,,-0.33%
12/20/2018,1260.14,1243.70,1266.79,1242.89,,1.35%
12/19/2018,1243.39,1249.67,1258.41,1241.54,,-0.48%
12/18/2018,1249.38,1246.01,1250.36,1244.44,,0.28%
12/17/2018,1245.91,1237.25,1248.18,1235.47,,0.62%
12/14/2018,1238.21,1242.41,1243.11,1232.48,,-0.34%
12/13/2018,1242.46,1246.02,1247.13,1240.23,,-0.27%
12/12/2018,1245.80,1243.25,1247.56,1241.95,,0.23%
12/11/2018,1242.94,1244.53,1249.62,1240.55,,-0.13%
12/10/2018,1244.59,1250.43,1250.62,1241.21,,-0.28%
12/07/2018,1248.10,1238.32,1250.42,1237.49,,0.82%
12/06/2018,1237.99,1237.87,1244.70,1234.64,,0.03%
12/05/2018,1237.56,1238.54,1239.35,1232.96,,-0.08%
12/04/2018,1238.55,1231.35,1242.24,1230.41,,0.61%
12/03/2018,1231.08,1223.12,1234.94,1221.09,,0.75%
11/30/2018,1221.97,1223.97,1225.65,1216.24,,-0.17%
11/29/2018,1223.99,1221.43,1229.35,1220.49,,0.24%
11/28/2018,1221.11,1214.64,1226.32,1210.73,,0.53%
11/27/2018,1214.69,1222.65,1225.60,1211.74,,-0.63%
11/26/2018,1222.37,1224.00,1228.13,1221.14,,-0.07%
11/23/2018,1223.19,1227.33,1229.27,1220.53,,-0.35%
11/22/2018,1227.45,1226.69,1229.80,1225.30,,0.12%
11/21/2018,1226.02,1221.55,1230.15,1219.23,,0.37%
11/20/2018,1221.55,1224.37,1229.17,1219.67,,-0.20%
11/19/2018,1224.05,1221.76,1225.26,1217.52,,0.21%
11/16/2018,1221.47,1213.02,1225.37,1212.48,,0.70%
11/15/2018,1213.00,1210.87,1216.36,1207.56,,0.17%
11/14/2018,1210.91,1202.26,1216.33,1197.12,,0.71%
11/13/2018,1202.35,1200.96,1205.57,1196.29,,0.14%
11/12/2018,1200.65,1209.46,1211.45,1200.18,,-0.74%
11/09/2018,1209.60,1223.88,1223.97,1206.52,,-1.14%
11/08/2018,1223.54,1225.99,1227.05,1219.63,,-0.21%
11/07/2018,1226.11,1227.24,1236.23,1223.31,,-0.06%
11/06/2018,1226.80,1231.66,1236.31,1223.41,,-0.37%
11/05/2018,1231.30,1233.36,1235.46,1226.88,,-0.13%
11/02/2018,1232.89,1234.04,1236.79,1229.85,,-0.03%
11/01/2018,1233.24,1215.20,1237.83,1214.84,,1.54%
10/31/2018,1214.54,1223.00,1223.70,1211.92,,-0.73%
10/30/2018,1223.44,1230.17,1231.45,1220.22,,-0.51%
10/29/2018,1229.74,1234.16,1235.79,1224.45,,-0.31%
10/26/2018,1233.59,1232.24,1243.73,1229.80,,0.11%
10/25/2018,1232.23,1234.59,1239.85,1228.08,,-0.16%
10/24/2018,1234.22,1231.06,1234.27,1225.74,,0.30%
10/23/2018,1230.49,1222.32,1240.00,1221.72,,0.68%
10/22/2018,1222.17,1228.61,1230.18,1220.30,,-0.34%
10/19/2018,1226.32,1225.66,1231.07,1223.03,,0.05%
10/18/2018,1225.75,1222.35,1230.85,1218.78,,0.25%
10/17/2018,1222.68,1224.08,1229.90,1220.32,,-0.14%
10/16/2018,1224.43,1227.12,1232.77,1223.35,,-0.20%
10/15/2018,1226.93,1217.45,1233.65,1217.40,,0.74%
10/12/2018,1217.93,1224.17,1224.45,1215.61,,-0.52%
10/11/2018,1224.33,1195.01,1226.87,1191.30,,2.47%
10/10/2018,1194.78,1189.59,1195.19,1185.22,,0.43%
10/09/2018,1189.62,1189.01,1192.23,1183.49,,0.14%
10/08/2018,1188.01,1203.14,1204.49,1183.58,,-1.23%
10/05/2018,1202.86,1199.41,1206.18,1197.00,,0.27%
10/04/2018,1199.66,1197.35,1207.11,1195.76,,0.19%
10/03/2018,1197.37,1203.39,1208.77,1196.71,,-0.48%
10/02/2018,1203.10,1189.20,1208.65,1188.57,,1.23%
10/01/2018,1188.47,1192.55,1192.95,1184.95,,-0.30%
09/28/2018,1192.09,1183.21,1194.00,1180.74,,0.79%
09/27/2018,1182.80,1194.80,1198.94,1181.98,,-0.98%
09/26/2018,1194.46,1201.23,1202.84,1190.53,,-0.57%
09/25/2018,1201.31,1198.84,1203.71,1197.21,,0.20%
09/24/2018,1198.86,1198.56,1204.48,1194.23,,-0.06%
09/21/2018,1199.55,1207.52,1211.47,1191.97,,-0.66%
09/20/2018,1207.58,1204.16,1209.14,1201.47,,0.30%
09/19/2018,1203.99,1197.84,1206.53,1197.81,,0.47%
09/18/2018,1198.35,1202.14,1204.28,1196.21,,-0.21%
09/17/2018,1200.93,1193.18,1205.20,1192.97,,0.60%
09/14/2018,1193.71,1201.76,1208.98,1193.13,,-0.64%
09/13/2018,1201.44,1207.30,1213.39,1200.37,,-0.39%
09/12/2018,1206.19,1198.93,1209.22,1192.90,,0.66%
09/11/2018,1198.29,1195.73,1200.12,1187.95,,0.20%
09/10/2018,1195.88,1195.12,1198.92,1191.52,,0.00%
09/07/2018,1195.86,1200.03,1204.03,1193.28,,-0.36%
09/06/2018,1200.14,1197.19,1207.36,1195.59,,0.28%
09/05/2018,1196.75,1191.18,1198.82,1191.10,,0.45%
09/04/2018,1191.35,1201.29,1202.31,1189.55,,-0.82%
09/03/2018,1201.15,1200.59,1204.59,1196.11,,0.01%
08/31/2018,1201.09,1200.34,1209.17,1198.43,,0.10%
08/30/2018,1199.88,1206.32,1208.18,1196.32,,-0.56%
08/29/2018,1206.66,1201.28,1207.73,1200.90,,0.45%
08/28/2018,1201.26,1211.45,1214.68,1199.41,,-0.83%
08/27/2018,1211.35,1206.92,1212.75,1202.84,,0.45%
08/24/2018,1205.97,1185.32,1208.87,1183.32,,1.74%
08/23/2018,1185.31,1195.83,1197.00,1183.67,,-0.85%
08/22/2018,1195.51,1196.68,1201.91,1192.45,,-0.05%
08/21/2018,1196.12,1190.59,1197.38,1187.50,,0.47%
08/20/2018,1190.53,1183.71,1191.21,1182.63,,0.49%
08/17/2018,1184.77,1173.72,1185.42,1172.03,,0.90%
08/16/2018,1174.16,1175.73,1182.59,1160.56,,-0.06%
08/15/2018,1174.88,1194.50,1195.22,1173.33,,-1.60%
08/14/2018,1194.03,1194.17,1199.04,1192.14,,0.03%
08/13/2018,1193.64,1211.26,1214.23,1191.75,,-1.46%
08/10/2018,1211.30,1212.56,1217.48,1205.85,,-0.09%
08/09/2018,1212.35,1213.89,1217.65,1210.72,,-0.10%
08/08/2018,1213.61,1210.70,1216.26,1206.29,,0.21%
08/07/2018,1211.02,1207.67,1216.54,1207.67,,0.34%
08/06/2018,1206.94,1214.10,1218.69,1206.93,,-0.53%
08/03/2018,1213.43,1208.01,1220.41,1204.40,,0.45%
08/02/2018,1207.96,1215.25,1221.42,1207.20,,-0.67%
08/01/2018,1216.05,1224.00,1225.36,1215.76,,-0.64%
07/31/2018,1223.83,1221.73,1228.74,1214.82,,0.17%
07/30/2018,1221.80,1223.05,1225.59,1219.05,,-0.13%
07/27/2018,1223.38,1222.88,1227.64,1217.34,,0.06%
07/26/2018,1222.67,1231.31,1235.57,1222.17,,-0.73%
07/25/2018,1231.61,1224.31,1234.64,1223.10,,0.58%
07/24/2018,1224.55,1225.06,1229.83,1218.25,,0.00%
07/23/2018,1224.54,1231.28,1235.49,1222.08,,-0.59%
07/20/2018,1231.76,1223.49,1232.68,1215.84,,0.73%
07/19/2018,1222.80,1227.42,1229.27,1211.48,,-0.36%
07/18/2018,1227.18,1227.73,1229.92,1221.56,,-0.03%
07/17/2018,1227.51,1240.83,1245.35,1225.97,,-1.07%
07/16/2018,1240.82,1241.76,1246.29,1238.49,,-0.06%
07/13/2018,1241.52,1247.51,1248.54,1237.10,,-0.45%
07/12/2018,1247.14,1242.06,1248.94,1241.38,,0.40%
07/11/2018,1242.16,1255.81,1257.27,1241.29,,-1.07%
07/10/2018,1255.65,1257.69,1260.70,1247.23,,-0.17%
07/09/2018,1257.76,1255.12,1266.26,1255.12,,0.22%
07/06/2018,1254.99,1257.97,1259.53,1252.93,,-0.22%
07/05/2018,1257.76,1256.90,1260.17,1251.08,,0.06%
07/04/2018,1256.95,1252.42,1261.85,1252.16,,0.32%
07/03/2018,1252.93,1242.21,1257.41,1237.81,,0.88%
07/02/2018,1241.97,1253.50,1254.61,1239.59,,-0.88%
06/29/2018,1253.00,1247.74,1256.38,1246.51,,0.38%
06/28/2018,1248.28,1251.91,1254.65,1245.71,,-0.30%
06/27/2018,1252.02,1258.21,1260.52,1250.70,,-0.55%
06/26/2018,1258.99,1265.72,1268.03,1254.51,,-0.55%
06/25/2018,1266.00,1272.66,1273.54,1264.80,,-0.26%
06/22/2018,1269.28,1267.70,1271.79,1266.90,,0.16%
06/21/2018,1267.20,1268.58,1270.49,1261.22,,-0.07%
06/20/2018,1268.10,1274.75,1276.64,1267.80,,-0.52%
06/19/2018,1274.76,1278.41,1284.46,1270.39,,-0.28%
06/18/2018,1278.31,1279.16,1282.02,1277.08,,-0.12%
06/15/2018,1279.84,1302.15,1303.92,1275.85,,-1.72%
06/14/2018,1302.22,1299.85,1309.69,1297.34,,0.19%
06/13/2018,1299.71,1295.47,1301.53,1292.55,,0.29%
06/12/2018,1295.97,1300.09,1300.88,1293.00,,-0.32%
06/11/2018,1300.14,1299.17,1302.57,1294.13,,0.11%
06/08/2018,1298.75,1297.32,1301.27,1294.20,,0.13%
06/07/2018,1297.12,1296.41,1303.48,1295.08,,0.01%
06/06/2018,1297.00,1297.15,1302.85,1294.63,,0.07%
06/05/2018,1296.13,1292.34,1300.94,1289.79,,0.32%
06/04/2018,1291.98,1293.16,1298.47,1290.27,,-0.09%
06/01/2018,1293.14,1298.98,1300.72,1289.52,,-0.40%
05/31/2018,1298.32,1301.51,1306.86,1297.90,,-0.24%
05/30/2018,1301.48,1299.02,1304.70,1295.75,,0.20%
05/29/2018,1298.86,1298.68,1307.14,1294.30,,0.06%
05/28/2018,1298.11,1298.74,1300.47,1295.62,,-0.27%
05/25/2018,1301.61,1304.44,1308.24,1300.05,,-0.25%
05/24/2018,1304.88,1294.06,1306.97,1292.91,,0.86%
05/23/2018,1293.75,1291.50,1298.59,1288.61,,0.19%
05/22/2018,1291.32,1292.85,1296.44,1287.80,,-0.11%
05/21/2018,1292.68,1290.90,1293.53,1282.15,,0.01%
05/18/2018,1292.50,1291.35,1295.26,1286.81,,0.12%
05/17/2018,1291.00,1291.13,1295.29,1286.41,,0.00%
05/16/2018,1291.03,1290.32,1297.67,1287.01,,0.03%
05/15/2018,1290.64,1313.09,1315.24,1288.71,,-1.69%
05/14/2018,1312.82,1318.56,1322.76,1312.82,,-0.41%
05/11/2018,1318.22,1321.57,1326.49,1317.94,,-0.24%
05/10/2018,1321.39,1312.12,1323.14,1310.89,,0.66%
05/09/2018,1312.78,1314.46,1317.78,1304.48,,-0.13%
05/08/2018,1314.47,1313.57,1318.08,1306.20,,0.01%
05/07/2018,1314.30,1315.03,1319.22,1310.29,,-0.06%
05/04/2018,1315.05,1312.30,1315.61,1308.41,,0.23%
05/03/2018,1312.09,1305.18,1318.91,1305.02,,0.55%
05/02/2018,1304.85,1304.38,1313.80,1303.94,,0.07%
05/01/2018,1303.97,1315.58,1316.69,1301.88,,-0.87%
04/30/2018,1315.36,1322.81,1325.34,1310.51,,-0.56%
04/27/2018,1322.80,1317.57,1326.11,1316.26,,0.42%
04/26/2018,1317.28,1322.39,1326.96,1315.45,,-0.46%
04/25/2018,1323.33,1330.12,1332.40,1318.90,,-0.55%
04/24/2018,1330.68,1324.71,1333.04,1322.60,,0.43%
04/23/2018,1325.00,1335.81,1336.38,1322.81,,-0.76%
04/20/2018,1335.12,1346.06,1346.56,1335.07,,-0.78%
04/19/2018,1345.60,1349.33,1355.12,1341.23,,-0.28%
04/18/2018,1349.32,1347.50,1356.14,1342.10,,0.15%
04/17/2018,1347.29,1345.65,1349.80,1337.73,,0.10%
04/16/2018,1345.91,1344.58,1350.89,1340.17,,0.03%
04/13/2018,1345.46,1335.20,1347.50,1335.20,,0.75%
04/12/2018,1335.48,1352.70,1353.60,1333.96,,-1.32%
04/11/2018,1353.29,1339.94,1365.61,1339.68,,0.99%
04/10/2018,1340.05,1336.87,1343.55,1331.81,,0.29%
04/09/2018,1336.24,1333.14,1338.36,1326.98,,0.23%
04/06/2018,1333.20,1326.38,1335.59,1321.47,,0.50%
04/05/2018,1326.55,1333.02,1335.29,1322.80,,-0.51%
04/04/2018,1333.35,1332.82,1348.45,1331.59,,0.04%
04/03/2018,1332.83,1340.69,1342.87,1329.18,,-0.64%
04/02/2018,1341.35,1326.20,1345.26,1324.90,,1.23%
03/29/2018,1325.00,1325.41,1329.32,1322.21,,0.00%
03/28/2018,1324.99,1345.74,1347.39,1323.59,,-1.47%
03/27/2018,1344.71,1353.51,1357.06,1340.16,,-0.65%
03/26/2018,1353.46,1347.91,1356.37,1343.55,,0.46%
03/23/2018,1347.22,1329.17,1350.66,1329.17,,1.37%
03/22/2018,1328.95,1332.15,1335.23,1324.88,,-0.24%
03/21/2018,1332.17,1311.28,1336.96,1309.98,,1.60%
03/20/2018,1311.21,1317.00,1318.66,1307.31,,-0.44%
03/19/2018,1316.94,1313.94,1320.07,1307.89,,0.22%
03/16/2018,1314.00,1317.11,1322.67,1310.31,,-0.17%
03/15/2018,1316.26,1324.39,1328.16,1315.05,,-0.66%
03/14/2018,1325.00,1326.42,1330.42,1321.91,,-0.10%
03/13/2018,1326.39,1322.81,1328.66,1316.79,,0.25%
03/12/2018,1323.05,1323.69,1324.67,1315.39,,-0.05%
03/09/2018,1323.70,1322.32,1325.15,1313.05,,0.10%
03/08/2018,1322.35,1325.84,1329.39,1319.19,,-0.24%
03/07/2018,1325.54,1334.50,1340.47,1321.95,,-0.67%
03/06/2018,1334.46,1320.36,1338.89,1319.91,,1.09%
03/05/2018,1320.01,1323.75,1327.92,1317.26,,-0.17%
03/02/2018,1322.20,1316.51,1325.51,1314.93,,0.43%
03/01/2018,1316.55,1318.53,1321.30,1302.99,,-0.11%
02/28/2018,1318.05,1318.53,1322.82,1315.80,,-0.01%
02/27/2018,1318.20,1333.13,1336.74,1313.32,,-1.12%
02/26/2018,1333.16,1327.56,1340.91,1326.42,,0.32%
02/23/2018,1328.94,1331.80,1332.23,1325.58,,-0.19%
02/22/2018,1331.51,1323.93,1332.20,1320.69,,0.55%
02/21/2018,1324.26,1329.82,1336.58,1322.60,,-0.39%
02/20/2018,1329.49,1346.74,1348.21,1328.22,,-1.28%
02/19/2018,1346.69,1347.50,1351.35,1345.99,,-0.09%
02/16/2018,1347.86,1353.29,1361.84,1344.78,,-0.40%
02/15/2018,1353.30,1350.78,1357.18,1348.41,,0.19%
02/14/2018,1350.76,1329.53,1355.57,1319.42,,1.60%
02/13/2018,1329.55,1322.29,1330.96,1321.39,,0.50%
02/12/2018,1322.88,1315.04,1326.20,1314.11,,0.47%
02/09/2018,1316.69,1318.87,1322.71,1311.06,,-0.17%
02/08/2018,1318.97,1318.61,1322.17,1306.90,,0.04%
02/07/2018,1318.49,1325.16,1332.49,1312.05,,-0.49%
02/06/2018,1325.02,1339.68,1346.08,1320.04,,-1.09%
02/05/2018,1339.60,1332.32,1341.70,1328.88,,0.50%
02/02/2018,1332.98,1349.16,1350.12,1327.21,,-1.20%
02/01/2018,1349.19,1345.40,1351.42,1337.30,,0.30%
01/31/2018,1345.10,1338.87,1347.93,1332.70,,0.49%
01/30/2018,1338.55,1340.67,1349.12,1334.48,,-0.13%
01/29/2018,1340.35,1350.07,1352.65,1337.74,,-0.73%
01/26/2018,1350.14,1348.36,1357.39,1344.38,,0.16%
01/25/2018,1348.05,1358.48,1366.47,1343.10,,-0.74%
01/24/2018,1358.15,1341.45,1361.88,1339.27,,1.25%
01/23/2018,1341.39,1334.45,1342.22,1331.54,,0.55%
01/22/2018,1334.11,1334.88,1336.04,1328.71,,0.17%
01/19/2018,1331.80,1327.49,1338.37,1326.46,,0.35%
01/18/2018,1327.19,1327.75,1333.14,1323.79,,-0.04%
01/17/2018,1327.73,1338.29,1343.99,1326.73,,-0.81%
01/16/2018,1338.61,1340.06,1342.35,1331.73,,-0.12%
01/15/2018,1340.16,1337.05,1344.93,1336.14,,0.13%
01/12/2018,1338.40,1322.82,1339.40,1321.16,,1.21%
01/11/2018,1322.42,1316.89,1323.98,1315.49,,0.40%
01/10/2018,1317.19,1313.28,1326.94,1308.29,,0.35%
01/09/2018,1312.66,1320.63,1320.68,1308.80,,-0.60%
01/08/2018,1320.58,1320.04,1322.22,1314.97,,0.03%
01/05/2018,1320.21,1323.50,1323.83,1313.81,,-0.21%
01/04/2018,1322.97,1312.53,1325.92,1305.67,,0.77%
01/03/2018,1312.84,1318.16,1321.40,1307.16,,-0.40%
01/02/2018,1318.14,1302.55,1318.98,1302.51,,0.86%
01/01/2018,1306.86,1303.43,1307.72,1302.43,,0.33%
12/29/2017,1302.55,1294.85,1307.69,1293.59,,0.60%
12/28/2017,1294.84,1287.31,1295.30,1286.66,,0.58%
12/27/2017,1287.41,1283.64,1289.40,1281.46,,0.32%
12/26/2017,1283.29,1274.91,1283.77,1273.25,,0.63%
12/25/2017,1275.24,1275.24,1275.24,1275.24,,0.02%
12/22/2017,1275.01,1267.12,1276.38,1265.10,,0.65%
12/21/2017,1266.76,1265.62,1268.97,1263.02,,0.09%
12/20/2017,1265.62,1261.69,1267.84,1261.23,,0.31%
12/19/2017,1261.72,1261.70,1265.26,1258.97,,0.00%
12/18/2017,1261.69,1253.79,1264.37,1252.68,,0.51%
12/15/2017,1255.26,1252.83,1261.89,1251.94,,0.19%
12/14/2017,1252.85,1255.54,1259.18,1249.92,,-0.21%
12/13/2017,1255.45,1243.88,1256.95,1240.06,,0.93%
12/12/2017,1243.85,1242.25,1246.62,1236.31,,0.15%
12/11/2017,1241.96,1247.28,1251.67,1240.19,,-0.50%
12/08/2017,1248.14,1247.34,1252.66,1244.34,,0.12%
12/07/2017,1246.70,1264.26,1264.82,1244.11,,-1.36%
12/06/2017,1263.94,1266.62,1269.32,1262.39,,-0.21%
12/05/2017,1266.55,1276.54,1277.41,1261.11,,-0.76%
12/04/2017,1276.23,1272.93,1277.24,1271.80,,-0.31%
12/01/2017,1280.26,1274.29,1289.58,1271.58,,0.43%
11/30/2017,1274.76,1283.88,1285.70,1270.51,,-0.69%
11/29/2017,1283.57,1293.90,1296.75,1281.98,,-0.81%
11/28/2017,1294.01,1294.85,1297.74,1291.01,,-0.04%
11/27/2017,1294.50,1288.57,1299.20,1286.47,,0.49%
11/24/2017,1288.22,1291.51,1293.61,1286.15,,-0.23%
11/23/2017,1291.25,1292.40,1293.46,1287.46,,-0.07%
11/22/2017,1292.12,1280.38,1294.75,1278.77,,0.91%
11/21/2017,1280.48,1276.70,1284.87,1276.08,,0.30%
11/20/2017,1276.70,1292.68,1294.80,1274.92,,-1.37%
11/17/2017,1294.37,1278.44,1297.04,1277.94,,1.24%
11/16/2017,1278.47,1278.47,1281.60,1274.98,,-0.03%
11/15/2017,1278.80,1281.00,1289.47,1277.04,,-0.15%
11/14/2017,1280.71,1278.17,1283.68,1270.64,,0.21%
11/13/2017,1277.99,1275.16,1280.22,1274.29,,0.14%
11/10/2017,1276.14,1285.21,1287.16,1273.33,,-0.71%
11/09/2017,1285.30,1281.62,1288.72,1280.09,,0.31%
11/08/2017,1281.30,1275.85,1287.52,1275.23,,0.45%
11/07/2017,1275.53,1281.82,1281.97,1271.68,,-0.47%
11/06/2017,1281.55,1269.49,1283.01,1266.05,,0.92%
11/03/2017,1269.85,1276.80,1279.74,1265.55,,-0.48%
11/02/2017,1275.99,1274.91,1284.49,1273.64,,0.13%
11/01/2017,1274.39,1270.88,1281.25,1267.98,,0.22%
10/31/2017,1271.58,1276.29,1278.36,1268.01,,-0.37%
10/30/2017,1276.24,1273.59,1279.29,1268.80,,0.23%
10/27/2017,1273.35,1268.07,1274.80,1264.10,,0.49%
10/26/2017,1267.11,1277.56,1282.80,1265.69,,-0.81%
10/25/2017,1277.41,1276.85,1280.39,1271.03,,0.05%
10/24/2017,1276.72,1282.01,1284.06,1273.43,,-0.42%
10/23/2017,1282.07,1277.45,1283.66,1272.24,,0.11%
10/20/2017,1280.72,1289.57,1291.47,1277.88,,-0.70%
10/19/2017,1289.79,1281.25,1290.69,1276.61,,0.67%
10/18/2017,1281.17,1285.18,1289.08,1277.13,,-0.31%
10/17/2017,1285.19,1295.32,1296.66,1281.69,,-0.74%
10/16/2017,1294.74,1303.88,1306.80,1291.01,,-0.78%
10/13/2017,1304.88,1293.73,1304.88,1291.04,,0.87%
10/12/2017,1293.60,1292.01,1297.60,1289.47,,0.14%
10/11/2017,1291.80,1287.91,1293.56,1284.12,,0.31%
10/10/2017,1287.85,1284.35,1294.63,1282.29,,0.29%
10/09/2017,1284.10,1275.45,1285.50,1275.21,,0.63%
10/06/2017,1276.03,1269.09,1277.18,1260.89,,0.63%
10/05/2017,1268.05,1275.16,1279.42,1266.90,,-0.52%
10/04/2017,1274.69,1271.64,1282.42,1270.85,,0.23%
10/03/2017,1271.75,1270.71,1274.71,1267.91,,0.05%
10/02/2017,1271.12,1279.50,1279.61,1270.45,,-0.65%
09/29/2017,1279.45,1286.91,1290.47,1278.24,,-0.61%
09/28/2017,1287.30,1281.11,1289.00,1277.64,,0.48%
09/27/2017,1281.12,1293.61,1296.54,1281.12,,-0.99%
09/26/2017,1293.89,1309.90,1313.92,1293.04,,-1.27%
09/25/2017,1310.55,1297.67,1311.90,1290.63,,1.02%
09/22/2017,1297.38,1291.30,1299.14,1291.30,,0.46%
09/21/2017,1291.39,1301.02,1302.07,1287.99,,-0.75%
09/20/2017,1301.15,1310.94,1316.25,1295.96,,-0.77%
09/19/2017,1311.28,1307.30,1311.78,1304.98,,0.28%
09/18/2017,1307.57,1320.50,1320.50,1305.03,,-0.91%
09/15/2017,1319.62,1329.83,1334.76,1319.62,,-0.77%
09/14/2017,1329.83,1323.56,1330.69,1316.11,,0.50%
09/13/2017,1323.25,1331.95,1335.05,1320.91,,-0.65%
09/12/2017,1331.94,1327.86,1332.43,1322.55,,0.35%
09/11/2017,1327.32,1337.45,1340.36,1326.36,,-1.44%
09/08/2017,1346.71,1348.83,1357.94,1343.00,,-0.18%
09/07/2017,1349.20,1334.27,1350.27,1332.60,,1.13%
09/06/2017,1334.14,1339.55,1342.84,1331.66,,-0.39%
09/05/2017,1339.33,1335.07,1345.18,1327.96,,0.35%
09/04/2017,1334.67,1334.38,1339.85,1331.92,,0.73%
09/01/2017,1324.97,1321.80,1329.20,1316.65,,0.22%
08/31/2017,1322.07,1308.80,1324.11,1300.82,,1.02%
08/30/2017,1308.76,1309.26,1313.87,1305.26,,-0.06%
08/29/2017,1309.50,1317.75,1326.14,1304.93,,-0.08%
08/28/2017,1310.49,1292.76,1312.99,1292.49,,1.50%
08/25/2017,1291.15,1285.91,1294.14,1278.66,,0.37%
08/24/2017,1286.33,1289.98,1291.30,1284.55,,-0.33%
08/23/2017,1290.62,1285.56,1292.03,1283.09,,0.46%
08/22/2017,1284.72,1291.18,1292.69,1282.11,,-0.50%
08/21/2017,1291.22,1283.60,1293.58,1280.60,,0.52%
08/18/2017,1284.50,1288.20,1301.20,1283.64,,-0.27%
08/17/2017,1288.01,1283.61,1290.47,1282.20,,0.38%
08/16/2017,1283.10,1271.87,1284.29,1268.19,,0.86%
08/15/2017,1272.13,1282.36,1282.77,1267.98,,-0.77%
08/14/2017,1281.95,1289.09,1289.82,1278.12,,-0.56%
08/11/2017,1289.21,1286.45,1292.26,1281.55,,0.18%
08/10/2017,1286.90,1277.56,1288.63,1274.85,,0.73%
08/09/2017,1277.55,1261.41,1279.06,1260.96,,1.34%
08/08/2017,1260.64,1257.61,1265.70,1251.41,,0.23%
08/07/2017,1257.69,1259.03,1260.38,1255.68,,-0.07%
08/04/2017,1258.60,1269.01,1270.94,1254.75,,-0.79%
08/03/2017,1268.65,1266.46,1271.37,1258.70,,0.15%
08/02/2017,1266.70,1268.80,1273.34,1263.18,,-0.19%
08/01/2017,1269.05,1268.80,1274.47,1264.05,,-0.04%
07/31/2017,1269.55,1270.16,1271.48,1265.93,,0.02%
07/28/2017,1269.25,1259.36,1271.34,1257.45,,0.81%
07/27/2017,1259.00,1260.50,1265.49,1254.52,,-0.17%
07/26/2017,1261.10,1250.00,1263.92,1243.91,,0.96%
07/25/2017,1249.05,1254.77,1258.18,1249.01,,-0.49%
07/24/2017,1255.24,1255.66,1259.18,1251.78,,0.03%
07/21/2017,1254.90,1244.16,1256.30,1243.35,,0.82%
07/20/2017,1244.74,1241.03,1247.98,1235.24,,0.31%
07/19/2017,1240.87,1242.58,1244.48,1236.05,,-0.13%
07/18/2017,1242.46,1233.84,1245.06,1233.01,,0.65%
07/17/2017,1234.40,1228.60,1236.44,1228.30,,0.44%
07/14/2017,1228.98,1216.63,1233.16,1214.95,,0.95%
07/13/2017,1217.45,1220.21,1224.92,1216.63,,-0.21%
07/12/2017,1220.00,1217.95,1226.10,1214.51,,0.19%
07/11/2017,1217.69,1214.59,1217.79,1207.89,,0.28%
07/10/2017,1214.35,1213.70,1215.60,1204.85,,0.12%
07/07/2017,1212.90,1224.39,1227.20,1207.25,,-1.00%
07/06/2017,1225.15,1227.06,1229.57,1222.56,,-0.15%
07/05/2017,1226.95,1223.55,1229.34,1217.64,,0.24%
07/04/2017,1223.97,1221.94,1226.74,1220.69,,0.29%
07/03/2017,1220.46,1241.46,1242.83,1218.41,,-1.70%
06/30/2017,1241.60,1244.82,1248.59,1239.70,,-0.33%
06/29/2017,1245.74,1249.18,1253.71,1239.66,,-0.29%
06/28/2017,1249.32,1247.37,1255.11,1247.37,,0.18%
06/27/2017,1247.10,1243.65,1253.13,1241.12,,0.21%
06/26/2017,1244.45,1258.13,1258.54,1236.96,,-0.99%
06/23/2017,1256.90,1250.00,1259.31,1249.74,,0.50%
06/22/2017,1250.62,1245.55,1255.05,1245.55,,0.33%
06/21/2017,1246.55,1243.16,1248.31,1241.25,,0.27%
06/20/2017,1243.19,1244.04,1248.38,1241.38,,0.00%
06/19/2017,1243.25,1254.00,1256.12,1243.22,,-0.83%
06/16/2017,1253.63,1254.36,1257.63,1251.55,,-0.03%
06/15/2017,1254.00,1260.70,1267.04,1251.68,,-0.57%
06/14/2017,1261.18,1266.28,1279.87,1257.15,,-0.37%
06/13/2017,1265.85,1264.75,1269.42,1259.66,,0.01%
06/12/2017,1265.74,1267.42,1271.01,1263.95,,-0.05%
06/09/2017,1266.40,1279.29,1281.30,1264.74,,-0.98%
06/08/2017,1278.90,1287.45,1289.34,1271.49,,-0.62%
06/07/2017,1286.91,1294.39,1295.28,1283.00,,-0.55%
06/06/2017,1294.00,1280.26,1296.47,1279.44,,1.10%
06/05/2017,1279.95,1279.34,1283.77,1278.00,,0.00%
06/02/2017,1279.98,1266.11,1279.98,1259.00,,1.13%
06/01/2017,1265.64,1268.89,1270.72,1261.49,,-0.23%
05/31/2017,1268.59,1263.05,1274.24,1259.26,,0.43%
05/30/2017,1263.10,1267.24,1270.86,1259.39,,-0.31%
05/29/2017,1266.97,1267.47,1269.12,1265.12,,-0.01%
05/26/2017,1267.05,1255.60,1269.88,1252.88,,0.90%
05/25/2017,1255.76,1258.49,1260.08,1253.89,,-0.22%
05/24/2017,1258.55,1251.26,1259.37,1247.70,,0.59%
05/23/2017,1251.16,1260.13,1264.18,1250.46,,-0.74%
05/22/2017,1260.46,1256.10,1263.00,1251.61,,0.39%
05/19/2017,1255.55,1246.67,1256.98,1246.61,,0.68%
05/18/2017,1247.05,1261.56,1265.54,1245.90,,-1.09%
05/17/2017,1260.74,1237.31,1261.55,1236.30,,1.94%
05/16/2017,1236.80,1231.46,1239.50,1230.51,,0.49%
05/15/2017,1230.71,1228.40,1237.76,1227.20,,0.15%
05/12/2017,1228.83,1225.41,1232.26,1224.55,,0.32%
05/11/2017,1224.85,1218.74,1228.20,1217.81,,0.47%
05/10/2017,1219.15,1221.42,1226.15,1217.49,,-0.18%
05/09/2017,1221.30,1226.12,1229.01,1214.21,,-0.41%
05/08/2017,1226.30,1225.67,1237.10,1225.36,,-0.12%
05/05/2017,1227.74,1227.93,1235.79,1225.83,,0.00%
05/04/2017,1227.75,1238.66,1241.77,1225.70,,-0.86%
05/03/2017,1238.38,1256.71,1257.29,1236.41,,-1.47%
05/02/2017,1256.90,1256.51,1257.89,1251.48,,0.01%
05/01/2017,1256.80,1268.60,1271.60,1254.16,,-0.90%
04/28/2017,1268.15,1264.26,1269.08,1263.30,,0.28%
04/27/2017,1264.60,1268.80,1270.53,1261.61,,-0.35%
04/26/2017,1269.05,1264.41,1271.10,1260.30,,0.42%
04/25/2017,1263.76,1276.96,1278.57,1261.81,,-0.90%
04/24/2017,1275.30,1269.88,1277.48,1266.01,,-0.72%
04/21/2017,1284.50,1281.96,1288.67,1278.43,,0.21%
04/20/2017,1281.85,1280.06,1283.79,1276.74,,0.17%
04/19/2017,1279.66,1290.21,1291.51,1276.48,,-0.77%
04/18/2017,1289.64,1284.94,1292.70,1279.40,,0.38%
04/17/2017,1284.80,1292.96,1295.92,1281.61,,-0.07%
04/14/2017,1285.69,1287.35,1288.75,1285.31,,-0.16%
04/13/2017,1287.74,1285.54,1289.03,1281.74,,0.09%
04/12/2017,1286.60,1274.51,1287.29,1272.42,,0.95%
04/11/2017,1274.44,1255.23,1275.55,1253.29,,1.57%
04/10/2017,1254.73,1254.26,1257.70,1247.50,,0.05%
04/07/2017,1254.05,1252.11,1270.96,1250.80,,0.18%
04/06/2017,1251.80,1256.40,1259.46,1249.85,,-0.28%
04/05/2017,1255.30,1255.73,1257.78,1243.85,,-0.07%
04/04/2017,1256.22,1255.46,1261.90,1254.46,,0.23%
04/03/2017,1253.35,1248.40,1254.20,1244.55,,0.34%
03/31/2017,1249.13,1242.83,1251.11,1240.05,,0.47%
03/30/2017,1243.30,1253.10,1254.20,1242.61,,-0.73%
03/29/2017,1252.45,1251.64,1255.16,1247.25,,0.07%
03/28/2017,1251.63,1253.82,1258.46,1247.52,,-0.21%
03/27/2017,1254.30,1248.01,1261.53,1247.69,,0.81%
03/24/2017,1244.17,1244.88,1252.28,1240.72,,-0.09%
03/23/2017,1245.30,1248.86,1253.62,1242.84,,-0.32%
03/22/2017,1249.35,1244.15,1251.76,1243.89,,0.35%
03/21/2017,1245.00,1233.78,1248.10,1226.82,,0.90%
03/20/2017,1233.90,1229.79,1236.25,1229.51,,0.39%
03/17/2017,1229.15,1227.31,1232.45,1225.06,,0.19%
03/16/2017,1226.78,1219.03,1233.51,1217.83,,0.61%
03/15/2017,1219.40,1199.11,1222.66,1197.93,,1.69%
03/14/2017,1199.08,1204.25,1208.38,1197.54,,-0.41%
03/13/2017,1204.05,1205.43,1211.66,1202.47,,-0.04%
03/10/2017,1204.55,1200.80,1206.43,1194.62,,0.31%
03/09/2017,1200.83,1207.63,1209.17,1199.12,,-0.56%
03/08/2017,1207.58,1215.65,1218.68,1206.13,,-0.67%
03/07/2017,1215.67,1225.62,1227.25,1213.67,,-0.84%
03/06/2017,1225.96,1232.81,1237.17,1224.65,,-0.68%
03/03/2017,1234.30,1234.80,1236.28,1222.59,,-0.08%
03/02/2017,1235.30,1249.44,1250.36,1231.16,,-1.09%
03/01/2017,1248.94,1248.57,1250.68,1236.53,,0.03%
02/28/2017,1248.59,1252.48,1258.37,1247.48,,-0.33%
02/27/2017,1252.76,1257.41,1263.88,1250.48,,-0.33%
02/24/2017,1256.94,1249.52,1260.48,1247.54,,0.60%
02/23/2017,1249.41,1237.79,1251.21,1235.20,,0.95%
02/22/2017,1237.69,1236.22,1240.72,1231.62,,0.14%
02/21/2017,1235.97,1237.03,1238.92,1225.80,,-0.19%
02/20/2017,1238.38,1235.20,1239.29,1232.62,,0.25%
02/17/2017,1235.29,1239.25,1243.84,1234.52,,-0.31%
02/16/2017,1239.14,1233.34,1242.71,1232.04,,0.50%
02/15/2017,1232.94,1228.89,1233.61,1216.80,,0.35%
02/14/2017,1228.61,1225.74,1234.87,1221.75,,0.26%
02/13/2017,1225.44,1231.84,1232.65,1219.37,,-0.70%
02/10/2017,1234.12,1230.62,1237.07,1221.12,,0.26%
02/09/2017,1230.89,1242.48,1244.52,1230.22,,-0.89%
02/08/2017,1241.99,1234.04,1245.06,1230.29,,0.67%
02/07/2017,1233.72,1235.23,1235.86,1227.41,,-0.15%
02/06/2017,1235.59,1219.67,1235.84,1219.01,,1.29%
02/03/2017,1219.88,1215.89,1221.48,1207.18,,0.32%
02/02/2017,1215.93,1209.53,1225.41,1208.26,,0.53%
02/01/2017,1209.49,1210.89,1213.59,1198.12,,-0.09%
01/31/2017,1210.63,1195.38,1215.49,1193.83,,1.28%
01/30/2017,1195.35,1192.85,1199.88,1188.15,,0.31%
01/27/2017,1191.60,1188.78,1192.06,1181.04,,0.25%
01/26/2017,1188.57,1199.93,1202.67,1184.11,,-0.98%
01/25/2017,1200.31,1208.79,1209.84,1192.83,,-0.70%
01/24/2017,1208.81,1217.40,1219.66,1206.02,,-0.71%
01/23/2017,1217.48,1209.43,1219.54,1209.27,,0.62%
01/20/2017,1209.96,1205.16,1215.30,1198.68,,0.40%
01/19/2017,1205.14,1203.92,1206.88,1195.86,,0.12%
01/18/2017,1203.64,1216.56,1217.60,1201.91,,-1.06%
01/17/2017,1216.54,1202.80,1218.72,1202.38,,1.11%
01/16/2017,1203.17,1200.55,1208.23,1198.17,,0.46%
01/13/2017,1197.66,1195.96,1201.20,1187.93,,0.17%
01/12/2017,1195.66,1191.75,1207.07,1191.00,,0.32%
01/11/2017,1191.85,1187.74,1198.79,1177.33,,0.35%
01/10/2017,1187.74,1181.32,1190.57,1179.86,,0.55%
01/09/2017,1181.27,1172.64,1185.91,1171.89,,0.72%
01/06/2017,1172.81,1180.38,1181.49,1170.37,,-0.65%
01/05/2017,1180.48,1163.67,1184.99,1162.38,,1.43%
01/04/2017,1163.80,1159.28,1168.23,1156.35,,0.42%
01/03/2017,1158.91,1150.80,1163.61,1145.77,,0.73%
01/02/2017,1150.52,1150.55,1152.66,1149.66,,-0.12%
12/30/2016,1151.85,1158.68,1163.53,1149.49,,-0.56%
12/29/2016,1158.32,1142.39,1159.58,1140.81,,1.39%
12/28/2016,1142.45,1139.64,1144.84,1136.54,,0.27%
12/27/2016,1139.35,1134.06,1149.48,1131.85,,0.48%
12/26/2016,1133.94,1133.94,1133.94,1133.94,,0.04%
12/23/2016,1133.49,1128.89,1136.12,1128.18,,0.43%
12/22/2016,1128.69,1131.80,1134.17,1127.43,,-0.27%
12/21/2016,1131.80,1132.14,1137.50,1129.29,,-0.04%
12/20/2016,1132.20,1139.34,1140.08,1125.63,,-0.60%
12/19/2016,1139.05,1134.35,1142.70,1134.14,,0.44%
12/16/2016,1134.09,1128.44,1141.28,1126.46,,0.50%
12/15/2016,1128.43,1143.81,1144.50,1122.44,,-1.38%
12/14/2016,1144.25,1158.39,1165.10,1139.47,,-1.22%
12/13/2016,1158.35,1162.45,1165.16,1154.71,,-0.33%
12/12/2016,1162.21,1159.01,1165.85,1151.43,,0.37%
12/09/2016,1157.87,1170.48,1172.22,1156.17,,-1.08%
12/08/2016,1170.55,1173.65,1178.62,1168.88,,-0.29%
12/07/2016,1174.00,1169.64,1180.30,1165.35,,0.36%
12/06/2016,1169.74,1170.18,1175.40,1166.53,,-0.04%
12/05/2016,1170.26,1182.80,1187.79,1157.08,,-0.57%
12/02/2016,1176.92,1171.05,1178.03,1166.20,,0.48%
12/01/2016,1171.30,1173.29,1177.07,1160.77,,-0.15%
11/30/2016,1173.11,1188.72,1195.36,1170.75,,-1.29%
11/29/2016,1188.46,1193.30,1195.06,1180.97,,-0.42%
11/28/2016,1193.44,1183.10,1197.60,1182.96,,0.83%
11/25/2016,1183.63,1184.96,1193.96,1171.96,,-0.03%
11/24/2016,1184.00,1188.11,1191.34,1181.79,,-0.32%
11/23/2016,1187.77,1212.24,1215.05,1181.57,,-2.02%
11/22/2016,1212.24,1214.29,1221.45,1206.24,,-0.15%
11/21/2016,1214.05,1208.10,1218.02,1205.74,,0.44%
11/18/2016,1208.69,1216.39,1218.13,1203.90,,-0.63%
11/17/2016,1216.39,1225.68,1231.80,1211.12,,-0.73%
11/16/2016,1225.30,1228.38,1233.47,1221.60,,-0.23%
11/15/2016,1228.08,1220.24,1231.54,1219.06,,0.64%
11/14/2016,1220.26,1227.91,1231.56,1211.47,,-0.44%
11/11/2016,1225.68,1259.82,1265.50,1219.50,,-2.71%
11/10/2016,1259.76,1277.68,1292.22,1252.28,,-1.43%
11/09/2016,1278.00,1275.45,1337.60,1269.38,,0.19%
11/08/2016,1275.64,1281.66,1290.84,1273.04,,-0.45%
11/07/2016,1281.41,1291.61,1295.90,1277.80,,-1.75%
11/04/2016,1304.25,1302.61,1307.11,1294.65,,0.04%
11/03/2016,1303.75,1297.16,1306.90,1285.51,,0.49%
11/02/2016,1297.39,1287.90,1308.26,1287.50,,0.72%
11/01/2016,1288.15,1277.17,1292.21,1275.55,,0.84%
10/31/2016,1277.38,1278.01,1279.64,1270.89,,0.08%
10/28/2016,1276.30,1268.39,1284.53,1262.42,,0.63%
10/27/2016,1268.30,1267.15,1273.17,1265.40,,0.10%
10/26/2016,1266.99,1273.30,1276.89,1264.58,,-0.58%
10/25/2016,1274.35,1265.67,1277.17,1262.40,,0.78%
10/24/2016,1264.44,1266.21,1272.25,1260.75,,-0.18%
10/21/2016,1266.75,1266.10,1268.43,1261.20,,0.06%
10/20/2016,1266.00,1269.55,1274.02,1264.55,,-0.27%
10/19/2016,1269.40,1262.63,1273.84,1260.24,,0.52%
10/18/2016,1262.84,1256.60,1265.38,1254.90,,0.57%
10/17/2016,1255.70,1250.25,1257.67,1250.25,,0.41%
10/14/2016,1250.55,1258.79,1259.65,1247.51,,-0.60%
10/13/2016,1258.12,1256.14,1262.41,1253.53,,0.22%
10/12/2016,1255.33,1253.45,1259.26,1250.31,,0.17%
10/11/2016,1253.25,1259.06,1262.66,1252.60,,-0.52%
10/10/2016,1259.74,1257.47,1265.35,1256.59,,0.22%
10/07/2016,1256.97,1255.34,1265.74,1241.68,,0.18%
10/06/2016,1254.74,1267.73,1269.94,1250.20,,-0.94%
10/05/2016,1266.70,1269.41,1277.51,1262.12,,-0.13%
10/04/2016,1268.30,1312.18,1313.52,1266.81,,-3.33%
10/03/2016,1311.96,1318.24,1320.11,1309.58,,-0.30%
09/30/2016,1315.96,1320.56,1328.23,1312.83,,-0.33%
09/29/2016,1320.27,1322.08,1326.02,1315.89,,-0.09%
09/28/2016,1321.41,1326.90,1327.74,1317.89,,-0.45%
09/27/2016,1327.36,1337.77,1339.78,1324.81,,-0.79%
09/26/2016,1337.97,1337.07,1342.46,1332.56,,0.03%
09/23/2016,1337.61,1337.69,1341.06,1333.59,,0.02%
09/22/2016,1337.30,1335.12,1344.27,1331.56,,0.03%
09/21/2016,1336.85,1315.10,1337.22,1308.60,,1.65%
09/20/2016,1315.10,1312.80,1318.50,1312.31,,0.13%
09/19/2016,1313.39,1310.77,1318.32,1309.27,,0.23%
09/16/2016,1310.43,1313.91,1318.43,1306.62,,-0.29%
09/15/2016,1314.25,1322.72,1327.53,1309.70,,-0.66%
09/14/2016,1322.97,1318.88,1326.26,1316.13,,0.30%
09/13/2016,1319.05,1327.99,1332.64,1315.72,,-0.65%
09/12/2016,1327.63,1328.29,1330.68,1320.79,,-0.04%
09/09/2016,1328.15,1338.41,1340.03,1327.70,,-0.76%
09/08/2016,1338.35,1345.11,1349.78,1335.54,,-0.51%
09/07/2016,1345.24,1348.67,1353.01,1342.74,,-0.34%
09/06/2016,1349.88,1325.37,1352.16,1324.77,,1.72%
09/05/2016,1327.08,1324.42,1329.32,1322.31,,0.16%
09/02/2016,1325.01,1314.13,1329.09,1309.51,,0.85%
09/01/2016,1313.79,1309.12,1315.38,1302.23,,0.37%
08/31/2016,1308.95,1311.25,1316.54,1305.41,,-0.17%
08/30/2016,1311.15,1323.20,1325.70,1309.15,,-0.93%
08/29/2016,1323.41,1320.47,1325.43,1315.10,,0.16%
08/26/2016,1321.33,1321.89,1341.54,1318.89,,-0.03%
08/25/2016,1321.70,1323.75,1327.50,1317.96,,-0.15%
08/24/2016,1323.75,1337.88,1340.52,1323.70,,-1.07%
08/23/2016,1338.10,1339.34,1345.45,1335.65,,-0.07%
08/22/2016,1339.02,1340.83,1341.65,1332.10,,-0.21%
08/19/2016,1341.78,1352.91,1353.44,1337.93,,-0.78%
08/18/2016,1352.34,1349.05,1356.60,1345.84,,0.27%
08/17/2016,1348.66,1345.70,1352.07,1337.70,,0.19%
08/16/2016,1346.08,1339.69,1358.38,1339.47,,0.50%
08/15/2016,1339.36,1338.08,1344.21,1335.95,,0.24%
08/12/2016,1336.19,1338.70,1356.28,1333.98,,-0.20%
08/11/2016,1338.87,1347.26,1353.78,1335.93,,-0.58%
08/10/2016,1346.67,1340.95,1357.57,1340.30,,0.44%
08/09/2016,1340.75,1334.85,1343.24,1330.47,,0.40%
08/08/2016,1335.38,1335.18,1338.53,1329.84,,-0.03%
08/05/2016,1335.80,1360.72,1365.51,1334.87,,-1.87%
08/04/2016,1361.20,1358.41,1365.45,1348.90,,0.24%
08/03/2016,1357.90,1363.65,1366.85,1354.16,,-0.42%
08/02/2016,1363.68,1353.47,1367.81,1347.06,,0.77%
08/01/2016,1353.21,1349.88,1355.22,1346.24,,0.17%
07/29/2016,1350.91,1335.75,1355.42,1330.00,,1.13%
07/28/2016,1335.79,1339.38,1345.53,1332.23,,-0.30%
07/27/2016,1339.86,1320.04,1342.62,1315.74,,1.48%
07/26/2016,1320.32,1315.59,1325.08,1313.83,,0.36%
07/25/2016,1315.56,1322.59,1324.12,1312.43,,-0.52%
07/22/2016,1322.38,1330.94,1334.22,1319.58,,-0.65%
07/21/2016,1331.09,1316.31,1334.38,1310.95,,1.15%
07/20/2016,1315.95,1331.81,1336.34,1312.49,,-1.21%
07/19/2016,1332.13,1328.51,1335.29,1325.61,,0.25%
07/18/2016,1328.79,1332.81,1335.70,1323.84,,-0.68%
07/15/2016,1337.85,1336.31,1338.90,1322.55,,0.21%
07/14/2016,1335.10,1344.01,1347.10,1320.22,,-0.58%
07/13/2016,1342.85,1332.40,1345.60,1327.70,,0.84%
07/12/2016,1331.65,1355.16,1358.20,1330.15,,-1.74%
07/11/2016,1355.25,1368.71,1375.11,1351.20,,-0.85%
07/08/2016,1366.80,1359.21,1369.09,1336.08,,0.46%
07/07/2016,1360.60,1363.56,1370.26,1350.80,,-0.24%
07/06/2016,1363.89,1356.74,1375.30,1356.23,,0.57%
07/05/2016,1356.14,1351.15,1357.71,1338.43,,0.40%
07/04/2016,1350.78,1342.58,1357.97,1338.34,,0.63%
07/01/2016,1342.30,1323.38,1344.60,1320.88,,1.52%
06/30/2016,1322.18,1317.71,1324.11,1312.95,,0.25%
06/29/2016,1318.89,1312.39,1328.23,1311.29,,0.49%
06/28/2016,1312.51,1324.45,1326.39,1305.62,,-0.93%
06/27/2016,1324.80,1326.26,1335.70,1317.85,,0.67%
06/24/2016,1315.98,1253.86,1358.70,1251.66,,4.80%
06/23/2016,1255.65,1264.31,1271.65,1255.46,,-0.84%
06/22/2016,1266.31,1268.45,1271.00,1261.41,,-0.17%
06/21/2016,1268.44,1288.68,1294.38,1264.48,,-1.68%
06/20/2016,1290.15,1285.80,1292.36,1277.74,,-0.65%
06/17/2016,1298.60,1279.35,1299.88,1277.19,,1.52%
06/16/2016,1279.14,1293.51,1316.11,1278.77,,-0.96%
06/15/2016,1291.49,1285.14,1297.09,1278.43,,0.44%
06/14/2016,1285.85,1283.39,1290.18,1276.38,,0.14%
06/13/2016,1284.05,1274.05,1287.40,1272.70,,0.77%
06/10/2016,1274.20,1269.41,1278.10,1264.47,,0.40%
06/09/2016,1269.15,1262.55,1272.06,1257.56,,0.56%
06/08/2016,1262.14,1244.64,1264.19,1243.09,,1.47%
06/07/2016,1243.85,1245.56,1246.66,1234.90,,-0.11%
06/06/2016,1245.24,1242.79,1248.79,1239.93,,0.06%
06/03/2016,1244.49,1211.16,1244.91,1207.01,,2.77%
06/02/2016,1210.95,1213.62,1218.05,1209.99,,-0.20%
06/01/2016,1213.35,1216.40,1221.25,1206.50,,-0.16%
05/31/2016,1215.24,1206.45,1218.86,1206.20,,0.80%
05/30/2016,1205.58,1213.38,1213.83,1199.97,,-0.56%
05/27/2016,1212.40,1219.86,1223.70,1206.70,,-0.64%
05/26/2016,1220.15,1223.40,1234.01,1218.55,,-0.33%
05/25/2016,1224.18,1227.00,1230.21,1217.65,,-0.23%
05/24/2016,1227.00,1249.21,1251.26,1226.53,,-1.78%
05/23/2016,1249.24,1251.41,1256.36,1243.39,,-0.24%
05/20/2016,1252.30,1255.24,1259.98,1248.70,,-0.22%
05/19/2016,1255.10,1258.60,1261.92,1245.00,,-0.25%
05/18/2016,1258.30,1279.71,1281.51,1255.05,,-1.70%
05/17/2016,1280.00,1274.06,1282.50,1269.50,,0.48%
05/16/2016,1273.86,1272.51,1288.60,1271.33,,0.02%
05/13/2016,1273.60,1263.61,1276.60,1263.51,,0.80%
05/12/2016,1263.49,1277.80,1280.99,1263.49,,-1.11%
05/11/2016,1277.69,1265.73,1279.18,1264.79,,0.89%
05/10/2016,1266.40,1264.11,1269.50,1257.65,,0.20%
05/09/2016,1263.85,1284.93,1287.98,1261.09,,-1.93%
05/06/2016,1288.70,1278.50,1296.10,1274.40,,0.83%
05/05/2016,1278.05,1279.85,1286.38,1269.24,,-0.11%
05/04/2016,1279.49,1285.99,1289.68,1271.64,,-0.51%
05/03/2016,1286.00,1291.76,1302.40,1282.46,,-0.43%
05/02/2016,1291.60,1293.69,1303.98,1287.48,,-0.17%
04/29/2016,1293.74,1266.27,1296.49,1265.14,,2.15%
04/28/2016,1266.48,1245.66,1270.10,1238.05,,1.64%
04/27/2016,1246.10,1242.60,1251.30,1240.66,,0.21%
04/26/2016,1243.44,1238.57,1245.15,1231.95,,0.45%
04/25/2016,1237.90,1232.10,1242.30,1230.10,,0.45%
04/22/2016,1232.30,1247.44,1252.98,1227.35,,-1.33%
04/21/2016,1248.85,1243.49,1270.48,1242.88,,0.39%
04/20/2016,1244.05,1251.00,1258.75,1242.60,,-0.52%
04/19/2016,1250.50,1232.46,1257.20,1227.70,,1.54%
04/18/2016,1231.55,1234.10,1242.00,1230.16,,-0.20%
04/15/2016,1234.05,1227.55,1236.29,1225.29,,0.54%
04/14/2016,1227.39,1242.05,1244.38,1223.79,,-1.27%
04/13/2016,1243.14,1255.88,1257.18,1240.24,,-1.02%
04/12/2016,1255.94,1259.05,1262.98,1251.29,,-0.16%
04/11/2016,1257.95,1239.79,1259.10,1239.79,,1.42%
04/08/2016,1240.39,1240.18,1243.18,1229.62,,-0.02%
04/07/2016,1240.69,1223.16,1243.90,1222.70,,1.50%
04/06/2016,1222.35,1231.86,1232.41,1217.20,,-0.71%
04/05/2016,1231.14,1215.31,1237.05,1214.90,,1.30%
04/04/2016,1215.40,1220.35,1223.35,1214.70,,-0.58%
04/01/2016,1222.49,1232.68,1235.36,1208.84,,-0.83%
03/31/2016,1232.70,1226.06,1240.05,1224.81,,0.64%
03/30/2016,1224.85,1241.30,1243.30,1223.33,,-1.42%
03/29/2016,1242.55,1221.40,1243.65,1215.65,,1.76%
03/28/2016,1221.05,1214.51,1222.96,1208.55,,0.38%
03/25/2016,1216.47,1216.47,1216.47,1216.47,,-0.04%
03/24/2016,1216.99,1221.20,1224.40,1213.01,,-0.26%
03/23/2016,1220.17,1248.18,1249.47,1215.47,,-2.26%
03/22/2016,1248.38,1244.22,1259.97,1242.47,,0.37%
03/21/2016,1243.74,1254.70,1256.12,1240.76,,-0.92%
03/18/2016,1255.30,1258.16,1267.22,1248.30,,-0.21%
03/17/2016,1257.90,1261.70,1271.65,1254.65,,-0.41%
03/16/2016,1263.08,1232.84,1264.38,1227.24,,2.49%
03/15/2016,1232.38,1234.68,1237.58,1226.08,,-0.23%
03/14/2016,1235.28,1250.98,1261.09,1229.28,,-1.05%
03/11/2016,1248.44,1271.44,1282.89,1248.44,,-1.81%
03/10/2016,1271.44,1252.89,1273.79,1237.44,,1.48%
03/09/2016,1252.94,1261.30,1264.99,1243.87,,-0.65%
03/08/2016,1261.10,1267.49,1278.19,1260.04,,-0.50%
03/07/2016,1267.39,1259.48,1273.29,1256.68,,0.63%
03/04/2016,1259.44,1263.89,1279.98,1250.29,,-0.34%
03/03/2016,1263.69,1240.30,1267.44,1237.34,,1.89%
03/02/2016,1240.30,1232.35,1244.29,1224.48,,0.65%
03/01/2016,1232.26,1238.19,1249.00,1227.44,,-0.47%
02/29/2016,1238.14,1222.73,1241.29,1217.98,,1.27%
02/26/2016,1222.60,1234.44,1240.05,1211.59,,-0.98%
02/25/2016,1234.64,1229.44,1243.09,1221.18,,0.43%
02/24/2016,1229.35,1227.39,1253.30,1221.93,,0.15%
02/23/2016,1227.46,1208.76,1227.56,1207.20,,1.55%
02/22/2016,1208.74,1226.14,1226.35,1202.02,,-1.58%
02/19/2016,1228.19,1233.12,1234.79,1219.79,,-0.34%
02/18/2016,1232.35,1209.16,1239.90,1200.75,,1.92%
02/17/2016,1209.14,1200.19,1213.88,1195.79,,0.73%
02/16/2016,1200.35,1209.32,1217.18,1190.79,,-0.79%
02/15/2016,1209.95,1232.81,1234.82,1202.30,,-2.27%
02/12/2016,1238.05,1246.94,1249.05,1232.23,,-0.71%
02/11/2016,1246.89,1197.44,1260.98,1196.21,,4.13%
02/10/2016,1197.49,1188.95,1197.74,1181.29,,0.73%
02/09/2016,1188.85,1191.14,1199.29,1185.48,,-0.19%
02/08/2016,1191.14,1170.89,1200.98,1164.09,,1.49%
02/05/2016,1173.69,1155.74,1174.90,1145.36,,1.55%
02/04/2016,1155.74,1142.95,1157.59,1139.43,,1.12%
02/03/2016,1142.93,1129.16,1146.00,1124.35,,1.22%
02/02/2016,1129.12,1128.82,1130.70,1122.44,,0.02%
02/01/2016,1128.85,1117.88,1130.09,1116.24,,0.97%
01/29/2016,1118.04,1115.16,1118.50,1108.90,,0.26%
01/28/2016,1115.14,1125.57,1126.01,1111.96,,-0.93%
01/27/2016,1125.59,1120.36,1128.20,1114.90,,0.45%
01/26/2016,1120.57,1108.02,1123.30,1107.17,,1.13%
01/25/2016,1108.05,1097.85,1109.05,1097.35,,0.89%
01/22/2016,1098.30,1101.60,1102.98,1093.98,,-0.30%
01/21/2016,1101.60,1101.04,1104.98,1092.54,,0.05%
01/20/2016,1101.02,1087.10,1109.60,1086.73,,1.28%
01/19/2016,1087.12,1088.84,1094.70,1082.95,,-0.16%
01/18/2016,1088.90,1089.51,1093.26,1087.25,,-0.02%
01/15/2016,1089.10,1077.94,1097.59,1076.18,,1.03%
01/14/2016,1078.00,1093.52,1095.36,1071.40,,-1.42%
01/13/2016,1093.49,1087.29,1095.68,1079.64,,0.59%
01/12/2016,1087.05,1094.30,1099.54,1083.61,,-0.66%
01/11/2016,1094.26,1104.19,1108.51,1093.91,,-0.90%
01/08/2016,1104.24,1109.45,1112.40,1093.93,,-0.45%
01/07/2016,1109.25,1094.45,1110.20,1091.09,,1.35%
01/06/2016,1094.45,1077.55,1095.45,1074.70,,1.56%
01/05/2016,1077.66,1074.66,1082.30,1072.70,,0.28%
01/04/2016,1074.70,1065.36,1083.70,1061.90,,1.32%
01/01/2016,1060.74,1061.21,1061.41,1060.74,,-0.05%
12/31/2015,1061.30,1061.38,1063.68,1058.38,,-0.01%
12/30/2015,1061.45,1069.38,1072.85,1059.55,,-0.71%
12/29/2015,1068.99,1069.20,1075.79,1067.29,,-0.01%
12/28/2015,1069.05,1076.00,1077.15,1066.30,,-0.63%
12/25/2015,1075.88,1075.88,1075.88,1075.88,,0.00%
12/24/2015,1075.88,1070.90,1077.85,1070.05,,0.52%
12/23/2015,1070.35,1072.21,1075.75,1068.25,,-0.19%
12/22/2015,1072.36,1078.41,1081.00,1071.85,,-0.56%
12/21/2015,1078.44,1065.94,1081.88,1063.88,,1.15%
12/18/2015,1066.19,1051.72,1070.79,1051.05,,1.37%
12/17/2015,1051.74,1072.85,1073.09,1047.64,,-1.98%
12/16/2015,1072.94,1060.73,1078.59,1060.64,,1.15%
12/15/2015,1060.74,1062.89,1068.89,1059.59,,-0.20%
12/14/2015,1062.90,1073.69,1077.70,1062.77,,-1.12%
12/11/2015,1074.89,1071.60,1079.98,1062.38,,0.31%
12/10/2015,1071.54,1073.21,1076.46,1069.70,,-0.16%
12/09/2015,1073.21,1074.74,1085.60,1069.59,,-0.14%
12/08/2015,1074.69,1070.49,1078.85,1067.63,,0.40%
12/07/2015,1070.39,1086.01,1087.00,1070.06,,-1.53%
12/04/2015,1086.99,1062.39,1089.09,1058.14,,2.30%
12/03/2015,1062.57,1053.71,1065.80,1046.25,,0.84%
12/02/2015,1053.69,1069.49,1071.55,1050.63,,-1.48%
12/01/2015,1069.49,1064.55,1074.72,1063.38,,0.48%
11/30/2015,1064.42,1057.80,1068.90,1053.10,,0.53%
11/27/2015,1058.81,1071.59,1073.90,1052.86,,-1.25%
11/26/2015,1072.25,1071.91,1075.46,1070.35,,0.08%
11/25/2015,1071.39,1075.55,1080.85,1067.75,,-0.38%
11/24/2015,1075.49,1069.24,1080.89,1068.99,,0.58%
11/23/2015,1069.34,1077.01,1077.01,1067.00,,-0.81%
11/20/2015,1078.10,1082.30,1087.80,1075.68,,-0.40%
11/19/2015,1082.40,1071.15,1086.50,1069.75,,1.05%
11/18/2015,1071.14,1070.30,1073.18,1065.34,,0.07%
11/17/2015,1070.37,1082.86,1084.82,1065.59,,-1.15%
11/16/2015,1082.85,1088.14,1098.29,1081.32,,-0.07%
11/13/2015,1083.64,1085.05,1088.29,1080.04,,-0.13%
11/12/2015,1085.05,1086.26,1089.60,1074.66,,-0.10%
11/11/2015,1086.14,1089.85,1093.69,1084.04,,-0.35%
11/10/2015,1089.91,1092.01,1094.90,1085.45,,-0.20%
11/09/2015,1092.10,1089.94,1095.88,1088.34,,0.32%
11/06/2015,1088.64,1103.89,1110.68,1085.29,,-1.39%
11/05/2015,1103.95,1107.56,1111.61,1102.75,,-0.32%
11/04/2015,1107.44,1117.63,1122.85,1106.38,,-0.91%
11/03/2015,1117.60,1133.60,1138.30,1114.48,,-1.42%
11/02/2015,1133.75,1141.49,1143.01,1132.75,,-0.76%
10/30/2015,1142.38,1148.04,1150.47,1139.48,,-0.31%
10/29/2015,1145.91,1156.09,1162.76,1144.60,,-0.88%
10/28/2015,1156.10,1166.75,1182.90,1152.40,,-0.93%
10/27/2015,1166.95,1162.96,1168.90,1160.91,,0.32%
10/26/2015,1163.20,1164.45,1169.60,1162.30,,-0.09%
10/23/2015,1164.26,1165.61,1179.80,1159.16,,-0.15%
10/22/2015,1166.05,1167.06,1172.20,1162.90,,-0.09%
10/21/2015,1167.10,1175.81,1179.60,1163.90,,-0.77%
10/20/2015,1176.11,1171.00,1180.70,1167.15,,0.48%
10/19/2015,1170.45,1176.00,1177.90,1168.25,,-0.57%
10/16/2015,1177.20,1182.21,1184.50,1174.25,,-0.50%
10/15/2015,1183.11,1184.10,1191.04,1176.37,,-0.18%
10/14/2015,1185.19,1168.59,1190.38,1164.05,,1.40%
10/13/2015,1168.80,1163.55,1169.00,1151.56,,0.41%
10/12/2015,1164.00,1155.71,1169.40,1154.90,,0.56%
10/09/2015,1157.53,1139.10,1160.20,1138.80,,1.63%
10/08/2015,1138.96,1145.49,1151.60,1136.90,,-0.56%
10/07/2015,1145.40,1146.96,1153.70,1141.96,,-0.15%
10/06/2015,1147.11,1135.65,1151.61,1135.11,,1.00%
10/05/2015,1135.75,1137.71,1141.95,1129.73,,-0.21%
10/02/2015,1138.14,1114.08,1141.90,1104.52,,2.21%
10/01/2015,1113.55,1115.14,1119.29,1111.13,,-0.13%
09/30/2015,1115.00,1127.46,1128.20,1112.00,,-1.11%
09/29/2015,1127.46,1132.25,1134.90,1124.35,,-0.41%
09/28/2015,1132.05,1145.80,1148.30,1128.10,,-1.24%
09/25/2015,1146.24,1150.97,1151.18,1140.84,,-0.67%
09/24/2015,1154.01,1130.61,1156.70,1130.45,,2.09%
09/23/2015,1130.40,1124.10,1134.40,1121.75,,0.50%
09/22/2015,1124.80,1133.16,1136.60,1121.18,,-0.75%
09/21/2015,1133.30,1139.40,1140.10,1130.00,,-0.54%
09/18/2015,1139.40,1130.85,1141.90,1127.30,,0.71%
09/17/2015,1131.40,1118.89,1133.40,1115.40,,1.06%
09/16/2015,1119.55,1105.50,1124.70,1103.95,,1.28%
09/15/2015,1105.40,1108.19,1109.80,1102.91,,-0.31%
09/14/2015,1108.80,1107.80,1110.70,1103.40,,0.08%
09/11/2015,1107.90,1111.56,1113.40,1098.75,,-0.33%
09/10/2015,1111.55,1106.81,1115.30,1104.00,,0.49%
09/09/2015,1106.10,1121.96,1125.80,1101.51,,-1.40%
09/08/2015,1121.80,1119.30,1126.80,1118.45,,0.21%
09/07/2015,1119.47,1123.22,1124.88,1116.58,,-0.31%
09/04/2015,1123.00,1125.25,1130.20,1117.15,,-0.20%
09/03/2015,1125.25,1134.01,1134.50,1121.75,,-0.78%
09/02/2015,1134.05,1139.49,1143.00,1132.31,,-0.53%
09/01/2015,1140.11,1135.01,1147.57,1134.51,,0.49%
08/31/2015,1134.50,1133.25,1136.80,1125.96,,0.05%
08/28/2015,1133.96,1125.80,1141.20,1123.70,,0.73%
08/27/2015,1125.71,1125.65,1129.80,1118.15,,0.01%
08/26/2015,1125.55,1141.15,1147.00,1117.75,,-1.32%
08/25/2015,1140.65,1155.45,1157.20,1134.90,,-1.25%
08/24/2015,1155.05,1162.35,1167.90,1146.75,,-0.52%
08/21/2015,1161.05,1153.91,1168.80,1148.85,,0.68%
08/20/2015,1153.16,1133.95,1154.50,1132.81,,1.65%
08/19/2015,1134.46,1118.01,1134.66,1116.35,,1.47%
08/18/2015,1118.01,1117.91,1121.60,1109.55,,0.03%
08/17/2015,1117.66,1114.35,1123.05,1113.70,,0.32%
08/14/2015,1114.11,1115.16,1121.40,1111.81,,-0.08%
08/13/2015,1115.05,1125.46,1126.71,1113.42,,-0.91%
08/12/2015,1125.30,1108.91,1125.80,1101.75,,1.47%
08/11/2015,1109.01,1104.41,1119.40,1093.65,,0.41%
08/10/2015,1104.51,1094.39,1109.20,1089.80,,0.94%
08/07/2015,1094.20,1089.40,1099.90,1083.16,,0.44%
08/06/2015,1089.41,1084.90,1094.30,1083.60,,0.40%
08/05/2015,1085.05,1087.59,1092.16,1082.85,,-0.22%
08/04/2015,1087.45,1086.18,1095.05,1081.05,,0.09%
08/03/2015,1086.50,1095.61,1098.15,1085.92,,-0.84%
07/31/2015,1095.65,1088.66,1103.38,1079.75,,0.61%
07/30/2015,1088.99,1097.76,1099.82,1083.36,,-0.70%
07/29/2015,1096.69,1095.48,1101.85,1090.21,,0.12%
07/28/2015,1095.35,1094.31,1099.00,1091.40,,0.08%
07/27/2015,1094.42,1099.55,1105.30,1089.19,,-0.43%
07/24/2015,1099.10,1090.85,1102.35,1077.75,,0.76%
07/23/2015,1090.80,1094.50,1106.00,1087.01,,-0.24%
07/22/2015,1093.45,1101.06,1103.56,1087.39,,-0.72%
07/21/2015,1101.41,1098.55,1109.87,1097.05,,0.41%
07/20/2015,1096.95,1133.35,1133.35,1088.45,,-3.28%
07/17/2015,1134.10,1145.61,1146.10,1131.20,,-0.96%
07/16/2015,1145.15,1148.86,1149.90,1142.60,,-0.39%
07/15/2015,1149.65,1155.90,1156.96,1143.83,,-0.51%
07/14/2015,1155.53,1158.06,1159.96,1153.04,,-0.21%
07/13/2015,1158.00,1163.30,1164.60,1151.18,,-0.51%
07/10/2015,1163.96,1159.75,1165.50,1157.90,,0.37%
07/09/2015,1159.65,1158.62,1167.46,1156.20,,0.12%
07/08/2015,1158.28,1155.18,1165.03,1147.18,,0.24%
07/07/2015,1155.55,1170.50,1170.65,1148.45,,-1.25%
07/06/2015,1170.15,1173.30,1175.20,1163.30,,0.19%
07/03/2015,1167.94,1166.29,1170.50,1164.96,,0.15%
07/02/2015,1166.15,1168.80,1169.11,1157.25,,-0.23%
07/01/2015,1168.80,1172.70,1175.30,1167.43,,-0.32%
06/30/2015,1172.60,1180.06,1180.80,1166.75,,-0.66%
06/29/2015,1180.36,1184.96,1187.32,1173.99,,0.45%
06/26/2015,1175.07,1173.35,1179.09,1168.74,,0.15%
06/25/2015,1173.33,1175.29,1178.70,1171.52,,-0.16%
06/24/2015,1175.20,1178.25,1180.30,1171.43,,-0.27%
06/23/2015,1178.44,1185.86,1188.70,1176.32,,-0.59%
06/22/2015,1185.45,1200.61,1201.50,1182.65,,-1.25%
06/19/2015,1200.51,1202.36,1204.75,1198.70,,-0.08%
06/18/2015,1201.42,1185.26,1206.00,1183.81,,1.35%
06/17/2015,1185.45,1181.90,1189.40,1174.48,,0.30%
06/16/2015,1181.86,1186.06,1188.11,1176.13,,-0.38%
06/15/2015,1186.40,1181.50,1190.80,1173.02,,0.47%
06/12/2015,1180.80,1182.01,1184.70,1176.93,,-0.13%
06/11/2015,1182.30,1186.61,1188.21,1176.16,,-0.35%
06/10/2015,1186.48,1176.75,1192.60,1175.35,,0.83%
06/09/2015,1176.70,1174.36,1183.40,1172.75,,0.23%
06/08/2015,1173.95,1169.45,1178.10,1169.20,,0.17%
06/05/2015,1172.00,1177.24,1179.35,1163.10,,-0.36%
06/04/2015,1176.26,1185.51,1186.41,1172.76,,-0.78%
06/03/2015,1185.50,1193.86,1195.81,1180.18,,-0.66%
06/02/2015,1193.38,1188.95,1196.12,1185.48,,0.36%
06/01/2015,1189.15,1191.00,1204.81,1184.60,,-0.11%
05/29/2015,1190.50,1188.65,1193.81,1187.08,,0.17%
05/28/2015,1188.45,1188.21,1192.75,1181.30,,0.03%
05/27/2015,1188.15,1187.44,1191.55,1184.51,,0.07%
05/26/2015,1187.30,1207.30,1208.00,1186.10,,-1.65%
05/25/2015,1207.17,1205.12,1208.97,1202.92,,0.07%
05/22/2015,1206.38,1206.75,1215.20,1201.70,,-0.01%
05/21/2015,1206.45,1210.11,1212.95,1201.91,,-0.23%
05/20/2015,1209.28,1208.01,1213.47,1203.02,,0.15%
05/19/2015,1207.51,1225.27,1225.57,1205.56,,-1.49%
05/18/2015,1225.74,1223.30,1232.70,1221.50,,0.15%
05/15/2015,1223.85,1221.76,1226.75,1211.55,,0.19%
05/14/2015,1221.52,1215.71,1227.44,1212.05,,0.48%
05/13/2015,1215.73,1193.45,1219.30,1191.30,,1.86%
05/12/2015,1193.50,1183.80,1197.00,1181.05,,0.79%
05/11/2015,1184.20,1188.95,1192.10,1179.50,,-0.33%
05/08/2015,1188.15,1184.66,1193.61,1182.13,,0.28%
05/07/2015,1184.80,1191.80,1193.30,1179.16,,-0.59%
05/06/2015,1191.80,1193.19,1197.90,1188.30,,-0.13%
05/05/2015,1193.33,1188.56,1200.10,1185.90,,0.43%
05/04/2015,1188.25,1178.95,1193.45,1177.88,,0.83%
05/01/2015,1178.50,1184.56,1185.26,1170.60,,-0.50%
04/30/2015,1184.37,1205.18,1207.52,1177.32,,-1.70%
04/29/2015,1204.80,1212.10,1213.70,1201.63,,-0.60%
04/28/2015,1212.10,1202.75,1215.50,1199.30,,0.84%
04/27/2015,1202.00,1179.76,1207.46,1178.75,,1.92%
04/24/2015,1179.38,1194.16,1196.51,1175.24,,-1.22%
04/23/2015,1194.00,1187.56,1198.40,1184.05,,0.56%
04/22/2015,1187.30,1202.75,1205.20,1185.73,,-1.28%
04/21/2015,1202.68,1196.81,1204.40,1193.30,,0.52%
04/20/2015,1196.50,1204.90,1209.40,1191.54,,-0.68%
04/17/2015,1204.65,1198.60,1208.10,1197.28,,0.58%
04/16/2015,1197.65,1202.45,1209.60,1195.06,,-0.37%
04/15/2015,1202.05,1193.21,1205.35,1189.38,,0.71%
04/14/2015,1193.58,1199.20,1202.10,1184.18,,-0.44%
04/13/2015,1198.85,1207.38,1209.83,1196.81,,-0.76%
04/10/2015,1208.05,1194.30,1211.10,1193.30,,1.09%
04/09/2015,1195.01,1203.07,1203.76,1192.86,,-0.65%
04/08/2015,1202.80,1208.85,1212.60,1197.85,,-0.48%
04/07/2015,1208.60,1214.69,1215.91,1207.45,,-0.50%
04/06/2015,1214.70,1215.63,1224.50,1213.85,,0.31%
04/03/2015,1210.90,1201.74,1212.74,1200.11,,0.69%
04/02/2015,1202.59,1204.95,1208.15,1195.75,,-0.13%
04/01/2015,1204.10,1183.35,1209.00,1180.35,,1.74%
03/31/2015,1183.50,1185.40,1191.20,1178.45,,-0.23%
03/30/2015,1186.20,1198.85,1199.50,1182.55,,-1.09%
03/27/2015,1199.30,1204.25,1206.70,1192.91,,-0.42%
03/26/2015,1204.38,1195.55,1219.80,1194.50,,0.75%
03/25/2015,1195.45,1192.90,1199.90,1186.65,,0.19%
03/24/2015,1193.13,1189.35,1195.70,1185.25,,0.32%
03/23/2015,1189.30,1185.96,1192.10,1179.45,,0.56%
03/20/2015,1182.68,1170.70,1188.30,1168.55,,0.97%
03/19/2015,1171.30,1167.25,1177.86,1160.06,,0.35%
03/18/2015,1167.25,1149.25,1174.61,1145.90,,1.56%
03/17/2015,1149.30,1154.55,1159.85,1143.61,,-0.46%
03/16/2015,1154.59,1158.50,1164.46,1150.60,,-0.42%
03/13/2015,1159.48,1153.90,1162.55,1151.80,,0.50%
03/12/2015,1153.70,1154.60,1166.70,1148.90,,-0.10%
03/11/2015,1154.80,1162.15,1165.95,1147.85,,-0.61%
03/10/2015,1161.93,1167.10,1171.35,1156.35,,-0.46%
03/09/2015,1167.30,1168.65,1176.15,1166.15,,0.01%
03/06/2015,1167.21,1198.65,1201.29,1163.94,,-2.62%
03/05/2015,1198.60,1199.75,1209.70,1196.40,,-0.10%
03/04/2015,1199.85,1203.75,1209.40,1198.25,,-0.33%
03/03/2015,1203.80,1207.19,1215.09,1195.39,,-0.27%
03/02/2015,1207.10,1213.80,1223.60,1204.60,,-0.50%
02/27/2015,1213.15,1209.45,1219.90,1204.65,,0.34%
02/26/2015,1209.05,1205.16,1220.75,1203.95,,0.35%
02/25/2015,1204.80,1199.55,1212.20,1199.50,,0.41%
02/24/2015,1199.89,1201.71,1204.60,1191.30,,-0.17%
02/23/2015,1201.92,1201.89,1210.70,1191.51,,-0.04%
02/20/2015,1202.39,1207.41,1215.39,1198.43,,-0.42%
02/19/2015,1207.45,1212.70,1223.50,1205.40,,-0.46%
02/18/2015,1212.99,1209.41,1212.99,1197.95,,0.30%
02/17/2015,1209.40,1231.05,1234.15,1203.70,,-1.79%
02/16/2015,1231.47,1228.58,1236.88,1228.01,,0.14%
02/13/2015,1229.70,1222.38,1235.70,1221.01,,0.59%
02/12/2015,1222.50,1218.73,1232.90,1216.75,,0.27%
02/11/2015,1219.16,1233.75,1239.30,1218.26,,-1.20%
02/10/2015,1234.00,1239.55,1246.00,1230.70,,-0.46%
02/09/2015,1239.68,1235.18,1244.35,1234.54,,0.48%
02/06/2015,1233.72,1264.82,1269.30,1228.75,,-2.45%
02/05/2015,1264.70,1269.90,1274.00,1256.52,,-0.42%
02/04/2015,1270.05,1260.25,1272.20,1256.85,,0.78%
02/03/2015,1260.20,1275.40,1285.59,1255.70,,-1.19%
02/02/2015,1275.44,1281.81,1283.85,1266.93,,-0.63%
01/30/2015,1283.55,1257.61,1285.35,1257.25,,2.09%
01/29/2015,1257.25,1285.35,1286.25,1252.61,,-2.17%
01/28/2015,1285.10,1292.35,1294.55,1281.50,,-0.56%
01/27/2015,1292.35,1281.08,1297.77,1272.58,,0.87%
01/26/2015,1281.24,1293.68,1299.14,1276.14,,-1.03%
01/23/2015,1294.55,1301.38,1302.90,1284.66,,-0.55%
01/22/2015,1301.73,1293.20,1306.70,1279.55,,0.64%
01/21/2015,1293.44,1293.64,1305.38,1285.59,,-0.04%
01/20/2015,1293.94,1276.54,1297.23,1274.09,,1.32%
01/19/2015,1277.08,1279.67,1281.63,1272.22,,-0.25%
01/16/2015,1280.30,1262.05,1281.99,1255.37,,1.48%
01/15/2015,1261.64,1229.95,1266.59,1226.18,,2.58%
01/14/2015,1229.95,1230.76,1244.40,1224.95,,-0.08%
01/13/2015,1230.88,1233.62,1244.12,1227.53,,-0.22%
01/12/2015,1233.64,1223.00,1236.29,1218.56,,0.84%
01/09/2015,1223.40,1209.65,1224.00,1207.45,,1.19%
01/08/2015,1208.98,1210.51,1216.65,1204.67,,-0.15%
01/07/2015,1210.80,1219.55,1219.85,1209.20,,-0.69%
01/06/2015,1219.20,1204.85,1223.15,1201.85,,1.22%
01/05/2015,1204.45,1189.34,1208.15,1183.45,,1.28%
01/02/2015,1189.18,1182.70,1194.60,1168.75,,0.61%
01/01/2015,1181.97,1183.78,1184.53,1181.97,,-0.17%
12/31/2014,1183.95,1200.26,1204.00,1179.55,,-1.36%
12/30/2014,1200.24,1183.37,1210.29,1180.89,,1.45%
12/29/2014,1183.10,1195.71,1197.79,1179.35,,-1.03%
12/26/2014,1195.40,1173.45,1199.75,1173.45,,1.84%
12/24/2014,1173.80,1175.70,1181.80,1173.05,,-0.16%
12/23/2014,1175.68,1175.03,1185.49,1172.59,,0.05%
12/22/2014,1175.05,1195.33,1202.18,1170.56,,-1.75%
12/19/2014,1195.95,1198.55,1202.10,1193.90,,-0.20%
12/18/2014,1198.40,1188.70,1213.55,1188.65,,0.82%
12/17/2014,1188.70,1196.69,1203.40,1184.23,,-0.66%
12/16/2014,1196.60,1192.59,1221.79,1188.80,,0.34%
12/15/2014,1192.60,1222.25,1224.24,1190.97,,-2.45%
12/12/2014,1222.60,1227.99,1228.38,1215.98,,-0.44%
12/11/2014,1227.95,1226.75,1233.20,1216.30,,0.10%
12/10/2014,1226.75,1230.43,1238.25,1224.78,,-0.33%
12/09/2014,1230.85,1203.64,1238.55,1199.45,,2.30%
12/08/2014,1203.20,1193.09,1208.59,1187.31,,0.94%
12/05/2014,1192.05,1205.70,1208.20,1186.50,,-1.14%
12/04/2014,1205.78,1209.70,1213.70,1201.53,,-0.32%
12/03/2014,1209.64,1199.01,1214.95,1194.65,,0.89%
12/02/2014,1199.01,1210.74,1213.05,1192.32,,-0.98%
12/01/2014,1210.90,1167.06,1221.46,1143.38,,3.73%
11/28/2014,1167.35,1190.70,1191.56,1165.35,,-2.05%
11/27/2014,1191.75,1198.20,1200.10,1185.95,,-0.51%
11/26/2014,1197.90,1200.96,1202.61,1195.02,,-0.27%
11/25/2014,1201.19,1197.55,1203.40,1190.80,,0.32%
11/24/2014,1197.40,1201.53,1204.24,1192.85,,-0.33%
11/21/2014,1201.40,1193.78,1208.01,1186.95,,0.64%
11/20/2014,1193.75,1183.36,1197.31,1176.87,,0.88%
11/19/2014,1183.30,1197.57,1202.77,1175.97,,-1.19%
11/18/2014,1197.55,1186.42,1205.00,1183.30,,0.93%
11/17/2014,1186.55,1188.75,1194.26,1181.62,,-0.14%
11/14/2014,1188.25,1162.09,1193.74,1147.04,,2.26%
11/13/2014,1161.96,1160.84,1168.12,1154.24,,0.09%
11/12/2014,1160.92,1164.67,1170.37,1157.51,,-0.33%
11/11/2014,1164.80,1150.65,1173.60,1146.32,,1.23%
11/10/2014,1150.60,1179.41,1179.41,1147.45,,-2.21%
11/07/2014,1176.65,1141.20,1178.99,1132.25,,3.11%
11/06/2014,1141.20,1141.45,1149.70,1138.10,,-0.02%
11/05/2014,1141.40,1168.19,1169.85,1137.70,,-2.30%
11/04/2014,1168.30,1165.55,1174.30,1164.00,,0.25%
11/03/2014,1165.35,1173.76,1174.17,1162.17,,-0.77%
10/31/2014,1174.42,1198.91,1203.30,1161.75,,-2.04%
10/30/2014,1198.90,1211.50,1216.76,1195.96,,-1.06%
10/29/2014,1211.80,1228.21,1230.86,1208.52,,-1.35%
10/28/2014,1228.40,1225.76,1235.81,1222.90,,0.24%
10/27/2014,1225.40,1231.50,1232.26,1225.06,,-0.49%
10/24/2014,1231.46,1232.59,1234.70,1229.10,,-0.06%
10/23/2014,1232.15,1240.85,1244.96,1226.43,,-0.72%
10/22/2014,1241.03,1249.57,1250.08,1240.66,,-0.66%
10/21/2014,1249.30,1246.99,1255.60,1245.40,,0.22%
10/20/2014,1246.60,1238.54,1248.94,1234.70,,0.68%
10/17/2014,1238.19,1239.69,1242.30,1231.99,,-0.07%
10/16/2014,1239.10,1241.67,1245.60,1235.75,,-0.16%
10/15/2014,1241.07,1233.65,1249.80,1222.17,,0.67%
10/14/2014,1232.75,1237.08,1238.30,1231.25,,-0.36%
10/13/2014,1237.15,1223.54,1237.65,1223.34,,1.12%
10/10/2014,1223.48,1224.49,1225.84,1217.60,,-0.05%
10/09/2014,1224.15,1221.84,1233.60,1219.15,,0.20%
10/08/2014,1221.70,1209.39,1223.84,1205.12,,1.05%
10/07/2014,1209.00,1207.15,1213.06,1202.91,,0.15%
10/06/2014,1207.15,1191.79,1209.20,1183.96,,1.34%
10/03/2014,1191.20,1213.84,1215.90,1190.14,,-1.84%
10/02/2014,1213.50,1213.34,1221.84,1208.69,,-0.01%
10/01/2014,1213.65,1209.00,1219.66,1204.75,,0.36%
09/30/2014,1209.24,1216.24,1219.96,1204.90,,-0.55%
09/29/2014,1215.95,1219.20,1223.76,1214.78,,-0.29%
09/26/2014,1219.51,1222.59,1230.50,1212.54,,-0.25%
09/25/2014,1222.62,1217.02,1224.88,1207.03,,0.46%
09/24/2014,1217.05,1222.81,1226.16,1215.96,,-0.48%
09/23/2014,1222.95,1215.30,1235.06,1214.11,,0.65%
09/22/2014,1215.05,1216.54,1220.70,1208.72,,-0.12%
09/19/2014,1216.45,1225.50,1228.86,1213.87,,-0.73%
09/18/2014,1225.45,1223.20,1228.06,1216.27,,0.18%
09/17/2014,1223.25,1234.95,1239.46,1221.67,,-0.97%
09/16/2014,1235.20,1233.10,1242.16,1231.92,,0.18%
09/15/2014,1233.00,1228.40,1238.56,1225.56,,0.36%
09/12/2014,1228.63,1240.59,1242.04,1227.75,,-0.98%
09/11/2014,1240.75,1248.68,1250.46,1234.97,,-0.64%
09/10/2014,1248.75,1256.19,1258.15,1243.91,,-0.59%
09/09/2014,1256.20,1255.43,1258.25,1247.41,,0.04%
09/08/2014,1255.70,1268.75,1271.85,1251.50,,-1.04%
09/05/2014,1268.85,1260.96,1273.71,1257.16,,0.61%
09/04/2014,1261.10,1268.80,1276.76,1260.26,,-0.63%
09/03/2014,1269.07,1266.14,1271.80,1261.69,,0.25%
09/02/2014,1265.90,1287.59,1288.10,1262.92,,-1.66%
09/01/2014,1287.30,1287.05,1290.36,1282.80,,-0.02%
08/29/2014,1287.57,1290.29,1291.80,1283.66,,-0.19%
08/28/2014,1290.00,1282.75,1296.76,1283.02,,0.55%
08/27/2014,1282.95,1281.09,1288.00,1280.40,,0.16%
08/26/2014,1280.90,1276.55,1291.06,1275.50,,0.34%
08/25/2014,1276.60,1279.67,1281.06,1274.42,,-0.36%
08/22/2014,1281.23,1276.64,1283.50,1274.49,,0.31%
08/21/2014,1277.25,1291.80,1291.80,1273.32,,-1.15%
08/20/2014,1292.15,1295.60,1297.91,1288.04,,-0.26%
08/19/2014,1295.50,1297.65,1302.61,1293.96,,-0.15%
08/18/2014,1297.46,1303.91,1304.07,1295.72,,-0.55%
08/15/2014,1304.60,1312.95,1315.41,1292.61,,-0.66%
08/14/2014,1313.24,1312.86,1319.60,1309.19,,0.03%
08/13/2014,1312.86,1308.69,1315.60,1304.90,,0.33%
08/12/2014,1308.60,1307.90,1317.86,1305.46,,0.04%
08/11/2014,1308.10,1309.35,1311.66,1304.96,,-0.11%
08/08/2014,1309.60,1313.50,1322.86,1306.16,,-0.30%
08/07/2014,1313.55,1305.89,1314.75,1302.11,,0.56%
08/06/2014,1306.25,1288.05,1309.86,1287.46,,1.42%
08/05/2014,1288.00,1287.91,1293.66,1282.56,,-0.03%
08/04/2014,1288.35,1293.98,1295.81,1286.17,,-0.44%
08/01/2014,1294.10,1282.24,1297.20,1280.90,,0.92%
07/31/2014,1282.35,1294.86,1297.56,1281.02,,-0.98%
07/30/2014,1295.05,1298.94,1302.76,1291.85,,-0.28%
07/29/2014,1298.75,1304.59,1312.75,1295.85,,-0.42%
07/28/2014,1304.25,1308.25,1309.46,1301.42,,-0.29%
07/25/2014,1308.05,1294.00,1308.50,1290.16,,1.14%
07/24/2014,1293.35,1304.14,1305.35,1287.81,,-0.83%
07/23/2014,1304.15,1307.70,1311.31,1302.61,,-0.24%
07/22/2014,1307.35,1311.89,1315.20,1301.75,,-0.35%
07/21/2014,1311.90,1311.05,1318.51,1307.01,,0.08%
07/18/2014,1310.90,1318.70,1324.75,1304.57,,-0.56%
07/17/2014,1318.25,1300.24,1324.65,1297.85,,1.45%
07/16/2014,1299.37,1294.40,1304.40,1292.90,,0.38%
07/15/2014,1294.45,1306.85,1314.25,1292.05,,-0.97%
07/14/2014,1307.15,1338.45,1339.71,1303.21,,-2.32%
07/11/2014,1338.15,1335.81,1339.54,1333.87,,0.19%
07/10/2014,1335.55,1319.34,1345.65,1319.34,,0.67%
07/09/2014,1326.70,1319.69,1332.69,1318.50,,0.59%
07/08/2014,1318.95,1319.75,1325.35,1313.45,,-0.09%
07/07/2014,1320.20,1320.16,1320.30,1311.90,,-0.03%
07/04/2014,1320.55,1320.29,1323.80,1318.80,,0.06%
07/03/2014,1319.80,1327.70,1327.70,1309.95,,-0.58%
07/02/2014,1327.45,1325.58,1332.21,1321.32,,0.13%
07/01/2014,1325.75,1327.15,1332.41,1323.72,,-0.13%
06/30/2014,1327.50,1315.80,1329.41,1310.21,,0.92%
06/27/2014,1315.35,1317.91,1322.31,1312.76,,-0.20%
06/26/2014,1317.95,1318.65,1320.15,1306.25,,-0.12%
06/25/2014,1319.50,1318.74,1325.15,1310.80,,0.09%
06/24/2014,1318.30,1318.54,1326.60,1314.15,,0.02%
06/23/2014,1318.10,1313.70,1318.61,1309.91,,0.25%
06/20/2014,1314.82,1320.20,1322.40,1306.75,,-0.40%
06/19/2014,1320.10,1278.44,1322.10,1276.01,,3.26%
06/18/2014,1278.40,1271.30,1280.00,1266.96,,0.54%
06/17/2014,1271.50,1271.65,1273.56,1259.16,,-0.01%
06/16/2014,1271.60,1277.06,1285.16,1270.51,,-0.42%
06/13/2014,1277.00,1273.69,1278.20,1271.00,,0.29%
06/12/2014,1273.36,1261.49,1275.00,1260.05,,1.00%
06/11/2014,1260.74,1260.49,1265.50,1258.00,,0.00%
06/10/2014,1260.80,1252.15,1263.31,1250.21,,0.70%
06/09/2014,1252.08,1253.79,1257.70,1251.76,,-0.05%
06/06/2014,1252.73,1253.69,1258.00,1246.31,,-0.07%
06/05/2014,1253.60,1243.80,1256.81,1241.21,,0.79%
06/04/2014,1243.80,1245.24,1250.00,1243.50,,-0.07%
06/03/2014,1244.65,1244.39,1248.15,1241.06,,0.02%
06/02/2014,1244.35,1250.89,1250.89,1241.04,,-0.54%
05/30/2014,1251.05,1256.00,1260.46,1242.35,,-0.40%
05/29/2014,1256.05,1258.79,1260.50,1251.55,,-0.19%
05/28/2014,1258.50,1263.70,1267.69,1256.02,,-0.41%
05/27/2014,1263.70,1292.95,1293.70,1263.50,,-2.27%
05/26/2014,1293.05,1292.71,1294.41,1290.91,,0.00%
05/23/2014,1293.11,1294.04,1295.95,1287.99,,-0.06%
05/22/2014,1293.85,1292.04,1303.85,1290.05,,0.15%
05/21/2014,1291.85,1294.15,1296.60,1283.45,,-0.19%
05/20/2014,1294.25,1292.15,1297.05,1286.15,,0.18%
05/19/2014,1291.95,1293.42,1305.25,1289.66,,-0.14%
05/16/2014,1293.70,1296.61,1298.76,1287.85,,-0.20%
05/15/2014,1296.35,1305.45,1307.35,1291.15,,-0.71%
05/14/2014,1305.60,1294.46,1309.40,1291.79,,0.95%
05/13/2014,1293.35,1295.91,1299.21,1289.25,,-0.19%
05/12/2014,1295.80,1289.20,1304.30,1280.10,,0.50%
05/09/2014,1289.33,1289.50,1294.90,1285.64,,-0.02%
05/08/2014,1289.60,1289.74,1295.30,1285.74,,0.00%
05/07/2014,1289.55,1308.01,1315.31,1287.00,,-1.38%
05/06/2014,1307.65,1309.90,1314.71,1305.00,,-0.17%
05/05/2014,1309.85,1300.74,1315.95,1299.61,,0.73%
05/02/2014,1300.32,1284.19,1304.90,1277.10,,1.26%
05/01/2014,1284.10,1291.65,1293.21,1277.70,,-0.60%
04/30/2014,1291.90,1296.01,1298.01,1285.80,,-0.35%
04/29/2014,1296.48,1296.04,1301.40,1286.49,,0.03%
04/28/2014,1296.10,1303.20,1306.61,1292.30,,-0.56%
04/25/2014,1303.45,1294.01,1305.61,1290.60,,0.74%
04/24/2014,1293.85,1284.01,1298.51,1268.85,,0.77%
04/23/2014,1283.90,1283.51,1289.22,1281.05,,0.03%
04/22/2014,1283.50,1290.24,1293.00,1277.60,,-0.52%
04/21/2014,1290.15,1294.67,1301.51,1282.01,,-0.28%
04/18/2014,1293.78,1293.78,1293.78,1293.78,,-0.08%
04/17/2014,1294.85,1302.40,1304.80,1293.24,,-0.61%
04/16/2014,1302.80,1302.84,1307.60,1293.59,,0.01%
04/15/2014,1302.65,1326.81,1328.51,1290.95,,-1.79%
04/14/2014,1326.40,1318.94,1331.20,1318.84,,0.60%
04/11/2014,1318.47,1317.94,1324.33,1314.24,,-0.03%
04/10/2014,1318.92,1311.64,1324.90,1310.84,,0.54%
04/09/2014,1311.90,1308.25,1315.30,1300.94,,0.24%
04/08/2014,1308.72,1296.29,1314.93,1296.29,,0.93%
04/07/2014,1296.65,1302.90,1304.80,1295.80,,-0.46%
04/04/2014,1302.70,1286.62,1307.09,1284.33,,1.20%
04/03/2014,1287.30,1289.89,1294.20,1281.59,,-0.19%
04/02/2014,1289.80,1279.85,1295.21,1278.65,,0.83%
04/01/2014,1279.15,1283.79,1288.25,1277.44,,-0.40%
03/31/2014,1284.25,1294.30,1298.81,1282.65,,-0.75%
03/28/2014,1294.00,1293.64,1299.20,1285.84,,0.22%
03/27/2014,1291.14,1304.14,1307.15,1289.30,,-0.99%
03/26/2014,1304.10,1311.25,1317.01,1298.90,,-0.53%
03/25/2014,1311.05,1309.60,1317.86,1306.20,,0.11%
03/24/2014,1309.62,1334.74,1334.86,1308.04,,-1.87%
03/21/2014,1334.55,1328.55,1343.04,1328.45,,0.46%
03/20/2014,1328.50,1331.05,1335.21,1320.85,,-0.22%
03/19/2014,1331.45,1355.95,1360.26,1328.00,,-1.83%
03/18/2014,1356.25,1366.80,1367.77,1350.80,,-0.78%
03/17/2014,1366.95,1382.07,1392.37,1362.53,,-1.11%
03/14/2014,1382.24,1370.59,1388.40,1368.06,,0.85%
03/13/2014,1370.60,1367.50,1375.46,1364.65,,0.26%
03/12/2014,1367.08,1349.39,1371.10,1345.44,,1.27%
03/11/2014,1349.95,1339.35,1353.11,1338.00,,0.81%
03/10/2014,1339.15,1339.27,1345.41,1329.47,,-0.08%
03/07/2014,1340.25,1351.21,1352.90,1329.75,,-0.82%
03/06/2014,1351.35,1337.45,1353.37,1331.35,,1.04%
03/05/2014,1337.39,1334.83,1341.88,1332.58,,0.19%
03/04/2014,1334.90,1350.95,1352.61,1331.54,,-1.18%
03/03/2014,1350.90,1326.50,1355.41,1326.50,,1.85%
02/28/2014,1326.40,1331.67,1333.91,1320.22,,-0.38%
02/27/2014,1331.44,1330.58,1336.48,1323.97,,0.05%
02/26/2014,1330.75,1340.31,1345.40,1322.14,,-0.75%
02/25/2014,1340.75,1337.00,1344.01,1331.72,,0.28%
02/24/2014,1337.00,1324.99,1339.00,1319.11,,1.03%
02/21/2014,1323.39,1322.72,1328.79,1316.12,,0.04%
02/20/2014,1322.89,1311.64,1325.18,1307.85,,0.85%
02/19/2014,1311.80,1321.84,1323.39,1308.93,,-0.74%
02/18/2014,1321.60,1329.20,1332.71,1312.95,,-0.56%
02/17/2014,1329.10,1319.15,1330.37,1318.65,,0.77%
02/14/2014,1318.93,1302.83,1321.34,1299.97,,1.25%
02/13/2014,1302.70,1291.11,1302.80,1286.14,,0.89%
02/12/2014,1291.25,1292.02,1296.52,1284.40,,-0.05%
02/11/2014,1291.85,1274.79,1293.83,1273.80,,1.33%
02/10/2014,1274.90,1266.31,1278.31,1265.40,,0.62%
02/07/2014,1267.06,1257.68,1272.18,1256.22,,0.75%
02/06/2014,1257.64,1258.14,1266.98,1252.88,,-0.03%
02/05/2014,1258.01,1254.86,1273.73,1252.51,,0.24%
02/04/2014,1255.00,1257.99,1260.93,1247.62,,-0.21%
02/03/2014,1257.64,1245.14,1266.54,1240.68,,1.11%
01/31/2014,1243.80,1244.07,1255.51,1238.75,,0.01%
01/30/2014,1243.70,1268.24,1268.53,1238.39,,-1.95%
01/29/2014,1268.40,1256.90,1270.27,1249.65,,0.94%
01/28/2014,1256.55,1257.01,1261.51,1249.36,,-0.04%
01/27/2014,1257.07,1268.85,1278.48,1252.16,,-0.96%
01/24/2014,1269.25,1264.67,1273.31,1257.20,,0.39%
01/23/2014,1264.35,1236.64,1265.80,1231.76,,2.25%
01/22/2014,1236.49,1241.55,1244.14,1236.14,,-0.40%
01/21/2014,1241.49,1254.18,1256.24,1236.07,,-1.03%
01/20/2014,1254.35,1254.01,1261.00,1251.32,,0.04%
01/17/2014,1253.82,1242.53,1255.28,1238.05,,0.91%
01/16/2014,1242.55,1241.49,1245.26,1236.55,,0.07%
01/15/2014,1241.74,1245.10,1245.39,1234.49,,-0.27%
01/14/2014,1245.10,1253.12,1255.38,1241.83,,-0.67%
01/13/2014,1253.44,1248.28,1255.18,1243.72,,0.51%
01/10/2014,1247.10,1228.01,1248.81,1226.94,,1.56%
01/09/2014,1228.00,1226.17,1231.91,1224.02,,0.15%
01/08/2014,1226.10,1231.97,1232.84,1218.83,,-0.49%
01/07/2014,1232.10,1238.17,1245.86,1225.20,,-0.48%
01/06/2014,1238.05,1236.93,1248.76,1233.10,,0.12%
01/03/2014,1236.55,1224.94,1240.38,1222.14,,0.95%
01/02/2014,1224.89,1204.88,1231.04,1203.72,,1.57%
01/01/2014,1205.90,1210.41,1210.61,1199.40,,0.03%
12/31/2013,1205.55,1196.62,1214.21,1185.11,,0.76%
12/30/2013,1196.40,1212.15,1216.26,1195.39,,-1.38%
12/27/2013,1213.19,1210.59,1219.04,1209.03,,0.21%
12/26/2013,1210.70,1204.99,1216.10,1201.24,,0.50%
12/25/2013,1204.70,1204.69,1205.10,1203.29,,0.03%
12/24/2013,1204.35,1199.44,1206.36,1197.01,,0.46%
12/23/2013,1198.84,1203.52,1206.38,1192.77,,-0.37%
12/20/2013,1203.25,1190.51,1207.60,1185.71,,1.10%
12/19/2013,1190.10,1217.96,1226.76,1186.80,,-2.30%
12/18/2013,1218.07,1231.54,1244.70,1216.15,,-0.98%
12/17/2013,1230.10,1240.30,1248.60,1227.80,,-0.84%
12/16/2013,1240.57,1238.08,1251.89,1227.59,,0.18%
12/13/2013,1238.30,1223.80,1239.00,1220.60,,1.18%
12/12/2013,1223.80,1251.30,1257.40,1223.50,,-2.23%
12/11/2013,1251.75,1260.91,1263.40,1250.50,,-0.71%
12/10/2013,1260.72,1240.82,1267.74,1237.97,,1.59%
12/09/2013,1240.94,1229.58,1243.19,1225.38,,0.98%
12/06/2013,1228.85,1225.22,1243.61,1212.41,,0.32%
12/05/2013,1224.88,1243.77,1244.00,1217.30,,-1.51%
12/04/2013,1243.66,1223.89,1250.75,1211.89,,1.62%
12/03/2013,1223.89,1220.04,1226.38,1215.98,,0.31%
12/02/2013,1220.05,1251.42,1251.42,1217.78,,-2.67%
11/29/2013,1253.49,1246.24,1256.11,1242.26,,0.75%
11/28/2013,1244.15,1237.76,1245.82,1235.32,,0.55%
11/27/2013,1237.40,1243.42,1254.81,1236.65,,-0.47%
11/26/2013,1243.30,1252.60,1256.89,1239.89,,-0.74%
11/25/2013,1252.60,1242.08,1253.54,1227.72,,0.72%
11/22/2013,1243.60,1243.01,1249.32,1241.55,,0.07%
11/21/2013,1242.75,1243.19,1250.01,1236.69,,-0.04%
11/20/2013,1243.20,1275.62,1276.67,1241.30,,-2.51%
11/19/2013,1275.25,1274.71,1279.02,1269.30,,0.07%
11/18/2013,1274.35,1290.45,1290.61,1270.35,,-1.22%
11/15/2013,1290.05,1287.04,1291.14,1280.42,,0.21%
11/14/2013,1287.39,1278.67,1294.38,1278.53,,0.66%
11/13/2013,1278.99,1267.58,1279.24,1265.89,,0.87%
11/12/2013,1267.99,1283.07,1285.30,1261.28,,-1.19%
11/11/2013,1283.28,1288.76,1288.91,1279.39,,-0.38%
11/08/2013,1288.20,1307.84,1313.06,1281.40,,-1.51%
11/07/2013,1307.95,1318.16,1325.71,1298.71,,-0.79%
11/06/2013,1318.40,1311.97,1322.31,1309.45,,0.52%
11/05/2013,1311.60,1314.85,1319.77,1306.75,,-0.24%
11/04/2013,1314.74,1315.12,1322.24,1311.74,,-0.05%
11/01/2013,1315.35,1323.70,1327.86,1306.30,,-0.64%
10/31/2013,1323.80,1343.30,1343.40,1319.40,,-1.41%
10/30/2013,1342.80,1344.05,1359.77,1334.81,,-0.11%
10/29/2013,1344.30,1352.10,1360.67,1340.87,,-0.58%
10/28/2013,1352.20,1353.16,1362.21,1346.50,,0.01%
10/25/2013,1352.13,1346.73,1355.60,1336.54,,0.37%
10/24/2013,1347.15,1332.35,1352.22,1330.60,,1.11%
10/23/2013,1332.35,1340.75,1342.57,1329.80,,-0.62%
10/22/2013,1340.65,1315.50,1345.07,1310.45,,1.89%
10/21/2013,1315.75,1316.66,1324.42,1313.56,,-0.04%
10/18/2013,1316.24,1319.18,1325.70,1311.95,,-0.26%
10/17/2013,1319.70,1282.30,1324.67,1274.80,,2.97%
10/16/2013,1281.60,1280.60,1287.51,1269.57,,0.06%
10/15/2013,1280.80,1273.15,1288.51,1252.27,,0.58%
10/14/2013,1273.40,1272.80,1289.47,1268.80,,0.02%
10/11/2013,1273.11,1286.93,1294.45,1262.63,,-1.02%
10/10/2013,1286.24,1307.22,1311.78,1283.03,,-1.60%
10/09/2013,1307.20,1319.06,1321.95,1294.65,,-0.88%
10/08/2013,1318.80,1321.49,1330.10,1316.30,,-0.23%
10/07/2013,1321.79,1311.04,1328.44,1308.81,,0.80%
10/04/2013,1311.35,1317.15,1323.86,1306.56,,-0.45%
10/03/2013,1317.30,1316.75,1321.31,1302.42,,0.16%
10/02/2013,1315.25,1286.75,1323.82,1278.85,,2.23%
10/01/2013,1286.60,1327.75,1337.77,1283.20,,-3.08%
09/30/2013,1327.55,1335.90,1344.22,1323.56,,-0.65%
09/27/2013,1336.20,1323.64,1344.30,1320.43,,0.94%
09/26/2013,1323.70,1333.50,1339.21,1319.15,,-0.74%
09/25/2013,1333.60,1322.80,1338.51,1317.11,,0.79%
09/24/2013,1323.20,1321.35,1329.57,1306.51,,0.08%
09/23/2013,1322.15,1326.20,1332.11,1314.26,,-0.24%
09/20/2013,1325.38,1366.18,1368.40,1324.86,,-2.90%
09/19/2013,1365.00,1365.55,1375.15,1358.80,,-0.01%
09/18/2013,1365.15,1309.70,1367.77,1291.95,,4.24%
09/17/2013,1309.65,1313.60,1323.92,1306.50,,-0.33%
09/16/2013,1314.00,1329.60,1332.92,1304.46,,-0.96%
09/13/2013,1326.72,1321.36,1331.03,1305.03,,0.43%
09/12/2013,1321.05,1367.40,1367.50,1321.05,,-3.34%
09/11/2013,1366.75,1364.25,1368.51,1357.46,,0.17%
09/10/2013,1364.45,1387.95,1391.52,1358.20,,-1.63%
09/09/2013,1387.05,1391.45,1391.45,1382.83,,-0.33%
09/06/2013,1391.61,1365.72,1393.20,1363.28,,1.74%
09/05/2013,1367.85,1392.10,1399.92,1365.77,,-1.70%
09/04/2013,1391.45,1412.10,1415.22,1384.85,,-1.50%
09/03/2013,1412.65,1391.60,1416.61,1384.70,,1.27%
09/02/2013,1394.90,1396.46,1398.31,1380.05,,-0.11%
08/30/2013,1396.40,1408.55,1411.62,1392.77,,-0.84%
08/29/2013,1408.25,1418.05,1418.52,1403.17,,-0.72%
08/28/2013,1418.50,1417.10,1434.17,1413.90,,0.13%
08/27/2013,1416.65,1405.16,1424.02,1396.75,,0.84%
08/26/2013,1404.90,1398.88,1404.86,1391.44,,0.58%
08/23/2013,1396.85,1375.79,1400.21,1369.14,,1.53%
08/22/2013,1375.85,1366.50,1381.61,1355.80,,0.70%
08/21/2013,1366.35,1371.80,1378.81,1360.10,,-0.35%
08/20/2013,1371.17,1366.39,1376.20,1355.26,,0.38%
08/19/2013,1365.98,1376.35,1384.60,1362.49,,-0.76%
08/16/2013,1376.40,1367.30,1380.21,1357.95,,0.76%
08/15/2013,1366.05,1335.19,1369.90,1319.31,,2.31%
08/14/2013,1335.20,1321.40,1337.30,1316.55,,1.05%
08/13/2013,1321.30,1336.90,1341.72,1319.27,,-1.13%
08/12/2013,1336.40,1314.60,1343.67,1314.60,,1.67%
08/09/2013,1314.50,1312.09,1317.00,1305.56,,0.19%
08/08/2013,1312.00,1287.70,1314.56,1283.85,,1.88%
08/07/2013,1287.75,1281.95,1289.42,1273.25,,0.46%
08/06/2013,1281.90,1303.85,1307.27,1279.85,,-1.69%
08/05/2013,1303.95,1313.10,1319.91,1297.86,,-0.61%
08/02/2013,1312.00,1307.79,1318.40,1283.19,,0.23%
08/01/2013,1308.95,1322.70,1330.77,1307.20,,-1.07%
07/31/2013,1323.10,1326.90,1338.87,1305.91,,-0.32%
07/30/2013,1327.30,1328.00,1330.38,1318.50,,-0.02%
07/29/2013,1327.60,1333.91,1338.71,1323.32,,-0.47%
07/26/2013,1333.90,1333.96,1340.82,1312.82,,0.02%
07/25/2013,1333.65,1321.40,1338.02,1309.35,,0.93%
07/24/2013,1321.30,1347.80,1348.30,1313.55,,-1.99%
07/23/2013,1348.10,1335.25,1348.30,1327.15,,0.91%
07/22/2013,1335.90,1297.40,1339.77,1311.76,,3.05%
07/19/2013,1296.35,1285.20,1297.95,1282.55,,0.88%
07/18/2013,1285.10,1276.10,1288.70,1275.05,,0.71%
07/17/2013,1276.00,1293.00,1297.61,1274.21,,-1.28%
07/16/2013,1292.60,1282.30,1295.95,1277.56,,0.78%
07/15/2013,1282.60,1285.45,1294.32,1276.26,,-0.18%
07/12/2013,1284.90,1286.67,1288.86,1267.90,,-0.03%
07/11/2013,1285.30,1264.80,1298.97,1278.81,,1.67%
07/10/2013,1264.25,1250.50,1266.22,1244.47,,1.14%
07/09/2013,1249.95,1237.40,1261.02,1233.90,,1.05%
07/08/2013,1237.00,1223.21,1239.41,1215.95,,1.08%
07/05/2013,1223.80,1249.28,1250.86,1207.99,,-2.12%
07/04/2013,1250.30,1251.30,1257.82,1245.40,,-0.16%
07/03/2013,1252.30,1242.65,1260.71,1237.05,,0.79%
07/02/2013,1242.50,1253.35,1266.55,1241.80,,-0.86%
07/01/2013,1253.30,1233.49,1261.11,1226.31,,1.54%
06/28/2013,1234.25,1200.30,1245.61,1181.82,,2.79%
06/27/2013,1200.75,1226.60,1245.46,1198.06,,-2.09%
06/26/2013,1226.35,1278.10,1277.62,1222.91,,-3.99%
06/25/2013,1277.35,1282.10,1289.41,1271.92,,-0.35%
06/24/2013,1281.90,1297.30,1301.62,1276.35,,-1.18%
06/21/2013,1297.25,1278.34,1348.41,1269.39,,1.51%
06/20/2013,1278.00,1351.51,1348.52,1276.80,,-5.42%
06/19/2013,1351.30,1367.70,1376.02,1349.35,,-1.25%
06/18/2013,1368.40,1384.90,1386.16,1361.15,,-1.19%
06/17/2013,1384.85,1391.29,1392.11,1380.94,,-0.42%
06/14/2013,1390.70,1385.89,1392.11,1378.54,,0.34%
06/13/2013,1386.05,1388.26,1395.27,1374.70,,-0.17%
06/12/2013,1388.40,1379.50,1394.87,1374.35,,0.64%
06/11/2013,1379.60,1387.01,1387.12,1367.26,,-0.53%
06/10/2013,1386.90,1378.89,1389.06,1376.49,,0.18%
06/07/2013,1384.47,1413.72,1418.03,1377.86,,-2.06%
06/06/2013,1413.65,1403.30,1423.66,1391.84,,0.74%
06/05/2013,1403.30,1398.94,1410.51,1395.69,,0.24%
06/04/2013,1399.90,1412.00,1415.62,1389.86,,-0.83%
06/03/2013,1411.60,1389.09,1416.61,1388.94,,1.78%
05/31/2013,1386.90,1413.75,1421.50,1384.64,,-1.90%
05/30/2013,1413.75,1392.95,1418.31,1388.69,,1.49%
05/29/2013,1392.95,1380.79,1395.16,1379.99,,0.88%
05/28/2013,1380.85,1394.24,1400.55,1374.14,,-1.00%
05/27/2013,1394.78,1388.15,1396.90,1384.24,,0.63%
05/24/2013,1386.05,1391.20,1398.45,1382.70,,-0.37%
05/23/2013,1391.20,1369.20,1397.85,1356.74,,1.59%
05/22/2013,1369.40,1376.95,1415.11,1355.47,,-0.50%
05/21/2013,1376.30,1394.75,1401.76,1360.30,,-1.28%
05/20/2013,1394.15,1363.09,1399.10,1339.45,,2.57%
05/17/2013,1359.20,1387.39,1392.96,1355.60,,-1.95%
05/16/2013,1386.30,1392.71,1398.52,1369.90,,-0.47%
05/15/2013,1392.90,1426.50,1430.85,1389.65,,-2.32%
05/14/2013,1426.00,1431.10,1445.57,1422.26,,-0.32%
05/13/2013,1430.55,1448.69,1448.69,1426.34,,-1.22%
05/10/2013,1448.20,1458.79,1462.36,1421.11,,-0.69%
05/09/2013,1458.20,1473.30,1476.01,1453.70,,-0.99%
05/08/2013,1472.80,1452.70,1476.97,1447.90,,1.39%
05/07/2013,1452.60,1470.20,1470.78,1441.72,,-1.15%
05/06/2013,1469.50,1470.50,1479.06,1465.10,,-0.08%
05/03/2013,1470.70,1467.45,1488.30,1456.40,,0.25%
05/02/2013,1467.10,1457.65,1474.26,1449.30,,0.65%
05/01/2013,1457.60,1476.55,1478.57,1440.60,,-1.32%
04/30/2013,1477.10,1475.99,1479.31,1460.99,,0.03%
04/29/2013,1476.65,1464.85,1478.56,1462.45,,0.93%
04/26/2013,1463.00,1467.95,1485.31,1448.69,,-0.33%
04/25/2013,1467.85,1431.45,1469.46,1427.25,,2.55%
04/24/2013,1431.30,1412.69,1433.40,1411.79,,1.27%
04/23/2013,1413.35,1426.86,1432.42,1406.55,,-0.90%
04/22/2013,1426.25,1405.17,1439.77,1404.61,,1.56%
04/19/2013,1404.35,1391.21,1425.01,1386.46,,0.94%
04/18/2013,1391.25,1376.80,1401.96,1340.36,,1.03%
04/17/2013,1377.00,1369.30,1395.10,1365.10,,0.59%
04/16/2013,1368.90,1353.86,1402.35,1322.46,,1.16%
04/15/2013,1353.25,1478.30,1495.66,1336.54,,-8.49%
04/12/2013,1478.85,1560.69,1564.86,1477.50,,-5.28%
04/11/2013,1561.35,1559.30,1568.42,1553.71,,0.17%
04/10/2013,1558.75,1584.95,1588.91,1556.00,,-1.67%
04/09/2013,1585.20,1572.94,1590.50,1570.44,,0.73%
04/08/2013,1573.70,1581.25,1583.37,1567.55,,-0.52%
04/05/2013,1582.00,1553.32,1582.05,1549.34,,1.85%
04/04/2013,1553.32,1557.96,1559.87,1540.35,,-0.29%
04/03/2013,1557.85,1576.04,1577.41,1550.19,,-1.14%
04/02/2013,1575.85,1599.60,1604.21,1574.00,,-1.44%
04/01/2013,1598.90,1597.74,1601.31,1594.94,,0.14%
03/28/2013,1596.74,1605.76,1607.88,1594.06,,-0.54%
03/27/2013,1605.40,1599.31,1608.61,1591.50,,0.39%
03/26/2013,1599.20,1605.60,1606.27,1594.85,,-0.39%
03/25/2013,1605.40,1609.30,1613.76,1589.99,,-0.19%
03/22/2013,1608.45,1614.70,1616.35,1603.79,,-0.39%
03/21/2013,1614.70,1606.58,1616.97,1604.65,,0.51%
03/20/2013,1606.50,1613.50,1615.21,1603.55,,-0.43%
03/19/2013,1613.40,1605.41,1615.77,1600.15,,0.50%
03/18/2013,1605.30,1597.26,1611.31,1592.56,,0.81%
03/15/2013,1592.45,1590.41,1598.81,1588.90,,0.14%
03/14/2013,1590.30,1587.90,1593.50,1576.99,,0.16%
03/13/2013,1587.80,1592.91,1599.61,1585.55,,-0.31%
03/12/2013,1592.70,1582.01,1598.81,1580.25,,0.74%
03/11/2013,1581.00,1578.40,1583.61,1575.65,,0.17%
03/08/2013,1578.35,1579.12,1583.51,1561.41,,-0.03%
03/07/2013,1578.90,1583.59,1585.89,1574.94,,-0.30%
03/06/2013,1583.69,1575.28,1584.79,1567.53,,0.52%
03/05/2013,1575.44,1573.88,1586.30,1571.72,,0.09%
03/04/2013,1573.95,1579.01,1585.11,1569.65,,-0.08%
03/01/2013,1575.24,1580.18,1587.29,1564.83,,-0.31%
02/28/2013,1580.14,1597.38,1602.98,1574.72,,-1.09%
02/27/2013,1597.60,1613.39,1614.89,1592.33,,-0.98%
02/26/2013,1613.49,1593.93,1620.05,1584.60,,1.21%
02/25/2013,1594.24,1581.29,1597.18,1575.18,,0.86%
02/22/2013,1580.70,1576.00,1587.25,1570.16,,0.30%
02/21/2013,1576.05,1563.09,1584.88,1554.88,,0.84%
02/20/2013,1562.90,1604.71,1609.82,1558.85,,-2.60%
02/19/2013,1604.60,1609.93,1615.34,1600.72,,-0.34%
02/18/2013,1610.05,1609.95,1619.00,1607.33,,0.04%
02/15/2013,1609.44,1634.53,1636.10,1598.42,,-1.55%
02/14/2013,1634.85,1642.84,1650.05,1632.72,,-0.48%
02/13/2013,1642.74,1650.85,1653.59,1640.33,,-0.49%
02/12/2013,1650.80,1647.94,1653.50,1639.22,,0.06%
02/11/2013,1649.74,1666.93,1669.70,1643.62,,-1.07%
02/08/2013,1667.50,1671.72,1673.91,1665.45,,-0.23%
02/07/2013,1671.30,1677.71,1683.51,1663.41,,-0.37%
02/06/2013,1677.49,1672.62,1679.49,1668.22,,0.27%
02/05/2013,1673.00,1674.21,1684.90,1666.76,,-0.08%
02/04/2013,1674.40,1667.55,1677.61,1661.79,,0.43%
02/01/2013,1667.15,1664.02,1682.31,1660.35,,0.21%
01/31/2013,1663.60,1677.42,1681.01,1658.15,,-0.80%
01/30/2013,1677.10,1663.96,1683.79,1662.79,,0.80%
01/29/2013,1663.85,1655.20,1666.06,1654.30,,0.54%
01/28/2013,1654.95,1658.76,1662.81,1652.54,,-0.23%
01/25/2013,1658.69,1667.88,1672.59,1655.78,,-0.54%
01/24/2013,1667.74,1686.35,1686.45,1665.08,,-1.07%
01/23/2013,1685.75,1692.37,1695.61,1683.45,,-0.38%
01/22/2013,1692.10,1690.05,1696.26,1686.64,,0.12%
01/21/2013,1690.05,1684.90,1691.60,1684.90,,0.36%
01/18/2013,1683.95,1687.25,1695.51,1683.60,,-0.22%
01/17/2013,1687.64,1679.79,1695.94,1666.94,,0.48%
01/16/2013,1679.50,1678.65,1685.11,1673.55,,0.04%
01/15/2013,1678.90,1666.94,1685.30,1666.44,,0.70%
01/14/2013,1667.20,1661.95,1674.80,1660.04,,0.25%
01/11/2013,1663.05,1675.28,1677.05,1654.05,,-0.73%
01/10/2013,1675.25,1657.97,1679.21,1654.10,,1.05%
01/09/2013,1657.90,1658.83,1666.41,1651.45,,-0.07%
01/08/2013,1659.00,1647.21,1662.30,1646.64,,0.71%
01/07/2013,1647.25,1656.51,1662.71,1642.75,,-0.58%
01/04/2013,1656.85,1663.42,1664.42,1626.40,,-0.39%
01/03/2013,1663.35,1686.54,1690.00,1660.89,,-1.39%
01/02/2013,1686.75,1675.03,1695.10,1670.39,,0.69%
01/01/2013,1675.15,1675.26,1676.21,1664.55,,0.01%
12/31/2012,1674.95,1656.21,1680.71,1655.71,,1.18%
12/28/2012,1655.40,1663.84,1666.49,1653.44,,-0.51%
12/27/2012,1663.90,1660.31,1665.76,1653.05,,0.23%
12/26/2012,1660.14,1658.12,1667.89,1650.38,,0.07%
12/25/2012,1658.90,1657.91,1663.15,1657.81,,0.09%
12/24/2012,1657.48,1657.79,1665.90,1652.13,,0.03%
12/21/2012,1656.99,1647.64,1659.68,1635.62,,0.56%
12/20/2012,1647.75,1667.22,1672.12,1635.70,,-1.15%
12/19/2012,1666.94,1670.38,1676.99,1663.42,,-0.19%
12/18/2012,1670.15,1698.21,1703.47,1661.62,,-1.64%
12/17/2012,1697.93,1695.76,1700.03,1687.05,,0.15%
12/14/2012,1695.47,1697.41,1700.74,1693.45,,-0.11%
12/13/2012,1697.30,1711.81,1712.11,1689.55,,-0.86%
12/12/2012,1711.95,1709.99,1723.41,1707.84,,0.11%
12/11/2012,1710.10,1712.30,1714.60,1705.04,,-0.01%
12/10/2012,1710.25,1704.45,1717.60,1702.64,,0.39%
12/07/2012,1703.65,1699.31,1705.61,1684.40,,0.27%
12/06/2012,1699.14,1693.87,1703.38,1686.11,,0.30%
12/05/2012,1693.99,1697.47,1707.18,1684.98,,-0.20%
12/04/2012,1697.35,1715.55,1717.67,1691.25,,-1.04%
12/03/2012,1715.25,1713.90,1722.11,1712.99,,0.03%
11/30/2012,1714.80,1725.71,1731.90,1709.09,,-0.61%
11/29/2012,1725.40,1719.50,1728.71,1718.40,,0.33%
11/28/2012,1719.69,1741.92,1743.23,1706.03,,-1.28%
11/27/2012,1742.05,1748.94,1751.80,1738.89,,-0.40%
11/26/2012,1749.10,1753.11,1753.11,1746.10,,-0.22%
11/23/2012,1753.00,1729.55,1754.60,1728.39,,1.36%
11/22/2012,1729.55,1729.09,1732.75,1728.35,,0.03%
11/21/2012,1729.11,1728.57,1732.08,1720.91,,0.03%
11/20/2012,1728.65,1732.11,1735.81,1722.40,,-0.19%
11/19/2012,1731.94,1713.54,1735.34,1713.43,,1.06%
11/16/2012,1713.70,1716.11,1717.51,1706.10,,-0.12%
11/15/2012,1715.80,1726.45,1727.96,1705.30,,-0.62%
11/14/2012,1726.45,1725.50,1733.40,1720.81,,0.06%
11/13/2012,1725.50,1728.51,1733.21,1718.30,,-0.16%
11/12/2012,1728.35,1732.00,1738.41,1725.90,,-0.17%
11/09/2012,1731.24,1731.64,1739.05,1727.05,,0.01%
11/08/2012,1730.99,1717.32,1735.82,1713.61,,0.83%
11/07/2012,1716.69,1715.98,1731.79,1702.97,,0.04%
11/06/2012,1715.95,1684.93,1721.01,1683.80,,1.86%
11/05/2012,1684.60,1677.20,1686.57,1672.85,,0.40%
11/02/2012,1677.85,1714.79,1717.06,1674.44,,-2.15%
11/01/2012,1714.70,1720.66,1727.11,1713.55,,-0.34%
10/31/2012,1720.55,1709.96,1726.05,1709.54,,0.65%
10/30/2012,1709.49,1710.06,1715.61,1705.20,,-0.02%
10/29/2012,1709.85,1711.50,1717.57,1706.00,,-0.09%
10/26/2012,1711.35,1712.00,1718.91,1700.95,,-0.03%
10/25/2012,1711.80,1701.85,1718.21,1701.40,,0.55%
10/24/2012,1702.43,1708.39,1714.56,1698.89,,-0.37%
10/23/2012,1708.70,1728.40,1730.60,1704.11,,-1.20%
10/22/2012,1729.45,1721.80,1729.61,1714.00,,0.50%
10/19/2012,1720.90,1740.59,1743.58,1716.29,,-1.19%
10/18/2012,1741.70,1749.91,1752.40,1738.41,,-0.49%
10/17/2012,1750.30,1748.40,1753.81,1743.20,,0.14%
10/16/2012,1747.80,1736.30,1748.61,1734.90,,0.67%
10/15/2012,1736.10,1753.60,1753.60,1729.36,,-1.03%
10/12/2012,1754.25,1768.79,1773.60,1752.34,,-0.82%
10/11/2012,1768.80,1761.80,1775.31,1758.70,,0.35%
10/10/2012,1762.55,1764.26,1768.41,1757.47,,-0.09%
10/09/2012,1764.15,1775.45,1779.96,1760.55,,-0.61%
10/08/2012,1774.90,1780.71,1780.90,1766.75,,-0.34%
10/05/2012,1780.98,1790.79,1796.19,1772.84,,-0.53%
10/04/2012,1790.55,1779.19,1796.90,1779.19,,0.64%
10/03/2012,1779.15,1774.10,1782.31,1771.00,,0.06%
10/02/2012,1778.00,1776.40,1784.81,1771.57,,0.20%
10/01/2012,1774.40,1771.20,1791.81,1763.55,,0.18%
09/28/2012,1771.22,1777.72,1783.63,1767.53,,-0.38%
09/27/2012,1777.90,1754.90,1780.81,1751.36,,1.47%
09/26/2012,1752.20,1760.50,1766.01,1738.11,,-0.48%
09/25/2012,1760.65,1764.26,1775.51,1758.41,,-0.20%
09/24/2012,1764.15,1773.39,1773.39,1755.80,,-0.50%
09/21/2012,1773.05,1767.30,1787.81,1766.40,,0.36%
09/20/2012,1766.70,1769.85,1772.50,1756.10,,-0.18%
09/19/2012,1769.80,1769.85,1768.35,1765.65,,-0.06%
09/18/2012,1770.95,1761.55,1773.61,1752.95,,0.54%
09/17/2012,1761.45,1774.74,1776.76,1754.59,,-0.62%
09/14/2012,1772.48,1766.44,1778.01,1765.04,,0.32%
09/13/2012,1766.90,1730.65,1772.87,1717.25,,2.04%
09/12/2012,1731.50,1732.54,1746.70,1725.79,,-0.01%
09/11/2012,1731.75,1726.10,1737.91,1725.45,,0.34%
09/10/2012,1725.80,1735.85,1740.26,1724.91,,-0.62%
09/07/2012,1736.50,1701.94,1741.80,1689.20,,2.05%
09/06/2012,1701.65,1693.45,1713.52,1691.65,,0.47%
09/05/2012,1693.65,1695.05,1696.37,1687.65,,-0.16%
09/04/2012,1696.40,1692.99,1700.45,1689.96,,0.24%
09/03/2012,1692.40,1692.20,1695.61,1685.70,,0.07%
08/31/2012,1691.15,1656.15,1693.32,1647.34,,2.11%
08/30/2012,1656.15,1656.55,1664.51,1651.80,,-0.02%
08/29/2012,1656.55,1667.25,1670.15,1652.97,,-0.63%
08/28/2012,1667.03,1663.44,1672.70,1657.44,,0.18%
08/27/2012,1664.10,1671.44,1676.95,1663.09,,-0.37%
08/24/2012,1670.35,1670.14,1673.81,1662.79,,-0.02%
08/23/2012,1670.65,1654.00,1675.41,1652.41,,1.01%
08/22/2012,1654.00,1638.20,1656.41,1634.87,,0.95%
08/21/2012,1638.50,1620.55,1641.81,1618.66,,1.10%
08/20/2012,1620.70,1616.26,1623.01,1610.20,,0.30%
08/17/2012,1615.80,1614.44,1620.10,1611.90,,0.06%
08/16/2012,1614.80,1604.14,1618.99,1600.79,,0.71%
08/15/2012,1603.38,1598.64,1606.40,1590.19,,0.30%
08/14/2012,1598.65,1610.16,1616.81,1594.71,,-0.71%
08/13/2012,1610.15,1620.35,1625.82,1607.71,,-0.61%
08/10/2012,1620.05,1617.64,1626.56,1605.70,,0.15%
08/09/2012,1617.70,1612.10,1618.72,1609.85,,0.36%
08/08/2012,1611.90,1611.29,1617.01,1603.55,,0.04%
08/07/2012,1611.18,1610.99,1618.41,1609.09,,0.01%
08/06/2012,1611.00,1605.00,1615.61,1602.85,,0.42%
08/03/2012,1604.30,1590.28,1606.91,1586.74,,0.88%
08/02/2012,1590.35,1599.25,1614.90,1585.10,,-0.55%
08/01/2012,1599.20,1599.25,1618.90,1592.35,,-0.91%
07/31/2012,1613.90,1621.30,1628.31,1610.95,,-0.44%
07/30/2012,1621.10,1625.10,1626.70,1614.85,,-0.13%
07/27/2012,1623.28,1616.14,1629.60,1611.99,,0.44%
07/26/2012,1616.20,1605.00,1622.02,1601.50,,0.67%
07/25/2012,1605.38,1581.44,1611.41,1579.94,,1.57%
07/24/2012,1580.50,1580.40,1584.66,1568.35,,0.23%
07/23/2012,1576.90,1582.64,1584.26,1564.49,,-0.42%
07/20/2012,1583.63,1582.01,1587.91,1574.04,,0.10%
07/19/2012,1582.05,1573.89,1593.00,1573.64,,0.52%
07/18/2012,1573.80,1584.29,1587.16,1568.84,,-0.57%
07/17/2012,1582.75,1591.19,1600.50,1572.66,,-0.42%
07/16/2012,1589.35,1591.39,1595.30,1578.79,,0.02%
07/13/2012,1589.05,1571.20,1597.11,1566.25,,1.06%
07/12/2012,1572.40,1576.85,1578.36,1554.95,,-0.29%
07/11/2012,1576.90,1565.41,1583.41,1565.41,,0.66%
07/10/2012,1566.50,1591.16,1602.90,1565.89,,-1.30%
07/09/2012,1587.15,1580.84,1593.30,1576.39,,0.27%
07/06/2012,1582.90,1604.95,1610.00,1576.70,,-1.36%
07/05/2012,1604.75,1617.34,1625.80,1598.89,,-0.67%
07/04/2012,1615.63,1617.24,1620.59,1611.94,,-0.06%
07/03/2012,1616.65,1598.69,1626.70,1596.59,,1.27%
07/02/2012,1596.35,1599.30,1602.51,1587.45,,-0.14%
06/29/2012,1598.60,1551.39,1607.19,1550.94,,3.01%
06/28/2012,1551.90,1573.61,1579.31,1547.85,,-1.42%
06/27/2012,1574.30,1572.50,1581.91,1563.15,,0.14%
06/26/2012,1572.15,1583.76,1587.31,1567.95,,-0.79%
06/25/2012,1584.60,1572.00,1588.51,1566.35,,0.79%
06/22/2012,1572.15,1564.31,1573.81,1558.80,,0.44%
06/21/2012,1565.30,1605.06,1607.29,1564.49,,-2.53%
06/20/2012,1605.90,1618.81,1623.01,1590.90,,-0.75%
06/19/2012,1618.07,1628.51,1633.51,1617.51,,-0.63%
06/18/2012,1628.40,1627.31,1630.31,1607.10,,0.10%
06/15/2012,1626.76,1622.94,1633.70,1619.59,,0.21%
06/14/2012,1623.32,1617.90,1627.79,1610.00,,0.31%
06/13/2012,1618.35,1609.26,1624.97,1606.20,,0.52%
06/12/2012,1610.05,1596.45,1618.01,1586.90,,0.85%
06/11/2012,1596.45,1593.10,1608.35,1582.89,,0.13%
06/08/2012,1594.45,1589.15,1595.47,1562.05,,0.34%
06/07/2012,1589.00,1620.20,1629.41,1579.75,,-1.94%
06/06/2012,1620.40,1617.20,1641.11,1614.34,,0.20%
06/05/2012,1617.10,1619.25,1623.91,1612.71,,-0.08%
06/04/2012,1618.40,1627.29,1629.69,1610.71,,-0.48%
06/01/2012,1626.25,1560.45,1630.02,1545.30,,4.20%
05/31/2012,1560.70,1563.90,1574.30,1554.09,,-0.11%
05/30/2012,1562.45,1554.80,1569.77,1532.10,,0.43%
05/29/2012,1555.75,1574.10,1582.90,1548.64,,-1.12%
05/28/2012,1573.33,1574.09,1584.00,1571.13,,-0.01%
05/25/2012,1573.45,1558.50,1574.57,1551.90,,0.93%
05/24/2012,1559.00,1563.36,1579.50,1553.15,,-0.19%
05/23/2012,1562.00,1569.19,1570.35,1535.41,,-0.44%
05/22/2012,1568.95,1593.53,1596.03,1563.29,,-1.49%
05/21/2012,1592.65,1593.65,1600.79,1586.80,,-0.03%
05/18/2012,1593.09,1574.78,1598.68,1569.05,,1.21%
05/17/2012,1574.00,1540.39,1581.70,1538.80,,2.20%
05/16/2012,1540.05,1546.10,1553.80,1529.00,,-0.28%
05/15/2012,1544.45,1557.15,1564.06,1541.60,,-0.80%
05/14/2012,1556.85,1580.60,1585.89,1556.00,,-1.47%
05/11/2012,1580.05,1593.87,1595.37,1573.90,,-0.85%
05/10/2012,1593.66,1589.69,1602.20,1586.07,,0.27%
05/09/2012,1589.34,1605.67,1606.64,1579.78,,-0.98%
05/08/2012,1605.00,1638.57,1639.52,1595.55,,-2.08%
05/07/2012,1639.15,1641.79,1644.40,1634.21,,-0.22%
05/04/2012,1642.83,1636.00,1647.27,1626.91,,0.43%
05/03/2012,1635.76,1653.26,1653.72,1631.17,,-1.07%
05/02/2012,1653.50,1662.40,1663.40,1646.71,,-0.52%
05/01/2012,1662.10,1666.75,1673.20,1658.59,,-0.14%
04/30/2012,1664.36,1662.42,1666.58,1644.98,,0.14%
04/27/2012,1662.05,1657.15,1667.72,1650.55,,0.31%
04/26/2012,1656.90,1645.98,1662.60,1643.15,,0.74%
04/25/2012,1644.70,1641.41,1646.53,1624.47,,0.23%
04/24/2012,1641.00,1638.75,1649.52,1633.95,,0.14%
04/23/2012,1638.70,1643.44,1644.90,1621.99,,-0.24%
04/20/2012,1642.70,1643.55,1647.31,1638.95,,-0.05%
04/19/2012,1643.60,1643.49,1655.00,1632.80,,0.09%
04/18/2012,1642.07,1651.24,1656.05,1639.29,,-0.47%
04/17/2012,1649.90,1652.90,1657.71,1635.05,,-0.13%
04/16/2012,1652.10,1654.09,1657.80,1641.14,,-0.42%
04/13/2012,1659.00,1675.55,1678.31,1649.51,,-0.98%
04/12/2012,1675.48,1659.14,1680.20,1651.29,,1.06%
04/11/2012,1657.95,1659.49,1662.90,1653.44,,-0.14%
04/10/2012,1660.35,1641.13,1663.10,1632.20,,1.16%
04/09/2012,1641.28,1641.44,1649.00,1627.70,,0.11%
04/06/2012,1639.49,1628.95,1639.49,1628.49,,0.51%
04/05/2012,1631.25,1620.36,1633.67,1620.15,,0.68%
04/04/2012,1620.23,1644.64,1648.15,1612.30,,-1.53%
04/03/2012,1645.33,1676.59,1681.16,1639.24,,-1.93%
04/02/2012,1677.75,1668.55,1680.09,1676.20,,0.53%
03/30/2012,1668.90,1661.55,1671.11,1659.91,,0.45%
03/29/2012,1661.38,1661.94,1665.29,1645.39,,-0.05%
03/28/2012,1662.18,1680.21,1684.41,1655.11,,-1.06%
03/27/2012,1680.05,1690.30,1696.81,1679.11,,-0.59%
03/26/2012,1689.98,1661.81,1694.00,1655.60,,1.67%
03/23/2012,1662.26,1645.41,1666.74,1642.38,,1.06%
03/22/2012,1644.85,1652.05,1658.01,1629.68,,-0.34%
03/21/2012,1650.50,1651.11,1661.65,1646.91,,0.01%
03/20/2012,1650.35,1666.04,1666.29,1643.29,,-0.85%
03/19/2012,1664.55,1654.98,1671.40,1654.14,,0.23%
03/16/2012,1660.65,1659.71,1665.01,1639.80,,0.15%
03/15/2012,1658.23,1642.89,1666.79,1636.59,,0.89%
03/14/2012,1643.60,1675.74,1683.45,1635.59,,-1.90%
03/13/2012,1675.50,1699.66,1705.97,1662.60,,-1.47%
03/12/2012,1700.53,1709.08,1714.30,1692.84,,-0.73%
03/09/2012,1713.09,1700.20,1714.59,1677.84,,0.73%
03/08/2012,1700.65,1685.09,1703.86,1682.85,,0.93%
03/07/2012,1684.95,1674.60,1688.42,1671.35,,0.65%
03/06/2012,1674.00,1705.97,1709.00,1664.35,,-1.92%
03/05/2012,1706.70,1711.05,1716.76,1694.64,,-0.33%
03/02/2012,1712.30,1717.70,1724.19,1705.19,,-0.25%
03/01/2012,1716.55,1696.20,1726.21,1694.70,,1.26%
02/29/2012,1695.20,1784.59,1790.80,1688.49,,-5.08%
02/28/2012,1785.85,1767.05,1789.96,1766.00,,1.11%
02/27/2012,1766.30,1773.28,1779.59,1762.24,,-0.41%
02/24/2012,1773.49,1780.30,1783.11,1770.74,,-0.37%
02/23/2012,1780.10,1776.24,1787.61,1772.29,,0.14%
02/22/2012,1777.55,1759.59,1781.80,1749.54,,1.05%
02/21/2012,1759.15,1734.03,1760.21,1731.09,,1.45%
02/20/2012,1734.00,1723.78,1737.30,1723.67,,0.67%
02/17/2012,1722.45,1728.84,1735.95,1717.45,,-0.36%
02/16/2012,1728.70,1727.79,1730.01,1705.49,,-0.02%
02/15/2012,1729.01,1719.62,1737.47,1718.52,,0.52%
02/14/2012,1720.10,1722.96,1727.81,1712.20,,-0.14%
02/13/2012,1722.50,1725.30,1733.61,1716.47,,0.15%
02/10/2012,1719.85,1731.54,1734.80,1704.14,,-0.56%
02/09/2012,1729.60,1733.70,1751.90,1725.69,,-0.23%
02/08/2012,1733.55,1745.76,1751.86,1724.95,,-0.74%
02/07/2012,1746.50,1719.80,1750.20,1709.79,,1.52%
02/06/2012,1720.30,1726.30,1738.09,1711.79,,-0.29%
02/03/2012,1725.30,1760.06,1763.76,1724.35,,-1.97%
02/02/2012,1759.99,1744.20,1761.57,1741.49,,0.94%
02/01/2012,1743.60,1738.75,1751.56,1732.95,,0.24%
01/31/2012,1739.43,1729.19,1747.79,1726.80,,0.54%
01/30/2012,1730.05,1738.05,1739.35,1716.69,,-0.51%
01/27/2012,1738.89,1720.49,1738.91,1714.80,,1.01%
01/26/2012,1721.50,1710.72,1730.62,1703.65,,0.56%
01/25/2012,1711.90,1665.69,1713.30,1649.19,,2.80%
01/24/2012,1665.20,1676.99,1679.89,1661.29,,-0.70%
01/23/2012,1677.00,1666.68,1681.66,1662.59,,0.61%
01/20/2012,1666.90,1657.79,1667.11,1644.69,,0.56%
01/19/2012,1657.60,1659.70,1670.15,1648.94,,-0.22%
01/18/2012,1661.25,1652.20,1662.50,1642.74,,0.58%
01/17/2012,1651.74,1643.84,1667.87,1641.45,,0.51%
01/16/2012,1643.40,1639.68,1647.35,1631.44,,0.25%
01/13/2012,1639.35,1650.66,1650.75,1626.06,,-0.65%
01/12/2012,1650.10,1640.64,1662.12,1640.39,,0.51%
01/11/2012,1641.80,1632.39,1647.40,1630.29,,0.63%
01/10/2012,1631.56,1611.57,1640.27,1608.62,,1.24%
01/09/2012,1611.50,1616.78,1623.69,1604.94,,-0.33%
01/06/2012,1616.85,1621.44,1630.56,1608.89,,-0.38%
01/05/2012,1623.00,1611.39,1625.86,1596.74,,0.66%
01/04/2012,1612.40,1602.75,1618.92,1593.10,,0.51%
01/03/2012,1604.14,1566.20,1607.45,1565.85,,2.42%
01/02/2012,1566.27,1566.61,1569.61,1565.37,,0.13%
12/30/2011,1564.30,1545.89,1581.26,1544.75,,1.14%
12/29/2011,1546.70,1556.39,1561.51,1522.64,,-0.41%
12/28/2011,1553.00,1593.75,1593.81,1550.10,,-2.50%
12/27/2011,1592.90,1607.51,1607.79,1589.75,,-0.80%
12/26/2011,1605.82,1607.51,1612.15,1597.86,,-0.05%
12/23/2011,1606.60,1606.75,1614.31,1603.15,,0.12%
12/22/2011,1604.70,1615.35,1617.36,1599.15,,-0.65%
12/21/2011,1615.15,1615.26,1642.36,1606.40,,-0.03%
12/20/2011,1615.65,1594.26,1619.12,1592.35,,1.35%
12/19/2011,1594.10,1599.35,1608.50,1583.44,,-0.24%
12/16/2011,1597.95,1570.24,1600.95,1568.86,,1.73%
12/15/2011,1570.70,1574.49,1594.26,1561.07,,-0.28%
12/14/2011,1575.10,1632.11,1641.89,1564.85,,-3.49%
12/13/2011,1632.10,1666.25,1678.30,1622.75,,-2.05%
12/12/2011,1666.30,1711.64,1715.05,1657.90,,-2.62%
12/09/2011,1711.10,1708.29,1724.30,1703.54,,0.13%
12/08/2011,1708.80,1742.00,1754.70,1704.51,,-1.91%
12/07/2011,1742.10,1728.46,1743.26,1720.65,,0.80%
12/06/2011,1728.20,1722.50,1733.46,1702.85,,0.38%
12/05/2011,1721.64,1746.15,1755.30,1718.44,,-1.35%
12/02/2011,1745.25,1745.16,1762.61,1738.15,,0.00%
12/01/2011,1745.25,1746.85,1754.86,1734.10,,-0.03%
11/30/2011,1745.70,1714.99,1750.23,1701.00,,1.69%
11/29/2011,1716.75,1712.05,1720.76,1704.11,,0.26%
11/28/2011,1712.30,1680.80,1720.49,1680.80,,1.91%
11/25/2011,1680.13,1694.85,1697.90,1672.09,,-0.86%
11/24/2011,1694.75,1692.39,1702.23,1687.69,,0.09%
11/23/2011,1693.30,1700.66,1710.77,1677.94,,-0.35%
11/22/2011,1699.20,1679.30,1705.80,1671.55,,1.09%
11/21/2011,1680.85,1723.30,1726.64,1666.54,,-2.45%
11/18/2011,1723.05,1722.29,1737.79,1711.34,,0.23%
11/17/2011,1719.10,1762.19,1767.16,1710.05,,-2.45%
11/16/2011,1762.35,1781.94,1784.14,1754.25,,-1.07%
11/15/2011,1781.40,1780.39,1785.85,1760.54,,0.02%
11/14/2011,1781.00,1788.14,1796.16,1773.59,,-0.45%
11/11/2011,1788.99,1759.64,1789.41,1746.05,,1.69%
11/10/2011,1759.20,1770.71,1775.85,1736.55,,-0.74%
11/09/2011,1772.24,1785.20,1799.64,1764.14,,-0.71%
11/08/2011,1785.00,1794.89,1803.10,1777.10,,-0.60%
11/07/2011,1795.86,1753.95,1798.69,1752.89,,2.38%
11/04/2011,1754.15,1763.26,1764.90,1750.00,,-0.51%
11/03/2011,1763.15,1736.50,1767.90,1722.84,,1.51%
11/02/2011,1737.00,1720.90,1745.89,1715.74,,0.97%
11/01/2011,1720.30,1716.05,1725.29,1683.74,,0.29%
10/31/2011,1715.25,1744.15,1746.50,1706.59,,-1.59%
10/28/2011,1742.95,1744.70,1752.85,1733.00,,-0.09%
10/27/2011,1744.45,1725.24,1750.11,1705.74,,1.08%
10/26/2011,1725.75,1707.19,1728.50,1696.70,,1.20%
10/25/2011,1705.35,1654.40,1710.80,1645.24,,3.19%
10/24/2011,1652.68,1641.99,1662.09,1635.60,,0.71%
10/21/2011,1641.02,1618.99,1648.59,1611.44,,1.35%
10/20/2011,1619.10,1643.44,1645.00,1603.99,,-1.38%
10/19/2011,1641.80,1654.75,1665.39,1639.40,,-0.81%
10/18/2011,1655.15,1671.20,1677.22,1627.20,,-0.93%
10/17/2011,1670.65,1683.29,1696.10,1666.44,,-0.55%
10/14/2011,1679.95,1667.30,1684.26,1661.50,,0.79%
10/13/2011,1666.70,1674.89,1684.39,1653.19,,-0.63%
10/12/2011,1677.20,1662.29,1692.10,1660.39,,0.85%
10/11/2011,1663.10,1676.45,1685.22,1654.46,,-0.74%
10/10/2011,1675.44,1654.14,1678.10,1638.09,,2.20%
10/07/2011,1639.45,1644.20,1666.55,1625.95,,-0.68%
10/06/2011,1650.63,1641.49,1655.65,1632.24,,0.59%
10/05/2011,1640.90,1624.69,1646.70,1597.25,,1.02%
10/04/2011,1624.30,1660.65,1678.86,1596.00,,-2.21%
10/03/2011,1660.95,1618.35,1664.46,1618.35,,2.29%
09/30/2011,1623.75,1615.99,1640.49,1607.19,,0.57%
09/29/2011,1614.55,1606.94,1634.09,1583.30,,0.36%
09/28/2011,1608.80,1650.25,1668.85,1598.70,,-2.49%
09/27/2011,1649.95,1624.79,1677.19,1614.91,,1.39%
09/26/2011,1627.35,1657.29,1662.99,1534.99,,-1.77%
09/23/2011,1656.59,1737.63,1756.01,1629.99,,-4.56%
09/22/2011,1735.83,1779.34,1786.19,1721.84,,-2.58%
09/21/2011,1781.79,1803.54,1816.76,1778.80,,-1.22%
09/20/2011,1803.75,1778.34,1811.40,1770.24,,1.41%
09/19/2011,1778.75,1818.50,1828.47,1770.70,,-1.83%
09/16/2011,1811.95,1788.45,1822.20,1763.05,,1.27%
09/15/2011,1789.14,1820.60,1826.49,1772.54,,-1.68%
09/14/2011,1819.70,1833.64,1844.89,1808.29,,-0.77%
09/13/2011,1833.80,1813.75,1843.70,1799.25,,1.11%
09/12/2011,1813.75,1857.66,1861.60,1801.09,,-2.37%
09/09/2011,1857.81,1868.76,1885.89,1824.94,,-0.59%
09/08/2011,1868.76,1816.96,1870.30,1812.99,,2.85%
09/07/2011,1816.96,1872.39,1880.61,1793.69,,-3.03%
09/06/2011,1873.72,1903.40,1921.11,1860.91,,-1.41%
09/05/2011,1900.49,1877.99,1904.20,1875.30,,0.86%
09/02/2011,1884.20,1824.84,1884.90,1824.00,,3.24%
09/01/2011,1825.05,1823.09,1830.60,1814.65,,0.07%
08/31/2011,1823.80,1835.39,1839.70,1812.89,,-0.63%
08/30/2011,1835.30,1787.96,1840.26,1784.05,,2.62%
08/29/2011,1788.45,1837.84,1839.24,1776.64,,-2.19%
08/26/2011,1828.55,1772.64,1829.15,1757.24,,3.21%
08/25/2011,1771.60,1750.35,1774.90,1703.45,,1.17%
08/24/2011,1751.05,1830.05,1854.11,1749.89,,-4.32%
08/23/2011,1830.15,1897.84,1911.96,1823.50,,-3.58%
08/22/2011,1898.10,1859.89,1901.19,1858.20,,2.46%
08/19/2011,1852.45,1824.35,1877.50,1821.35,,1.54%
08/18/2011,1824.35,1789.64,1829.00,1784.34,,2.00%
08/17/2011,1788.65,1786.75,1794.90,1779.39,,0.13%
08/16/2011,1786.30,1766.30,1788.20,1761.99,,1.18%
08/15/2011,1765.50,1746.25,1766.44,1728.01,,1.08%
08/12/2011,1746.60,1763.96,1768.30,1723.55,,-1.20%
08/11/2011,1767.90,1796.50,1815.79,1734.10,,-1.51%
08/10/2011,1795.00,1743.90,1797.36,1740.00,,2.93%
08/09/2011,1743.90,1717.35,1778.79,1714.75,,1.55%
08/08/2011,1717.35,1662.75,1720.49,1662.67,,3.14%
08/05/2011,1665.00,1648.40,1670.10,1642.40,,1.01%
08/04/2011,1648.40,1661.20,1682.17,1640.09,,-0.77%
08/03/2011,1661.20,1659.75,1673.15,1652.00,,0.09%
08/02/2011,1659.75,1620.32,1661.05,1616.29,,2.45%
08/01/2011,1620.10,1628.14,1633.66,1609.69,,-0.40%
07/29/2011,1626.64,1616.05,1632.80,1610.64,,0.61%
07/28/2011,1616.85,1613.50,1620.10,1603.40,,0.21%
07/27/2011,1613.50,1618.49,1628.50,1608.96,,-0.36%
07/26/2011,1619.30,1614.55,1620.49,1608.29,,0.29%
07/25/2011,1614.55,1599.28,1622.99,1599.28,,0.96%
07/22/2011,1599.25,1592.98,1609.01,1585.36,,0.59%
07/21/2011,1589.90,1598.58,1606.16,1586.59,,-0.76%
07/20/2011,1602.10,1589.85,1603.69,1583.00,,0.87%
07/19/2011,1588.35,1605.30,1610.01,1582.59,,-1.06%
07/18/2011,1605.40,1595.45,1609.01,1593.59,,0.71%
07/15/2011,1594.10,1588.75,1595.65,1577.81,,0.43%
07/14/2011,1587.25,1582.25,1594.66,1579.30,,0.32%
07/13/2011,1582.25,1566.95,1587.96,1564.35,,0.96%
07/12/2011,1567.20,1555.60,1574.96,1542.30,,0.84%
07/11/2011,1554.10,1544.05,1557.09,1541.90,,0.64%
07/08/2011,1544.25,1533.85,1547.30,1526.20,,0.76%
07/07/2011,1532.55,1530.10,1536.20,1524.81,,0.20%
07/06/2011,1529.50,1517.64,1535.45,1511.89,,0.87%
07/05/2011,1516.30,1496.05,1517.09,1493.00,,1.36%
07/04/2011,1495.95,1486.50,1497.06,1485.91,,0.64%
07/01/2011,1486.50,1502.84,1504.19,1480.01,,-0.91%
06/30/2011,1500.10,1512.05,1514.21,1498.70,,-0.79%
06/29/2011,1512.05,1501.80,1513.19,1500.50,,0.74%
06/28/2011,1501.00,1496.70,1506.56,1496.00,,0.27%
06/27/2011,1497.00,1500.50,1507.29,1492.30,,-0.34%
06/24/2011,1502.15,1522.70,1527.41,1500.41,,-1.23%
06/23/2011,1520.85,1549.29,1550.85,1514.70,,-1.74%
06/22/2011,1547.80,1548.45,1559.75,1543.10,,0.10%
06/21/2011,1546.20,1540.45,1548.40,1538.55,,0.37%
06/20/2011,1540.45,1538.90,1546.40,1533.24,,0.06%
06/17/2011,1539.50,1528.85,1542.15,1522.50,,0.70%
06/16/2011,1528.85,1530.09,1532.80,1522.40,,-0.12%
06/15/2011,1530.70,1523.75,1534.25,1514.36,,0.43%
06/14/2011,1524.10,1516.73,1527.80,1513.95,,0.59%
06/13/2011,1515.23,1530.50,1533.06,1511.61,,-1.09%
06/10/2011,1531.90,1545.60,1546.99,1527.74,,-0.81%
06/09/2011,1544.35,1538.80,1551.30,1534.90,,0.44%
06/08/2011,1537.55,1545.75,1548.09,1532.76,,-0.43%
06/07/2011,1544.25,1543.55,1550.50,1536.70,,0.02%
06/06/2011,1544.00,1544.59,1555.30,1542.20,,0.10%
06/03/2011,1542.50,1535.74,1547.46,1525.89,,0.56%
06/02/2011,1533.90,1542.49,1546.16,1521.60,,-0.44%
06/01/2011,1540.70,1535.15,1550.64,1529.55,,0.35%
05/31/2011,1535.35,1539.95,1542.50,1534.26,,-0.20%
05/30/2011,1538.45,1537.24,1540.00,1534.39,,0.12%
05/27/2011,1536.65,1523.59,1540.10,1520.00,,1.16%
05/26/2011,1519.05,1524.26,1531.70,1515.39,,-0.45%
05/25/2011,1525.95,1527.69,1534.10,1523.06,,-0.03%
05/24/2011,1526.40,1518.70,1529.45,1515.00,,0.61%
05/23/2011,1517.20,1512.60,1518.01,1504.05,,0.24%
05/20/2011,1513.55,1495.50,1517.55,1488.95,,1.34%
05/19/2011,1493.60,1498.30,1501.51,1488.40,,-0.23%
05/18/2011,1497.00,1486.30,1501.60,1486.30,,0.68%
05/17/2011,1486.85,1491.20,1499.60,1473.50,,-0.19%
05/16/2011,1489.70,1493.75,1504.90,1487.89,,-0.32%
05/13/2011,1494.55,1506.41,1516.93,1483.03,,-0.55%
05/12/2011,1502.85,1500.25,1508.30,1479.30,,0.17%
05/11/2011,1500.25,1513.25,1526.80,1496.15,,-1.02%
05/10/2011,1515.72,1513.03,1519.65,1506.17,,0.18%
05/09/2011,1513.05,1493.26,1514.31,1489.99,,1.19%
05/06/2011,1495.25,1474.65,1498.59,1471.05,,1.47%
05/05/2011,1473.65,1516.79,1523.69,1464.40,,-2.79%
05/04/2011,1515.95,1537.10,1543.46,1506.50,,-1.36%
05/03/2011,1536.83,1545.34,1551.80,1527.96,,-0.53%
05/02/2011,1545.00,1567.79,1576.29,1540.89,,-1.32%
04/29/2011,1565.60,1536.95,1571.30,1533.00,,1.96%
04/28/2011,1535.45,1527.51,1538.85,1524.25,,0.56%
04/27/2011,1526.90,1506.59,1530.40,1503.30,,1.32%
04/26/2011,1507.05,1505.94,1507.91,1493.00,,-0.01%
04/25/2011,1507.25,1511.45,1520.10,1503.70,,-0.06%
04/22/2011,1508.13,1507.35,1512.95,1502.15,,0.25%
04/21/2011,1504.35,1503.49,1510.75,1502.35,,0.13%
04/20/2011,1502.35,1497.30,1507.70,1495.16,,0.48%
04/19/2011,1495.10,1497.29,1501.31,1489.30,,-0.03%
04/18/2011,1495.51,1486.43,1497.64,1477.59,,0.61%
04/15/2011,1486.50,1476.79,1489.90,1473.20,,0.79%
04/14/2011,1474.90,1459.15,1477.30,1454.80,,1.18%
04/13/2011,1457.75,1452.49,1462.30,1450.96,,0.29%
04/12/2011,1453.60,1462.15,1467.50,1443.89,,-0.67%
04/11/2011,1463.40,1473.55,1476.61,1459.20,,-0.79%
04/08/2011,1475.10,1460.39,1476.85,1458.25,,1.14%
04/07/2011,1458.50,1460.70,1466.80,1454.09,,0.07%
04/06/2011,1457.50,1456.70,1462.41,1451.60,,0.44%
04/05/2011,1451.10,1437.05,1457.35,1430.10,,0.99%
04/04/2011,1436.94,1428.74,1438.94,1427.79,,0.60%
04/01/2011,1428.38,1432.59,1436.55,1413.05,,-0.25%
03/31/2011,1432.00,1424.85,1441.30,1422.25,,0.57%
03/30/2011,1423.88,1418.52,1430.50,1412.25,,0.36%
03/29/2011,1418.80,1422.20,1425.10,1412.85,,-0.13%
03/28/2011,1420.65,1427.85,1430.04,1411.95,,-0.63%
03/25/2011,1429.65,1432.80,1438.70,1422.79,,-0.10%
03/24/2011,1431.10,1439.29,1449.40,1425.20,,-0.49%
03/23/2011,1438.20,1429.49,1442.90,1427.61,,0.68%
03/22/2011,1428.55,1427.95,1428.74,1424.86,,0.11%
03/21/2011,1427.05,1426.46,1436.70,1425.19,,0.53%
03/18/2011,1419.55,1405.39,1425.70,1403.40,,1.08%
03/17/2011,1404.40,1401.99,1406.95,1388.25,,0.22%
03/16/2011,1401.30,1396.80,1408.35,1393.85,,0.38%
03/15/2011,1395.95,1429.49,1429.49,1382.90,,-2.29%
03/14/2011,1428.65,1422.09,1433.89,1419.79,,0.79%
03/11/2011,1417.40,1412.90,1424.55,1404.70,,0.28%
03/10/2011,1413.45,1429.45,1431.75,1403.12,,-1.12%
03/09/2011,1429.50,1428.59,1436.55,1423.31,,0.04%
03/08/2011,1428.89,1431.20,1437.16,1423.70,,-0.30%
03/07/2011,1433.17,1428.28,1445.03,1428.28,,0.27%
03/04/2011,1429.30,1416.09,1432.36,1413.41,,0.91%
03/03/2011,1416.40,1435.15,1436.55,1410.36,,-1.29%
03/02/2011,1434.95,1434.15,1440.50,1427.90,,0.08%
03/01/2011,1433.85,1410.94,1435.00,1409.35,,1.57%
02/28/2011,1411.65,1408.90,1416.60,1404.60,,0.17%
02/25/2011,1409.25,1402.06,1412.14,1399.54,,0.64%
02/24/2011,1400.25,1411.97,1418.42,1392.00,,-0.72%
02/23/2011,1410.45,1399.66,1416.80,1395.70,,0.88%
02/22/2011,1398.15,1406.56,1411.26,1393.14,,-0.59%
02/21/2011,1406.45,1388.45,1408.70,1388.45,,1.38%
02/18/2011,1387.30,1383.74,1392.15,1382.00,,0.26%
02/17/2011,1383.67,1374.53,1385.28,1374.43,,0.62%
02/16/2011,1375.11,1373.45,1382.29,1368.45,,0.12%
02/15/2011,1373.40,1362.02,1376.85,1360.85,,0.81%
02/14/2011,1362.31,1359.36,1367.15,1354.45,,0.46%
02/11/2011,1356.10,1363.51,1368.51,1353.99,,-0.43%
02/10/2011,1362.01,1363.41,1366.57,1350.78,,-0.07%
02/09/2011,1362.95,1364.14,1367.40,1358.36,,-0.08%
02/08/2011,1364.00,1350.65,1368.18,1348.45,,1.10%
02/07/2011,1349.10,1348.15,1353.40,1343.13,,-0.01%
02/04/2011,1349.25,1353.80,1358.43,1345.30,,-0.29%
02/03/2011,1353.20,1336.35,1356.15,1325.14,,1.23%
02/02/2011,1336.80,1340.89,1343.79,1326.80,,-0.28%
02/01/2011,1340.60,1332.15,1343.60,1325.65,,0.63%
01/31/2011,1332.19,1336.93,1346.18,1323.29,,-0.24%
01/28/2011,1335.35,1312.95,1347.21,1308.56,,1.82%
01/27/2011,1311.49,1346.74,1341.64,1309.09,,-2.56%
01/26/2011,1345.89,1333.11,1346.76,1325.06,,0.91%
01/25/2011,1333.75,1334.49,1338.75,1323.05,,-0.07%
01/24/2011,1334.70,1343.25,1353.40,1333.85,,-0.58%
01/21/2011,1342.51,1345.91,1350.70,1337.95,,-0.25%
01/20/2011,1345.85,1370.35,1371.55,1343.00,,-1.78%
01/19/2011,1370.20,1368.10,1379.16,1365.70,,0.18%
01/18/2011,1367.76,1361.45,1376.61,1360.01,,0.37%
01/17/2011,1362.78,1359.53,1366.22,1357.47,,0.07%
01/14/2011,1361.85,1373.35,1378.35,1355.49,,-0.91%
01/13/2011,1374.36,1388.16,1393.61,1370.17,,-0.88%
01/12/2011,1386.50,1381.00,1389.40,1376.65,,0.29%
01/11/2011,1382.45,1374.90,1386.96,1372.90,,0.54%
01/10/2011,1375.05,1369.30,1376.50,1365.64,,0.40%
01/07/2011,1369.60,1372.10,1379.74,1353.30,,-0.13%
01/06/2011,1371.40,1377.95,1380.20,1364.95,,-0.44%
01/05/2011,1377.48,1380.94,1385.73,1364.48,,-0.23%
01/04/2011,1380.60,1414.38,1417.59,1372.38,,-2.38%
01/03/2011,1414.30,1421.30,1424.07,1412.24,,-0.50%
12/31/2010,1421.45,1406.15,1423.15,1405.25,,1.21%
12/30/2010,1404.45,1411.35,1414.95,1402.55,,-0.46%
12/29/2010,1410.95,1405.96,1414.35,1400.75,,0.32%
12/28/2010,1406.39,1383.95,1407.15,1382.45,,1.61%
12/27/2010,1384.10,1384.75,1386.70,1372.75,,-0.05%
12/24/2010,1384.75,1380.55,1386.14,1378.82,,0.32%
12/23/2010,1380.35,1385.05,1388.96,1372.61,,-0.34%
12/22/2010,1385.00,1385.75,1391.20,1382.04,,-0.05%
12/21/2010,1385.74,1385.26,1392.39,1381.16,,0.08%
12/20/2010,1384.65,1376.80,1388.45,1376.24,,0.67%
12/17/2010,1375.41,1371.51,1379.36,1365.05,,0.42%
12/16/2010,1369.70,1380.80,1386.75,1361.75,,-0.73%
12/15/2010,1379.80,1396.05,1397.40,1377.39,,-1.18%
12/14/2010,1396.25,1393.40,1408.10,1392.05,,0.18%
12/13/2010,1393.76,1383.76,1399.44,1380.55,,0.56%
12/10/2010,1386.05,1387.80,1392.55,1372.30,,-0.11%
12/09/2010,1387.64,1382.05,1394.54,1379.68,,0.40%
12/08/2010,1382.10,1401.19,1404.42,1371.85,,-1.41%
12/07/2010,1401.89,1423.45,1431.45,1396.49,,-1.52%
12/06/2010,1423.55,1415.56,1427.51,1409.15,,0.60%
12/03/2010,1415.05,1385.36,1415.91,1383.55,,2.20%
12/02/2010,1384.65,1387.69,1398.60,1382.95,,-0.18%
12/01/2010,1387.10,1385.70,1397.11,1382.15,,0.16%
11/30/2010,1384.85,1368.40,1390.15,1363.04,,1.20%
11/29/2010,1368.37,1364.30,1371.13,1354.97,,0.29%
11/26/2010,1364.42,1374.49,1375.16,1350.64,,-0.74%
11/25/2010,1374.62,1373.55,1375.40,1368.25,,-0.02%
11/24/2010,1374.90,1377.00,1381.70,1369.60,,-0.17%
11/23/2010,1377.20,1366.40,1382.40,1356.35,,0.79%
11/22/2010,1366.35,1354.70,1368.11,1348.55,,0.95%
11/19/2010,1353.50,1350.49,1363.29,1341.90,,-0.03%
11/18/2010,1353.85,1336.00,1359.55,1335.59,,1.24%
11/17/2010,1337.25,1340.00,1345.20,1331.30,,-0.27%
11/16/2010,1340.85,1360.40,1364.85,1329.85,,-1.37%
11/15/2010,1359.49,1366.95,1377.16,1355.59,,-0.69%
11/12/2010,1368.95,1409.90,1410.61,1360.26,,-2.87%
11/11/2010,1409.35,1403.30,1418.25,1396.95,,0.40%
11/10/2010,1403.75,1392.70,1410.80,1384.25,,0.92%
11/09/2010,1390.95,1410.41,1425.36,1383.74,,-1.31%
11/08/2010,1409.45,1394.90,1410.70,1387.14,,1.12%
11/05/2010,1393.90,1392.69,1398.35,1374.15,,0.08%
11/04/2010,1392.75,1348.09,1393.66,1346.75,,3.27%
11/03/2010,1348.65,1357.96,1365.25,1324.64,,-0.65%
11/02/2010,1357.50,1351.25,1359.95,1350.70,,0.43%
11/01/2010,1351.75,1361.19,1366.49,1349.80,,-0.57%
10/29/2010,1359.55,1344.09,1359.95,1335.56,,1.13%
10/28/2010,1344.35,1325.59,1346.50,1323.55,,1.44%
10/27/2010,1325.30,1339.65,1344.00,1319.24,,-1.09%
10/26/2010,1339.90,1339.45,1343.90,1328.41,,-0.04%
10/25/2010,1340.45,1331.89,1350.20,1331.80,,0.92%
10/22/2010,1328.20,1326.05,1329.35,1316.09,,0.20%
10/21/2010,1325.50,1346.10,1350.05,1318.74,,-1.55%
10/20/2010,1346.35,1334.80,1348.20,1330.80,,0.82%
10/19/2010,1335.45,1369.40,1372.05,1329.30,,-2.51%
10/18/2010,1369.80,1371.00,1375.30,1353.05,,0.05%
10/15/2010,1369.15,1380.85,1386.25,1363.20,,-0.88%
10/14/2010,1381.30,1372.70,1388.10,1371.25,,0.67%
10/13/2010,1372.10,1350.65,1375.15,1349.40,,1.59%
10/12/2010,1350.60,1354.50,1356.30,1341.45,,-0.25%
10/11/2010,1353.95,1346.40,1356.15,1340.85,,0.53%
10/08/2010,1346.80,1332.90,1350.20,1325.35,,0.98%
10/07/2010,1333.70,1349.65,1365.60,1326.55,,-1.16%
10/06/2010,1349.40,1341.00,1350.80,1339.65,,0.65%
10/05/2010,1340.75,1314.00,1342.20,1312.25,,1.94%
10/04/2010,1315.25,1318.40,1321.00,1313.25,,-0.27%
10/01/2010,1318.80,1310.55,1322.30,1307.10,,0.71%
09/30/2010,1309.50,1310.35,1316.80,1296.90,,-0.03%
09/29/2010,1309.90,1309.00,1314.20,1306.15,,0.06%
09/28/2010,1309.10,1295.30,1311.10,1283.60,,1.09%
09/27/2010,1295.00,1298.50,1301.00,1293.50,,-0.15%
09/24/2010,1296.95,1292.90,1300.95,1292.30,,0.34%
09/23/2010,1292.55,1292.40,1297.35,1288.25,,0.09%
09/22/2010,1291.35,1286.60,1296.60,1285.80,,0.34%
09/21/2010,1286.95,1279.15,1292.70,1271.85,,0.67%
09/20/2010,1278.35,1277.40,1285.20,1275.50,,0.27%
09/17/2010,1274.90,1276.00,1284.25,1273.10,,-0.05%
09/16/2010,1275.55,1268.10,1278.70,1265.65,,0.59%
09/15/2010,1268.05,1268.10,1272.35,1263.45,,-0.06%
09/14/2010,1268.85,1245.00,1275.25,1244.50,,1.88%
09/13/2010,1245.45,1245.90,1249.70,1241.45,,-0.08%
09/10/2010,1246.45,1244.30,1251.65,1237.05,,0.19%
09/09/2010,1244.10,1253.45,1259.30,1242.70,,-0.88%
09/08/2010,1255.20,1254.55,1262.75,1253.50,,-0.02%
09/07/2010,1255.40,1248.55,1260.30,1244.50,,0.43%
09/06/2010,1250.05,1248.60,1251.45,1247.05,,0.24%
09/03/2010,1247.10,1252.40,1255.10,1237.00,,-0.33%
09/02/2010,1251.25,1244.30,1253.80,1243.50,,0.55%
09/01/2010,1244.35,1248.00,1255.15,1242.75,,-0.26%
08/31/2010,1247.65,1236.95,1251.90,1233.75,,0.88%
08/30/2010,1236.80,1237.00,1238.80,1233.80,,-0.11%
08/27/2010,1238.20,1236.94,1244.25,1233.75,,0.17%
08/26/2010,1236.05,1240.55,1246.00,1235.85,,-0.33%
08/25/2010,1240.10,1229.65,1242.35,1229.65,,0.84%
08/24/2010,1229.75,1225.70,1236.00,1210.60,,0.35%
08/23/2010,1225.40,1229.10,1233.85,1223.65,,-0.22%
08/20/2010,1228.05,1230.70,1233.05,1222.25,,-0.33%
08/19/2010,1232.10,1230.60,1239.15,1229.30,,0.21%
08/18/2010,1229.55,1225.30,1233.35,1218.40,,0.38%
08/17/2010,1224.90,1224.90,1230.45,1224.10,,0.00%
08/16/2010,1224.85,1214.55,1229.15,1214.55,,0.77%
08/13/2010,1215.55,1214.05,1219.35,1212.55,,0.19%
08/12/2010,1213.20,1198.40,1217.25,1197.85,,1.29%
08/11/2010,1197.75,1204.25,1209.75,1194.15,,-0.51%
08/10/2010,1203.85,1201.10,1208.05,1191.50,,0.20%
08/09/2010,1201.40,1204.85,1210.55,1199.90,,-0.32%
08/06/2010,1205.30,1194.70,1213.61,1193.10,,0.85%
08/05/2010,1195.10,1195.35,1200.55,1190.65,,-0.05%
08/04/2010,1195.75,1185.70,1203.35,1184.40,,0.85%
08/03/2010,1185.70,1181.65,1191.35,1179.75,,0.33%
08/02/2010,1181.85,1181.45,1191.40,1175.50,,0.08%
07/30/2010,1180.90,1167.35,1183.95,1166.00,,1.20%
07/29/2010,1166.93,1163.50,1169.80,1159.65,,0.29%
07/28/2010,1163.55,1162.50,1166.35,1157.40,,0.11%
07/27/2010,1162.30,1181.90,1187.75,1158.15,,-1.71%
07/26/2010,1182.50,1189.25,1195.30,1179.65,,-0.56%
07/23/2010,1189.10,1195.05,1203.95,1183.81,,-0.49%
07/22/2010,1194.95,1184.90,1200.60,1181.05,,0.75%
07/21/2010,1186.00,1191.40,1198.05,1183.35,,-0.53%
07/20/2010,1192.30,1184.65,1194.30,1175.85,,0.73%
07/19/2010,1183.70,1193.20,1195.10,1177.65,,-0.83%
07/16/2010,1193.65,1208.90,1211.00,1186.35,,-1.23%
07/15/2010,1208.55,1209.05,1217.95,1204.55,,0.00%
07/14/2010,1208.50,1211.75,1218.85,1203.16,,-0.26%
07/13/2010,1211.65,1195.30,1218.60,1195.30,,1.24%
07/12/2010,1196.85,1212.15,1214.00,1196.85,,-1.25%
07/09/2010,1212.00,1197.35,1213.85,1194.70,,1.13%
07/08/2010,1198.45,1203.00,1209.70,1189.35,,-0.32%
07/07/2010,1202.35,1191.95,1204.25,1185.55,,0.68%
07/06/2010,1194.25,1209.40,1215.25,1191.30,,-1.22%
07/05/2010,1208.95,1211.10,1215.35,1206.55,,-0.22%
07/02/2010,1211.60,1197.00,1223.35,1197.00,,1.00%
07/01/2010,1199.65,1242.65,1244.50,1197.30,,-3.44%
06/30/2010,1242.35,1239.40,1248.55,1235.45,,0.11%
06/29/2010,1240.95,1237.10,1245.30,1227.35,,0.23%
06/28/2010,1238.05,1253.75,1263.45,1236.42,,-1.39%
06/25/2010,1255.50,1243.45,1258.65,1241.35,,0.88%
06/24/2010,1244.55,1235.00,1248.35,1228.25,,0.59%
06/23/2010,1237.20,1238.75,1247.10,1225.30,,-0.19%
06/22/2010,1239.50,1231.65,1243.10,1231.65,,0.60%
06/21/2010,1232.15,1259.10,1265.40,1230.95,,-2.00%
06/18/2010,1257.35,1245.30,1262.90,1242.00,,0.96%
06/17/2010,1245.35,1230.50,1251.65,1229.90,,1.12%
06/16/2010,1231.60,1233.95,1238.65,1227.80,,-0.23%
06/15/2010,1234.45,1221.30,1237.35,1220.30,,1.01%
06/14/2010,1222.15,1226.45,1235.00,1217.05,,-0.43%
06/11/2010,1227.40,1216.75,1231.70,1216.75,,0.79%
06/10/2010,1217.80,1231.25,1234.25,1215.15,,-1.18%
06/09/2010,1232.35,1235.10,1242.50,1223.75,,-0.27%
06/08/2010,1235.63,1240.65,1252.20,1233.85,,-0.36%
06/07/2010,1240.05,1219.15,1245.35,1211.15,,1.64%
06/04/2010,1220.00,1206.58,1220.70,1197.65,,0.99%
06/03/2010,1208.05,1223.20,1224.95,1201.15,,-1.29%
06/02/2010,1223.85,1225.60,1227.95,1214.65,,-0.12%
06/01/2010,1225.30,1216.10,1231.20,1215.05,,0.75%
05/31/2010,1216.21,1212.05,1218.30,1210.20,,0.12%
05/28/2010,1214.81,1211.45,1216.15,1203.01,,0.22%
05/27/2010,1212.10,1212.15,1219.35,1206.60,,0.10%
05/26/2010,1210.90,1202.55,1217.21,1201.10,,0.82%
05/25/2010,1201.10,1191.40,1204.95,1185.90,,0.76%
05/24/2010,1192.05,1176.93,1197.00,1176.48,,1.27%
05/21/2010,1177.15,1182.30,1189.35,1168.50,,-0.50%
05/20/2010,1183.10,1192.65,1198.80,1175.35,,-0.73%
05/19/2010,1191.75,1223.90,1228.10,1187.62,,-2.45%
05/18/2010,1221.70,1222.30,1229.85,1207.35,,-0.17%
05/17/2010,1223.75,1231.50,1243.10,1219.45,,-0.75%
05/14/2010,1233.05,1232.45,1249.45,1219.55,,0.06%
05/13/2010,1232.33,1235.20,1243.35,1227.95,,-0.41%
05/12/2010,1237.35,1231.00,1249.15,1227.40,,0.39%
05/11/2010,1232.55,1200.70,1234.15,1200.70,,2.51%
05/10/2010,1202.40,1202.35,1206.00,1184.35,,-0.49%
05/07/2010,1208.30,1207.25,1213.85,1193.15,,-0.04%
05/06/2010,1208.75,1176.10,1211.35,1173.35,,2.85%
05/05/2010,1175.20,1171.75,1177.31,1158.20,,0.30%
05/04/2010,1171.65,1181.75,1192.40,1167.16,,-0.91%
05/03/2010,1182.40,1179.00,1187.91,1176.30,,0.27%
04/30/2010,1179.25,1168.70,1182.05,1161.88,,1.04%
04/29/2010,1167.10,1164.95,1171.75,1162.55,,0.14%
04/28/2010,1165.45,1168.03,1174.68,1160.65,,-0.64%
04/27/2010,1172.93,1153.78,1172.93,1146.55,,1.56%
04/26/2010,1154.88,1156.50,1160.23,1151.05,,-0.22%
04/23/2010,1157.40,1141.50,1158.00,1135.45,,1.40%
04/22/2010,1141.45,1145.75,1149.50,1132.15,,-0.42%
04/21/2010,1146.30,1140.20,1150.90,1138.25,,0.51%
04/20/2010,1140.50,1135.70,1146.30,1133.45,,0.43%
04/19/2010,1135.60,1134.65,1138.45,1124.15,,-0.16%
04/16/2010,1137.45,1158.80,1160.45,1130.65,,-1.86%
04/15/2010,1158.95,1155.30,1162.30,1150.85,,0.35%
04/14/2010,1154.90,1151.30,1162.60,1150.80,,0.33%
04/13/2010,1151.15,1155.55,1157.90,1145.75,,-0.07%
04/12/2010,1152.00,1165.69,1169.19,1152.00,,-0.77%
04/09/2010,1160.90,1150.95,1165.35,1149.70,,0.85%
04/08/2010,1151.15,1149.45,1154.65,1144.40,,0.27%
04/07/2010,1148.00,1134.15,1153.25,1132.80,,1.22%
04/06/2010,1134.20,1130.65,1138.90,1123.00,,0.31%
04/05/2010,1130.70,1125.10,1134.20,1119.20,,0.91%
04/02/2010,1120.50,1125.00,1125.00,1120.00,,-0.53%
04/01/2010,1126.50,1113.40,1128.75,1112.35,,1.14%
03/31/2010,1113.80,1103.70,1118.90,1102.45,,0.92%
03/30/2010,1103.60,1110.25,1114.15,1102.45,,-0.50%
03/29/2010,1109.20,1110.55,1115.45,1104.35,,0.23%
03/26/2010,1106.60,1089.55,1110.65,1088.85,,1.40%
03/25/2010,1091.35,1086.50,1095.95,1085.45,,0.35%
03/24/2010,1087.50,1101.75,1105.40,1085.35,,-1.37%
03/23/2010,1102.65,1102.45,1108.05,1094.80,,0.03%
03/22/2010,1102.30,1107.40,1108.85,1092.75,,-0.47%
03/19/2010,1107.55,1125.95,1127.50,1101.95,,-1.63%
03/18/2010,1125.95,1124.00,1129.55,1118.40,,0.08%
03/17/2010,1125.05,1126.10,1133.80,1118.85,,-0.06%
03/16/2010,1125.70,1109.45,1129.45,1109.05,,1.50%
03/15/2010,1109.10,1100.50,1109.80,1100.35,,0.60%
03/12/2010,1102.45,1109.65,1119.45,1098.65,,-0.63%
03/11/2010,1109.45,1108.35,1111.65,1100.44,,0.11%
03/10/2010,1108.20,1121.65,1128.15,1103.25,,-1.06%
03/09/2010,1120.10,1123.30,1124.70,1108.95,,-0.20%
03/08/2010,1122.40,1135.70,1137.80,1118.55,,-0.85%
03/05/2010,1132.05,1131.80,1140.70,1127.00,,0.00%
03/04/2010,1132.00,1139.80,1141.60,1126.10,,-0.66%
03/03/2010,1139.50,1134.85,1145.00,1132.40,,0.43%
03/02/2010,1134.65,1118.75,1137.75,1115.10,,1.55%
03/01/2010,1117.35,1116.55,1123.70,1112.05,,0.08%
02/26/2010,1116.50,1105.00,1119.20,1104.40,,0.94%
02/25/2010,1106.10,1097.60,1109.15,1088.60,,0.88%
02/24/2010,1096.40,1103.40,1108.35,1089.85,,-0.51%
02/23/2010,1102.05,1113.80,1121.20,1099.35,,-1.05%
02/22/2010,1113.70,1124.90,1131.05,1109.70,,-0.46%
02/19/2010,1118.85,1111.30,1126.95,1098.95,,-0.45%
02/18/2010,1123.90,1106.35,1124.05,1098.20,,0.78%
02/17/2010,1115.20,1119.25,1127.25,1111.70,,-0.42%
02/16/2010,1119.95,1099.60,1121.20,1097.85,,1.72%
02/15/2010,1101.00,1092.85,1102.65,1092.00,,0.70%
02/12/2010,1093.40,1096.70,1097.35,1078.55,,-0.18%
02/11/2010,1095.35,1072.00,1098.15,1071.35,,2.10%
02/10/2010,1072.85,1077.45,1082.50,1063.50,,-0.41%
02/09/2010,1077.30,1062.95,1083.45,1061.80,,1.27%
02/08/2010,1063.75,1067.40,1073.90,1061.90,,-0.16%
02/05/2010,1065.45,1063.15,1069.15,1044.25,,0.19%
02/04/2010,1063.45,1109.30,1111.10,1059.50,,-4.16%
02/03/2010,1109.65,1114.40,1124.85,1107.20,,-0.50%
02/02/2010,1115.20,1105.80,1118.35,1099.00,,0.71%
02/01/2010,1107.35,1080.10,1107.90,1076.80,,2.39%
01/29/2010,1081.55,1087.20,1090.60,1074.85,,-0.44%
01/28/2010,1086.30,1087.80,1096.35,1074.15,,-0.05%
01/27/2010,1086.85,1097.70,1102.70,1083.65,,-1.02%
01/26/2010,1098.05,1098.40,1103.55,1085.80,,-0.02%
01/25/2010,1098.25,1091.05,1104.20,1091.05,,0.48%
01/22/2010,1093.00,1094.65,1099.15,1082.30,,-0.20%
01/21/2010,1095.15,1111.65,1117.85,1088.70,,-1.49%
01/20/2010,1111.70,1138.50,1141.60,1107.40,,-2.32%
01/19/2010,1138.10,1132.05,1140.80,1129.00,,0.45%
01/18/2010,1133.00,1129.40,1137.55,1126.75,,0.19%
01/15/2010,1130.90,1143.10,1146.60,1127.50,,-1.08%
01/14/2010,1143.25,1137.95,1146.65,1131.15,,0.39%
01/13/2010,1138.80,1128.50,1138.85,1119.75,,0.98%
01/12/2010,1127.70,1151.55,1158.40,1125.35,,-2.19%
01/11/2010,1153.00,1137.20,1161.90,1137.20,,1.44%
01/08/2010,1136.60,1131.85,1139.80,1119.95,,0.38%
01/07/2010,1132.30,1138.20,1139.15,1128.60,,-0.58%
01/06/2010,1138.90,1118.40,1140.60,1116.00,,1.77%
01/05/2010,1119.05,1121.30,1128.10,1115.25,,-0.12%
01/04/2010,1120.40,1096.25,1123.80,1093.45,,2.10%
01/01/2010,1097.35,1097.25,1097.90,1097.05,,0.10%
12/31/2009,1096.20,1093.15,1107.10,1092.10,,0.39%
12/30/2009,1091.95,1097.25,1098.05,1086.30,,-0.54%
12/29/2009,1097.85,1106.20,1108.70,1096.75,,-0.81%
12/28/2009,1106.85,1106.95,1114.00,1101.75,,0.21%
12/25/2009,1104.50,1104.00,1104.50,1104.00,,-0.09%
12/24/2009,1105.45,1087.90,1106.65,1087.25,,1.68%
12/23/2009,1087.20,1084.10,1096.05,1079.60,,0.32%
12/22/2009,1083.75,1093.25,1097.60,1074.60,,-0.76%
12/21/2009,1092.10,1111.45,1119.10,1090.25,,-1.83%
12/18/2009,1112.50,1098.00,1117.00,1096.05,,1.30%
12/17/2009,1098.25,1138.30,1141.90,1094.90,,-3.49%
12/16/2009,1137.95,1124.85,1141.10,1121.40,,1.20%
12/15/2009,1124.50,1126.75,1129.30,1111.70,,0.00%
12/14/2009,1124.55,1113.80,1127.90,1110.25,,0.87%
12/11/2009,1114.90,1130.60,1142.30,1109.50,,-1.51%
12/10/2009,1132.05,1129.10,1137.00,1121.70,,0.30%
12/09/2009,1128.70,1129.75,1146.80,1117.20,,-0.12%
12/08/2009,1130.05,1157.25,1168.90,1125.55,,-2.44%
12/07/2009,1158.30,1160.45,1164.95,1136.20,,-0.29%
12/04/2009,1161.70,1207.70,1212.60,1147.75,,-4.07%
12/03/2009,1211.00,1216.15,1226.50,1204.30,,-0.33%
12/02/2009,1214.95,1196.25,1217.15,1195.00,,1.44%
12/01/2009,1197.70,1179.65,1201.80,1175.45,,1.60%
11/30/2009,1178.85,1176.60,1182.00,1163.40,,0.10%
11/27/2009,1177.70,1191.90,1192.20,1137.80,,-1.29%
11/26/2009,1193.10,1190.85,1195.40,1180.40,,0.26%
11/25/2009,1190.05,1169.25,1192.00,1167.05,,1.74%
11/24/2009,1169.70,1165.85,1171.50,1157.75,,0.38%
11/23/2009,1165.25,1151.20,1173.90,1150.85,,1.33%
11/20/2009,1149.95,1143.95,1151.30,1132.80,,0.51%
11/19/2009,1144.10,1145.15,1146.15,1129.90,,-0.05%
11/18/2009,1144.65,1141.45,1153.15,1135.90,,0.32%
11/17/2009,1141.05,1139.60,1141.95,1127.95,,0.06%
11/16/2009,1140.35,1118.30,1143.65,1118.30,,1.89%
11/13/2009,1119.20,1103.75,1119.35,1101.20,,1.40%
11/12/2009,1103.80,1117.70,1123.25,1102.70,,-1.28%
11/11/2009,1118.15,1105.65,1118.75,1105.15,,1.14%
11/10/2009,1105.60,1104.30,1109.70,1097.10,,0.14%
11/09/2009,1104.05,1097.41,1111.25,1095.80,,0.82%
11/06/2009,1095.05,1089.85,1101.30,1086.70,,0.38%
11/05/2009,1090.95,1092.85,1094.35,1083.90,,-0.15%
11/04/2009,1092.60,1084.85,1097.65,1079.90,,0.77%
11/03/2009,1084.25,1059.85,1087.85,1055.40,,2.36%
11/02/2009,1059.25,1044.30,1063.10,1040.65,,1.37%
10/30/2009,1044.90,1045.80,1049.15,1035.35,,-0.06%
10/29/2009,1045.55,1028.25,1048.50,1026.75,,1.72%
10/28/2009,1027.85,1039.50,1042.60,1027.35,,-1.15%
10/27/2009,1039.80,1037.90,1044.50,1033.25,,0.16%
10/26/2009,1038.10,1054.30,1060.10,1037.95,,-1.60%
10/23/2009,1054.95,1059.90,1067.80,1050.55,,-0.51%
10/22/2009,1060.40,1057.90,1061.75,1051.80,,0.10%
10/21/2009,1059.35,1054.90,1065.10,1047.80,,0.41%
10/20/2009,1055.00,1064.50,1068.10,1052.00,,-0.82%
10/19/2009,1063.70,1052.65,1065.50,1048.50,,0.99%
10/16/2009,1053.25,1050.55,1057.70,1043.90,,0.23%
10/15/2009,1050.85,1062.80,1066.50,1047.20,,-1.14%
10/14/2009,1062.95,1064.90,1071.40,1056.50,,-0.13%
10/13/2009,1064.35,1054.40,1069.30,1051.90,,0.77%
10/12/2009,1056.25,1049.00,1059.75,1047.90,,0.67%
10/09/2009,1049.25,1056.00,1056.00,1044.30,,-0.55%
10/08/2009,1055.00,1044.85,1062.20,1043.50,,0.99%
10/07/2009,1044.70,1041.35,1049.20,1037.30,,0.27%
10/06/2009,1041.85,1017.00,1044.45,1015.74,,2.37%
10/05/2009,1017.75,1001.80,1018.45,1001.55,,1.54%
10/02/2009,1002.35,998.60,1008.20,987.20,,0.29%
10/01/2009,999.50,1007.20,1010.40,998.40,,-0.81%
09/30/2009,1007.70,992.20,1009.95,992.20,,1.56%
09/29/2009,992.20,991.35,996.70,985.90,,0.13%
09/28/2009,990.95,993.00,997.50,986.60,,-0.08%
09/25/2009,991.75,993.65,999.30,985.10,,-0.30%
09/24/2009,994.75,1007.35,1019.50,991.20,,-1.36%
09/23/2009,1008.45,1013.85,1018.35,1005.90,,-0.63%
09/22/2009,1014.80,1003.60,1020.50,1002.90,,1.12%
09/21/2009,1003.55,1005.45,1007.60,996.50,,-0.36%
09/18/2009,1007.15,1013.50,1018.55,1006.90,,-0.52%
09/17/2009,1012.45,1017.25,1024.85,1010.60,,-0.52%
09/16/2009,1017.70,1007.10,1021.50,1006.90,,1.07%
09/15/2009,1006.90,999.35,1010.50,992.90,,0.67%
09/14/2009,1000.15,1005.35,1009.70,993.90,,-0.57%
09/11/2009,1005.85,996.00,1012.55,995.40,,0.94%
09/10/2009,996.50,992.05,998.90,983.10,,0.39%
09/09/2009,992.65,996.80,1003.95,987.95,,-0.41%
09/08/2009,996.70,995.50,1008.95,994.05,,0.14%
09/07/2009,995.35,994.40,997.85,992.15,,0.10%
09/04/2009,994.40,992.30,997.30,986.10,,0.28%
09/03/2009,991.60,977.55,998.20,975.20,,1.40%
09/02/2009,977.90,956.65,981.10,952.45,,2.15%
09/01/2009,957.35,950.55,958.00,947.00,,0.65%
08/31/2009,951.15,956.15,961.85,945.30,,-0.50%
08/28/2009,955.95,948.70,962.00,948.70,,0.81%
08/27/2009,948.25,945.00,951.45,942.10,,0.28%
08/26/2009,945.60,943.80,950.35,939.80,,0.06%
08/25/2009,945.05,943.25,955.70,941.65,,0.23%
08/24/2009,942.90,952.40,957.20,939.80,,-1.18%
08/21/2009,954.15,940.00,958.65,938.60,,1.41%
08/20/2009,940.85,943.30,947.10,938.60,,-0.13%
08/19/2009,942.05,937.75,945.30,932.40,,0.35%
08/18/2009,938.80,934.15,941.50,934.15,,0.48%
08/17/2009,934.30,947.50,949.35,931.20,,-1.38%
08/14/2009,947.35,955.05,960.50,944.40,,-0.80%
08/13/2009,955.00,948.05,962.05,948.05,,0.76%
08/12/2009,947.75,946.50,953.40,940.90,,0.18%
08/11/2009,946.05,946.40,950.95,943.00,,-0.01%
08/10/2009,946.15,954.75,958.10,943.50,,-0.92%
08/07/2009,954.90,963.65,965.70,954.20,,-0.86%
08/06/2009,963.15,963.30,972.25,956.85,,0.02%
08/05/2009,962.95,967.80,968.75,959.55,,-0.50%
08/04/2009,967.75,957.50,971.05,951.85,,1.18%
08/03/2009,956.50,953.30,963.10,952.20,,0.18%
07/31/2009,954.75,934.60,957.20,932.60,,2.19%
07/30/2009,934.30,929.95,937.80,929.00,,0.46%
07/29/2009,930.00,937.90,941.70,926.10,,-0.82%
07/28/2009,937.65,953.40,957.40,934.70,,-1.68%
07/27/2009,953.65,951.80,959.70,948.20,,0.24%
07/24/2009,951.35,947.70,954.90,946.95,,0.34%
07/23/2009,948.15,952.75,958.10,948.10,,-0.34%
07/22/2009,951.40,949.00,955.40,945.50,,0.24%
07/21/2009,949.15,950.00,954.40,945.10,,-0.02%
07/20/2009,949.35,938.30,955.90,937.65,,1.24%
07/17/2009,937.70,937.70,940.70,932.60,,0.04%
07/16/2009,937.35,940.00,941.05,933.40,,-0.22%
07/15/2009,939.45,925.95,942.95,925.30,,1.50%
07/14/2009,925.60,921.30,928.25,918.60,,0.50%
07/13/2009,921.00,912.10,924.10,908.40,,0.86%
07/10/2009,913.15,912.30,916.10,907.80,,0.08%
07/09/2009,912.45,909.35,919.30,907.10,,0.33%
07/08/2009,909.45,923.95,925.90,906.00,,-1.61%
07/07/2009,924.30,924.60,932.55,922.05,,-0.08%
07/06/2009,925.00,932.55,933.10,921.10,,-0.80%
07/03/2009,932.50,928.85,934.90,927.90,,0.31%
07/02/2009,929.65,940.80,942.05,927.10,,-1.18%
07/01/2009,940.75,925.80,946.75,925.75,,1.50%
06/30/2009,926.85,937.60,945.70,923.60,,-1.19%
06/29/2009,938.05,940.60,943.50,934.40,,-0.11%
06/26/2009,939.05,938.65,948.70,936.30,,-0.01%
06/25/2009,939.15,930.90,940.10,929.90,,0.76%
06/24/2009,932.10,926.10,943.20,923.00,,0.64%
06/23/2009,926.15,922.70,927.75,913.90,,0.35%
06/22/2009,922.90,933.95,935.40,918.90,,-1.22%
06/19/2009,934.30,934.45,939.80,931.45,,0.10%
06/18/2009,933.35,940.55,943.70,930.60,,-0.64%
06/17/2009,939.40,934.85,940.95,928.50,,0.46%
06/16/2009,935.10,928.75,940.25,927.40,,0.73%
06/15/2009,928.35,939.00,939.30,926.00,,-1.12%
06/12/2009,938.90,955.30,958.95,937.00,,-1.69%
06/11/2009,955.00,954.60,962.70,944.10,,0.04%
06/10/2009,954.65,955.35,966.25,947.60,,-0.01%
06/09/2009,954.75,951.20,962.60,948.00,,0.39%
06/08/2009,951.05,955.65,960.45,944.30,,-0.55%
06/05/2009,956.30,981.25,983.45,953.50,,-2.43%
06/04/2009,980.10,963.25,982.50,961.70,,1.76%
06/03/2009,963.15,982.05,990.80,961.35,,-1.90%
06/02/2009,981.85,975.25,987.40,969.60,,0.68%
06/01/2009,975.20,979.60,989.50,974.10,,-0.49%
05/29/2009,980.00,959.65,981.00,956.50,,2.10%
05/28/2009,959.80,948.65,965.95,944.55,,1.14%
05/27/2009,949.00,953.25,960.20,942.25,,-0.33%
05/26/2009,952.15,958.00,958.95,941.10,,-0.69%
05/25/2009,958.80,957.00,960.05,953.10,,0.15%
05/22/2009,957.35,955.05,962.30,950.40,,0.31%
05/21/2009,954.40,938.50,956.95,936.00,,1.74%
05/20/2009,938.10,925.50,941.25,925.40,,1.34%
05/19/2009,925.65,918.25,930.15,917.10,,0.81%
05/18/2009,918.20,930.60,934.50,916.05,,-1.45%
05/15/2009,931.70,926.60,934.65,923.90,,0.58%
05/14/2009,926.35,926.40,929.45,920.60,,-0.01%
05/13/2009,926.45,923.20,931.40,917.70,,0.39%
05/12/2009,922.85,913.25,924.75,912.40,,1.01%
05/11/2009,913.60,916.65,918.55,909.00,,-0.38%
05/08/2009,917.05,910.80,920.65,905.40,,0.77%
05/07/2009,910.05,910.10,926.15,909.20,,-0.09%
05/06/2009,910.90,895.80,913.25,895.30,,1.63%
05/05/2009,896.30,902.30,916.05,895.70,,-0.78%
05/04/2009,903.35,887.30,907.60,885.05,,1.81%
05/01/2009,887.30,887.80,890.55,881.05,,0.09%
04/30/2009,886.50,897.65,900.70,880.80,,-1.35%
04/29/2009,898.60,892.60,903.60,888.50,,0.67%
04/28/2009,892.60,907.05,908.25,885.20,,-1.51%
04/27/2009,906.25,912.70,918.85,905.00,,-0.75%
04/24/2009,913.10,904.40,914.50,903.25,,1.12%
04/23/2009,903.00,890.55,909.70,889.75,,1.44%
04/22/2009,890.15,883.50,894.15,882.30,,0.78%
04/21/2009,883.25,885.00,895.75,879.70,,-0.21%
04/20/2009,885.15,869.05,889.20,865.50,,1.87%
04/17/2009,868.90,875.95,877.15,865.00,,-0.76%
04/16/2009,875.55,891.50,894.45,872.50,,-1.80%
04/15/2009,891.60,889.60,899.80,886.55,,0.20%
04/14/2009,889.85,893.90,899.05,886.30,,-0.36%
04/13/2009,893.05,881.65,900.35,881.65,,1.29%
04/10/2009,881.65,879.00,885.90,878.00,,0.26%
04/09/2009,879.40,881.05,887.05,875.10,,-0.13%
04/08/2009,880.55,880.85,890.85,878.30,,-0.03%
04/07/2009,880.85,868.75,884.95,868.65,,1.27%
04/06/2009,869.80,894.85,896.80,865.30,,-2.70%
04/03/2009,893.90,904.45,910.70,892.00,,-1.13%
04/02/2009,904.15,927.30,929.80,894.70,,-2.51%
04/01/2009,927.40,918.55,933.35,916.70,,1.01%
03/31/2009,918.15,917.60,925.45,912.35,,0.09%
03/30/2009,917.30,924.40,932.75,907.90,,-0.62%
03/27/2009,923.05,935.70,937.85,920.10,,-1.18%
03/26/2009,934.05,934.25,945.95,932.40,,-0.01%
03/25/2009,934.15,927.15,941.00,917.10,,0.81%
03/24/2009,926.65,937.95,944.80,917.65,,-1.23%
03/23/2009,938.15,950.85,958.00,937.75,,-1.54%
03/20/2009,952.85,960.15,968.70,947.50,,-0.68%
03/19/2009,959.40,939.80,962.30,925.80,,1.86%
03/18/2009,941.90,916.50,947.05,884.90,,2.94%
03/17/2009,915.00,924.10,924.70,912.20,,-0.90%
03/16/2009,923.35,928.35,930.25,915.50,,-0.52%
03/13/2009,928.20,927.05,939.50,919.80,,0.06%
03/12/2009,927.65,906.95,931.45,905.95,,2.20%
03/11/2009,907.65,896.65,913.75,892.55,,1.21%
03/10/2009,896.80,922.20,922.95,891.30,,-2.73%
03/09/2009,921.95,939.50,942.75,911.40,,-1.64%
03/06/2009,937.35,932.85,945.40,930.05,,0.48%
03/05/2009,932.85,907.60,937.15,905.80,,2.78%
03/04/2009,907.65,916.55,923.80,901.75,,-0.90%
03/03/2009,915.85,925.90,932.90,904.90,,-1.17%
03/02/2009,926.65,940.00,959.00,926.55,,-1.96%
02/27/2009,945.15,945.75,963.10,927.75,,-0.04%
02/26/2009,945.50,953.15,957.00,931.80,,-0.50%
02/25/2009,950.25,963.55,978.60,944.55,,-1.44%
02/24/2009,964.15,992.00,995.80,959.75,,-2.93%
02/23/2009,993.25,993.50,998.35,976.00,,-0.01%
02/20/2009,993.30,974.65,1006.40,970.60,,1.89%
02/19/2009,974.85,985.40,986.95,968.90,,-1.03%
02/18/2009,985.00,969.40,985.65,960.80,,1.53%
02/17/2009,970.15,942.00,974.20,940.35,,2.98%
02/16/2009,942.05,941.70,944.55,936.45,,-0.01%
02/13/2009,942.10,946.00,947.65,932.40,,-0.61%
02/12/2009,947.90,939.20,952.80,935.30,,0.93%
02/11/2009,939.15,915.45,947.25,911.00,,2.39%
02/10/2009,917.25,895.95,919.00,891.20,,2.43%
02/09/2009,895.50,910.65,912.70,891.20,,-1.76%
02/06/2009,911.55,914.70,922.50,904.25,,-0.46%
02/05/2009,915.75,905.70,925.00,902.60,,1.03%
02/04/2009,906.40,901.30,909.70,895.50,,0.42%
02/03/2009,902.60,904.30,913.10,888.00,,0.04%
02/02/2009,902.25,927.95,929.20,901.70,,-2.75%
01/30/2009,927.75,907.90,931.40,901.80,,2.16%
01/29/2009,908.15,886.40,909.50,868.85,,2.42%
01/28/2009,886.65,898.65,904.40,880.60,,-1.26%
01/27/2009,898.00,903.60,907.90,892.50,,-0.67%
01/26/2009,904.10,898.90,916.30,889.55,,0.52%
01/23/2009,899.40,856.60,903.50,852.80,,4.88%
01/22/2009,857.55,855.00,863.20,843.95,,0.23%
01/21/2009,855.55,855.85,864.75,843.50,,-0.15%
01/20/2009,856.80,835.60,866.80,823.90,,2.38%
01/19/2009,836.90,844.00,847.05,832.70,,-0.76%
01/16/2009,843.35,819.00,843.60,816.85,,3.31%
01/15/2009,816.35,811.45,821.60,802.65,,0.62%
01/14/2009,811.35,821.95,829.65,807.40,,-1.31%
01/13/2009,822.10,820.40,830.80,814.10,,0.10%
01/12/2009,821.25,854.25,857.10,815.65,,-3.77%
01/09/2009,853.45,857.05,868.65,844.90,,-0.54%
01/08/2009,858.10,843.75,865.65,834.50,,1.92%
01/07/2009,841.95,864.60,867.35,835.80,,-2.57%
01/06/2009,864.15,859.85,870.70,839.55,,0.60%
01/05/2009,859.00,878.00,884.55,844.50,,-2.00%
01/02/2009,876.55,882.80,888.35,868.10,,-0.63%
01/01/2009,882.15,881.30,882.15,881.30,,0.22%
12/31/2008,880.20,874.30,884.00,857.25,,0.70%
12/30/2008,874.05,879.05,884.55,864.50,,-0.30%
12/29/2008,876.65,868.80,891.05,868.80,,0.80%
12/26/2008,869.65,842.00,871.60,842.00,,2.80%
12/25/2008,846.00,846.00,846.00,840.50,,-0.18%
12/24/2008,847.55,840.60,849.45,835.80,,0.96%
12/23/2008,839.45,848.45,849.70,830.20,,-0.93%
12/22/2008,847.30,838.75,852.25,837.55,,1.07%
12/19/2008,838.35,853.70,854.60,830.60,,-1.88%
12/18/2008,854.40,868.00,878.85,848.85,,-1.37%
12/17/2008,866.30,858.20,882.20,847.50,,0.94%
12/16/2008,858.20,839.25,860.70,830.50,,2.16%
12/15/2008,840.05,822.05,845.70,822.05,,2.20%
12/12/2008,821.95,819.85,830.10,808.50,,-0.03%
12/11/2008,822.20,811.25,835.30,803.10,,1.66%
12/10/2008,808.75,776.35,814.10,774.65,,4.14%
12/09/2008,776.60,772.90,781.05,763.30,,0.50%
12/08/2008,772.70,754.80,782.70,753.65,,2.02%
12/05/2008,757.40,767.15,773.45,741.90,,-1.21%
12/04/2008,766.65,773.65,788.60,762.90,,-0.97%
12/03/2008,774.15,782.85,784.45,764.85,,-1.13%
12/02/2008,783.00,771.55,786.85,762.30,,1.62%
12/01/2008,770.55,816.00,819.25,769.00,,-5.74%
11/28/2008,817.50,816.75,821.60,811.00,,0.18%
11/27/2008,816.05,813.35,818.00,810.20,,0.35%
11/26/2008,813.20,821.40,824.00,809.40,,-1.14%
11/25/2008,822.55,820.95,831.60,803.30,,0.18%
11/24/2008,821.05,801.95,830.70,786.95,,2.63%
11/21/2008,800.00,744.60,802.20,743.90,,7.15%
11/20/2008,746.60,734.45,753.10,733.80,,1.73%
11/19/2008,733.90,738.35,763.80,727.50,,-0.54%
11/18/2008,737.85,737.35,746.50,732.00,,0.13%
11/17/2008,736.90,742.85,749.35,731.00,,-0.76%
11/14/2008,742.55,736.30,752.75,726.10,,0.54%
11/13/2008,738.55,713.05,738.75,702.25,,3.76%
11/12/2008,711.80,732.20,739.70,709.30,,-2.76%
11/11/2008,732.00,746.80,750.00,727.10,,-1.94%
11/10/2008,746.50,735.80,768.80,735.80,,1.23%
11/07/2008,737.45,734.40,745.40,726.25,,0.47%
11/06/2008,734.00,742.15,761.50,730.35,,-0.90%
11/05/2008,740.65,763.55,769.50,738.70,,-3.23%
11/04/2008,765.40,724.00,768.70,722.60,,5.88%
11/03/2008,722.90,723.85,739.15,722.05,,-0.30%
10/31/2008,725.05,738.20,742.50,719.40,,-1.69%
10/30/2008,737.50,757.20,778.30,735.40,,-2.49%
10/29/2008,756.30,747.45,775.40,738.00,,1.41%
10/28/2008,745.80,730.65,756.50,725.20,,2.01%
10/27/2008,731.10,734.85,747.00,707.60,,-0.57%
10/24/2008,735.30,724.95,743.20,682.80,,1.84%
10/23/2008,722.00,728.70,736.00,699.45,,-1.05%
10/22/2008,729.65,776.90,777.30,721.60,,-5.44%
10/21/2008,771.60,798.00,803.75,765.70,,-3.13%
10/20/2008,796.50,782.40,809.70,781.80,,1.63%
10/17/2008,783.70,807.00,817.00,773.30,,-2.77%
10/16/2008,806.00,848.85,849.90,785.30,,-5.06%
10/15/2008,849.00,836.20,857.10,831.10,,1.46%
10/14/2008,836.75,833.35,855.00,831.25,,0.47%
10/13/2008,832.80,851.40,873.00,823.00,,-2.18%
10/10/2008,851.40,914.60,935.00,827.50,,-6.80%
10/09/2008,913.50,907.00,920.00,879.65,,0.55%
10/08/2008,908.50,889.10,922.00,879.20,,2.24%
10/07/2008,888.60,858.00,892.60,856.95,,3.45%
10/06/2008,858.95,833.50,877.00,826.90,,2.65%
10/03/2008,836.80,837.25,848.40,820.70,,-0.02%
10/02/2008,837.00,871.25,876.75,831.20,,-3.88%
10/01/2008,870.75,872.15,894.80,865.60,,-0.14%
09/30/2008,871.95,904.15,916.00,857.70,,-3.78%
09/29/2008,906.25,884.00,923.00,869.25,,2.99%
09/26/2008,879.90,878.10,912.65,867.70,,0.31%
09/25/2008,877.20,883.10,898.10,864.35,,-0.56%
09/24/2008,882.10,889.75,902.70,878.50,,-1.13%
09/23/2008,892.20,900.30,910.30,881.65,,-1.06%
09/22/2008,901.80,873.25,906.40,863.00,,3.28%
09/19/2008,873.15,848.75,877.80,825.80,,2.45%
09/18/2008,852.25,865.50,907.60,846.70,,-1.38%
09/17/2008,864.20,777.00,867.60,775.55,,11.00%
09/16/2008,778.55,787.45,790.70,772.55,,-1.10%
09/15/2008,787.20,766.00,787.25,765.40,,2.98%
09/12/2008,764.45,748.95,766.75,747.05,,2.23%
09/11/2008,747.80,751.65,758.40,737.00,,-0.62%
09/10/2008,752.50,776.00,784.10,750.95,,-3.14%
09/09/2008,776.90,801.55,805.80,776.75,,-3.17%
09/08/2008,802.35,806.00,819.00,797.50,,-0.18%
09/05/2008,803.80,796.20,820.30,791.35,,1.04%
09/04/2008,795.55,801.75,815.70,794.65,,-0.71%
09/03/2008,801.25,806.25,809.10,790.05,,-0.53%
09/02/2008,805.50,816.95,819.75,791.40,,-1.54%
09/01/2008,818.10,835.50,836.30,816.20,,-1.53%
08/29/2008,830.80,833.80,839.30,829.90,,-0.41%
08/28/2008,834.25,826.50,845.00,826.00,,0.89%
08/27/2008,826.90,824.25,835.40,822.05,,0.28%
08/26/2008,824.60,822.05,830.50,807.50,,0.30%
08/25/2008,822.10,825.85,826.70,817.45,,-0.12%
08/22/2008,823.10,835.70,838.50,821.70,,-1.60%
08/21/2008,836.45,813.45,840.00,811.60,,2.80%
08/20/2008,813.65,813.95,818.80,801.20,,-0.07%
08/19/2008,814.25,799.90,816.25,783.05,,1.86%
08/18/2008,799.35,793.75,804.65,790.25,,1.63%
08/15/2008,786.50,806.40,806.50,774.90,,-2.49%
08/14/2008,806.60,826.40,837.50,805.40,,-2.42%
08/13/2008,826.60,812.30,830.60,806.30,,1.84%
08/12/2008,811.65,823.15,827.30,802.90,,-1.42%
08/11/2008,823.30,856.85,866.50,818.70,,-3.86%
08/08/2008,856.35,872.45,874.50,851.50,,-1.96%
08/07/2008,873.45,879.65,885.80,868.40,,-0.70%
08/06/2008,879.60,874.40,887.00,873.35,,0.61%
08/05/2008,874.25,895.25,895.90,873.80,,-2.28%
08/04/2008,894.65,910.45,916.20,894.40,,-1.75%
08/01/2008,910.55,914.55,917.90,902.80,,-0.36%
07/31/2008,913.85,908.00,926.20,906.90,,0.82%
07/30/2008,906.45,918.50,919.65,894.50,,-1.24%
07/29/2008,917.85,931.05,934.00,914.80,,-1.40%
07/28/2008,930.90,928.90,933.40,922.95,,0.13%
07/25/2008,929.70,928.25,935.90,919.40,,0.24%
07/24/2008,927.50,921.10,931.90,916.80,,0.73%
07/23/2008,920.75,945.70,949.75,918.15,,-2.61%
07/22/2008,945.40,965.55,976.35,943.20,,-2.16%
07/21/2008,966.30,956.25,969.25,955.55,,1.15%
07/18/2008,955.30,957.30,965.10,950.50,,-0.24%
07/17/2008,957.60,959.85,979.25,954.20,,-0.26%
07/16/2008,960.10,977.85,981.75,958.30,,-1.79%
07/15/2008,977.60,973.40,988.75,966.00,,0.50%
07/14/2008,972.70,966.05,975.65,954.40,,0.83%
07/11/2008,964.70,945.55,968.60,942.40,,1.85%
07/10/2008,947.15,928.85,948.40,926.10,,2.00%
07/09/2008,928.55,920.35,929.55,916.40,,0.93%
07/08/2008,920.00,925.75,934.50,913.00,,-0.67%
07/07/2008,926.25,933.15,933.15,915.30,,-0.76%
07/04/2008,933.30,933.45,937.00,929.80,,-0.06%
07/03/2008,933.85,944.60,947.35,927.70,,-1.22%
07/02/2008,945.35,939.95,947.50,932.50,,0.59%
07/01/2008,939.85,926.50,946.80,923.15,,1.59%
06/30/2008,925.10,929.20,936.00,919.00,,-0.30%
06/27/2008,927.85,916.80,931.10,910.80,,1.18%
06/26/2008,917.05,886.70,918.00,885.20,,3.47%
06/25/2008,886.30,890.00,890.75,874.50,,-0.40%
06/24/2008,889.90,883.80,894.20,882.65,,0.66%
06/23/2008,884.05,901.95,907.85,877.70,,-1.97%
06/20/2008,901.85,898.60,908.40,896.75,,0.33%
06/19/2008,898.85,894.70,908.90,884.05,,0.55%
06/18/2008,893.95,882.55,894.90,881.25,,1.25%
06/17/2008,882.90,882.50,889.35,874.80,,0.07%
06/16/2008,882.30,869.85,895.70,867.50,,1.27%
06/13/2008,871.20,869.20,874.95,860.10,,0.26%
06/12/2008,868.90,880.60,883.00,857.80,,-1.32%
06/11/2008,880.55,868.30,883.70,867.80,,1.52%
06/10/2008,867.35,892.30,895.65,865.15,,-2.86%
06/09/2008,892.90,902.85,909.70,891.40,,-1.05%
06/06/2008,902.35,877.50,902.45,877.40,,2.73%
06/05/2008,878.35,878.85,880.80,865.45,,-0.03%
06/04/2008,878.65,881.10,887.50,876.85,,-0.31%
06/03/2008,881.40,891.10,898.10,876.10,,-1.02%
06/02/2008,890.50,887.45,897.80,881.80,,0.41%
05/30/2008,886.90,878.15,890.60,871.00,,1.08%
05/29/2008,877.40,902.75,903.70,874.05,,-2.63%
05/28/2008,901.10,905.70,910.40,889.90,,-0.52%
05/27/2008,905.80,929.05,931.50,904.50,,-2.51%
05/26/2008,929.10,925.40,929.60,923.95,,0.42%
05/23/2008,925.20,920.65,929.60,915.55,,0.36%
05/22/2008,921.85,932.45,936.30,918.05,,-1.13%
05/21/2008,932.35,920.95,932.90,917.40,,1.41%
05/20/2008,919.35,905.10,924.40,903.40,,1.59%
05/19/2008,904.95,904.00,914.35,901.55,,0.29%
05/16/2008,902.30,882.20,905.70,880.50,,2.37%
05/15/2008,881.45,864.95,888.50,862.75,,1.94%
05/14/2008,864.65,866.25,871.80,860.30,,-0.21%
05/13/2008,866.50,882.70,885.65,861.60,,-1.86%
05/12/2008,882.90,884.20,890.10,878.45,,-0.23%
05/09/2008,884.90,884.30,890.80,871.00,,0.18%
05/08/2008,883.30,868.90,886.25,864.25,,1.75%
05/07/2008,868.15,876.10,882.05,864.75,,-0.90%
05/06/2008,876.05,873.65,883.70,871.70,,0.23%
05/05/2008,874.05,858.80,875.05,858.55,,2.05%
05/02/2008,856.45,852.25,859.90,846.00,,0.45%
05/01/2008,852.65,877.15,882.30,848.10,,-2.10%
04/30/2008,870.95,870.20,877.10,863.30,,-0.01%
04/29/2008,871.05,893.30,893.85,869.20,,-2.51%
04/28/2008,893.50,888.50,896.80,886.75,,0.83%
04/25/2008,886.15,887.30,897.50,878.60,,-0.07%
04/24/2008,886.80,903.65,907.30,884.05,,-1.92%
04/23/2008,904.20,917.50,923.60,898.10,,-1.50%
04/22/2008,918.00,914.50,926.00,912.50,,0.42%
04/21/2008,914.20,918.90,928.90,911.80,,-0.24%
04/18/2008,916.40,939.30,946.80,904.75,,-2.44%
04/17/2008,939.30,945.20,953.00,937.70,,-0.61%
04/16/2008,945.10,928.30,949.30,924.40,,1.80%
04/15/2008,928.40,924.70,936.90,921.65,,0.42%
04/14/2008,924.50,919.60,931.50,914.50,,-0.09%
04/11/2008,925.30,929.20,932.30,918.30,,-0.38%
04/10/2008,928.80,934.00,939.80,922.50,,-0.58%
04/09/2008,934.20,915.60,935.10,903.20,,2.05%
04/08/2008,915.40,920.90,925.90,908.30,,-0.54%
04/07/2008,920.40,912.70,929.50,911.00,,0.78%
04/04/2008,913.30,904.10,914.80,899.60,,1.11%
04/03/2008,903.30,902.20,909.10,889.70,,-0.07%
04/02/2008,903.90,884.30,905.70,882.00,,2.31%
04/01/2008,883.50,915.65,921.00,873.30,,-3.52%
03/31/2008,915.70,931.60,941.20,915.30,,-1.58%
03/28/2008,930.40,947.50,950.90,923.50,,-1.84%
03/27/2008,947.80,954.30,954.90,940.35,,-0.66%
03/26/2008,954.10,939.00,954.80,934.90,,1.64%
03/25/2008,938.70,914.30,939.20,911.90,,2.58%
03/24/2008,915.10,915.60,926.70,906.40,,-0.48%
03/21/2008,919.50,913.40,920.30,911.40,,1.04%
03/20/2008,910.00,938.70,943.40,905.05,,-3.59%
03/19/2008,943.90,981.20,997.60,939.50,,-3.87%
03/18/2008,981.90,1003.90,1012.70,978.20,,-2.07%
03/17/2008,1002.70,1002.90,1031.20,998.80,,0.96%
03/14/2008,993.20,996.00,1007.50,990.90,,-0.21%
03/13/2008,995.30,983.70,1000.30,981.80,,1.20%
03/12/2008,983.50,973.10,983.50,968.50,,1.04%
03/11/2008,973.40,973.60,985.70,964.75,,0.00%
03/10/2008,973.40,973.40,980.80,961.40,,0.00%
03/07/2008,973.40,978.80,988.40,969.80,,-0.48%
03/06/2008,978.10,988.60,992.30,965.30,,-1.03%
03/05/2008,988.30,964.20,992.20,959.85,,2.58%
03/04/2008,963.40,983.90,988.30,960.80,,-2.07%
03/03/2008,983.80,973.40,989.70,973.40,,1.16%
02/29/2008,972.48,956.58,976.27,956.58,,0.32%
02/28/2008,969.35,957.65,969.35,953.35,,1.16%
02/27/2008,958.20,948.20,965.10,948.10,,0.98%
02/26/2008,948.90,940.20,948.90,926.80,,0.97%
02/25/2008,939.80,946.00,952.30,933.10,,-0.60%
02/22/2008,945.50,944.90,949.80,935.70,,0.06%
02/21/2008,944.90,943.90,954.00,937.90,,0.00%
02/20/2008,944.90,927.90,945.60,913.70,,1.87%
02/19/2008,927.60,905.60,930.80,905.15,,2.34%
02/18/2008,906.40,903.20,909.65,900.50,,0.41%
02/15/2008,902.70,908.70,915.60,898.30,,-0.61%
02/14/2008,908.20,906.70,914.20,901.90,,0.34%
02/13/2008,905.10,906.50,910.40,896.50,,-0.11%
02/12/2008,906.10,924.20,925.00,903.10,,-2.02%
02/11/2008,924.75,921.35,927.25,916.00,,0.70%
02/08/2008,918.35,905.35,920.45,905.35,,1.01%
02/07/2008,909.15,900.10,911.35,896.65,,0.93%
02/06/2008,900.75,887.10,907.55,886.15,,1.53%
02/05/2008,887.20,903.85,906.60,885.65,,-1.94%
02/04/2008,904.75,906.10,912.60,892.00,,-0.62%
02/01/2008,910.38,924.38,936.88,905.08,,-1.65%
01/31/2008,925.62,927.62,929.23,919.23,,-0.36%
01/30/2008,929.00,923.75,933.00,917.20,,0.56%
01/29/2008,923.85,927.35,933.45,917.10,,-0.43%
01/28/2008,927.85,915.60,929.55,914.85,,1.57%
01/25/2008,913.50,913.00,923.90,908.50,,0.68%
01/24/2008,907.35,891.10,910.85,889.10,,2.01%
01/23/2008,889.45,890.65,895.95,876.75,,-0.13%
01/22/2008,890.65,861.60,894.65,849.85,,2.80%
01/21/2008,866.35,881.60,882.85,858.75,,-2.06%
01/18/2008,884.55,877.25,888.55,870.45,,0.77%
01/17/2008,877.75,878.55,890.45,875.85,,0.02%
01/16/2008,877.55,889.85,899.60,874.55,,-1.93%
01/15/2008,894.85,903.75,914.15,893.65,,-1.14%
01/14/2008,905.20,898.00,914.40,892.60,,1.05%
01/11/2008,895.75,892.65,898.35,887.50,,0.30%
01/10/2008,893.10,878.50,895.30,866.40,,1.74%
01/09/2008,877.80,877.70,891.80,872.00,,0.01%
01/08/2008,877.70,857.90,881.50,856.90,,2.31%
01/07/2008,857.90,860.80,865.20,855.60,,-0.42%
01/04/2008,861.50,863.70,868.90,854.60,,-0.22%
01/03/2008,863.40,857.00,869.45,853.40,,0.72%
01/02/2008,857.20,837.00,861.50,834.70,,2.82%
01/01/2008,833.70,833.70,833.80,833.60,,0.01%
12/31/2007,833.60,839.50,843.60,832.10,,-0.64%
12/28/2007,839.00,825.90,840.20,824.80,,1.72%
12/27/2007,824.80,824.40,831.60,821.70,,-0.02%
12/26/2007,825.00,808.65,826.50,808.20,,2.23%
12/25/2007,807.00,811.70,812.20,804.15,,-0.60%
12/24/2007,811.90,811.70,815.20,808.40,,0.14%
12/21/2007,810.80,796.70,812.60,795.70,,1.77%
12/20/2007,796.70,802.40,803.40,793.60,,-0.69%
12/19/2007,802.20,802.90,805.00,797.90,,0.00%
12/18/2007,802.20,792.90,806.60,790.40,,1.33%
12/17/2007,791.70,793.80,798.90,785.40,,-0.40%
12/14/2007,794.90,797.60,803.90,788.00,,-0.31%
12/13/2007,797.40,813.90,813.90,792.00,,-2.02%
12/12/2007,813.80,797.80,817.40,797.10,,2.04%
12/11/2007,797.50,808.60,813.40,797.20,,-1.48%
12/10/2007,809.50,794.80,812.50,794.30,,1.75%
12/07/2007,795.60,802.60,805.20,791.40,,-0.88%
12/06/2007,802.70,794.60,805.75,785.40,,0.92%
12/05/2007,795.40,802.10,807.10,791.60,,-0.97%
12/04/2007,803.20,791.80,805.90,787.00,,1.48%
12/03/2007,791.50,783.10,791.80,777.40,,1.10%
11/30/2007,782.90,793.10,799.40,779.10,,-1.30%
11/29/2007,793.20,803.90,808.30,793.00,,-1.50%
11/28/2007,805.30,812.50,815.70,791.70,,-0.76%
11/27/2007,811.50,824.40,829.50,808.30,,-1.35%
11/26/2007,822.60,821.40,837.10,821.40,,-0.10%
11/23/2007,823.40,804.60,826.10,803.00,,2.36%
11/22/2007,804.40,800.45,805.80,798.30,,0.27%
11/21/2007,802.20,804.50,807.40,794.80,,-0.19%
11/20/2007,803.70,781.90,803.70,773.00,,2.81%
11/19/2007,781.70,786.50,794.30,775.30,,-0.71%
11/16/2007,787.30,789.00,797.65,784.00,,-0.16%
11/15/2007,788.60,811.60,818.30,782.75,,-2.86%
11/14/2007,811.80,801.00,816.00,800.10,,1.40%
11/13/2007,800.60,803.50,809.10,791.20,,-0.37%
11/12/2007,803.60,830.90,831.00,797.90,,-3.38%
11/09/2007,831.70,832.70,839.30,827.60,,0.01%
11/08/2007,831.60,830.50,845.70,824.00,,-0.07%
11/07/2007,832.20,825.10,845.80,822.70,,0.97%
11/06/2007,824.20,806.50,824.70,806.30,,2.19%
11/05/2007,806.50,807.40,811.30,801.30,,-0.12%
11/02/2007,807.50,787.90,808.10,787.40,,2.52%
11/01/2007,787.62,796.12,799.92,784.73,,-1.08%
10/31/2007,796.20,781.90,796.90,777.10,,1.87%
10/30/2007,781.60,791.20,792.40,779.50,,-1.24%
10/29/2007,791.40,784.80,794.80,784.50,,0.76%
10/26/2007,785.40,769.20,786.10,768.60,,2.09%
10/25/2007,769.30,764.10,769.60,762.00,,0.71%
10/24/2007,763.90,759.60,764.35,754.30,,0.55%
10/23/2007,759.70,754.80,761.30,753.00,,0.70%
10/22/2007,754.40,766.70,768.60,745.90,,-1.41%
10/19/2007,765.20,768.15,770.40,758.50,,-0.18%
10/18/2007,766.60,755.30,766.60,755.10,,1.54%
10/17/2007,755.00,760.65,765.00,754.50,,-0.68%
10/16/2007,760.20,759.00,767.00,754.40,,0.12%
10/15/2007,759.30,749.30,760.30,747.80,,1.29%
10/12/2007,749.60,748.30,752.50,745.20,,0.24%
10/11/2007,747.80,740.90,754.00,740.60,,0.92%
10/10/2007,741.00,738.20,746.20,737.50,,0.41%
10/09/2007,738.00,733.20,740.60,727.15,,0.64%
10/08/2007,733.30,741.65,742.70,731.55,,-1.27%
10/05/2007,742.70,737.80,744.30,728.10,,0.68%
10/04/2007,737.70,728.60,738.60,721.10,,1.39%
10/03/2007,727.60,732.10,736.40,726.50,,-0.53%
10/02/2007,731.50,747.40,747.50,724.75,,-2.10%
10/01/2007,747.20,744.20,748.05,741.30,,0.42%
09/28/2007,744.10,734.20,745.90,733.60,,1.31%
09/27/2007,734.50,728.00,736.30,727.20,,0.88%
09/26/2007,728.10,731.50,737.10,726.80,,-0.45%
09/25/2007,731.40,730.50,733.85,722.70,,0.14%
09/24/2007,730.40,729.60,736.45,726.70,,-0.11%
09/21/2007,731.20,734.00,739.40,727.30,,-0.30%
09/20/2007,733.40,721.60,738.70,721.20,,1.62%
09/19/2007,721.70,724.10,726.40,720.75,,-0.29%
09/18/2007,723.80,717.40,724.50,712.00,,0.84%
09/17/2007,717.80,706.70,720.05,706.40,,1.51%
09/14/2007,707.10,708.00,717.40,704.20,,-0.21%
09/13/2007,708.60,711.30,712.50,703.80,,-0.46%
09/12/2007,711.90,712.20,714.40,705.70,,-0.11%
09/11/2007,712.70,702.60,714.50,702.30,,1.39%
09/10/2007,702.90,700.40,707.00,699.30,,0.30%
09/07/2007,700.80,696.30,707.40,692.20,,0.76%
09/06/2007,695.50,681.60,698.00,681.05,,2.02%
09/05/2007,681.70,682.40,683.50,678.50,,-0.06%
09/04/2007,682.10,672.90,683.80,671.60,,1.45%
09/03/2007,672.35,673.25,673.75,671.25,,-0.10%
08/31/2007,673.00,665.00,674.70,664.70,,1.19%
08/30/2007,665.10,667.70,668.10,663.50,,-0.36%
08/29/2007,667.50,662.20,669.05,661.80,,0.74%
08/28/2007,662.60,667.10,668.50,662.20,,-0.75%
08/27/2007,667.60,668.90,668.90,665.80,,-0.12%
08/24/2007,668.40,660.35,669.50,657.65,,1.29%
08/23/2007,659.90,660.80,665.45,658.65,,-0.18%
08/22/2007,661.10,657.60,662.20,654.90,,0.55%
08/21/2007,657.50,658.60,660.10,654.50,,-0.11%
08/20/2007,658.20,656.60,660.60,653.60,,0.15%
08/17/2007,657.20,650.30,663.80,645.80,,0.67%
08/16/2007,652.80,667.40,668.20,641.50,,-2.22%
08/15/2007,667.60,669.50,671.10,662.40,,-0.24%
08/14/2007,669.20,669.20,671.70,666.15,,-0.03%
08/13/2007,669.40,672.40,673.10,668.50,,-0.51%
08/10/2007,672.80,666.40,676.90,658.50,,1.69%
08/09/2007,661.60,674.80,674.80,659.90,,-1.93%
08/08/2007,674.60,672.20,677.00,669.90,,0.33%
08/07/2007,672.40,672.10,673.15,666.60,,0.09%
08/06/2007,671.80,672.90,676.80,669.10,,-0.22%
08/03/2007,673.30,665.70,674.60,665.20,,1.25%
08/02/2007,665.00,667.50,667.65,662.80,,-0.34%
08/01/2007,667.30,663.40,667.50,659.40,,0.57%
07/31/2007,663.50,665.20,669.20,663.50,,-0.26%
07/30/2007,665.20,661.10,665.90,660.20,,0.57%
07/27/2007,661.40,663.10,667.40,657.30,,-0.05%
07/26/2007,661.70,675.60,677.00,660.75,,-2.01%
07/25/2007,675.30,682.20,682.20,670.90,,-1.01%
07/24/2007,682.20,681.90,687.50,681.30,,0.12%
07/23/2007,681.40,684.10,685.10,680.55,,-0.34%
07/20/2007,683.70,677.60,686.40,675.40,,0.86%
07/19/2007,677.90,673.10,677.90,671.40,,0.74%
07/18/2007,672.90,664.60,674.30,664.60,,1.22%
07/17/2007,664.80,665.20,667.45,662.40,,-0.03%
07/16/2007,665.00,666.40,668.90,664.00,,-0.34%
07/13/2007,667.30,666.80,668.85,663.70,,-0.01%
07/12/2007,667.40,660.40,669.45,660.40,,0.95%
07/11/2007,661.10,663.70,666.30,660.10,,-0.36%
07/10/2007,663.50,660.40,665.20,659.00,,0.50%
07/09/2007,660.20,656.40,663.20,653.80,,0.66%
07/06/2007,655.90,649.50,656.20,645.40,,0.94%
07/05/2007,649.80,654.10,656.85,646.10,,-0.67%
07/04/2007,654.20,653.10,655.15,653.10,,0.11%
07/03/2007,653.50,656.90,658.30,652.20,,-0.59%
07/02/2007,657.35,651.50,659.55,648.85,,1.19%
06/29/2007,649.65,648.85,652.95,646.85,,0.14%
06/28/2007,648.75,642.75,650.40,641.75,,0.78%
06/27/2007,643.75,643.05,645.35,639.65,,0.54%
06/26/2007,640.30,652.00,652.00,640.20,,-1.70%
06/25/2007,651.40,654.20,654.90,649.00,,-0.45%
06/22/2007,654.35,651.85,656.95,650.95,,0.37%
06/21/2007,651.95,654.75,657.20,648.25,,-0.50%
06/20/2007,655.25,661.45,662.10,655.15,,-0.92%
06/19/2007,661.35,655.95,662.15,653.95,,0.76%
06/18/2007,656.35,655.65,659.80,655.05,,0.09%
06/15/2007,655.75,652.35,656.20,650.25,,0.58%
06/14/2007,651.95,651.35,654.75,646.60,,0.17%
06/13/2007,650.85,647.95,653.10,643.65,,0.56%
06/12/2007,647.25,653.55,655.15,646.15,,-0.99%
06/11/2007,653.75,649.35,655.55,648.95,,0.80%
06/08/2007,648.55,659.25,661.85,645.15,,-1.65%
06/07/2007,659.45,670.65,673.15,658.55,,-1.70%
06/06/2007,670.85,670.35,672.75,665.35,,0.10%
06/05/2007,670.15,671.75,674.70,669.45,,-0.16%
06/04/2007,671.25,671.55,674.65,668.75,,-0.03%
06/01/2007,671.45,662.20,672.70,660.85,,1.59%
05/31/2007,660.95,653.20,662.70,653.20,,1.12%
05/30/2007,653.65,656.40,659.55,652.35,,-0.47%
05/29/2007,656.75,656.20,662.60,654.25,,0.17%
05/28/2007,655.65,655.50,658.85,653.85,,-0.08%
05/25/2007,656.15,654.45,657.55,653.75,,0.21%
05/24/2007,654.75,661.85,663.25,652.05,,-1.00%
05/23/2007,661.35,659.85,665.45,657.75,,0.35%
05/22/2007,659.05,662.95,665.25,658.05,,-0.65%
05/21/2007,663.35,662.75,664.55,657.35,,0.26%
05/18/2007,661.65,657.95,663.15,656.25,,0.59%
05/17/2007,657.75,662.65,665.25,654.15,,-0.66%
05/16/2007,662.15,672.55,673.95,660.15,,-1.49%
05/15/2007,672.15,669.75,674.25,665.25,,0.33%
05/14/2007,669.95,671.55,675.00,666.25,,-0.16%
05/11/2007,671.05,666.35,673.25,664.85,,0.69%
05/10/2007,666.45,680.65,681.65,664.75,,-2.09%
05/09/2007,680.65,685.25,687.35,676.25,,-0.69%
05/08/2007,685.35,689.25,689.45,682.35,,-0.45%
05/07/2007,688.45,688.55,691.55,686.95,,-0.04%
05/04/2007,688.75,682.55,691.40,680.90,,0.94%
05/03/2007,682.35,672.75,682.95,671.95,,1.41%
05/02/2007,672.85,673.95,675.25,667.55,,-0.07%
05/01/2007,673.35,678.45,680.50,671.75,,-0.72%
04/30/2007,678.25,681.45,682.15,676.05,,-0.40%
04/27/2007,680.95,674.65,682.15,670.95,,0.89%
04/26/2007,674.95,685.55,687.15,671.40,,-1.56%
04/25/2007,685.65,683.65,686.95,682.05,,0.34%
04/24/2007,683.35,689.55,691.95,681.15,,-0.83%
04/23/2007,689.05,693.25,693.85,686.85,,-0.33%
04/20/2007,691.35,683.85,693.85,682.85,,1.27%
04/19/2007,682.65,689.65,691.75,678.95,,-1.00%
04/18/2007,689.55,686.65,690.95,685.95,,0.25%
04/17/2007,687.85,690.25,691.05,686.05,,-0.39%
04/16/2007,690.55,686.25,691.25,683.45,,0.72%
04/13/2007,685.60,676.50,686.30,675.90,,1.42%
04/12/2007,676.00,677.50,680.30,671.60,,-0.19%
04/11/2007,677.30,677.80,681.10,674.50,,0.00%
04/10/2007,677.30,671.50,681.80,671.10,,0.98%
04/09/2007,670.75,674.00,678.05,669.50,,-0.56%
04/06/2007,674.50,674.00,674.70,673.25,,0.01%
04/05/2007,674.45,674.45,675.65,671.65,,-0.01%
04/04/2007,674.50,665.10,676.30,663.60,,1.58%
04/03/2007,664.00,664.80,668.00,662.30,,0.02%
04/02/2007,663.90,665.70,666.30,656.70,,0.05%
03/30/2007,663.60,661.80,668.40,660.90,,0.35%
03/29/2007,661.30,666.70,666.70,655.30,,-0.65%
03/28/2007,665.60,664.90,670.00,663.80,,0.23%
03/27/2007,664.10,664.10,666.10,661.80,,0.05%
03/26/2007,663.80,657.75,665.60,657.30,,1.02%
03/23/2007,657.10,663.90,664.70,655.50,,-1.01%
03/22/2007,663.80,664.10,667.10,662.30,,-0.06%
03/21/2007,664.20,658.50,664.30,657.20,,0.90%
03/20/2007,658.30,654.50,661.10,652.90,,0.70%
03/19/2007,653.70,653.20,656.75,652.10,,0.12%
03/16/2007,652.90,646.90,655.60,646.20,,0.93%
03/15/2007,646.90,644.00,650.25,643.50,,0.43%
03/14/2007,644.10,643.30,646.20,637.00,,0.09%
03/13/2007,643.50,650.50,652.20,643.40,,-1.18%
03/12/2007,651.20,649.25,654.25,646.10,,0.14%
03/09/2007,650.27,651.58,658.38,649.48,,-0.16%
03/08/2007,651.30,649.50,656.20,647.60,,0.83%
03/07/2007,645.95,646.25,650.85,642.85,,-0.21%
03/06/2007,647.30,636.30,648.00,632.80,,1.81%
03/05/2007,635.80,643.80,645.20,633.50,,-1.11%
03/02/2007,642.95,664.85,665.85,640.15,,-3.25%
03/01/2007,664.55,669.55,677.55,661.55,,-0.81%
02/28/2007,669.95,679.35,679.35,660.35,,-1.48%
02/27/2007,680.00,687.10,689.70,675.30,,-1.07%
02/26/2007,687.35,681.65,689.35,681.65,,0.66%
02/23/2007,682.85,677.55,688.55,673.05,,0.75%
02/22/2007,677.75,678.10,681.25,676.05,,-0.22%
02/21/2007,679.25,657.45,682.45,657.25,,3.11%
02/20/2007,658.75,670.85,672.15,655.75,,-1.91%
02/19/2007,671.55,669.35,673.55,667.85,,0.37%
02/16/2007,669.05,670.05,670.05,662.90,,-0.04%
02/15/2007,669.35,668.75,670.85,662.55,,0.03%
02/14/2007,669.15,664.35,672.20,663.75,,0.72%
02/13/2007,664.35,660.80,668.60,660.80,,0.35%
02/12/2007,662.05,667.95,668.55,660.00,,-0.69%
02/09/2007,666.65,660.55,668.15,657.15,,0.89%
02/08/2007,660.75,651.65,660.95,648.05,,1.40%
02/07/2007,651.65,653.55,656.85,651.55,,-0.32%
02/06/2007,653.75,648.35,658.75,648.25,,0.80%
02/05/2007,648.55,648.35,652.25,646.45,,0.05%
02/02/2007,648.25,657.15,659.85,643.15,,-1.44%
02/01/2007,657.70,653.00,662.00,652.20,,0.69%
01/31/2007,653.20,647.20,655.20,642.60,,0.90%
01/30/2007,647.40,643.80,647.50,641.30,,0.67%
01/29/2007,643.10,646.30,648.20,641.20,,-0.54%
01/26/2007,646.60,646.20,648.40,641.10,,0.08%
01/25/2007,646.10,648.60,654.50,645.70,,-0.37%
01/24/2007,648.50,646.70,649.10,639.00,,0.29%
01/23/2007,646.60,633.25,648.00,633.10,,2.16%
01/22/2007,632.90,635.75,640.10,632.70,,-0.41%
01/19/2007,635.50,627.00,636.50,626.90,,1.19%
01/18/2007,628.00,631.80,636.90,627.00,,-0.62%
01/17/2007,631.90,625.00,634.30,620.70,,1.04%
01/16/2007,625.40,626.50,628.20,622.90,,-0.21%
01/15/2007,626.70,626.20,628.30,624.50,,-0.03%
01/12/2007,626.90,611.75,627.70,610.10,,2.45%
01/11/2007,611.90,611.60,616.25,609.20,,0.03%
01/10/2007,611.70,613.60,614.50,606.20,,-0.29%
01/09/2007,613.50,609.80,616.20,606.50,,0.59%
01/08/2007,609.90,608.75,610.10,604.40,,0.41%
01/05/2007,607.40,622.00,626.50,602.20,,-2.35%
01/04/2007,622.00,627.50,630.70,622.00,,-0.91%
01/03/2007,627.70,640.50,645.40,625.30,,-2.00%
01/02/2007,640.50,637.30,641.30,636.30,,0.58%
12/29/2006,636.80,634.80,636.80,632.30,,0.28%
12/28/2006,635.00,627.30,635.70,626.75,,1.23%
12/27/2006,627.30,624.80,629.60,624.20,,0.38%
12/26/2006,624.90,622.60,630.00,622.50,,0.67%
12/25/2006,620.75,620.75,621.25,620.25,,-0.04%
12/22/2006,621.00,618.60,621.70,618.25,,0.40%
12/21/2006,618.50,620.50,622.75,618.20,,-0.35%
12/20/2006,620.65,622.95,624.75,619.35,,-0.34%
12/19/2006,622.75,616.35,622.95,615.35,,1.10%
12/18/2006,615.95,615.65,618.75,612.05,,0.11%
12/15/2006,615.25,625.65,629.65,614.95,,-1.73%
12/14/2006,626.05,628.75,629.55,625.55,,-0.49%
12/13/2006,629.15,630.15,630.85,623.75,,-0.14%
12/12/2006,630.05,630.35,631.50,627.05,,-0.06%
12/11/2006,630.45,625.15,631.05,623.35,,0.85%
12/08/2006,625.15,634.15,638.55,625.15,,-1.17%
12/07/2006,632.55,631.25,632.85,625.65,,0.16%
12/06/2006,631.55,643.65,643.65,629.95,,-1.93%
12/05/2006,643.95,646.45,649.25,638.95,,-0.30%
12/04/2006,645.90,645.25,648.20,640.90,,0.02%
12/01/2006,645.80,648.00,650.00,643.90,,-0.39%
11/30/2006,648.30,636.50,649.00,636.50,,1.84%
11/29/2006,636.60,639.70,640.90,635.00,,-0.53%
11/28/2006,640.00,640.80,642.20,632.70,,-0.20%
11/27/2006,641.30,639.00,642.25,637.20,,0.49%
11/24/2006,638.20,631.00,640.30,631.00,,1.10%
11/23/2006,631.25,630.30,631.80,629.00,,0.17%
11/22/2006,630.20,627.60,634.90,626.40,,0.51%
11/21/2006,627.00,623.00,629.60,622.25,,0.69%
11/20/2006,622.70,621.50,627.00,620.90,,0.11%
11/17/2006,622.00,618.90,622.70,614.80,,0.53%
11/16/2006,618.70,623.00,628.60,618.20,,-0.63%
11/15/2006,622.60,621.00,625.50,615.80,,0.27%
11/14/2006,620.90,625.60,629.40,619.50,,-0.83%
11/13/2006,626.10,629.10,632.90,620.80,,-0.41%
11/10/2006,628.70,633.40,637.00,626.50,,-0.79%
11/09/2006,633.70,615.90,636.00,615.40,,2.91%
11/08/2006,615.77,625.27,626.98,613.27,,-1.46%
11/07/2006,624.90,623.10,629.40,622.20,,0.29%
11/06/2006,623.10,626.50,629.90,622.90,,-0.78%
11/03/2006,628.00,624.00,629.00,617.50,,0.71%
11/02/2006,623.60,617.50,625.90,614.50,,0.89%
11/01/2006,618.10,606.40,619.20,605.70,,1.90%
10/31/2006,606.60,604.50,607.80,598.50,,0.35%
10/30/2006,604.50,599.00,611.00,598.70,,0.74%
10/27/2006,600.05,596.95,600.05,592.15,,0.59%
10/26/2006,596.55,591.75,599.25,590.45,,0.83%
10/25/2006,591.65,585.25,591.65,580.35,,1.25%
10/24/2006,584.35,581.75,584.45,573.85,,0.40%
10/23/2006,582.05,590.75,593.25,579.85,,-1.66%
10/20/2006,591.90,600.30,602.70,591.80,,-1.23%
10/19/2006,599.30,589.70,600.80,586.70,,1.59%
10/18/2006,589.90,590.10,595.50,587.40,,-0.08%
10/17/2006,590.40,597.25,598.00,585.90,,-0.94%
10/16/2006,596.00,591.00,596.30,590.25,,1.02%
10/13/2006,590.00,578.50,590.80,577.40,,1.97%
10/12/2006,578.60,573.00,579.00,571.20,,0.92%
10/11/2006,573.30,573.20,579.30,570.50,,0.05%
10/10/2006,573.00,577.30,581.60,569.30,,-0.64%
10/09/2006,576.70,575.50,581.25,572.00,,0.51%
10/06/2006,573.80,573.40,573.80,560.40,,-0.03%
10/05/2006,574.00,567.50,574.75,562.50,,1.31%
10/04/2006,566.60,574.50,581.00,559.90,,-1.41%
10/03/2006,574.70,596.00,598.25,574.20,,-3.44%
10/02/2006,595.20,598.50,604.20,595.20,,-0.52%
09/29/2006,598.30,601.25,604.00,595.00,,-0.76%
09/28/2006,602.90,602.60,607.00,600.90,,0.42%
09/27/2006,600.40,592.10,600.40,590.00,,1.47%
09/26/2006,591.70,587.00,594.25,586.30,,0.85%
09/25/2006,586.70,589.25,591.10,582.50,,-0.27%
09/22/2006,588.30,585.50,593.00,584.50,,0.68%
09/21/2006,584.30,576.70,584.30,574.75,,1.34%
09/20/2006,576.60,573.00,586.80,572.80,,0.17%
09/19/2006,575.65,588.05,589.25,575.65,,-2.24%
09/18/2006,588.85,581.35,589.25,578.55,,1.55%
09/15/2006,579.85,576.85,581.85,571.95,,0.54%
09/14/2006,576.75,589.85,595.75,576.75,,-2.24%
09/13/2006,589.95,587.95,593.35,579.35,,0.37%
09/12/2006,587.75,590.75,599.75,584.65,,-0.68%
09/11/2006,591.75,610.15,611.15,583.35,,-3.12%
09/08/2006,610.80,617.20,619.75,606.70,,-0.96%
09/07/2006,616.70,633.50,636.50,615.30,,-2.65%
09/06/2006,633.50,638.50,640.75,633.10,,-0.80%
09/05/2006,638.60,627.30,640.50,626.50,,1.93%
09/04/2006,626.50,625.05,628.00,625.05,,0.16%
09/01/2006,625.50,625.30,628.10,620.05,,-0.22%
08/31/2006,626.90,619.10,627.60,618.10,,1.15%
08/30/2006,619.75,614.75,621.55,612.85,,1.14%
08/29/2006,612.75,614.35,618.25,607.55,,-0.21%
08/28/2006,614.05,622.35,624.25,613.25,,-1.48%
08/25/2006,623.25,620.25,624.65,618.55,,0.23%
08/24/2006,621.85,621.75,626.70,619.25,,-0.08%
08/23/2006,622.35,624.05,631.55,621.75,,-0.27%
08/22/2006,624.05,628.15,629.25,620.85,,-0.60%
08/21/2006,627.80,614.00,628.50,613.80,,2.08%
08/18/2006,615.00,613.80,619.15,607.40,,0.08%
08/17/2006,614.50,628.70,632.10,613.70,,-2.27%
08/16/2006,628.80,624.80,632.80,624.00,,0.61%
08/15/2006,625.00,626.40,628.70,621.00,,-0.67%
08/14/2006,629.20,633.40,633.40,623.90,,-0.55%
08/11/2006,632.70,637.50,645.55,626.50,,-0.39%
08/10/2006,635.17,650.48,654.12,634.27,,-2.38%
08/09/2006,650.65,644.25,655.30,636.50,,1.07%
08/08/2006,643.75,647.75,650.00,641.25,,-0.65%
08/07/2006,647.98,644.17,652.17,644.17,,0.24%
08/04/2006,646.45,645.35,654.85,643.75,,0.22%
08/03/2006,645.05,651.85,653.50,639.35,,-0.91%
08/02/2006,650.95,647.25,656.20,645.75,,0.58%
08/01/2006,647.20,636.00,647.60,630.50,,1.99%
07/31/2006,634.58,636.38,638.98,629.27,,-0.21%
07/28/2006,635.90,634.50,637.75,626.10,,0.32%
07/27/2006,633.88,624.12,640.88,624.12,,1.88%
07/26/2006,622.17,618.88,623.27,613.27,,0.44%
07/25/2006,619.45,615.25,624.00,610.15,,1.14%
07/24/2006,612.48,620.88,621.12,601.98,,-1.33%
07/21/2006,620.75,629.65,637.15,616.25,,-1.34%
07/20/2006,629.15,643.60,645.10,629.05,,-2.01%
07/19/2006,642.05,630.85,646.75,618.30,,1.72%
07/18/2006,631.20,642.90,654.50,628.10,,-1.86%
07/17/2006,643.15,668.75,676.75,642.85,,-3.31%
07/14/2006,665.15,663.45,668.50,659.55,,0.77%
07/13/2006,660.05,650.85,661.00,644.75,,1.35%
07/12/2006,651.25,641.05,656.05,639.75,,1.54%
07/11/2006,641.35,624.15,643.75,621.75,,2.77%
07/10/2006,624.05,630.25,632.75,620.75,,-1.03%
07/07/2006,630.55,633.65,637.75,627.75,,-0.54%
07/06/2006,633.95,628.85,635.50,622.75,,0.88%
07/05/2006,628.45,622.35,630.85,617.85,,1.04%
07/04/2006,622.00,624.00,624.00,617.00,,-0.40%
07/03/2006,624.50,618.00,625.55,617.00,,1.86%
06/30/2006,613.10,597.40,615.90,597.35,,2.53%
06/29/2006,598.00,580.40,598.00,579.40,,3.07%
06/28/2006,580.20,579.50,586.80,576.90,,-0.29%
06/27/2006,581.90,585.30,596.10,581.90,,-0.61%
06/26/2006,585.45,584.90,587.50,577.50,,0.36%
06/23/2006,583.35,580.85,586.45,571.85,,0.46%
06/22/2006,580.65,587.35,595.15,580.35,,-1.06%
06/21/2006,586.85,575.10,590.55,570.55,,1.80%
06/20/2006,576.50,565.50,576.70,561.00,,1.29%
06/19/2006,569.15,580.35,580.45,566.05,,-2.01%
06/16/2006,580.85,570.35,585.35,567.35,,1.90%
06/15/2006,570.00,560.55,576.80,554.25,,1.90%
06/14/2006,559.35,564.35,571.45,543.35,,-0.69%
06/13/2006,563.25,604.75,605.05,562.45,,-7.03%
06/12/2006,605.85,603.85,611.75,602.85,,-0.26%
06/09/2006,607.45,613.35,617.45,601.00,,-0.77%
06/08/2006,612.15,626.95,627.45,607.85,,-2.36%
06/07/2006,626.95,630.35,630.55,616.60,,-0.51%
06/06/2006,630.15,635.35,639.15,625.35,,-1.13%
06/05/2006,637.35,638.65,645.35,637.05,,-0.13%
06/02/2006,638.20,629.30,639.00,618.90,,1.37%
06/01/2006,629.60,643.30,645.40,621.30,,-2.19%
05/31/2006,643.70,653.10,659.70,638.90,,-1.39%
05/30/2006,652.80,651.80,665.00,648.60,,0.35%
05/29/2006,650.50,653.15,654.10,646.40,,-0.23%
05/26/2006,652.00,650.10,655.50,640.40,,0.18%
05/25/2006,650.80,642.60,651.30,639.00,,1.39%
05/24/2006,641.90,669.40,670.90,637.80,,-4.41%
05/23/2006,671.50,656.50,674.00,650.90,,2.33%
05/22/2006,656.20,656.60,661.65,636.60,,-0.21%
05/19/2006,657.60,683.90,688.90,651.40,,-3.62%
05/18/2006,682.30,686.90,694.50,678.80,,-1.10%
05/17/2006,689.90,688.90,716.40,685.70,,0.04%
05/16/2006,689.60,679.00,692.50,674.50,,1.25%
05/15/2006,681.10,714.20,721.00,678.10,,-4.71%
05/12/2006,714.80,714.20,730.50,708.30,,-0.63%
05/11/2006,719.30,709.10,726.50,704.75,,1.67%
05/10/2006,707.50,700.70,707.50,693.80,,0.96%
05/09/2006,700.80,679.00,701.00,677.75,,3.24%
05/08/2006,678.80,685.20,685.20,670.50,,-0.57%
05/05/2006,682.70,678.50,684.60,675.30,,0.78%
05/04/2006,677.40,667.90,677.90,660.90,,1.48%
05/03/2006,667.50,668.00,676.80,660.50,,-0.01%
05/02/2006,667.60,654.50,667.70,653.50,,1.44%
05/01/2006,658.10,654.60,661.60,652.40,,0.55%
04/28/2006,654.50,634.00,655.80,633.90,,3.23%
04/27/2006,634.00,639.40,643.50,627.70,,-0.78%
04/26/2006,639.00,630.70,640.90,628.60,,1.38%
04/25/2006,630.30,621.20,635.10,619.00,,1.45%
04/24/2006,621.30,639.50,639.50,619.20,,-2.00%
04/21/2006,634.00,610.65,634.40,610.60,,3.04%
04/20/2006,615.30,639.70,646.15,608.20,,-3.84%
04/19/2006,639.90,621.80,640.30,621.40,,2.94%
04/18/2006,621.60,614.20,622.10,612.50,,1.24%
04/17/2006,614.00,600.40,615.80,600.40,,2.37%
04/14/2006,599.80,596.75,599.80,595.75,,0.55%
04/13/2006,596.50,598.50,598.80,590.90,,-0.31%
04/12/2006,598.38,593.17,600.38,593.17,,0.82%
04/11/2006,593.50,600.10,604.40,593.10,,-1.08%
04/10/2006,600.00,589.15,600.30,588.30,,1.96%
04/07/2006,588.45,596.15,598.45,585.25,,-1.14%
04/06/2006,595.25,589.15,596.95,587.20,,1.09%
04/05/2006,588.85,585.95,589.85,582.35,,0.41%
04/04/2006,586.45,588.25,590.45,584.85,,-0.39%
04/03/2006,588.75,582.95,591.95,582.25,,0.87%
03/31/2006,583.65,588.75,589.15,579.05,,-0.85%
03/30/2006,588.65,573.45,589.15,571.45,,2.65%
03/29/2006,573.45,564.75,574.05,560.45,,1.59%
03/28/2006,564.50,567.00,569.30,563.20,,-0.43%
03/27/2006,566.95,559.95,568.75,558.65,,1.16%
03/24/2006,560.45,550.15,561.15,548.95,,1.87%
03/23/2006,550.15,550.85,551.45,545.05,,-0.07%
03/22/2006,550.55,552.05,553.70,547.15,,-0.24%
03/21/2006,551.85,554.75,555.45,547.35,,-0.47%
03/20/2006,554.45,554.55,556.65,550.15,,0.11%
03/17/2006,553.85,555.45,557.95,552.15,,-0.25%
03/16/2006,555.25,553.05,557.05,547.55,,0.23%
03/15/2006,553.95,551.20,557.35,550.45,,0.36%
03/14/2006,551.95,546.05,552.45,542.75,,1.06%
03/13/2006,546.15,541.20,546.95,540.95,,1.07%
03/10/2006,540.35,545.45,547.30,534.05,,-1.04%
03/09/2006,546.05,543.70,550.55,540.30,,0.40%
03/08/2006,543.85,552.45,554.20,538.45,,-1.65%
03/07/2006,552.95,555.15,559.20,548.75,,-0.47%
03/06/2006,555.55,565.95,568.60,552.55,,-1.68%
03/03/2006,565.05,569.45,570.95,564.65,,-0.65%
03/02/2006,568.75,562.45,568.75,562.20,,0.87%
03/01/2006,563.85,561.15,566.95,560.60,,0.37%
02/28/2006,561.75,553.70,561.95,553.20,,1.19%
02/27/2006,555.15,558.35,559.10,552.55,,-0.68%
02/24/2006,558.95,547.45,559.95,547.45,,1.74%
02/23/2006,549.38,554.62,554.73,548.27,,-0.90%
02/22/2006,554.35,554.65,555.45,547.45,,0.09%
02/21/2006,553.85,555.60,556.35,551.35,,-0.40%
02/20/2006,556.05,552.20,557.05,551.95,,0.71%
02/17/2006,552.15,546.45,554.45,544.45,,1.08%
02/16/2006,546.25,538.45,546.45,535.45,,1.17%
02/15/2006,539.95,547.95,548.20,535.95,,-1.40%
02/14/2006,547.62,538.38,547.62,534.88,,1.59%
02/13/2006,539.05,550.35,551.95,539.05,,-2.16%
02/10/2006,550.95,564.25,568.95,547.05,,-2.31%
02/09/2006,563.95,551.35,566.95,549.65,,2.38%
02/08/2006,550.85,549.05,553.25,545.35,,0.36%
02/07/2006,548.85,569.95,571.25,548.15,,-3.69%
02/06/2006,569.85,569.20,573.95,568.70,,0.39%
02/03/2006,567.65,572.25,574.15,565.05,,-0.84%
02/02/2006,572.45,569.45,575.05,567.65,,0.58%
02/01/2006,569.15,568.95,571.85,563.75,,0.04%
01/31/2006,568.95,568.25,572.65,566.05,,-0.04%
01/30/2006,569.15,558.45,569.35,558.35,,1.72%
01/27/2006,559.55,559.70,564.35,555.95,,-0.11%
01/26/2006,560.15,563.55,563.85,554.85,,-0.59%
01/25/2006,563.45,558.45,566.65,556.85,,0.85%
01/24/2006,558.70,559.50,560.15,552.65,,-0.09%
01/23/2006,559.20,553.40,560.50,549.40,,0.98%
01/20/2006,553.80,557.90,568.00,553.40,,-0.75%
01/19/2006,558.00,543.15,558.00,558.00,,2.57%
01/18/2006,544.00,554.60,544.00,544.00,,-1.89%
01/17/2006,554.50,561.40,554.50,554.50,,-1.37%
01/16/2006,562.20,556.90,562.20,562.20,,0.96%
01/13/2006,556.88,546.38,556.88,556.88,,1.58%
01/12/2006,548.20,549.40,548.20,548.20,,-0.15%
01/11/2006,549.00,541.90,549.00,549.00,,1.19%
01/10/2006,542.55,549.10,542.55,542.55,,-1.20%
01/09/2006,549.12,539.38,549.12,549.12,,1.75%
01/06/2006,539.65,525.35,539.65,539.65,,2.78%
01/05/2006,525.05,534.60,525.05,525.05,,-1.78%
01/04/2006,534.55,534.60,534.55,534.55,,0.18%
01/03/2006,533.60,517.15,533.60,533.60,,3.09%
12/30/2005,517.60,515.40,517.60,517.60,,0.30%
12/29/2005,516.05,516.75,516.05,516.05,,0.04%
12/28/2005,515.85,507.85,515.85,515.85,,1.56%
12/27/2005,507.95,504.85,507.95,507.95,,0.58%
12/26/2005,505.00,504.50,505.00,505.00,,0.40%
12/23/2005,503.00,504.20,503.00,503.00,,-0.16%
12/22/2005,503.80,495.40,503.80,503.80,,1.78%
12/21/2005,495.00,492.70,495.00,495.00,,0.47%
12/20/2005,492.70,504.00,492.70,492.70,,-2.22%
12/19/2005,503.90,504.90,503.90,503.90,,0.12%
12/16/2005,503.30,502.90,503.30,503.30,,0.04%
12/15/2005,503.10,504.90,503.10,503.10,,-0.52%
12/14/2005,505.75,518.85,505.75,505.75,,-2.53%
12/13/2005,518.88,525.88,518.88,518.88,,-1.78%
12/12/2005,528.30,527.40,528.30,528.30,,0.43%
12/09/2005,526.05,520.85,526.05,526.05,,0.97%
12/08/2005,521.00,515.20,521.00,521.00,,1.13%
12/07/2005,515.20,511.20,515.20,515.20,,0.74%
12/06/2005,511.40,509.90,511.40,511.40,,0.40%
12/05/2005,509.38,504.38,509.38,509.38,,1.19%
12/02/2005,503.40,504.15,503.40,503.40,,0.00%
12/01/2005,503.38,493.88,503.38,503.38,,1.93%
11/30/2005,493.85,499.35,493.85,493.85,,-1.25%
11/29/2005,500.10,498.65,500.10,500.10,,0.30%
11/28/2005,498.60,497.15,498.60,498.60,,0.51%
11/25/2005,496.07,493.62,496.07,496.07,,0.55%
11/24/2005,493.38,493.62,493.38,493.38,,0.26%
11/23/2005,492.10,493.90,492.10,492.10,,-0.46%
11/22/2005,494.38,491.62,494.38,494.38,,0.66%
11/21/2005,491.15,485.10,491.15,491.15,,1.10%
11/18/2005,485.80,485.65,485.80,485.80,,0.18%
11/17/2005,484.95,479.10,484.95,484.95,,1.16%
11/16/2005,479.38,468.68,479.38,479.38,,2.38%
11/15/2005,468.25,469.35,468.25,468.25,,0.05%
11/14/2005,468.00,469.40,468.00,468.00,,-0.15%
11/11/2005,468.70,466.90,468.70,468.70,,0.34%
11/10/2005,467.10,466.90,467.10,467.10,,0.17%
11/09/2005,466.30,460.60,466.30,466.30,,1.02%
11/08/2005,461.60,459.45,461.60,461.60,,0.46%
11/07/2005,459.50,457.00,459.50,459.50,,0.64%
11/04/2005,456.60,461.40,456.60,456.60,,-0.89%
11/03/2005,460.70,463.40,460.70,460.70,,-0.46%
11/02/2005,462.85,459.15,462.85,462.85,,0.77%
11/01/2005,459.30,465.30,459.30,459.30,,-1.27%
10/31/2005,465.20,472.90,465.20,465.20,,-1.74%
10/28/2005,473.45,474.35,473.45,473.45,,-0.09%
10/27/2005,473.90,470.90,473.90,473.90,,0.69%
10/26/2005,470.65,472.55,470.65,470.65,,-0.41%
10/25/2005,472.60,465.35,472.60,472.60,,1.58%
10/24/2005,465.25,466.20,465.25,465.25,,-0.35%
10/21/2005,466.88,462.38,466.88,466.88,,1.22%
10/20/2005,461.25,464.65,461.25,461.25,,-0.79%
10/19/2005,464.90,471.55,464.90,464.90,,-1.48%
10/18/2005,471.90,474.20,471.90,471.90,,-0.42%
10/17/2005,473.90,469.65,473.90,473.90,,0.92%
10/14/2005,469.60,471.90,469.60,469.60,,-0.46%
10/13/2005,471.75,471.25,471.75,471.75,,0.18%
10/12/2005,470.88,476.12,470.88,470.88,,-0.98%
10/11/2005,475.55,475.35,475.55,475.55,,0.08%
10/10/2005,475.15,474.60,475.15,475.15,,0.21%
10/07/2005,474.15,473.60,474.15,474.15,,0.30%
10/06/2005,472.75,465.10,472.75,472.75,,1.68%
10/05/2005,464.95,466.85,464.95,464.95,,-0.30%
10/04/2005,466.35,465.65,466.35,466.35,,0.04%
10/03/2005,466.15,467.60,466.15,466.15,,-0.64%
09/30/2005,469.15,471.60,469.15,469.15,,-0.66%
09/29/2005,472.25,469.25,472.25,472.25,,0.61%
09/28/2005,469.38,462.88,469.38,469.38,,1.54%
09/27/2005,462.25,466.25,462.25,462.25,,-0.94%
09/26/2005,466.62,463.88,466.62,466.62,,0.73%
09/23/2005,463.25,465.35,463.25,463.25,,-0.54%
09/22/2005,465.75,472.15,465.75,465.75,,-1.36%
09/21/2005,472.15,464.35,472.15,472.15,,1.75%
09/20/2005,464.05,464.00,464.05,464.05,,-0.19%
09/19/2005,464.95,459.35,464.95,464.95,,1.13%
09/16/2005,459.75,455.85,459.75,459.75,,0.99%
09/15/2005,455.25,450.85,455.25,455.25,,1.00%
09/14/2005,450.75,446.45,450.75,450.75,,1.02%
09/13/2005,446.20,449.55,446.20,446.20,,-0.70%
09/12/2005,449.35,449.85,449.35,449.35,,0.02%
09/09/2005,449.25,446.60,449.25,449.25,,0.47%
09/08/2005,447.15,444.75,447.15,447.15,,0.56%
09/07/2005,444.65,443.90,444.65,444.65,,0.15%
09/06/2005,444.00,445.75,444.00,444.00,,-0.28%
09/05/2005,445.25,444.35,445.25,445.25,,0.13%
09/02/2005,444.65,443.05,444.65,444.65,,0.32%
09/01/2005,443.25,435.00,443.25,443.25,,1.84%
08/31/2005,435.25,431.55,435.25,435.25,,0.93%
08/30/2005,431.25,436.50,431.25,431.25,,-1.30%
08/29/2005,436.95,438.65,436.95,436.95,,-0.15%
08/26/2005,437.60,438.25,437.60,437.60,,-0.16%
08/25/2005,438.30,437.55,438.30,438.30,,0.18%
08/24/2005,437.50,439.40,437.50,437.50,,-0.34%
08/23/2005,439.00,438.00,439.00,439.00,,0.19%
08/22/2005,438.15,437.25,438.15,438.15,,0.42%
08/19/2005,436.30,439.90,436.30,436.30,,-0.77%
08/18/2005,439.70,440.60,439.70,439.70,,-0.10%
08/17/2005,440.15,446.15,440.15,440.15,,-1.34%
08/16/2005,446.15,442.55,446.15,446.15,,0.80%
08/15/2005,442.60,446.25,442.60,442.60,,-0.81%
08/12/2005,446.20,445.80,446.20,446.20,,0.04%
08/11/2005,446.00,437.50,446.00,446.00,,1.94%
08/10/2005,437.50,435.00,437.50,437.50,,0.53%
08/09/2005,435.20,434.90,435.20,435.20,,0.05%
08/08/2005,435.00,437.40,435.00,435.00,,-0.67%
08/05/2005,437.95,437.60,437.95,437.95,,0.05%
08/04/2005,437.75,436.75,437.75,437.75,,0.25%
08/03/2005,436.65,432.00,436.65,436.65,,1.04%
08/02/2005,432.15,431.75,432.15,432.15,,0.03%
08/01/2005,432.00,429.70,432.00,432.00,,0.42%
07/29/2005,430.20,427.90,430.20,430.20,,0.51%
07/28/2005,428.00,425.05,428.00,428.00,,0.65%
07/27/2005,425.25,423.45,425.25,425.25,,0.47%
07/26/2005,423.25,425.75,423.25,423.25,,-0.65%
07/25/2005,426.00,425.20,426.00,426.00,,0.26%
07/22/2005,424.90,426.40,424.90,424.90,,-0.19%
07/21/2005,425.70,423.05,425.70,425.70,,0.65%
07/20/2005,422.95,420.35,422.95,422.95,,0.74%
07/19/2005,419.85,421.15,419.85,419.85,,-0.24%
07/18/2005,420.85,421.25,420.85,420.85,,-0.17%
07/15/2005,421.55,419.85,421.55,421.55,,0.36%
07/14/2005,420.05,424.10,420.05,420.05,,-1.01%
07/13/2005,424.35,426.65,424.35,424.35,,-0.56%
07/12/2005,426.75,425.75,426.75,426.75,,0.23%
07/11/2005,425.75,423.75,425.75,425.75,,0.64%
07/08/2005,423.05,424.65,423.05,423.05,,-0.37%
07/07/2005,424.62,423.88,424.62,424.62,,0.26%
07/06/2005,423.50,423.85,423.50,423.50,,-0.06%
07/05/2005,423.75,427.25,423.75,423.75,,-0.91%
07/04/2005,427.65,428.35,427.65,427.65,,0.00%
07/01/2005,427.65,434.85,427.65,427.65,,-1.75%
06/30/2005,435.25,436.85,435.25,435.25,,-0.48%
06/29/2005,437.35,436.15,437.35,437.35,,0.31%
06/28/2005,436.00,439.55,436.00,436.00,,-0.82%
06/27/2005,439.62,439.62,439.62,439.62,,-0.21%
06/24/2005,440.55,440.85,440.55,440.55,,-0.16%
06/23/2005,441.25,437.95,441.25,441.25,,0.73%
06/22/2005,438.05,438.50,438.05,438.05,,-0.19%
06/21/2005,438.88,437.38,438.88,438.88,,0.17%
06/20/2005,438.15,438.10,438.15,438.15,,-0.05%
06/17/2005,438.35,435.60,438.35,438.35,,0.50%
06/16/2005,436.15,428.85,436.15,436.15,,1.75%
06/15/2005,428.65,426.95,428.65,428.65,,0.43%
06/14/2005,426.82,426.88,426.82,426.82,,-0.48%
06/13/2005,428.90,425.80,428.90,428.90,,0.36%
06/10/2005,427.35,423.85,427.35,427.35,,0.84%
06/09/2005,423.77,423.82,423.77,423.77,,0.05%
06/08/2005,423.55,424.45,423.55,423.55,,-0.21%
06/07/2005,424.45,426.35,424.45,424.45,,-0.36%
06/06/2005,426.00,422.55,426.00,426.00,,0.84%
06/03/2005,422.45,422.15,422.45,422.45,,0.19%
06/02/2005,421.65,414.25,421.65,421.65,,1.49%
06/01/2005,415.45,417.00,415.45,415.45,,-0.46%
05/31/2005,417.35,418.85,417.35,417.35,,-0.33%
05/30/2005,418.75,419.60,418.75,418.75,,-0.31%
05/27/2005,420.05,417.85,420.05,420.05,,0.55%
05/26/2005,417.75,418.95,417.75,417.75,,-0.43%
05/25/2005,419.55,418.20,419.55,419.55,,0.37%
05/24/2005,418.00,417.45,418.00,418.00,,0.18%
05/23/2005,417.25,417.65,417.25,417.25,,-0.12%
05/20/2005,417.77,420.68,417.77,417.77,,-0.68%
05/19/2005,420.65,421.85,420.65,420.65,,-0.20%
05/18/2005,421.50,418.75,421.50,421.50,,0.66%
05/17/2005,418.75,419.85,418.75,418.75,,-0.18%
05/16/2005,419.50,420.25,419.50,419.50,,-0.21%
05/13/2005,420.40,422.60,420.40,420.40,,-0.47%
05/12/2005,422.38,427.68,422.38,422.38,,-1.17%
05/11/2005,427.38,426.98,427.38,427.38,,0.18%
05/10/2005,426.62,426.38,426.62,426.62,,0.12%
05/09/2005,426.12,426.38,426.12,426.12,,0.09%
05/06/2005,425.73,430.02,425.73,425.73,,-1.00%
05/05/2005,430.02,430.07,430.02,430.02,,0.18%
05/04/2005,429.23,427.68,429.23,429.23,,0.37%
05/03/2005,427.65,428.85,427.65,427.65,,-0.54%
05/02/2005,429.98,434.38,429.98,429.98,,-1.13%
04/29/2005,434.88,431.57,434.88,434.88,,0.86%
04/28/2005,431.18,432.88,431.18,431.18,,-0.25%
04/27/2005,432.27,436.12,432.27,432.27,,-1.11%
04/26/2005,437.12,436.12,437.12,437.12,,0.57%
04/25/2005,434.65,433.95,434.65,434.65,,0.01%
04/22/2005,434.60,432.80,434.60,434.60,,0.47%
04/21/2005,432.57,434.68,432.57,432.57,,-0.51%
04/20/2005,434.77,433.77,434.77,434.77,,0.28%
04/19/2005,433.57,426.98,433.57,433.57,,1.48%
04/18/2005,427.25,424.50,427.25,427.25,,0.53%
04/15/2005,425.00,423.70,425.00,425.00,,0.23%
04/14/2005,424.02,429.18,424.02,424.02,,-1.19%
04/13/2005,429.12,428.57,429.12,429.12,,0.20%
04/12/2005,428.25,428.65,428.25,428.25,,0.03%
04/11/2005,428.12,426.88,428.12,428.12,,0.71%
04/08/2005,425.12,425.62,425.12,425.12,,-0.21%
04/07/2005,426.02,426.77,426.02,426.02,,-0.18%
04/06/2005,426.77,424.88,426.77,426.77,,0.40%
04/05/2005,425.05,424.35,425.05,425.05,,0.17%
04/04/2005,424.32,425.88,424.32,424.32,,-0.43%
04/01/2005,426.15,428.35,426.15,426.15,,-0.54%
03/31/2005,428.45,426.60,428.45,428.45,,0.49%
03/30/2005,426.38,426.12,426.38,426.38,,0.00%
03/29/2005,426.38,426.12,426.38,426.38,,0.12%
03/28/2005,425.88,425.38,425.88,425.88,,-0.09%
03/25/2005,426.25,425.25,426.25,426.25,,0.28%
03/24/2005,425.05,425.45,425.05,425.05,,0.05%
03/23/2005,424.85,426.85,424.85,424.85,,-0.56%
03/22/2005,427.25,431.55,427.25,427.25,,-0.95%
03/21/2005,431.35,439.00,431.35,431.35,,-1.82%
03/18/2005,439.35,438.85,439.35,439.35,,0.21%
03/17/2005,438.43,443.12,438.43,438.43,,-1.18%
03/16/2005,443.65,440.60,443.65,443.65,,0.63%
03/15/2005,440.88,440.88,440.88,440.88,,-0.07%
03/14/2005,441.18,445.62,441.18,441.18,,-1.05%
03/11/2005,445.85,441.85,445.85,445.85,,0.78%
03/10/2005,442.38,440.43,442.38,442.38,,0.40%
03/09/2005,440.62,441.12,440.62,440.62,,0.00%
03/08/2005,440.62,434.62,440.62,440.62,,1.38%
03/07/2005,434.62,433.98,434.62,434.62,,0.14%
03/04/2005,434.00,430.10,434.00,434.00,,0.87%
03/03/2005,430.27,431.88,430.27,430.27,,-0.55%
03/02/2005,432.65,432.35,432.65,432.65,,-0.02%
03/01/2005,432.75,435.65,432.75,432.75,,-0.66%
02/28/2005,435.62,434.88,435.62,435.62,,0.16%
02/25/2005,434.93,433.62,434.93,434.93,,0.19%
02/24/2005,434.12,434.27,434.12,434.12,,-0.09%
02/23/2005,434.50,435.50,434.50,434.50,,-0.01%
02/22/2005,434.55,427.10,434.55,434.55,,1.68%
02/21/2005,427.35,428.75,427.35,427.35,,-0.02%
02/18/2005,427.43,427.27,427.43,427.43,,0.00%
02/17/2005,427.45,425.20,427.45,427.45,,0.49%
02/16/2005,425.38,425.38,425.38,425.38,,-0.06%
02/15/2005,425.62,425.62,425.62,425.62,,-0.06%
02/14/2005,425.88,420.62,425.88,425.88,,1.19%
02/11/2005,420.88,417.38,420.88,420.88,,0.78%
02/10/2005,417.62,413.38,417.62,417.62,,1.09%
02/09/2005,413.12,412.57,413.12,413.12,,0.08%
02/08/2005,412.80,413.65,412.80,412.80,,-0.34%
02/07/2005,414.20,414.65,414.20,414.20,,-0.10%
02/04/2005,414.60,417.10,414.60,414.60,,-0.60%
02/03/2005,417.10,421.80,417.10,417.10,,-1.16%
02/02/2005,421.98,420.98,421.98,421.98,,0.21%
02/01/2005,421.10,422.40,421.10,421.10,,-0.36%
01/31/2005,422.62,426.38,422.62,422.62,,-0.98%
01/28/2005,426.80,426.20,426.80,426.80,,0.14%
01/27/2005,426.20,426.65,426.20,426.20,,-0.07%
01/26/2005,426.50,422.15,426.50,426.50,,0.96%
01/25/2005,422.43,427.68,422.43,422.43,,-1.13%
01/24/2005,427.27,427.38,427.27,427.27,,0.12%
01/21/2005,426.75,422.35,426.75,426.75,,0.99%
01/20/2005,422.55,423.15,422.55,422.55,,-0.07%
01/19/2005,422.85,423.05,422.85,422.85,,-0.05%
01/18/2005,423.05,421.75,423.05,423.05,,0.16%
01/17/2005,422.38,422.62,422.38,422.38,,-0.18%
01/14/2005,423.15,425.25,423.15,423.15,,-0.46%
01/13/2005,425.12,426.02,425.12,425.12,,-0.23%
01/12/2005,426.12,422.62,426.12,426.12,,0.89%
01/11/2005,422.38,419.98,422.38,422.38,,0.78%
01/10/2005,419.12,419.38,419.12,419.12,,0.04%
01/07/2005,418.95,421.75,418.95,418.95,,-0.56%
01/06/2005,421.32,426.77,421.32,421.32,,-1.23%
01/05/2005,426.55,427.55,426.55,426.55,,-0.26%
01/04/2005,427.65,429.60,427.65,427.65,,-0.30%
01/03/2005,428.95,437.85,428.95,428.95,,-2.17%
12/31/2004,438.45,437.60,438.45,438.45,,0.23%
12/30/2004,437.45,436.25,437.45,437.45,,0.25%
12/29/2004,436.38,443.88,436.38,436.38,,-1.61%
12/28/2004,443.50,444.75,443.50,443.50,,-0.28%
12/27/2004,444.73,442.38,444.73,444.73,,0.46%
12/24/2004,442.70,442.15,442.70,442.70,,0.19%
12/23/2004,441.88,439.88,441.88,441.88,,0.50%
12/22/2004,439.68,441.88,439.68,439.68,,-0.50%
12/21/2004,441.88,442.93,441.88,441.88,,-0.26%
12/20/2004,443.02,441.62,443.02,443.02,,0.42%
12/17/2004,441.18,437.38,441.18,441.18,,0.93%
12/16/2004,437.12,440.88,437.12,437.12,,-0.68%
12/15/2004,440.12,436.12,440.12,440.12,,1.06%
12/14/2004,435.52,438.88,435.52,435.52,,-0.82%
12/13/2004,439.10,434.15,439.10,439.10,,1.06%
12/10/2004,434.50,437.30,434.50,434.50,,-0.75%
12/09/2004,437.80,440.40,437.80,437.80,,-0.55%
12/08/2004,440.20,451.00,440.20,440.20,,-2.37%
12/07/2004,450.90,451.90,450.90,450.90,,-0.34%
12/06/2004,452.45,455.25,452.45,452.45,,-0.74%
12/03/2004,455.82,449.48,455.82,455.82,,1.44%
12/02/2004,449.35,454.60,449.35,449.35,,-0.95%
12/01/2004,453.68,451.12,453.68,453.68,,0.62%
11/30/2004,450.88,453.12,450.88,450.88,,-0.62%
11/29/2004,453.68,454.12,453.68,453.68,,0.23%
11/26/2004,452.62,451.38,452.62,452.62,,0.20%
11/25/2004,451.70,449.20,451.70,451.70,,0.57%
11/24/2004,449.12,447.38,449.12,449.12,,0.47%
11/23/2004,447.00,448.50,447.00,447.00,,-0.36%
11/22/2004,448.62,446.62,448.62,448.62,,0.36%
11/19/2004,447.02,442.38,447.02,447.02,,0.88%
11/18/2004,443.12,444.77,443.12,443.12,,-0.34%
11/17/2004,444.62,439.38,444.62,444.62,,1.14%
11/16/2004,439.62,436.88,439.62,439.62,,0.64%
11/15/2004,436.82,437.62,436.82,436.82,,-0.26%
11/12/2004,437.95,434.50,437.95,437.95,,0.71%
11/11/2004,434.88,434.12,434.88,434.88,,0.23%
11/10/2004,433.88,434.88,433.88,433.88,,-0.33%
11/09/2004,435.32,432.12,435.32,435.32,,0.80%
11/08/2004,431.88,431.12,431.88,431.88,,-0.40%
11/05/2004,433.62,429.62,433.62,433.62,,0.93%
11/04/2004,429.62,426.88,429.62,429.62,,0.49%
11/03/2004,427.52,421.38,427.52,427.52,,1.34%
11/02/2004,421.88,425.88,421.88,421.88,,-1.20%
11/01/2004,427.00,429.50,427.00,427.00,,-0.35%
10/29/2004,428.52,424.18,428.52,428.52,,1.03%
10/28/2004,424.15,423.95,424.15,424.15,,0.01%
10/27/2004,424.12,426.77,424.12,424.12,,-0.70%
10/26/2004,427.12,428.98,427.12,427.12,,-0.35%
10/25/2004,428.62,425.12,428.62,428.62,,1.01%
10/22/2004,424.32,424.62,424.32,424.32,,0.12%
10/21/2004,423.82,423.88,423.82,423.82,,-0.07%
10/20/2004,424.12,420.23,424.12,424.12,,1.01%
10/19/2004,419.88,415.62,419.88,419.88,,0.78%
10/18/2004,416.62,418.62,416.62,416.62,,-0.53%
10/15/2004,418.82,417.98,418.82,418.82,,0.16%
10/14/2004,418.15,415.65,418.15,418.15,,0.43%
10/13/2004,416.38,413.57,416.38,416.38,,0.30%
10/12/2004,415.12,421.82,415.12,415.12,,-1.59%
10/11/2004,421.82,419.38,421.82,421.82,,-0.24%
10/08/2004,422.82,418.12,422.82,422.82,,1.11%
10/07/2004,418.18,418.12,418.18,418.18,,0.07%
10/06/2004,417.88,419.12,417.88,417.88,,-0.12%
10/05/2004,418.38,414.38,418.38,418.38,,1.07%
10/04/2004,413.95,418.75,413.95,413.95,,-1.26%
10/01/2004,419.23,418.12,419.23,419.23,,0.23%
09/30/2004,418.25,412.50,418.25,418.25,,1.27%
09/29/2004,413.02,412.88,413.02,413.02,,0.19%
09/28/2004,412.25,408.75,412.25,412.25,,0.89%
09/27/2004,408.62,409.77,408.62,408.62,,0.17%
09/24/2004,407.93,409.38,407.93,407.93,,-0.53%
09/23/2004,410.12,404.88,410.12,410.12,,0.67%
09/22/2004,407.38,409.12,407.38,407.38,,-0.43%
09/21/2004,409.12,404.88,409.12,409.12,,0.93%
09/20/2004,405.35,404.85,405.35,405.35,,-0.13%
09/17/2004,405.88,404.68,405.88,405.88,,0.31%
09/16/2004,404.62,404.88,404.62,404.62,,0.00%
09/15/2004,404.62,403.62,404.62,404.62,,-0.25%
09/14/2004,405.62,403.82,405.62,405.62,,0.45%
09/13/2004,403.82,402.12,403.82,403.82,,0.47%
09/10/2004,401.93,399.38,401.93,401.93,,0.70%
09/09/2004,399.12,399.57,399.12,399.12,,-0.11%
09/08/2004,399.55,397.75,399.55,399.55,,0.42%
09/07/2004,397.88,401.62,397.88,397.88,,-1.00%
09/06/2004,401.88,401.38,401.88,401.88,,0.34%
09/03/2004,400.52,405.88,400.52,400.52,,-1.36%
09/02/2004,406.05,408.50,406.05,406.05,,-0.62%
09/01/2004,408.60,410.15,408.60,408.60,,-0.30%
08/31/2004,409.82,407.12,409.82,409.82,,0.72%
08/30/2004,406.88,403.62,406.88,406.88,,0.91%
08/27/2004,403.23,406.88,403.23,403.23,,-0.90%
08/26/2004,406.88,407.12,406.88,406.88,,0.01%
08/25/2004,406.82,403.38,406.82,406.82,,0.90%
08/24/2004,403.18,409.12,403.18,403.18,,-1.33%
08/23/2004,408.62,412.12,408.62,408.62,,-1.14%
08/20/2004,413.32,406.38,413.32,413.32,,1.58%
08/19/2004,406.88,404.38,406.88,406.88,,0.60%
08/18/2004,404.45,404.25,404.45,404.45,,0.00%
08/17/2004,404.45,402.50,404.45,404.45,,0.42%
08/16/2004,402.75,399.75,402.75,402.75,,0.97%
08/13/2004,398.90,394.75,398.90,398.90,,1.04%
08/12/2004,394.80,395.75,394.80,394.80,,-0.32%
08/11/2004,396.05,397.50,396.05,396.05,,-0.53%
08/10/2004,398.18,399.93,398.18,398.18,,-0.55%
08/09/2004,400.38,398.62,400.38,400.38,,0.16%
08/06/2004,399.75,392.25,399.75,399.75,,1.76%
08/05/2004,392.85,392.25,392.85,392.85,,0.12%
08/04/2004,392.38,393.88,392.38,392.38,,-0.38%
08/03/2004,393.88,391.12,393.88,393.88,,0.47%
08/02/2004,392.05,394.25,392.05,392.05,,0.20%
07/30/2004,391.25,388.05,391.25,391.25,,0.74%
07/29/2004,388.38,388.52,388.38,388.38,,-0.20%
07/28/2004,389.15,387.75,389.15,389.15,,0.27%
07/27/2004,388.12,391.12,388.12,388.12,,-0.64%
07/26/2004,390.62,390.88,390.62,390.62,,0.17%
07/23/2004,389.95,395.75,389.95,389.95,,-1.30%
07/22/2004,395.07,397.88,395.07,395.07,,-0.74%
07/21/2004,398.00,400.50,398.00,398.00,,-0.53%
07/20/2004,400.12,406.38,400.12,400.12,,-1.44%
07/19/2004,405.95,406.50,405.95,405.95,,-0.12%
07/16/2004,406.45,404.10,406.45,406.45,,0.53%
07/15/2004,404.30,404.35,404.30,404.30,,-0.20%
07/14/2004,405.12,402.38,405.12,405.12,,0.68%
07/13/2004,402.38,407.48,402.38,402.38,,-1.17%
07/12/2004,407.15,407.50,407.15,407.15,,-0.10%
07/09/2004,407.57,406.27,407.57,407.57,,0.11%
07/08/2004,407.12,401.88,407.12,407.12,,1.33%
07/07/2004,401.77,392.62,401.77,401.77,,2.46%
07/06/2004,392.12,398.12,392.12,392.12,,-1.40%
07/05/2004,397.70,397.75,397.70,397.70,,-0.06%
07/02/2004,397.93,395.88,397.93,397.93,,0.47%
07/01/2004,396.05,394.50,396.05,396.05,,0.42%
06/30/2004,394.38,392.88,394.38,394.38,,0.54%
06/29/2004,392.27,401.62,392.27,392.27,,-2.15%
06/28/2004,400.88,403.12,400.88,400.88,,-0.45%
06/25/2004,402.68,402.27,402.68,402.68,,0.14%
06/24/2004,402.12,394.88,402.12,402.12,,1.83%
06/23/2004,394.88,395.38,394.88,394.88,,-0.13%
06/22/2004,395.38,394.18,395.38,395.38,,0.25%
06/21/2004,394.38,394.88,394.38,394.38,,-0.23%
06/18/2004,395.27,388.38,395.27,395.27,,1.92%
06/17/2004,387.82,385.07,387.82,387.82,,0.80%
06/16/2004,384.75,388.75,384.75,384.75,,-1.13%
06/15/2004,389.15,383.75,389.15,389.15,,1.51%
06/14/2004,383.38,384.18,383.38,383.38,,-0.43%
06/11/2004,385.05,385.85,385.05,385.05,,-0.26%
06/10/2004,386.07,383.38,386.07,386.07,,0.51%
06/09/2004,384.12,391.88,384.12,384.12,,-1.85%
06/08/2004,391.38,394.23,391.38,391.38,,-0.63%
06/07/2004,393.88,391.62,393.88,393.88,,0.72%
06/04/2004,391.05,388.50,391.05,391.05,,0.69%
06/03/2004,388.38,391.12,388.38,388.38,,-0.64%
06/02/2004,390.88,394.48,390.88,390.88,,-0.95%
06/01/2004,394.62,395.27,394.62,394.62,,-0.22%
05/31/2004,395.50,394.15,395.50,395.50,,0.33%
05/28/2004,394.18,395.62,394.18,394.18,,-0.40%
05/27/2004,395.75,388.65,395.75,395.75,,1.87%
05/26/2004,388.50,388.75,388.50,388.50,,0.13%
05/25/2004,388.00,385.75,388.00,388.00,,0.45%
05/24/2004,386.25,384.50,386.25,386.25,,0.36%
05/21/2004,384.88,380.38,384.88,384.88,,1.28%
05/20/2004,380.00,381.50,380.00,380.00,,-0.52%
05/19/2004,382.00,376.75,382.00,382.00,,1.29%
05/18/2004,377.15,378.75,377.15,377.15,,-0.59%
05/17/2004,379.38,377.88,379.38,379.38,,0.61%
05/14/2004,377.07,374.12,377.07,377.07,,0.58%
05/13/2004,374.90,378.60,374.90,374.90,,-0.92%
05/12/2004,378.38,378.62,378.38,378.38,,0.11%
05/11/2004,377.98,377.88,377.98,377.98,,-0.14%
05/10/2004,378.50,378.50,378.50,378.50,,-0.16%
05/07/2004,379.10,388.00,379.10,379.10,,-2.24%
05/06/2004,387.77,393.38,387.77,387.77,,-1.51%
05/05/2004,393.70,393.10,393.70,393.70,,0.31%
05/04/2004,392.50,387.85,392.50,392.50,,1.33%
05/03/2004,387.35,389.00,387.35,387.35,,-0.06%
04/30/2004,387.60,388.40,387.60,387.60,,-0.07%
04/29/2004,387.88,384.88,387.88,387.88,,0.65%
04/28/2004,385.38,398.77,385.38,385.38,,-3.35%
04/27/2004,398.75,396.65,398.75,398.75,,0.54%
04/26/2004,396.60,395.50,396.60,396.60,,0.38%
04/23/2004,395.10,394.50,395.10,395.10,,0.22%
04/22/2004,394.25,391.25,394.25,394.25,,0.99%
04/21/2004,390.38,394.62,390.38,390.38,,-1.20%
04/20/2004,395.12,400.77,395.12,395.12,,-1.29%
04/19/2004,400.30,402.35,400.30,400.30,,-0.05%
04/16/2004,400.50,399.60,400.50,400.50,,0.35%
04/15/2004,399.12,401.18,399.12,399.12,,-0.44%
04/14/2004,400.88,407.38,400.88,400.88,,-1.47%
04/13/2004,406.88,420.18,406.88,406.88,,-2.94%
04/12/2004,419.20,420.00,419.20,419.20,,-0.49%
04/09/2004,421.25,419.50,421.25,421.25,,0.42%
04/08/2004,419.50,422.75,419.50,419.50,,-0.92%
04/07/2004,423.38,419.62,423.38,423.38,,0.83%
04/06/2004,419.88,415.88,419.88,419.88,,1.02%
04/05/2004,415.62,421.12,415.62,415.62,,-1.00%
04/02/2004,419.80,426.25,419.80,419.80,,-1.54%
04/01/2004,426.38,426.88,426.38,426.38,,-0.06%
03/31/2004,426.62,421.38,426.62,426.62,,1.20%
03/30/2004,421.55,417.50,421.55,421.55,,0.82%
03/29/2004,418.12,421.62,418.12,418.12,,-1.04%
03/26/2004,422.50,416.50,422.50,422.50,,1.47%
03/25/2004,416.38,415.38,416.38,416.38,,0.12%
03/24/2004,415.88,419.62,415.88,415.88,,-0.95%
03/23/2004,419.88,417.62,419.88,419.88,,0.60%
03/22/2004,417.38,412.12,417.38,417.38,,1.28%
03/19/2004,412.12,410.88,412.12,412.12,,0.18%
03/18/2004,411.38,407.12,411.38,411.38,,0.98%
03/17/2004,407.38,402.27,407.38,407.38,,1.18%
03/16/2004,402.62,400.12,402.62,402.62,,0.81%
03/15/2004,399.38,396.12,399.38,399.38,,1.04%
03/12/2004,395.25,402.60,395.25,395.25,,-1.77%
03/11/2004,402.38,400.12,402.38,402.38,,0.52%
03/10/2004,400.30,403.35,400.30,400.30,,-0.58%
03/09/2004,402.62,402.12,402.62,402.62,,0.25%
03/08/2004,401.62,400.62,401.62,401.62,,0.05%
03/05/2004,401.40,392.75,401.40,401.40,,2.11%
03/04/2004,393.12,392.62,393.12,393.12,,-0.07%
03/03/2004,393.38,392.62,393.38,393.38,,0.02%
03/02/2004,393.30,399.55,393.30,393.30,,-1.65%
03/01/2004,399.88,397.12,399.88,399.88,,0.87%
02/27/2004,396.45,395.10,396.45,396.45,,0.27%
02/26/2004,395.38,396.12,395.38,395.38,,-0.11%
02/25/2004,395.80,403.85,395.80,395.80,,-2.06%
02/24/2004,404.12,398.88,404.12,404.12,,1.31%
02/23/2004,398.90,398.10,398.90,398.90,,0.32%
02/20/2004,397.62,410.88,397.62,397.62,,-2.99%
02/19/2004,409.88,410.88,409.88,409.88,,-0.18%
02/18/2004,410.62,415.62,410.62,410.62,,-1.20%
02/17/2004,415.62,411.48,415.62,415.62,,0.93%
02/16/2004,411.80,410.40,411.80,411.80,,0.39%
02/13/2004,410.20,412.35,410.20,410.20,,-0.56%
02/12/2004,412.50,411.60,412.50,412.50,,0.21%
02/11/2004,411.62,406.12,411.62,411.62,,1.26%
02/10/2004,406.50,406.90,406.50,406.50,,-0.09%
02/09/2004,406.88,402.38,406.88,406.88,,0.89%
02/06/2004,403.30,397.75,403.30,403.30,,1.51%
02/05/2004,397.30,400.80,397.30,397.30,,-0.89%
02/04/2004,400.88,400.12,400.88,400.88,,0.32%
02/03/2004,399.62,398.62,399.62,399.62,,0.31%
02/02/2004,398.38,402.38,398.38,398.38,,-1.04%
01/30/2004,402.57,399.88,402.57,402.57,,0.67%
01/29/2004,399.88,409.38,399.88,399.88,,-2.56%
01/28/2004,410.38,410.12,410.38,410.38,,0.00%
01/27/2004,410.38,404.12,410.38,410.38,,1.61%
01/26/2004,403.88,407.62,403.88,403.88,,-1.05%
01/23/2004,408.18,410.12,408.18,408.18,,-0.35%
01/22/2004,409.62,410.98,409.62,409.62,,-0.26%
01/21/2004,410.70,412.55,410.70,410.70,,-0.53%
01/20/2004,412.88,406.88,412.88,412.88,,1.38%
01/19/2004,407.25,407.50,407.25,407.25,,0.17%
01/16/2004,406.57,409.38,406.57,406.57,,-0.50%
01/15/2004,408.62,419.88,408.62,408.62,,-2.57%
01/14/2004,419.38,424.38,419.38,419.38,,-1.12%
01/13/2004,424.12,424.62,424.12,424.12,,-0.18%
01/12/2004,424.88,426.62,424.88,424.88,,-0.40%
01/09/2004,426.60,423.60,426.60,426.60,,0.64%
01/08/2004,423.88,420.62,423.88,423.88,,0.83%
01/07/2004,420.38,422.12,420.38,420.38,,-0.47%
01/06/2004,422.38,423.68,422.38,422.38,,-0.29%
01/05/2004,423.62,416.12,423.62,423.62,,2.05%
01/02/2004,415.12,415.38,415.12,415.12,,0.02%
12/31/2003,415.05,416.35,415.05,415.05,,-0.32%
12/30/2003,416.38,414.57,416.38,416.38,,0.39%
12/29/2003,414.77,411.88,414.77,414.77,,0.57%
12/26/2003,412.40,413.15,412.40,412.40,,0.10%
12/25/2003,412.00,412.05,412.00,412.00,,0.00%
12/24/2003,412.00,411.60,412.00,412.00,,0.27%
12/23/2003,410.88,409.98,410.88,410.88,,0.19%
12/22/2003,410.12,408.62,410.12,410.12,,0.19%
12/19/2003,409.35,410.65,409.35,409.35,,-0.34%
12/18/2003,410.75,412.50,410.75,410.75,,-0.45%
12/17/2003,412.62,407.88,412.62,412.62,,1.29%
12/16/2003,407.38,410.38,407.38,407.38,,-0.49%
12/15/2003,409.38,408.38,409.38,409.38,,0.06%
12/12/2003,409.15,405.15,409.15,409.15,,0.99%
12/11/2003,405.12,404.88,405.12,405.12,,-0.10%
12/10/2003,405.52,408.48,405.52,405.52,,-0.70%
12/09/2003,408.38,406.38,408.38,408.38,,0.31%
12/08/2003,407.12,406.18,407.12,407.12,,0.19%
12/05/2003,406.35,402.25,406.35,406.35,,0.86%
12/04/2003,402.88,404.38,402.88,402.88,,-0.44%
12/03/2003,404.65,403.75,404.65,404.65,,0.35%
12/02/2003,403.25,402.25,403.25,403.25,,-0.03%
12/01/2003,403.38,398.62,403.38,403.38,,1.38%
11/28/2003,397.88,395.38,397.88,397.88,,0.68%
11/27/2003,395.20,396.00,395.20,395.20,,-0.36%
11/26/2003,396.62,391.38,396.62,396.62,,1.37%
11/25/2003,391.25,391.90,391.25,391.25,,-0.06%
11/24/2003,391.50,396.25,391.50,391.50,,-1.19%
11/21/2003,396.20,394.65,396.20,396.20,,0.42%
11/20/2003,394.55,394.95,394.55,394.55,,-0.05%
11/19/2003,394.75,398.75,394.75,394.75,,-0.94%
11/18/2003,398.50,390.75,398.50,398.50,,2.11%
11/17/2003,390.25,399.00,390.25,390.25,,-1.85%
11/14/2003,397.62,394.88,397.62,397.62,,0.75%
11/13/2003,394.65,394.25,394.65,394.65,,0.15%
11/12/2003,394.05,388.10,394.05,394.05,,1.64%
11/11/2003,387.70,385.75,387.70,387.70,,0.32%
11/10/2003,386.45,383.25,386.45,386.45,,0.87%
11/07/2003,383.12,380.38,383.12,383.12,,0.83%
11/06/2003,379.95,382.00,379.95,379.95,,-0.41%
11/05/2003,381.52,380.02,381.52,381.52,,0.51%
11/04/2003,379.60,377.45,379.60,379.60,,0.66%
11/03/2003,377.10,384.60,377.10,377.10,,-1.90%
10/31/2003,384.40,383.40,384.40,384.40,,0.23%
10/30/2003,383.50,385.75,383.50,383.50,,-0.79%
10/29/2003,386.55,383.00,386.55,386.55,,0.97%
10/28/2003,382.85,388.25,382.85,382.85,,-1.30%
10/27/2003,387.90,388.25,387.90,387.90,,-0.21%
10/24/2003,388.70,384.65,388.70,388.70,,1.03%
10/23/2003,384.75,384.55,384.75,384.75,,-0.29%
10/22/2003,385.85,380.65,385.85,385.85,,1.21%
10/21/2003,381.25,373.25,381.25,381.25,,2.12%
10/20/2003,373.35,372.55,373.35,373.35,,0.45%
10/17/2003,371.68,372.18,371.68,371.68,,-0.01%
10/16/2003,371.70,372.85,371.70,371.70,,-0.39%
10/15/2003,373.15,375.75,373.15,373.15,,-0.60%
10/14/2003,375.40,374.30,375.40,375.40,,0.20%
10/13/2003,374.65,373.60,374.65,374.65,,0.28%
10/10/2003,373.62,370.38,373.62,373.62,,0.98%
10/09/2003,370.00,375.70,370.00,370.00,,-1.39%
10/08/2003,375.20,376.85,375.20,375.20,,-0.35%
10/07/2003,376.50,373.00,376.50,376.50,,0.95%
10/06/2003,372.95,371.50,372.95,372.95,,0.88%
10/03/2003,369.70,383.35,369.70,369.70,,-3.42%
10/02/2003,382.80,385.20,382.80,382.80,,-0.46%
10/01/2003,384.57,385.07,384.57,384.57,,-0.18%
09/30/2003,385.25,383.00,385.25,385.25,,0.78%
09/29/2003,382.25,381.25,382.25,382.25,,0.37%
09/26/2003,380.85,384.75,380.85,380.85,,-1.18%
09/25/2003,385.38,389.12,385.38,385.38,,-1.02%
09/24/2003,389.35,385.25,389.35,389.35,,1.21%
09/23/2003,384.70,386.50,384.70,384.70,,-0.62%
09/22/2003,387.10,382.25,387.10,387.10,,1.35%
09/19/2003,381.95,376.85,381.95,381.95,,1.41%
09/18/2003,376.65,376.00,376.65,376.65,,-0.03%
09/17/2003,376.75,373.00,376.75,376.75,,0.96%
09/16/2003,373.15,374.35,373.15,373.15,,-0.25%
09/15/2003,374.10,375.80,374.10,374.10,,-0.27%
09/12/2003,375.12,379.77,375.12,375.12,,-1.35%
09/11/2003,380.25,380.25,380.25,380.25,,-0.04%
09/10/2003,380.40,382.00,380.40,380.40,,-0.59%
09/09/2003,382.65,375.25,382.65,382.65,,1.97%
09/08/2003,375.25,376.65,375.25,375.25,,-0.52%
09/05/2003,377.20,373.20,377.20,377.20,,1.00%
09/04/2003,373.45,375.05,373.45,373.45,,-0.11%
09/03/2003,373.85,371.75,373.85,373.85,,0.60%
09/02/2003,371.62,376.12,371.62,371.62,,-1.14%
09/01/2003,375.90,374.90,375.90,375.90,,0.09%
08/29/2003,375.57,369.88,375.57,375.57,,1.60%
08/28/2003,369.65,372.15,369.65,369.65,,-0.77%
08/27/2003,372.50,364.75,372.50,372.50,,2.15%
08/26/2003,364.65,361.25,364.65,364.65,,0.90%
08/25/2003,361.40,362.45,361.40,361.40,,-0.48%
08/22/2003,363.15,361.85,363.15,363.15,,0.49%
08/21/2003,361.38,366.38,361.38,361.38,,-1.34%
08/20/2003,366.27,361.98,366.27,366.27,,1.21%
08/19/2003,361.88,358.88,361.88,361.88,,0.91%
08/18/2003,358.62,363.62,358.62,358.62,,-1.36%
08/15/2003,363.55,366.35,363.55,363.55,,-0.63%
08/14/2003,365.85,362.35,365.85,365.85,,0.88%
08/13/2003,362.65,358.40,362.65,362.65,,1.19%
08/12/2003,358.40,361.75,358.40,358.40,,-0.95%
08/11/2003,361.85,356.25,361.85,361.85,,1.46%
08/08/2003,356.65,352.60,356.65,356.65,,1.07%
08/07/2003,352.88,351.38,352.88,352.88,,0.32%
08/06/2003,351.75,351.75,351.75,351.75,,-0.04%
08/05/2003,351.90,349.55,351.90,351.90,,0.67%
08/04/2003,349.55,347.50,349.55,349.55,,0.45%
08/01/2003,347.98,355.48,347.98,347.98,,-1.98%
07/31/2003,355.00,356.35,355.00,355.00,,-0.41%
07/30/2003,356.45,361.50,356.45,356.45,,-1.47%
07/29/2003,361.75,363.85,361.75,361.75,,-0.82%
07/28/2003,364.75,362.00,364.75,364.75,,0.54%
07/25/2003,362.80,362.10,362.80,362.80,,0.29%
07/24/2003,361.75,360.40,361.75,361.75,,0.58%
07/23/2003,359.65,351.15,359.65,359.65,,2.54%
07/22/2003,350.75,352.00,350.75,350.75,,-0.28%
07/21/2003,351.75,347.50,351.75,351.75,,1.28%
07/18/2003,347.30,344.45,347.30,347.30,,0.71%
07/17/2003,344.85,343.40,344.85,344.85,,0.38%
07/16/2003,343.55,342.35,343.55,343.55,,0.41%
07/15/2003,342.15,347.05,342.15,342.15,,-1.48%
07/14/2003,347.30,345.05,347.30,347.30,,0.62%
07/11/2003,345.15,344.45,345.15,345.15,,-0.09%
07/10/2003,345.45,344.45,345.45,345.45,,0.26%
07/09/2003,344.55,344.40,344.55,344.55,,-0.01%
07/08/2003,344.60,348.25,344.60,344.60,,-1.09%
07/07/2003,348.40,351.00,348.40,348.40,,-0.70%
07/04/2003,350.85,351.05,350.85,350.85,,-0.09%
07/03/2003,351.15,351.25,351.15,351.15,,-0.10%
07/02/2003,351.50,351.25,351.50,351.50,,0.21%
07/01/2003,350.75,346.75,350.75,350.75,,1.26%
06/30/2003,346.40,345.00,346.40,346.40,,0.33%
06/27/2003,345.25,347.45,345.25,345.25,,0.32%
06/26/2003,344.15,347.60,344.15,344.15,,-0.94%
06/25/2003,347.40,347.50,347.40,347.40,,0.01%
06/24/2003,347.38,352.88,347.38,347.38,,-1.44%
06/23/2003,352.45,357.25,352.45,352.45,,-1.38%
06/20/2003,357.38,361.43,357.38,357.38,,-1.28%
06/19/2003,362.00,357.75,362.00,362.00,,1.20%
06/18/2003,357.70,363.05,357.70,357.70,,-1.41%
06/17/2003,362.80,359.45,362.80,362.80,,0.95%
06/16/2003,359.40,356.75,359.40,359.40,,0.71%
06/13/2003,356.88,353.73,356.88,356.88,,0.98%
06/12/2003,353.40,355.10,353.40,353.40,,-0.38%
06/11/2003,354.75,353.00,354.75,354.75,,0.67%
06/10/2003,352.38,361.48,352.38,352.38,,-2.48%
06/09/2003,361.35,362.75,361.35,361.35,,-0.66%
06/06/2003,363.75,367.85,363.75,363.75,,-1.24%
06/05/2003,368.30,361.95,368.30,368.30,,1.95%
06/04/2003,361.27,365.68,361.27,361.27,,-1.09%
06/03/2003,365.25,366.05,365.25,365.25,,-0.27%
06/02/2003,366.25,362.35,366.25,366.25,,0.35%
05/30/2003,364.98,368.62,364.98,364.98,,-1.11%
05/29/2003,369.07,366.12,369.07,369.07,,1.24%
05/28/2003,364.55,365.25,364.55,364.55,,-0.16%
05/27/2003,365.12,370.62,365.12,365.12,,-1.62%
05/26/2003,371.15,367.85,371.15,371.15,,0.65%
05/23/2003,368.75,369.05,368.75,368.75,,0.10%
05/22/2003,368.38,372.12,368.38,368.38,,-0.87%
05/21/2003,371.62,368.48,371.62,371.62,,0.95%
05/20/2003,368.12,367.12,368.12,368.12,,0.51%
05/19/2003,366.25,356.75,366.25,366.25,,3.21%
05/16/2003,354.85,351.85,354.85,354.85,,0.81%
05/15/2003,352.00,352.35,352.00,352.00,,-0.14%
05/14/2003,352.50,350.25,352.50,352.50,,0.79%
05/13/2003,349.73,350.88,349.73,349.73,,-0.43%
05/12/2003,351.25,348.65,351.25,351.25,,0.73%
05/09/2003,348.70,348.40,348.70,348.70,,0.13%
05/08/2003,348.25,341.70,348.25,348.25,,1.83%
05/07/2003,342.00,344.35,342.00,342.00,,-0.69%
05/06/2003,344.38,342.12,344.38,344.38,,0.64%
05/05/2003,342.20,341.75,342.20,342.20,,0.34%
05/02/2003,341.05,341.85,341.05,341.05,,-0.20%
05/01/2003,341.75,339.65,341.75,341.75,,0.63%
04/30/2003,339.62,334.88,339.62,339.62,,1.61%
04/29/2003,334.25,333.85,334.25,334.25,,0.04%
04/28/2003,334.10,333.25,334.10,334.10,,0.21%
04/25/2003,333.40,334.40,333.40,333.40,,-0.36%
04/24/2003,334.60,331.35,334.60,334.60,,0.97%
04/23/2003,331.38,332.98,331.38,331.38,,-0.52%
04/22/2003,333.12,333.77,333.12,333.12,,-0.20%
04/21/2003,333.80,327.25,333.80,333.80,,2.00%
04/18/2003,327.25,327.25,327.25,327.25,,0.02%
04/17/2003,327.20,326.85,327.20,327.20,,0.23%
04/16/2003,326.45,324.75,326.45,326.45,,0.46%
04/15/2003,324.95,324.95,324.95,324.95,,-0.02%
04/14/2003,325.00,326.60,325.00,325.00,,-0.97%
04/11/2003,328.18,326.27,328.18,328.18,,0.51%
04/10/2003,326.50,327.05,326.50,326.50,,-0.11%
04/09/2003,326.85,323.05,326.85,326.85,,1.10%
04/08/2003,323.30,322.85,323.30,323.30,,0.09%
04/07/2003,323.00,321.75,323.00,323.00,,-0.83%
04/04/2003,325.70,325.35,325.70,325.70,,0.10%
04/03/2003,325.38,329.62,325.38,325.38,,-1.40%
04/02/2003,330.00,335.25,330.00,330.00,,-1.53%
04/01/2003,335.12,337.62,335.12,335.12,,-0.70%
03/31/2003,337.48,332.62,337.48,337.48,,1.68%
03/28/2003,331.90,329.65,331.90,331.90,,0.77%
03/27/2003,329.38,330.88,329.38,329.38,,-0.30%
03/26/2003,330.38,328.88,330.38,330.38,,0.54%
03/25/2003,328.62,330.38,328.62,328.62,,-0.40%
03/24/2003,329.93,327.88,329.93,329.93,,1.15%
03/21/2003,326.18,332.12,326.18,326.18,,-1.87%
03/20/2003,332.38,336.88,332.38,332.38,,-1.24%
03/19/2003,336.55,338.65,336.55,336.55,,-0.46%
03/18/2003,338.10,337.15,338.10,338.10,,0.36%
03/17/2003,336.90,335.10,336.90,336.90,,0.12%
03/14/2003,336.50,334.40,336.50,336.50,,0.54%
03/13/2003,334.70,346.50,334.70,334.70,,-3.27%
03/12/2003,346.00,350.60,346.00,346.00,,-1.42%
03/11/2003,350.98,354.98,350.98,350.98,,-1.07%
03/10/2003,354.77,351.88,354.77,354.77,,1.19%
03/07/2003,350.60,356.40,350.60,350.60,,-1.65%
03/06/2003,356.50,353.90,356.50,356.50,,0.74%
03/05/2003,353.88,354.12,353.88,353.88,,0.22%
03/04/2003,353.12,350.12,353.12,353.12,,0.86%
03/03/2003,350.12,348.62,350.12,350.12,,0.08%
02/28/2003,349.85,345.10,349.85,349.85,,1.22%
02/27/2003,345.62,354.77,345.62,345.62,,-2.47%
02/26/2003,354.38,352.12,354.38,354.38,,0.70%
02/25/2003,351.93,357.12,351.93,351.93,,-1.39%
02/24/2003,356.88,351.38,356.88,356.88,,1.55%
02/21/2003,351.43,352.77,351.43,351.43,,-0.30%
02/20/2003,352.48,349.62,352.48,352.48,,0.72%
02/19/2003,349.95,342.75,349.95,349.95,,1.73%
02/18/2003,344.00,346.75,344.00,344.00,,-0.86%
02/17/2003,347.00,350.50,347.00,347.00,,-1.14%
02/14/2003,351.00,357.00,351.00,351.00,,-1.61%
02/13/2003,356.75,352.00,356.75,356.75,,1.10%
02/12/2003,352.88,363.88,352.88,352.88,,-2.97%
02/11/2003,363.68,362.62,363.68,363.68,,0.19%
02/10/2003,362.98,369.38,362.98,362.98,,-1.87%
02/07/2003,369.90,370.00,369.90,369.90,,-0.23%
02/06/2003,370.75,370.10,370.75,370.75,,-0.40%
02/05/2003,372.25,382.25,372.25,372.25,,-2.55%
02/04/2003,382.00,371.50,382.00,382.00,,2.87%
02/03/2003,371.35,368.00,371.35,371.35,,0.78%
01/31/2003,368.48,370.38,368.48,368.48,,-0.44%
01/30/2003,370.12,365.12,370.12,370.12,,1.02%
01/29/2003,366.38,369.77,366.38,366.38,,-0.84%
01/28/2003,369.48,369.12,369.48,369.48,,-0.11%
01/27/2003,369.88,368.88,369.88,369.88,,0.34%
01/24/2003,368.62,363.38,368.62,368.62,,1.39%
01/23/2003,363.57,362.12,363.57,363.57,,0.71%
01/22/2003,361.00,358.00,361.00,361.00,,0.80%
01/21/2003,358.15,356.35,358.15,358.15,,0.53%
01/20/2003,356.25,356.25,356.25,356.25,,-0.06%
01/17/2003,356.48,357.12,356.48,356.48,,-0.46%
01/16/2003,358.12,351.12,358.12,358.12,,2.13%
01/15/2003,350.65,351.75,350.65,350.65,,-0.24%
01/14/2003,351.50,354.00,351.50,351.50,,-0.88%
01/13/2003,354.62,353.38,354.62,354.62,,-0.02%
01/10/2003,354.68,352.88,354.68,354.68,,0.40%
01/09/2003,353.27,353.12,353.27,353.27,,-0.10%
01/08/2003,353.62,347.62,353.62,353.62,,1.80%
01/07/2003,347.38,350.62,347.38,347.38,,-1.17%
01/06/2003,351.48,350.88,351.48,351.48,,0.08%
01/03/2003,351.20,345.30,351.20,351.20,,1.61%
01/02/2003,345.62,346.38,345.62,345.62,,-0.40%
12/31/2002,347.00,343.30,347.00,347.00,,0.93%
12/30/2002,343.80,349.30,343.80,343.80,,-1.55%
12/27/2002,349.20,349.55,349.20,349.20,,-0.12%
12/26/2002,349.62,344.38,349.62,349.62,,1.19%
12/25/2002,345.50,347.00,345.50,345.50,,-0.39%
12/24/2002,346.85,345.45,346.85,346.85,,0.29%
12/23/2002,345.85,340.25,345.85,345.85,,1.51%
12/20/2002,340.70,345.85,340.70,340.70,,-1.36%
12/19/2002,345.38,344.88,345.38,345.38,,0.50%
12/18/2002,343.65,337.25,343.65,343.65,,2.01%
12/17/2002,336.88,336.88,336.88,336.88,,0.03%
12/16/2002,336.77,332.88,336.77,336.77,,1.09%
12/13/2002,333.15,331.25,333.15,333.15,,0.51%
12/12/2002,331.45,325.00,331.45,331.45,,2.09%
12/11/2002,324.65,323.50,324.65,324.65,,0.28%
12/10/2002,323.75,325.95,323.75,323.75,,-0.69%
12/09/2002,326.00,326.45,326.00,326.00,,-0.08%
12/06/2002,326.25,324.65,326.25,326.25,,0.51%
12/05/2002,324.60,322.15,324.60,324.60,,0.73%
12/04/2002,322.25,320.75,322.25,322.25,,0.44%
12/03/2002,320.85,317.75,320.85,320.85,,0.96%
12/02/2002,317.80,318.85,317.80,317.80,,-0.39%
11/29/2002,319.05,317.85,319.05,319.05,,0.36%
11/28/2002,317.90,317.25,317.90,317.90,,0.19%
11/27/2002,317.30,318.10,317.30,317.30,,-0.27%
11/26/2002,318.15,318.10,318.15,318.15,,0.02%
11/25/2002,318.10,320.25,318.10,318.10,,-0.92%
11/22/2002,321.05,317.75,321.05,321.05,,1.07%
11/21/2002,317.65,317.85,317.65,317.65,,-0.06%
11/20/2002,317.85,318.90,317.85,317.85,,-0.38%
11/19/2002,319.05,319.25,319.05,319.05,,-0.09%
11/18/2002,319.35,320.25,319.35,319.35,,-0.37%
11/15/2002,320.55,318.15,320.55,320.55,,0.69%
11/14/2002,318.35,319.20,318.35,318.35,,-0.20%
11/13/2002,319.00,324.35,319.00,319.00,,-1.68%
11/12/2002,324.45,321.50,324.45,324.45,,0.87%
11/11/2002,321.65,321.50,321.65,321.65,,0.03%
11/08/2002,321.55,321.00,321.55,321.55,,0.14%
11/07/2002,321.10,318.05,321.10,321.10,,0.90%
11/06/2002,318.25,317.85,318.25,318.25,,0.16%
11/05/2002,317.75,318.55,317.75,317.75,,-0.16%
11/04/2002,318.25,318.75,318.25,318.25,,-0.62%
11/01/2002,320.25,317.65,320.25,320.25,,0.77%
10/31/2002,317.80,316.25,317.80,317.80,,0.44%
10/30/2002,316.40,317.00,316.40,316.40,,-0.11%
10/29/2002,316.75,315.65,316.75,316.75,,0.36%
10/28/2002,315.60,313.45,315.60,315.60,,0.56%
10/25/2002,313.85,311.80,313.85,313.85,,0.71%
10/24/2002,311.65,312.05,311.65,311.65,,-0.06%
10/23/2002,311.85,312.75,311.85,311.85,,-0.37%
10/22/2002,313.00,311.25,313.00,313.00,,0.63%
10/21/2002,311.05,312.85,311.05,311.05,,-0.58%
10/18/2002,312.85,311.55,312.85,312.85,,0.45%
10/17/2002,311.45,314.25,311.45,311.45,,-0.99%
10/16/2002,314.55,313.75,314.55,314.55,,0.33%
10/15/2002,313.50,318.15,313.50,313.50,,-1.40%
10/14/2002,317.95,317.65,317.95,317.95,,0.38%
10/11/2002,316.75,317.00,316.75,316.75,,-0.03%
10/10/2002,316.85,320.25,316.85,316.85,,-1.00%
10/09/2002,320.05,318.45,320.05,320.05,,0.57%
10/08/2002,318.25,322.55,318.25,318.25,,-1.29%
10/07/2002,322.40,322.75,322.40,322.40,,0.05%
10/04/2002,322.25,321.40,322.25,322.25,,0.19%
10/03/2002,321.65,322.75,321.65,321.65,,-0.42%
10/02/2002,323.00,320.00,323.00,323.00,,0.84%
10/01/2002,320.30,323.60,320.30,320.30,,-1.07%
09/30/2002,323.75,320.90,323.75,323.75,,1.19%
09/27/2002,319.95,320.15,319.95,319.95,,0.00%
09/26/2002,319.95,322.35,319.95,319.95,,-0.71%
09/25/2002,322.25,326.25,322.25,322.25,,-1.20%
09/24/2002,326.15,322.45,326.15,326.15,,1.13%
09/23/2002,322.50,322.75,322.50,322.50,,0.11%
09/20/2002,322.15,323.05,322.15,322.15,,-0.36%
09/19/2002,323.30,320.55,323.30,323.30,,0.91%
09/18/2002,320.40,318.00,320.40,320.40,,0.64%
09/17/2002,318.35,315.75,318.35,318.35,,0.28%
09/16/2002,317.45,316.10,317.45,317.45,,0.19%
09/13/2002,316.85,319.10,316.85,316.85,,-0.83%
09/12/2002,319.50,317.35,319.50,319.50,,0.58%
09/11/2002,317.65,317.55,317.65,317.65,,-0.03%
09/10/2002,317.75,321.00,317.75,317.75,,-1.09%
09/09/2002,321.25,320.05,321.25,321.25,,0.31%
09/06/2002,320.25,319.00,320.25,320.25,,0.31%
09/05/2002,319.25,314.65,319.25,319.25,,1.46%
09/04/2002,314.65,313.75,314.65,314.65,,0.16%
09/03/2002,314.15,312.05,314.15,314.15,,0.61%
09/02/2002,312.25,312.65,312.25,312.25,,-0.16%
08/30/2002,312.75,314.25,312.75,312.75,,-0.40%
08/29/2002,314.00,310.25,314.00,314.00,,1.24%
08/28/2002,310.15,312.45,310.15,310.15,,-0.83%
08/27/2002,312.75,309.30,312.75,312.75,,1.07%
08/26/2002,309.45,307.35,309.45,309.45,,0.80%
08/23/2002,307.00,306.95,307.00,307.00,,-0.02%
08/22/2002,307.05,307.85,307.05,307.05,,-0.31%
08/21/2002,308.00,309.15,308.00,308.00,,-0.34%
08/20/2002,309.05,307.05,309.05,309.05,,0.75%
08/19/2002,306.75,313.75,306.75,306.75,,-2.31%
08/16/2002,314.00,315.20,314.00,314.00,,-0.22%
08/15/2002,314.70,311.55,314.70,314.70,,0.98%
08/14/2002,311.65,315.50,311.65,311.65,,-1.27%
08/13/2002,315.65,314.25,315.65,315.65,,0.45%
08/12/2002,314.25,313.55,314.25,314.25,,-0.11%
08/09/2002,314.60,310.85,314.60,314.60,,1.27%
08/08/2002,310.65,314.35,310.65,310.65,,-1.08%
08/07/2002,314.05,306.25,314.05,314.05,,2.51%
08/06/2002,306.35,307.55,306.35,306.35,,-0.58%
08/05/2002,308.15,307.00,308.15,308.15,,0.24%
08/02/2002,307.40,304.00,307.40,307.40,,0.90%
08/01/2002,304.65,303.75,304.65,304.65,,0.36%
07/31/2002,303.55,305.00,303.55,303.55,,-0.39%
07/30/2002,304.75,302.75,304.75,304.75,,0.73%
07/29/2002,302.55,303.75,302.55,302.55,,-0.40%
07/26/2002,303.75,310.45,303.75,303.75,,-2.10%
07/25/2002,310.25,311.25,310.25,310.25,,-0.16%
07/24/2002,310.75,313.40,310.75,310.75,,-0.80%
07/23/2002,313.25,322.95,313.25,313.25,,-3.05%
07/22/2002,323.10,324.75,323.10,323.10,,-0.26%
07/19/2002,323.95,317.85,323.95,323.95,,1.90%
07/18/2002,317.90,317.75,317.90,317.90,,0.08%
07/17/2002,317.65,317.85,317.65,317.65,,-0.19%
07/16/2002,318.25,318.05,318.25,318.25,,0.03%
07/15/2002,318.15,316.25,318.15,318.15,,0.68%
07/12/2002,316.00,316.35,316.00,316.00,,-0.19%
07/11/2002,316.60,315.65,316.60,316.60,,0.13%
07/10/2002,316.20,316.45,316.20,316.20,,-0.14%
07/09/2002,316.65,312.60,316.65,316.65,,1.21%
07/08/2002,312.85,310.25,312.85,312.85,,0.43%
07/05/2002,311.50,310.90,311.50,311.50,,0.24%
07/04/2002,310.75,311.20,310.75,310.75,,-0.14%
07/03/2002,311.20,313.05,311.20,311.20,,-0.58%
07/02/2002,313.00,315.00,313.00,313.00,,-0.68%
07/01/2002,315.15,314.00,315.15,315.15,,0.17%
06/28/2002,314.62,318.48,314.62,314.62,,-1.14%
06/27/2002,318.25,319.55,318.25,318.25,,-0.31%
06/26/2002,319.25,321.60,319.25,319.25,,-0.65%
06/25/2002,321.35,322.85,321.35,321.35,,-0.38%
06/24/2002,322.57,325.12,322.57,322.57,,-0.64%
06/21/2002,324.65,323.75,324.65,324.65,,0.22%
06/20/2002,323.95,320.85,323.95,323.95,,0.97%
06/19/2002,320.85,320.15,320.85,320.85,,0.25%
06/18/2002,320.05,317.15,320.05,320.05,,0.88%
06/17/2002,317.25,319.25,317.25,317.25,,-0.67%
06/14/2002,319.40,318.25,319.40,319.40,,0.39%
06/13/2002,318.15,319.50,318.15,318.15,,-0.34%
06/12/2002,319.25,321.10,319.25,319.25,,-0.61%
06/11/2002,321.20,318.95,321.20,321.20,,0.67%
06/10/2002,319.05,323.55,319.05,319.05,,-1.53%
06/07/2002,324.00,325.85,324.00,324.00,,-0.41%
06/06/2002,325.35,321.55,325.35,325.35,,1.23%
06/05/2002,321.40,324.80,321.40,321.40,,-0.88%
06/04/2002,324.25,328.15,324.25,324.25,,-1.17%
06/03/2002,328.10,326.55,328.10,328.10,,0.47%
05/31/2002,326.55,324.75,326.55,326.55,,0.48%
05/30/2002,325.00,325.00,325.00,325.00,,-0.05%
05/29/2002,325.15,324.35,325.15,325.15,,0.25%
05/28/2002,324.35,320.30,324.35,324.35,,1.28%
05/27/2002,320.25,320.95,320.25,320.25,,-0.11%
05/24/2002,320.60,321.50,320.60,320.60,,-0.47%
05/23/2002,322.12,317.93,322.12,322.12,,1.33%
05/22/2002,317.90,316.20,317.90,317.90,,0.55%
05/21/2002,316.15,315.75,316.15,316.15,,0.13%
05/20/2002,315.75,310.65,315.75,315.75,,1.53%
05/17/2002,311.00,309.65,311.00,311.00,,0.35%
05/16/2002,309.90,309.05,309.90,309.90,,0.28%
05/15/2002,309.05,307.75,309.05,309.05,,0.46%
05/14/2002,307.65,310.85,307.65,307.65,,-1.01%
05/13/2002,310.80,310.75,310.80,310.80,,-0.08%
05/10/2002,311.05,310.25,311.05,311.05,,0.47%
05/09/2002,309.60,308.75,309.60,309.60,,0.45%
05/08/2002,308.20,311.35,308.20,308.20,,-1.04%
05/07/2002,311.45,312.75,311.45,311.45,,-0.40%
05/06/2002,312.70,311.50,312.70,312.70,,0.24%
05/03/2002,311.95,307.70,311.95,311.95,,1.33%
05/02/2002,307.85,308.85,307.85,307.85,,-0.29%
05/01/2002,308.75,309.25,308.75,308.75,,0.13%
04/30/2002,308.35,311.55,308.35,308.35,,-0.87%
04/29/2002,311.05,311.05,311.05,311.05,,-0.10%
04/26/2002,311.35,307.35,311.35,311.35,,1.20%
04/25/2002,307.65,304.15,307.65,307.65,,1.18%
04/24/2002,304.05,303.55,304.05,304.05,,0.13%
04/23/2002,303.65,303.00,303.65,303.65,,0.25%
04/22/2002,302.90,302.15,302.90,302.90,,0.18%
04/19/2002,302.35,303.85,302.35,302.35,,-0.43%
04/18/2002,303.65,302.25,303.65,303.65,,0.53%
04/17/2002,302.05,298.15,302.05,302.05,,1.27%
04/16/2002,298.25,299.65,298.25,298.25,,-0.53%
04/15/2002,299.85,301.15,299.85,299.85,,-0.76%
04/12/2002,302.15,302.40,302.15,302.15,,-0.15%
04/11/2002,302.60,301.35,302.60,302.60,,0.28%
04/10/2002,301.75,298.55,301.75,301.75,,1.07%
04/09/2002,298.55,300.25,298.55,298.55,,-0.60%
04/08/2002,300.35,300.15,300.35,300.35,,0.10%
04/05/2002,300.05,300.95,300.05,300.05,,-0.32%
04/04/2002,301.00,302.65,301.00,301.00,,-0.58%
04/03/2002,302.75,305.85,302.75,302.75,,-1.01%
04/02/2002,305.85,304.05,305.85,305.85,,0.82%
04/01/2002,303.35,302.25,303.35,303.35,,0.21%
03/29/2002,302.70,302.50,302.70,302.70,,0.02%
03/28/2002,302.65,302.25,302.65,302.65,,0.17%
03/27/2002,302.15,296.75,302.15,302.15,,1.85%
03/26/2002,296.65,298.35,296.65,296.65,,-0.54%
03/25/2002,298.25,297.25,298.25,298.25,,0.17%
03/22/2002,297.75,292.35,297.75,297.75,,1.57%
03/21/2002,293.15,292.35,293.15,293.15,,0.24%
03/20/2002,292.45,293.20,292.45,292.45,,-0.19%
03/19/2002,293.00,292.65,293.00,293.00,,0.19%
03/18/2002,292.45,290.35,292.45,292.45,,0.83%
03/15/2002,290.05,291.25,290.05,290.05,,-0.38%
03/14/2002,291.15,293.35,291.15,291.15,,-0.82%
03/13/2002,293.55,294.15,293.55,293.55,,-0.17%
03/12/2002,294.05,290.70,294.05,294.05,,1.12%
03/11/2002,290.80,289.60,290.80,290.80,,0.36%
03/08/2002,289.75,289.55,289.75,289.75,,-0.17%
03/07/2002,290.25,293.65,290.25,290.25,,-1.06%
03/06/2002,293.35,294.05,293.35,293.35,,-0.24%
03/05/2002,294.07,297.07,294.07,294.07,,-0.94%
03/04/2002,296.85,298.05,296.85,296.85,,-0.44%
03/01/2002,298.15,296.65,298.15,298.15,,0.40%
02/28/2002,296.95,296.50,296.95,296.95,,0.19%
02/27/2002,296.40,298.00,296.40,296.40,,-0.45%
02/26/2002,297.75,292.55,297.75,297.75,,1.73%
02/25/2002,292.70,291.65,292.70,292.70,,-0.10%
02/22/2002,293.00,294.00,293.00,293.00,,0.00%
02/21/2002,293.00,292.00,293.00,293.00,,0.45%
02/20/2002,291.70,292.50,291.70,291.70,,-0.53%
02/19/2002,293.25,298.25,293.25,293.25,,-1.51%
02/18/2002,297.75,298.50,297.75,297.75,,-0.12%
02/15/2002,298.10,299.70,298.10,298.10,,-0.73%
02/14/2002,300.30,299.75,300.30,300.30,,0.27%
02/13/2002,299.50,300.90,299.50,299.50,,-0.33%
02/12/2002,300.50,299.30,300.50,300.50,,0.27%
02/11/2002,299.70,303.60,299.70,299.70,,-1.41%
02/08/2002,304.00,301.00,304.00,304.00,,1.23%
02/07/2002,300.30,296.50,300.30,300.30,,1.15%
02/06/2002,296.90,297.50,296.90,296.90,,-0.29%
02/05/2002,297.75,290.05,297.75,297.75,,2.80%
02/04/2002,289.65,286.25,289.65,289.65,,1.19%
02/01/2002,286.25,282.75,286.25,286.25,,1.38%
01/31/2002,282.35,281.90,282.35,282.35,,0.11%
01/30/2002,282.05,281.95,282.05,282.05,,0.07%
01/29/2002,281.85,278.75,281.85,281.85,,1.00%
01/28/2002,279.05,279.35,279.05,279.05,,-0.14%
01/25/2002,279.45,278.85,279.45,279.45,,0.23%
01/24/2002,278.80,279.25,278.80,278.80,,-0.16%
01/23/2002,279.25,281.70,279.25,279.25,,-0.90%
01/22/2002,281.80,282.55,281.80,281.80,,-0.27%
01/21/2002,282.55,283.55,282.55,282.55,,-0.35%
01/18/2002,283.55,284.00,283.55,283.55,,-0.32%
01/17/2002,284.45,287.15,284.45,284.45,,-1.08%
01/16/2002,287.55,284.65,287.55,287.55,,1.05%
01/15/2002,284.55,284.95,284.55,284.55,,-0.28%
01/14/2002,285.35,287.35,285.35,285.35,,-0.77%
01/11/2002,287.55,286.85,287.55,287.55,,0.28%
01/10/2002,286.75,283.35,286.75,286.75,,1.20%
01/09/2002,283.35,279.05,283.35,283.35,,1.54%
01/08/2002,279.05,278.85,279.05,279.05,,0.11%
01/07/2002,278.75,278.90,278.75,278.75,,-0.07%
01/04/2002,278.95,278.55,278.95,278.95,,0.18%
01/03/2002,278.45,278.85,278.45,278.45,,-0.14%
01/02/2002,278.85,278.85,278.85,278.85,,-0.04%
12/31/2001,278.95,276.15,278.95,278.95,,0.87%
12/28/2001,276.55,277.25,276.55,276.55,,-0.18%
12/27/2001,277.05,279.25,277.05,277.05,,-0.79%
12/26/2001,279.25,279.10,279.25,279.25,,-0.09%
12/25/2001,279.50,278.00,279.50,279.50,,0.52%
12/24/2001,278.05,277.70,278.05,278.05,,-0.04%
12/21/2001,278.15,276.35,278.15,278.15,,0.72%
12/20/2001,276.15,276.15,276.15,276.15,,0.07%
12/19/2001,275.95,280.45,275.95,275.95,,-1.57%
12/18/2001,280.35,278.15,280.35,280.35,,0.90%
12/17/2001,277.85,278.25,277.85,277.85,,-0.22%
12/14/2001,278.45,274.50,278.45,278.45,,1.53%
12/13/2001,274.25,274.35,274.25,274.25,,0.00%
12/12/2001,274.25,273.05,274.25,274.25,,0.55%
12/11/2001,272.75,272.95,272.75,272.75,,0.00%
12/10/2001,272.75,274.45,272.75,272.75,,-0.66%
12/07/2001,274.55,274.55,274.55,274.55,,0.00%
12/06/2001,274.55,274.35,274.55,274.55,,0.15%
12/05/2001,274.15,275.70,274.15,274.15,,-0.58%
12/04/2001,275.75,277.25,275.75,275.75,,-0.65%
12/03/2001,277.55,274.80,277.55,277.55,,1.15%
11/30/2001,274.40,274.25,274.40,274.40,,0.13%
11/29/2001,274.05,274.50,274.05,274.05,,-0.11%
11/28/2001,274.35,273.65,274.35,274.35,,0.26%
11/27/2001,273.65,272.95,273.65,273.65,,0.18%
11/26/2001,273.15,273.00,273.15,273.15,,0.09%
11/23/2001,272.90,272.85,272.90,272.90,,0.02%
11/22/2001,272.85,273.15,272.85,272.85,,-0.18%
11/21/2001,273.35,273.25,273.35,273.35,,0.02%
11/20/2001,273.30,272.85,273.30,273.30,,0.11%
11/19/2001,273.00,274.85,273.00,273.00,,-0.67%
11/16/2001,274.85,275.25,274.85,274.85,,-0.11%
11/15/2001,275.15,277.35,275.15,275.15,,-0.79%
11/14/2001,277.35,277.55,277.35,277.35,,-0.14%
11/13/2001,277.75,278.25,277.75,277.75,,-0.18%
11/12/2001,278.25,277.65,278.25,278.25,,0.29%
11/09/2001,277.45,276.65,277.45,277.45,,-0.07%
11/08/2001,277.65,280.75,277.65,277.65,,-1.00%
11/07/2001,280.45,280.75,280.45,280.45,,0.20%
11/06/2001,279.90,278.95,279.90,279.90,,0.38%
11/05/2001,278.85,280.25,278.85,278.85,,-0.39%
11/02/2001,279.95,279.95,279.95,279.95,,0.00%
11/01/2001,279.95,279.55,279.95,279.95,,0.11%
10/31/2001,279.65,280.50,279.65,279.65,,-0.25%
10/30/2001,280.35,279.15,280.35,280.35,,0.52%
10/29/2001,278.90,277.55,278.90,278.90,,0.54%
10/26/2001,277.40,276.80,277.40,277.40,,0.05%
10/25/2001,277.25,275.85,277.25,277.25,,0.64%
10/24/2001,275.50,276.10,275.50,275.50,,-0.16%
10/23/2001,275.95,275.75,275.95,275.95,,0.13%
10/22/2001,275.60,279.40,275.60,275.60,,-1.49%
10/19/2001,279.77,279.38,279.77,279.77,,0.07%
10/18/2001,279.57,283.02,279.57,279.57,,-1.05%
10/17/2001,282.55,281.65,282.55,282.55,,0.39%
10/16/2001,281.45,281.75,281.45,281.45,,-0.04%
10/15/2001,281.55,284.35,281.55,281.55,,-1.11%
10/12/2001,284.70,282.55,284.70,284.70,,1.14%
10/11/2001,281.50,285.50,281.50,281.50,,-1.26%
10/10/2001,285.10,289.00,285.10,285.10,,-1.09%
10/09/2001,288.25,292.00,288.25,288.25,,-1.33%
10/08/2001,292.15,292.75,292.15,292.15,,0.31%
10/05/2001,291.25,290.25,291.25,291.25,,0.40%
10/04/2001,290.10,289.25,290.10,290.10,,0.14%
10/03/2001,289.70,290.00,289.70,289.70,,0.00%
10/02/2001,289.70,292.15,289.70,289.70,,-0.77%
10/01/2001,291.95,291.95,291.95,291.95,,-0.34%
09/28/2001,292.95,291.50,292.95,292.95,,0.39%
09/27/2001,291.80,292.65,291.80,291.80,,-0.41%
09/26/2001,293.00,289.00,293.00,293.00,,1.12%
09/25/2001,289.75,289.50,289.75,289.75,,0.09%
09/24/2001,289.50,291.25,289.50,289.50,,-0.75%
09/21/2001,291.70,289.00,291.70,291.70,,1.06%
09/20/2001,288.65,290.25,288.65,288.65,,-0.69%
09/19/2001,290.65,288.00,290.65,290.65,,0.92%
09/18/2001,288.00,289.50,288.00,288.00,,-0.67%
09/17/2001,289.95,290.75,289.95,289.95,,1.27%
09/14/2001,286.30,281.00,286.30,286.30,,1.52%
09/13/2001,282.00,278.00,282.00,282.00,,0.89%
09/12/2001,279.50,291.50,279.50,279.50,,-3.12%
09/11/2001,288.50,273.65,288.50,288.50,,6.16%
09/10/2001,271.75,273.15,271.75,271.75,,-0.51%
09/07/2001,273.15,272.90,273.15,273.15,,0.09%
09/06/2001,272.90,271.85,272.90,272.90,,0.33%
09/05/2001,272.00,272.05,272.00,272.00,,-0.06%
09/04/2001,272.15,273.40,272.15,272.15,,-0.49%
09/03/2001,273.50,274.25,273.50,273.50,,-0.35%
08/31/2001,274.45,275.25,274.45,274.45,,-0.29%
08/30/2001,275.25,273.55,275.25,275.25,,0.55%
08/29/2001,273.75,272.55,273.75,273.75,,0.55%
08/28/2001,272.25,272.75,272.25,272.25,,-0.22%
08/27/2001,272.85,272.75,272.85,272.85,,0.00%
08/24/2001,272.85,275.35,272.85,272.85,,-0.98%
08/23/2001,275.55,274.55,275.55,275.55,,0.36%
08/22/2001,274.55,275.25,274.55,274.55,,-0.18%
08/21/2001,275.05,276.25,275.05,275.05,,-0.40%
08/20/2001,276.15,278.75,276.15,276.15,,-1.11%
08/17/2001,279.25,274.95,279.25,279.25,,1.42%
08/16/2001,275.35,275.95,275.35,275.35,,-0.25%
08/15/2001,276.05,276.35,276.05,276.05,,-0.14%
08/14/2001,276.45,275.75,276.45,276.45,,0.14%
08/13/2001,276.05,274.00,276.05,276.05,,0.66%
08/10/2001,274.25,273.25,274.25,274.25,,0.26%
08/09/2001,273.55,268.45,273.55,273.55,,1.94%
08/08/2001,268.35,267.45,268.35,268.35,,0.26%
08/07/2001,267.65,267.65,267.65,267.65,,-0.04%
08/06/2001,267.75,268.45,267.75,267.75,,-0.26%
08/03/2001,268.45,267.85,268.45,268.45,,0.26%
08/02/2001,267.75,267.75,267.75,267.75,,0.07%
08/01/2001,267.55,266.55,267.55,267.55,,0.26%
07/31/2001,266.85,265.35,266.85,266.85,,0.60%
07/30/2001,265.25,267.85,265.25,265.25,,-0.97%
07/27/2001,267.85,266.75,267.85,267.85,,0.45%
07/26/2001,266.65,267.75,266.65,266.65,,-0.49%
07/25/2001,267.95,269.75,267.95,267.95,,-0.67%
07/24/2001,269.75,269.00,269.75,269.75,,0.33%
07/23/2001,268.85,270.00,268.85,268.85,,-0.48%
07/20/2001,270.15,269.25,270.15,270.15,,0.26%
07/19/2001,269.45,270.45,269.45,269.45,,-0.48%
07/18/2001,270.75,268.40,270.75,270.75,,0.86%
07/17/2001,268.45,267.25,268.45,268.45,,0.49%
07/16/2001,267.15,267.30,267.15,267.15,,-0.07%
07/13/2001,267.35,266.75,267.35,267.35,,0.19%
07/12/2001,266.85,268.25,266.85,266.85,,-0.71%
07/11/2001,268.75,266.40,268.75,268.75,,0.90%
07/10/2001,266.35,266.65,266.35,266.35,,-0.11%
07/09/2001,266.65,266.45,266.65,266.65,,0.15%
07/06/2001,266.25,265.55,266.25,266.25,,0.34%
07/05/2001,265.35,267.75,265.35,265.35,,-0.97%
07/04/2001,267.95,267.85,267.95,267.95,,0.00%
07/03/2001,267.95,269.55,267.95,267.95,,-0.52%
07/02/2001,269.35,270.80,269.35,269.35,,-0.55%
06/29/2001,270.85,269.40,270.85,270.85,,0.56%
06/28/2001,269.35,272.55,269.35,269.35,,-1.07%
06/27/2001,272.25,276.25,272.25,272.25,,-1.45%
06/26/2001,276.25,273.85,276.25,276.25,,0.82%
06/25/2001,274.00,272.55,274.00,274.00,,0.51%
06/22/2001,272.60,272.50,272.60,272.60,,-0.09%
06/21/2001,272.85,272.55,272.85,272.85,,0.07%
06/20/2001,272.65,273.55,272.65,272.65,,-0.37%
06/19/2001,273.65,272.45,273.65,273.65,,0.22%
06/18/2001,273.05,271.60,273.05,273.05,,0.70%
06/15/2001,271.15,275.65,271.15,271.15,,-1.67%
06/14/2001,275.75,272.65,275.75,275.75,,1.14%
06/13/2001,272.65,271.85,272.65,272.65,,0.29%
06/12/2001,271.85,268.15,271.85,271.85,,1.44%
06/11/2001,268.00,273.75,268.00,268.00,,-2.01%
06/08/2001,273.50,266.60,273.50,273.50,,2.68%
06/07/2001,266.35,266.55,266.35,266.35,,0.04%
06/06/2001,266.25,266.35,266.25,266.25,,-0.04%
06/05/2001,266.35,265.85,266.35,266.35,,0.30%
06/04/2001,265.55,266.95,265.55,265.55,,-0.54%
06/01/2001,267.00,265.90,267.00,267.00,,0.36%
05/31/2001,266.05,266.50,266.05,266.05,,-0.02%
05/30/2001,266.10,273.90,266.10,266.10,,-2.85%
05/29/2001,273.90,277.80,273.90,273.90,,-1.44%
05/28/2001,277.90,277.75,277.90,277.90,,0.00%
05/25/2001,277.90,279.25,277.90,277.90,,-0.48%
05/24/2001,279.25,283.60,279.25,279.25,,-1.59%
05/23/2001,283.75,285.50,283.75,283.75,,-0.53%
05/22/2001,285.25,285.50,285.25,285.25,,-0.14%
05/21/2001,285.65,286.50,285.65,285.65,,-0.24%
05/18/2001,286.35,273.60,286.35,286.35,,4.68%
05/17/2001,273.55,272.05,273.55,273.55,,0.50%
05/16/2001,272.20,268.50,272.20,272.20,,1.42%
05/15/2001,268.40,268.45,268.40,268.40,,-0.04%
05/14/2001,268.50,268.05,268.50,268.50,,0.17%
05/11/2001,268.05,269.05,268.05,268.05,,-0.35%
05/10/2001,269.00,269.75,269.00,269.00,,-0.33%
05/09/2001,269.90,265.05,269.90,269.90,,1.87%
05/08/2001,264.95,266.00,264.95,264.95,,-0.43%
05/07/2001,266.10,266.05,266.10,266.10,,-0.02%
05/04/2001,266.15,266.00,266.15,266.15,,0.00%
05/03/2001,266.15,265.25,266.15,266.15,,0.30%
05/02/2001,265.35,264.40,265.35,265.35,,0.38%
05/01/2001,264.35,263.85,264.35,264.35,,0.11%
04/30/2001,264.05,263.90,264.05,264.05,,0.00%
04/27/2001,264.05,264.25,264.05,264.05,,-0.04%
04/26/2001,264.15,262.60,264.15,264.15,,0.69%
04/25/2001,262.35,264.25,262.35,262.35,,-0.74%
04/24/2001,264.30,263.40,264.30,264.30,,0.30%
04/23/2001,263.50,264.25,263.50,263.50,,-0.43%
04/20/2001,264.65,265.25,264.65,264.65,,-0.32%
04/19/2001,265.50,261.15,265.50,265.50,,1.63%
04/18/2001,261.25,261.00,261.25,261.25,,0.10%
04/17/2001,261.00,262.85,261.00,261.00,,-0.91%
04/16/2001,263.40,260.00,263.40,263.40,,1.25%
04/13/2001,260.15,260.00,260.15,260.15,,0.00%
04/12/2001,260.15,258.85,260.15,260.15,,0.54%
04/11/2001,258.75,257.75,258.75,258.75,,0.47%
04/10/2001,257.55,258.05,257.55,257.55,,-0.37%
04/09/2001,258.50,260.05,258.50,258.50,,-0.54%
04/06/2001,259.90,258.50,259.90,259.90,,0.52%
04/05/2001,258.55,259.00,258.55,258.55,,-0.08%
04/04/2001,258.75,257.35,258.75,258.75,,0.66%
04/03/2001,257.05,255.70,257.05,257.05,,0.59%
04/02/2001,255.55,257.75,255.55,255.55,,-0.93%
03/30/2001,257.95,259.15,257.95,257.95,,-0.42%
03/29/2001,259.05,260.20,259.05,259.05,,-0.38%
03/28/2001,260.05,260.90,260.05,260.05,,-0.54%
03/27/2001,261.45,262.45,261.45,261.45,,-0.46%
03/26/2001,262.65,262.15,262.65,262.65,,0.11%
03/23/2001,262.35,262.25,262.35,262.35,,0.15%
03/22/2001,261.95,263.15,261.95,261.95,,-0.42%
03/21/2001,263.05,262.05,263.05,263.05,,0.54%
03/20/2001,261.65,260.85,261.65,261.65,,0.38%
03/19/2001,260.65,258.80,260.65,260.65,,0.73%
03/16/2001,258.75,260.85,258.75,258.75,,-0.73%
03/15/2001,260.65,263.85,260.65,260.65,,-0.91%
03/14/2001,263.05,268.65,263.05,263.05,,-1.76%
03/13/2001,267.75,272.65,267.75,267.75,,-1.76%
03/12/2001,272.55,272.20,272.55,272.55,,0.06%
03/09/2001,272.38,267.38,272.38,272.38,,2.23%
03/08/2001,266.45,262.45,266.45,266.45,,1.56%
03/07/2001,262.35,260.65,262.35,262.35,,0.61%
03/06/2001,260.75,263.10,260.75,260.75,,-0.91%
03/05/2001,263.15,262.65,263.15,263.15,,0.15%
03/02/2001,262.75,265.05,262.75,262.75,,-1.09%
03/01/2001,265.65,267.15,265.65,265.65,,-0.60%
02/28/2001,267.25,268.05,267.25,267.25,,-0.37%
02/27/2001,268.25,267.00,268.25,268.25,,0.52%
02/26/2001,266.85,261.75,266.85,266.85,,2.05%
02/23/2001,261.50,258.70,261.50,261.50,,0.95%
02/22/2001,259.05,258.75,259.05,259.05,,0.19%
02/21/2001,258.55,256.45,258.55,258.55,,0.90%
02/20/2001,256.25,259.65,256.25,256.25,,-1.31%
02/19/2001,259.65,258.75,259.65,259.65,,0.27%
02/16/2001,258.95,255.95,258.95,258.95,,1.13%
02/15/2001,256.05,259.75,256.05,256.05,,-1.48%
02/14/2001,259.90,260.65,259.90,259.90,,-0.40%
02/13/2001,260.95,261.45,260.95,260.95,,-0.15%
02/12/2001,261.35,261.35,261.35,261.35,,0.27%
02/09/2001,260.65,260.85,260.65,260.65,,-0.10%
02/08/2001,260.90,263.40,260.90,260.90,,-0.93%
02/07/2001,263.35,263.75,263.35,263.35,,-0.11%
02/06/2001,263.65,265.45,263.65,263.65,,-0.72%
02/05/2001,265.55,267.15,265.55,265.55,,-0.73%
02/02/2001,267.50,268.35,267.50,267.50,,-0.43%
02/01/2001,268.65,266.15,268.65,268.65,,1.05%
01/31/2001,265.85,266.00,265.85,265.85,,0.00%
01/30/2001,265.85,263.15,265.85,265.85,,1.03%
01/29/2001,263.15,263.55,263.15,263.15,,0.04%
01/26/2001,263.05,265.00,263.05,263.05,,-0.72%
01/25/2001,264.95,264.95,264.95,264.95,,0.00%
01/24/2001,264.95,266.55,264.95,264.95,,-0.60%
01/23/2001,266.55,267.50,266.55,266.55,,-0.15%
01/22/2001,266.95,265.55,266.95,266.95,,0.79%
01/19/2001,264.85,264.80,264.85,264.85,,-0.08%
01/18/2001,265.05,263.80,265.05,265.05,,0.51%
01/17/2001,263.70,263.75,263.70,263.70,,0.06%
01/16/2001,263.55,263.65,263.55,263.55,,-0.04%
01/15/2001,263.65,264.50,263.65,263.65,,-0.23%
01/12/2001,264.25,264.30,264.25,264.25,,0.04%
01/11/2001,264.15,264.90,264.15,264.15,,-0.25%
01/10/2001,264.80,267.55,264.80,264.80,,-1.14%
01/09/2001,267.85,268.55,267.85,267.85,,-0.22%
01/08/2001,268.45,268.35,268.45,268.45,,0.13%
01/05/2001,268.10,267.45,268.10,268.10,,0.21%
01/04/2001,267.55,268.05,267.55,267.55,,-0.41%
01/03/2001,268.65,269.25,268.65,268.65,,-0.07%
01/02/2001,268.85,272.75,268.85,268.85,,-1.30%
12/29/2000,272.40,272.45,272.40,272.40,,-0.06%
12/28/2000,272.55,275.25,272.55,272.55,,-1.09%
12/27/2000,275.55,274.55,275.55,275.55,,0.40%
12/26/2000,274.45,273.40,274.45,274.45,,0.15%
12/25/2000,274.05,274.00,274.05,274.05,,0.04%
12/22/2000,273.95,274.25,273.95,273.95,,-0.11%
12/21/2000,274.25,273.45,274.25,274.25,,0.22%
12/20/2000,273.65,270.50,273.65,273.65,,1.26%
12/19/2000,270.25,270.25,270.25,270.25,,0.00%
12/18/2000,270.25,271.00,270.25,270.25,,-0.24%
12/15/2000,270.90,270.05,270.90,270.90,,0.43%
12/14/2000,269.75,269.25,269.75,269.75,,0.20%
12/13/2000,269.20,270.95,269.20,269.20,,-0.79%
12/12/2000,271.35,270.65,271.35,271.35,,0.30%
12/11/2000,270.55,272.75,270.55,270.55,,-0.81%
12/08/2000,272.75,273.75,272.75,272.75,,-0.37%
12/07/2000,273.75,274.75,273.75,273.75,,-0.44%
12/06/2000,274.95,270.60,274.95,274.95,,1.70%
12/05/2000,270.35,270.90,270.35,270.35,,-0.30%
12/04/2000,271.15,269.75,271.15,271.15,,0.65%
12/01/2000,269.40,270.45,269.40,269.40,,-0.35%
11/30/2000,270.35,266.90,270.35,270.35,,1.27%
11/29/2000,266.95,269.60,266.95,266.95,,-0.95%
11/28/2000,269.50,270.00,269.50,269.50,,-0.20%
11/27/2000,270.05,265.75,270.05,270.05,,1.54%
11/24/2000,265.95,266.05,265.95,265.95,,-0.02%
11/23/2000,266.00,267.25,266.00,266.00,,-0.24%
11/22/2000,266.65,265.85,266.65,266.65,,0.30%
11/21/2000,265.85,266.45,265.85,265.85,,-0.19%
11/20/2000,266.35,266.25,266.35,266.35,,0.21%
11/17/2000,265.80,265.85,265.80,265.80,,-0.02%
11/16/2000,265.85,264.85,265.85,265.85,,0.23%
11/15/2000,265.25,264.60,265.25,265.25,,0.23%
11/14/2000,264.65,264.55,264.65,264.65,,0.08%
11/13/2000,264.45,264.75,264.45,264.45,,-0.08%
11/10/2000,264.65,265.95,264.65,264.65,,-0.41%
11/09/2000,265.75,265.05,265.75,265.75,,0.23%
11/08/2000,265.15,264.65,265.15,265.15,,0.28%
11/07/2000,264.40,265.15,264.40,264.40,,-0.23%
11/06/2000,265.00,265.20,265.00,265.00,,-0.08%
11/03/2000,265.20,264.80,265.20,265.20,,0.21%
11/02/2000,264.65,264.65,264.65,264.65,,0.13%
11/01/2000,264.30,265.10,264.30,264.30,,-0.28%
10/31/2000,265.05,264.60,265.05,265.05,,0.08%
10/30/2000,264.85,264.75,264.85,264.85,,0.11%
10/27/2000,264.55,265.35,264.55,264.55,,-0.30%
10/26/2000,265.35,266.80,265.35,265.35,,-0.52%
10/25/2000,266.75,270.40,266.75,266.75,,-1.31%
10/24/2000,270.30,270.40,270.30,270.30,,-0.02%
10/23/2000,270.35,271.30,270.35,270.35,,-0.42%
10/20/2000,271.50,271.10,271.50,271.50,,0.24%
10/19/2000,270.85,270.75,270.85,270.85,,0.07%
10/18/2000,270.65,271.60,270.65,270.65,,-0.22%
10/17/2000,271.25,272.05,271.25,271.25,,-0.29%
10/16/2000,272.05,272.45,272.05,272.05,,-0.22%
10/13/2000,272.65,276.35,272.65,272.65,,-1.45%
10/12/2000,276.65,270.95,276.65,276.65,,1.99%
10/11/2000,271.25,273.10,271.25,271.25,,-0.55%
10/10/2000,272.75,270.60,272.75,272.75,,0.79%
10/09/2000,270.60,269.95,270.60,270.60,,0.35%
10/06/2000,269.65,269.75,269.65,269.65,,-0.26%
10/05/2000,270.35,270.85,270.35,270.35,,-0.15%
10/04/2000,270.75,272.00,270.75,270.75,,-0.55%
10/03/2000,272.25,273.35,272.25,272.25,,-0.42%
10/02/2000,273.40,274.25,273.40,273.40,,-0.31%
09/29/2000,274.25,275.25,274.25,274.25,,-0.47%
09/28/2000,275.55,278.50,275.55,275.55,,-1.09%
09/27/2000,278.60,274.45,278.60,278.60,,1.55%
09/26/2000,274.35,274.55,274.35,274.35,,0.02%
09/25/2000,274.30,272.05,274.30,274.30,,0.79%
09/22/2000,272.15,271.05,272.15,272.15,,0.52%
09/21/2000,270.75,269.55,270.75,270.75,,0.48%
09/20/2000,269.45,272.15,269.45,269.45,,-1.03%
09/19/2000,272.25,272.00,272.25,272.25,,0.17%
09/18/2000,271.80,272.55,271.80,271.80,,-0.28%
09/15/2000,272.55,272.75,272.55,272.55,,0.04%
09/14/2000,272.45,272.35,272.45,272.45,,-0.13%
09/13/2000,272.80,274.05,272.80,272.80,,-0.09%
09/12/2000,273.05,273.20,273.05,273.05,,-0.15%
09/11/2000,273.45,272.95,273.45,273.45,,0.15%
09/08/2000,273.05,273.85,273.05,273.05,,-0.27%
09/07/2000,273.80,274.55,273.80,273.80,,-0.24%
09/06/2000,274.45,275.70,274.45,274.45,,-0.40%
09/05/2000,275.55,276.95,275.55,275.55,,-0.52%
09/04/2000,277.00,276.95,277.00,277.00,,0.05%
09/01/2000,276.85,277.90,276.85,276.85,,-0.32%
08/31/2000,277.75,274.15,277.75,277.75,,1.28%
08/30/2000,274.25,273.25,274.25,274.25,,0.29%
08/29/2000,273.45,273.85,273.45,273.45,,-0.24%
08/28/2000,274.10,274.15,274.10,274.10,,-0.05%
08/25/2000,274.25,272.95,274.25,274.25,,0.48%
08/24/2000,272.95,270.25,272.95,272.95,,0.63%
08/23/2000,271.25,273.55,271.25,271.25,,-0.91%
08/22/2000,273.75,274.25,273.75,273.75,,-0.54%
08/21/2000,275.25,276.70,275.25,275.25,,-0.51%
08/18/2000,276.65,277.35,276.65,276.65,,-0.34%
08/17/2000,277.60,277.75,277.60,277.60,,0.14%
08/16/2000,277.20,274.70,277.20,277.20,,0.93%
08/15/2000,274.65,274.75,274.65,274.65,,-0.04%
08/14/2000,274.75,275.10,274.75,274.75,,-0.15%
08/11/2000,275.15,272.70,275.15,275.15,,0.88%
08/10/2000,272.75,272.25,272.75,272.75,,-0.04%
08/09/2000,272.85,273.75,272.85,272.85,,-0.15%
08/08/2000,273.25,273.85,273.25,273.25,,-0.18%
08/07/2000,273.75,272.75,273.75,273.75,,0.18%
08/04/2000,273.25,274.05,273.25,273.25,,-0.27%
08/03/2000,274.00,277.40,274.00,274.00,,-1.28%
08/02/2000,277.55,277.50,277.55,277.55,,0.07%
08/01/2000,277.35,277.55,277.35,277.35,,0.04%
07/31/2000,277.25,278.15,277.25,277.25,,-0.41%
07/28/2000,278.40,278.55,278.40,278.40,,-0.04%
07/27/2000,278.50,279.95,278.50,278.50,,-0.45%
07/26/2000,279.75,279.30,279.75,279.75,,0.21%
07/25/2000,279.15,279.25,279.15,279.15,,-0.04%
07/24/2000,279.25,280.05,279.25,279.25,,-0.39%
07/21/2000,280.35,280.50,280.35,280.35,,0.04%
07/20/2000,280.25,279.05,280.25,280.25,,0.39%
07/19/2000,279.15,282.60,279.15,279.15,,-1.24%
07/18/2000,282.65,283.55,282.65,282.65,,-0.32%
07/17/2000,283.55,281.15,283.55,283.55,,0.78%
07/14/2000,281.35,280.55,281.35,281.35,,0.39%
07/13/2000,280.25,280.65,280.25,280.25,,-0.18%
07/12/2000,280.75,282.65,280.75,280.75,,-0.62%
07/11/2000,282.50,284.05,282.50,282.50,,-0.51%
07/10/2000,283.95,283.60,283.95,283.95,,0.11%
07/07/2000,283.65,283.60,283.65,283.65,,0.05%
07/06/2000,283.50,283.85,283.50,283.50,,-0.23%
07/05/2000,284.15,286.85,284.15,284.15,,-0.91%
07/04/2000,286.75,287.80,286.75,286.75,,-0.40%
07/03/2000,287.90,289.65,287.90,287.90,,-0.76%
06/30/2000,290.10,289.25,290.10,290.10,,0.33%
06/29/2000,289.15,291.75,289.15,289.15,,-1.25%
06/28/2000,292.80,286.05,292.80,292.80,,2.36%
06/27/2000,286.05,284.45,286.05,286.05,,0.72%
06/26/2000,284.00,282.90,284.00,284.00,,0.28%
06/23/2000,283.20,285.60,283.20,283.20,,-0.86%
06/22/2000,285.65,286.25,285.65,285.65,,-0.19%
06/21/2000,286.20,286.35,286.20,286.20,,0.00%
06/20/2000,286.20,286.15,286.20,286.20,,-0.02%
06/19/2000,286.25,288.40,286.25,286.25,,-1.04%
06/16/2000,289.25,289.55,289.25,289.25,,-0.21%
06/15/2000,289.85,292.45,289.85,289.85,,-0.65%
06/14/2000,291.75,286.15,291.75,291.75,,2.10%
06/13/2000,285.75,286.50,285.75,285.75,,-0.35%
06/12/2000,286.75,283.85,286.75,286.75,,1.02%
06/09/2000,283.85,284.35,283.85,283.85,,-0.21%
06/08/2000,284.45,286.75,284.45,284.45,,-0.97%
06/07/2000,287.25,289.25,287.25,287.25,,-0.71%
06/06/2000,289.30,285.70,289.30,289.30,,1.34%
06/05/2000,285.48,280.38,285.48,285.48,,1.46%
06/02/2000,281.38,272.98,281.38,281.38,,3.15%
06/01/2000,272.80,272.00,272.80,272.80,,0.24%
05/31/2000,272.15,272.95,272.15,272.15,,-0.29%
05/30/2000,272.95,273.25,272.95,272.95,,0.29%
05/29/2000,272.15,272.25,272.15,272.15,,0.04%
05/26/2000,272.05,270.00,272.05,272.05,,0.67%
05/25/2000,270.25,273.45,270.25,270.25,,-1.21%
05/24/2000,273.55,274.10,273.55,273.55,,-0.29%
05/23/2000,274.35,275.40,274.35,274.35,,-0.51%
05/22/2000,275.75,274.10,275.75,275.75,,0.55%
05/19/2000,274.25,273.40,274.25,274.25,,0.33%
05/18/2000,273.35,273.50,273.35,273.35,,0.00%
05/17/2000,273.35,275.50,273.35,273.35,,-0.80%
05/16/2000,275.55,275.65,275.55,275.55,,-0.04%
05/15/2000,275.65,276.45,275.65,275.65,,-0.18%
05/12/2000,276.15,276.00,276.15,276.15,,0.07%
05/11/2000,275.95,277.60,275.95,275.95,,-0.65%
05/10/2000,277.75,277.25,277.75,277.75,,0.18%
05/09/2000,277.25,276.45,277.25,277.25,,0.23%
05/08/2000,276.62,279.02,276.62,276.62,,-0.84%
05/05/2000,278.95,280.45,278.95,278.95,,-0.42%
05/04/2000,280.12,278.88,280.12,280.12,,0.63%
05/03/2000,278.38,275.88,278.38,278.38,,0.95%
05/02/2000,275.75,273.75,275.75,275.75,,0.78%
05/01/2000,273.62,273.88,273.62,273.62,,0.04%
04/28/2000,273.50,277.10,273.50,273.50,,-1.28%
04/27/2000,277.05,275.85,277.05,277.05,,0.51%
04/26/2000,275.65,278.15,275.65,275.65,,-0.93%
04/25/2000,278.25,279.75,278.25,278.25,,-0.55%
04/24/2000,279.80,280.00,279.80,279.80,,-0.07%
04/21/2000,280.00,280.00,280.00,280.00,,0.09%
04/20/2000,279.75,280.75,279.75,279.75,,-0.36%
04/19/2000,280.77,281.27,280.77,280.77,,-0.12%
04/18/2000,281.12,280.62,281.12,281.12,,-0.09%
04/17/2000,281.38,283.77,281.38,281.38,,-0.57%
04/14/2000,283.00,281.75,283.00,283.00,,0.43%
04/13/2000,281.80,282.05,281.80,281.80,,-0.16%
04/12/2000,282.25,281.70,282.25,282.25,,0.22%
04/11/2000,281.62,281.62,281.62,281.62,,-0.05%
04/10/2000,281.75,279.95,281.75,281.75,,0.55%
04/07/2000,280.20,280.25,280.20,280.20,,-0.11%
04/06/2000,280.50,281.60,280.50,280.50,,-0.36%
04/05/2000,281.50,284.50,281.50,281.50,,-1.16%
04/04/2000,284.80,278.50,284.80,284.80,,2.39%
04/03/2000,278.15,278.75,278.15,278.15,,-0.29%
03/31/2000,278.95,276.75,278.95,278.95,,0.89%
03/30/2000,276.50,276.15,276.50,276.50,,0.09%
03/29/2000,276.25,279.55,276.25,276.25,,-1.11%
03/28/2000,279.35,280.35,279.35,279.35,,-0.30%
03/27/2000,280.20,285.15,280.20,280.20,,-1.65%
03/24/2000,284.90,285.10,284.90,284.90,,-0.21%
03/23/2000,285.50,288.10,285.50,285.50,,-0.87%
03/22/2000,288.00,289.75,288.00,288.00,,-0.65%
03/21/2000,289.88,286.23,289.88,289.88,,1.40%
03/20/2000,285.88,283.68,285.88,285.88,,0.49%
03/17/2000,284.50,286.00,284.50,284.50,,-0.70%
03/16/2000,286.50,289.00,286.50,286.50,,-0.82%
03/15/2000,288.88,288.88,288.88,288.88,,0.00%
03/14/2000,288.88,290.62,288.88,288.88,,-0.52%
03/13/2000,290.38,288.88,290.38,290.38,,0.48%
03/10/2000,289.00,291.50,289.00,289.00,,-0.77%
03/09/2000,291.25,288.25,291.25,291.25,,0.92%
03/08/2000,288.60,292.40,288.60,288.60,,-1.20%
03/07/2000,292.10,288.00,292.10,292.10,,1.46%
03/06/2000,287.90,289.00,287.90,287.90,,-0.31%
03/03/2000,288.80,288.00,288.80,288.80,,0.21%
03/02/2000,288.20,290.00,288.20,288.20,,-1.05%
03/01/2000,291.25,292.25,291.25,291.25,,-0.30%
02/29/2000,292.12,291.88,292.12,292.12,,-0.04%
02/28/2000,292.25,292.75,292.25,292.25,,-0.12%
02/25/2000,292.60,298.50,292.60,292.60,,-2.01%
02/24/2000,298.60,300.25,298.60,298.60,,-0.50%
02/23/2000,300.10,305.10,300.10,300.10,,-1.69%
02/22/2000,305.25,305.50,305.25,305.25,,-0.08%
02/21/2000,305.50,304.50,305.50,305.50,,0.23%
02/18/2000,304.80,300.75,304.80,304.80,,1.18%
02/17/2000,301.25,302.50,301.25,301.25,,-0.41%
02/16/2000,302.50,301.50,302.50,302.50,,0.17%
02/15/2000,302.00,308.40,302.00,302.00,,-1.95%
02/14/2000,308.00,311.00,308.00,308.00,,-1.03%
02/11/2000,311.20,316.00,311.20,311.20,,-1.81%
02/10/2000,316.95,305.50,316.95,316.95,,3.49%
02/09/2000,306.25,301.25,306.25,306.25,,2.42%
02/08/2000,299.00,302.25,299.00,299.00,,-0.93%
02/07/2000,301.80,310.00,301.80,301.80,,-4.25%
02/04/2000,315.20,287.75,315.20,315.20,,9.67%
02/03/2000,287.40,285.00,287.40,287.40,,0.88%
02/02/2000,284.88,282.88,284.88,284.88,,0.80%
02/01/2000,282.62,283.27,282.62,282.62,,-0.22%
01/31/2000,283.23,283.32,283.23,283.23,,0.17%
01/28/2000,282.75,286.70,282.75,282.75,,-1.45%
01/27/2000,286.90,286.20,286.90,286.90,,0.33%
01/26/2000,285.95,285.95,285.95,285.95,,0.03%
01/25/2000,285.85,287.60,285.85,285.85,,-0.64%
01/24/2000,287.70,289.05,287.70,287.70,,-0.48%
01/21/2000,289.10,288.60,289.10,289.10,,0.17%
01/20/2000,288.62,289.62,288.62,288.62,,-0.31%
01/19/2000,289.52,288.77,289.52,289.52,,0.30%
01/18/2000,288.65,285.55,288.65,288.65,,1.09%
01/17/2000,285.55,284.10,285.55,285.55,,0.55%
01/14/2000,284.00,284.20,284.00,284.00,,-0.09%
01/13/2000,284.25,282.60,284.25,284.25,,0.63%
01/12/2000,282.48,283.27,282.48,282.48,,-0.32%
01/11/2000,283.38,281.48,283.38,283.38,,0.68%
01/10/2000,281.48,281.88,281.48,281.48,,-0.10%
01/07/2000,281.75,281.15,281.75,281.75,,0.18%
01/06/2000,281.23,280.12,281.23,281.23,,0.08%
01/05/2000,281.00,281.50,281.00,281.00,,-0.51%
01/04/2000,282.45,288.75,282.45,282.45,,-2.27%
01/03/2000,289.00,288.50,289.00,289.00,,0.26%
12/31/1999,288.25,288.50,288.25,288.25,,-0.02%
12/30/1999,288.30,291.10,288.30,288.30,,-0.83%
12/29/1999,290.70,290.25,290.70,290.70,,0.31%
12/28/1999,289.80,288.00,289.80,289.80,,0.62%
12/27/1999,288.00,287.75,288.00,288.00,,0.09%
12/24/1999,287.75,286.75,287.75,287.75,,0.28%
12/23/1999,286.95,287.00,286.95,286.95,,-0.03%
12/22/1999,287.05,287.50,287.05,287.05,,-0.07%
12/21/1999,287.25,284.50,287.25,287.25,,1.06%
12/20/1999,284.25,283.70,284.25,284.25,,0.16%
12/17/1999,283.80,282.20,283.80,283.80,,0.66%
12/16/1999,281.95,282.65,281.95,281.95,,-0.28%
12/15/1999,282.75,280.15,282.75,282.75,,1.00%
12/14/1999,279.95,280.25,279.95,279.95,,-0.05%
12/13/1999,280.10,279.50,280.10,280.10,,0.38%
12/10/1999,279.05,278.25,279.05,279.05,,0.29%
12/09/1999,278.25,282.55,278.25,278.25,,-1.42%
12/08/1999,282.25,283.75,282.25,282.25,,-0.37%
12/07/1999,283.30,277.00,283.30,283.30,,2.50%
12/06/1999,276.40,280.20,276.40,276.40,,-1.32%
12/03/1999,280.10,285.20,280.10,280.10,,-1.72%
12/02/1999,285.00,289.60,285.00,285.00,,-1.55%
12/01/1999,289.50,290.70,289.50,289.50,,-0.47%
11/30/1999,290.88,291.12,290.88,290.88,,-0.11%
11/29/1999,291.20,297.50,291.20,291.20,,-2.28%
11/26/1999,298.00,297.50,298.00,298.00,,-0.13%
11/25/1999,298.38,298.38,298.38,298.38,,-0.17%
11/24/1999,298.90,298.30,298.90,298.90,,0.26%
11/23/1999,298.12,294.88,298.12,298.12,,1.23%
11/22/1999,294.50,294.40,294.50,294.50,,-0.17%
11/19/1999,295.00,294.00,295.00,295.00,,0.25%
11/18/1999,294.25,294.60,294.25,294.25,,-0.04%
11/17/1999,294.38,294.12,294.38,294.38,,-0.04%
11/16/1999,294.50,291.50,294.50,294.50,,1.03%
11/15/1999,291.50,292.00,291.50,291.50,,0.07%
11/12/1999,291.30,293.75,291.30,291.30,,-0.99%
11/11/1999,294.20,298.50,294.20,294.20,,-1.37%
11/10/1999,298.30,292.25,298.30,298.30,,1.98%
11/09/1999,292.50,290.00,292.50,292.50,,0.95%
11/08/1999,289.75,290.25,289.75,289.75,,-0.26%
11/05/1999,290.50,292.75,290.50,290.50,,-0.68%
11/04/1999,292.50,291.75,292.50,292.50,,0.34%
11/03/1999,291.50,291.50,291.50,291.50,,0.17%
11/02/1999,291.00,290.05,291.00,291.00,,0.17%
11/01/1999,290.50,297.50,290.50,290.50,,-2.94%
10/29/1999,299.30,300.00,299.30,299.30,,0.10%
10/28/1999,299.00,295.00,299.00,299.00,,1.75%
10/27/1999,293.85,289.50,293.85,293.85,,1.68%
10/26/1999,289.00,298.60,289.00,289.00,,-3.18%
10/25/1999,298.50,301.80,298.50,298.50,,-1.45%
10/22/1999,302.90,305.25,302.90,302.90,,-0.53%
10/21/1999,304.50,306.50,304.50,304.50,,-0.28%
10/20/1999,305.35,308.00,305.35,305.35,,-1.02%
10/19/1999,308.50,310.75,308.50,308.50,,-0.96%
10/18/1999,311.50,315.25,311.50,311.50,,-1.24%
10/15/1999,315.40,313.75,315.40,315.40,,0.61%
10/14/1999,313.50,322.25,313.50,313.50,,-2.56%
10/13/1999,321.75,318.00,321.75,321.75,,1.34%
10/12/1999,317.50,320.00,317.50,317.50,,-0.47%
10/11/1999,319.00,320.00,319.00,319.00,,-0.47%
10/08/1999,320.50,324.50,320.50,320.50,,-0.87%
10/07/1999,323.30,326.00,323.30,323.30,,-0.83%
10/06/1999,326.00,326.50,326.00,326.00,,-0.46%
10/05/1999,327.50,320.50,327.50,327.50,,2.83%
10/04/1999,318.50,305.50,318.50,318.50,,4.32%
10/01/1999,305.30,299.00,305.30,305.30,,1.94%
09/30/1999,299.50,302.00,299.50,299.50,,-0.99%
09/29/1999,302.50,309.00,302.50,302.50,,-2.12%
09/28/1999,309.05,283.05,309.05,309.05,,9.35%
09/27/1999,282.62,272.88,282.62,282.62,,5.16%
09/24/1999,268.75,265.95,268.75,268.75,,0.94%
09/23/1999,266.25,264.10,266.25,266.25,,0.76%
09/22/1999,264.25,260.65,264.25,264.25,,1.38%
09/21/1999,260.65,254.95,260.65,260.65,,2.22%
09/20/1999,255.00,255.05,255.00,255.00,,-0.08%
09/17/1999,255.20,256.25,255.20,255.20,,-0.33%
09/16/1999,256.05,256.85,256.05,256.05,,-0.27%
09/15/1999,256.75,257.40,256.75,256.75,,-0.25%
09/14/1999,257.40,256.70,257.40,257.40,,0.37%
09/13/1999,256.45,256.40,256.45,256.45,,-0.04%
09/10/1999,256.55,257.25,256.55,256.55,,-0.27%
09/09/1999,257.25,256.00,257.25,257.25,,0.43%
09/08/1999,256.15,255.85,256.15,256.15,,0.08%
09/07/1999,255.95,254.75,255.95,255.95,,0.49%
09/06/1999,254.70,254.40,254.70,254.70,,0.18%
09/03/1999,254.25,255.30,254.25,254.25,,-0.47%
09/02/1999,255.45,254.05,255.45,255.45,,0.63%
09/01/1999,253.85,255.80,253.85,253.85,,-0.67%
08/31/1999,255.55,254.25,255.55,255.55,,0.63%
08/30/1999,253.95,253.55,253.95,253.95,,0.08%
08/27/1999,253.75,252.85,253.75,253.75,,0.40%
08/26/1999,252.75,252.35,252.75,252.75,,0.08%
08/25/1999,252.55,253.25,252.55,252.55,,-0.28%
08/24/1999,253.25,254.25,253.25,253.25,,-0.39%
08/23/1999,254.25,257.85,254.25,254.25,,-1.22%
08/20/1999,257.40,258.50,257.40,257.40,,-0.43%
08/19/1999,258.50,259.60,258.50,258.50,,-0.44%
08/18/1999,259.65,261.40,259.65,259.65,,-0.73%
08/17/1999,261.55,259.95,261.55,261.55,,0.58%
08/16/1999,260.05,260.45,260.05,260.05,,-0.23%
08/13/1999,260.65,260.75,260.65,260.65,,-0.04%
08/12/1999,260.75,259.40,260.75,260.75,,0.70%
08/11/1999,258.95,257.70,258.95,258.95,,0.54%
08/10/1999,257.55,257.35,257.55,257.55,,0.12%
08/09/1999,257.25,256.15,257.25,257.25,,0.39%
08/06/1999,256.25,255.35,256.25,256.25,,0.20%
08/05/1999,255.75,256.25,255.75,255.75,,-0.16%
08/04/1999,256.15,256.25,256.15,256.15,,0.04%
08/03/1999,256.05,255.05,256.05,256.05,,0.35%
08/02/1999,255.15,255.95,255.15,255.15,,-0.31%
07/30/1999,255.95,256.65,255.95,255.95,,-0.31%
07/29/1999,256.75,254.25,256.75,256.75,,1.02%
07/28/1999,254.15,254.05,254.15,254.15,,0.04%
07/27/1999,254.05,253.85,254.05,254.05,,0.12%
07/26/1999,253.75,254.50,253.75,253.75,,-0.39%
07/23/1999,254.75,255.35,254.75,254.75,,-0.47%
07/22/1999,255.95,255.65,255.95,255.95,,0.31%
07/21/1999,255.15,253.35,255.15,255.15,,0.71%
07/20/1999,253.35,253.30,253.35,253.35,,0.04%
07/19/1999,253.25,254.00,253.25,253.25,,-0.20%
07/16/1999,253.75,254.05,253.75,253.75,,-0.12%
07/15/1999,254.05,253.70,254.05,254.05,,0.02%
07/14/1999,254.00,255.95,254.00,254.00,,-0.72%
07/13/1999,255.85,255.55,255.85,255.85,,0.08%
07/12/1999,255.65,257.15,255.65,255.65,,-0.54%
07/09/1999,257.05,256.60,257.05,257.05,,0.21%
07/08/1999,256.50,257.15,256.50,256.50,,-0.25%
07/07/1999,257.15,257.15,257.15,257.15,,-0.04%
07/06/1999,257.25,262.25,257.25,257.25,,-1.85%
07/05/1999,262.10,263.20,262.10,262.10,,-0.44%
07/02/1999,263.25,263.35,263.25,263.25,,-0.08%
07/01/1999,263.45,262.50,263.45,263.45,,0.36%
06/30/1999,262.50,260.75,262.50,262.50,,0.67%
06/29/1999,260.75,260.55,260.75,260.75,,0.08%
06/28/1999,260.55,259.50,260.55,260.55,,0.35%
06/25/1999,259.65,260.90,259.65,259.65,,-0.50%
06/24/1999,260.95,260.75,260.95,260.95,,0.12%
06/23/1999,260.65,258.15,260.65,260.65,,0.89%
06/22/1999,258.35,258.95,258.35,258.35,,-0.25%
06/21/1999,259.00,259.10,259.00,259.00,,-0.21%
06/18/1999,259.55,258.35,259.55,259.55,,0.43%
06/17/1999,258.45,258.50,258.45,258.45,,0.02%
06/16/1999,258.40,258.90,258.40,258.40,,-0.29%
06/15/1999,259.15,260.50,259.15,259.15,,-0.52%
06/14/1999,260.50,260.15,260.50,260.50,,-0.06%
06/11/1999,260.65,258.05,260.65,260.65,,0.85%
06/10/1999,258.45,259.20,258.45,258.45,,-0.35%
06/09/1999,259.35,262.25,259.35,259.35,,-1.11%
06/08/1999,262.25,265.45,262.25,262.25,,-1.28%
06/07/1999,265.65,265.45,265.65,265.65,,0.11%
06/04/1999,265.35,266.15,265.35,265.35,,-0.15%
06/03/1999,265.75,265.25,265.75,265.75,,0.13%
06/02/1999,265.40,267.70,265.40,265.40,,-0.84%
06/01/1999,267.65,270.05,267.65,267.65,,-1.00%
05/31/1999,270.35,270.20,270.35,270.35,,0.04%
05/28/1999,270.25,270.45,270.25,270.25,,-0.09%
05/27/1999,270.50,269.10,270.50,270.50,,0.50%
05/26/1999,269.15,270.60,269.15,269.15,,-0.52%
05/25/1999,270.55,272.95,270.55,270.55,,-0.70%
05/24/1999,272.45,273.05,272.45,272.45,,-0.20%
05/21/1999,273.00,274.45,273.00,273.00,,-0.53%
05/20/1999,274.45,273.25,274.45,274.45,,0.48%
05/19/1999,273.15,273.85,273.15,273.15,,-0.33%
05/18/1999,274.05,275.65,274.05,274.05,,-0.15%
05/17/1999,274.45,275.90,274.45,274.45,,-0.54%
05/14/1999,275.95,277.65,275.95,275.95,,-0.65%
05/13/1999,277.75,277.15,277.75,277.75,,0.25%
05/12/1999,277.05,278.05,277.05,277.05,,-0.43%
05/11/1999,278.25,278.25,278.25,278.25,,0.07%
05/10/1999,278.05,282.35,278.05,278.05,,-1.66%
05/07/1999,282.75,289.05,282.75,282.75,,-2.28%
05/06/1999,289.35,287.05,289.35,289.35,,0.70%
05/05/1999,287.35,285.75,287.35,287.35,,0.63%
05/04/1999,285.55,286.45,285.55,285.55,,-0.28%
05/03/1999,286.35,286.25,286.35,286.35,,-0.10%
04/30/1999,286.65,285.75,286.65,286.65,,0.21%
04/29/1999,286.05,282.90,286.05,286.05,,1.17%
04/28/1999,282.75,281.95,282.75,282.75,,0.27%
04/27/1999,282.00,281.15,282.00,282.00,,0.27%
04/26/1999,281.25,283.45,281.25,281.25,,-0.81%
04/23/1999,283.55,283.55,283.55,283.55,,0.00%
04/22/1999,283.55,283.75,283.55,283.55,,-0.11%
04/21/1999,283.85,284.35,283.85,283.85,,-0.18%
04/20/1999,284.35,284.55,284.35,284.35,,-0.07%
04/19/1999,284.55,283.25,284.55,284.55,,0.25%
04/16/1999,283.85,283.95,283.85,283.85,,-0.05%
04/15/1999,284.00,282.25,284.00,284.00,,0.91%
04/14/1999,281.45,283.55,281.45,281.45,,-0.67%
04/13/1999,283.35,282.50,283.35,283.35,,0.18%
04/12/1999,282.85,281.55,282.85,282.85,,0.46%
04/09/1999,281.55,280.55,281.55,281.55,,0.32%
04/08/1999,280.65,280.25,280.65,280.65,,0.11%
04/07/1999,280.35,280.05,280.35,280.35,,0.13%
04/06/1999,280.00,278.35,280.00,280.00,,0.56%
04/05/1999,278.45,279.30,278.45,278.45,,-0.29%
04/02/1999,279.25,279.75,279.25,279.25,,-0.43%
04/01/1999,280.45,280.10,280.45,280.45,,0.14%
03/31/1999,280.05,279.25,280.05,280.05,,0.29%
03/30/1999,279.25,280.25,279.25,279.25,,-0.39%
03/29/1999,280.35,279.90,280.35,280.35,,0.21%
03/26/1999,279.75,283.25,279.75,279.75,,-1.31%
03/25/1999,283.45,283.85,283.45,283.45,,-0.21%
03/24/1999,284.05,284.55,284.05,284.05,,-0.18%
03/23/1999,284.55,284.65,284.55,284.55,,0.04%
03/22/1999,284.45,284.45,284.45,284.45,,0.07%
03/19/1999,284.25,283.10,284.25,284.25,,0.35%
03/18/1999,283.25,284.10,283.25,283.25,,-0.25%
03/17/1999,283.95,284.05,283.95,283.95,,0.11%
03/16/1999,283.65,286.95,283.65,283.65,,-1.13%
03/15/1999,286.90,292.70,286.90,286.90,,-1.86%
03/12/1999,292.35,294.45,292.35,292.35,,-0.61%
03/11/1999,294.15,292.75,294.15,294.15,,0.38%
03/10/1999,293.05,292.00,293.05,293.05,,0.38%
03/09/1999,291.95,291.45,291.95,291.95,,0.24%
03/08/1999,291.25,288.10,291.25,291.25,,1.08%
03/05/1999,288.15,288.35,288.15,288.15,,0.07%
03/04/1999,287.95,286.55,287.95,287.95,,0.31%
03/03/1999,287.05,286.85,287.05,287.05,,0.03%
03/02/1999,286.95,286.45,286.95,286.95,,0.16%
03/01/1999,286.50,286.90,286.50,286.50,,-0.10%
02/26/1999,286.80,287.80,286.80,286.80,,-0.33%
02/25/1999,287.75,287.75,287.75,287.75,,0.00%
02/24/1999,287.75,287.35,287.75,287.75,,0.17%
02/23/1999,287.25,287.05,287.25,287.25,,0.03%
02/22/1999,287.15,287.60,287.15,287.15,,-0.38%
02/19/1999,288.25,286.35,288.25,288.25,,0.87%
02/18/1999,285.75,285.05,285.75,285.75,,0.32%
02/17/1999,284.85,284.35,284.85,284.85,,-0.21%
02/16/1999,285.45,288.85,285.45,285.45,,-1.40%
02/15/1999,289.50,289.40,289.50,289.50,,-0.02%
02/12/1999,289.55,287.65,289.55,289.55,,0.63%
02/11/1999,287.75,287.10,287.75,287.75,,0.17%
02/10/1999,287.25,287.50,287.25,287.25,,-0.14%
02/09/1999,287.65,289.05,287.65,287.65,,-0.64%
02/08/1999,289.50,288.75,289.50,289.50,,0.33%
02/05/1999,288.55,289.55,288.55,288.55,,-0.31%
02/04/1999,289.45,287.50,289.45,289.45,,0.66%
02/03/1999,287.55,288.45,287.55,287.55,,-0.38%
02/02/1999,288.65,288.65,288.65,288.65,,-0.03%
02/01/1999,288.75,286.65,288.75,288.75,,0.84%
01/29/1999,286.35,284.35,286.35,286.35,,0.77%
01/28/1999,284.15,283.30,284.15,284.15,,0.28%
01/27/1999,283.35,286.05,283.35,283.35,,-0.98%
01/26/1999,286.15,287.75,286.15,286.15,,-0.59%
01/25/1999,287.85,286.45,287.85,287.85,,0.45%
01/22/1999,286.55,287.60,286.55,286.55,,-0.42%
01/21/1999,287.75,287.15,287.75,287.75,,0.17%
01/20/1999,287.25,286.65,287.25,287.25,,0.24%
01/19/1999,286.55,287.05,286.55,286.55,,-0.14%
01/18/1999,286.95,286.65,286.95,286.95,,-0.03%
01/15/1999,287.05,286.55,287.05,287.05,,0.07%
01/14/1999,286.85,286.25,286.85,286.85,,-0.03%
01/13/1999,286.95,288.85,286.95,286.95,,-0.55%
01/12/1999,288.55,292.90,288.55,288.55,,-1.49%
01/11/1999,292.90,291.50,292.90,292.90,,0.57%
01/08/1999,291.25,291.05,291.25,291.25,,-0.10%
01/07/1999,291.55,288.25,291.55,291.55,,1.32%
01/06/1999,287.75,287.00,287.75,287.75,,0.28%
01/05/1999,286.95,287.65,286.95,286.95,,-0.14%
01/04/1999,287.35,288.55,287.35,287.35,,-0.31%
